time,p0_ux,p0_uy,p0_uz,p1_ux,p1_uy,p1_uz,p2_ux,p2_uy,p2_uz,p3_ux,p3_uy,p3_uz
0,0,0,0,0,0,0,0,0,0,0,0,0
6e-07,147.29834,0.35521801,1.6234003e-05,148.97889,0.10217039,7.3619866e-06,149.49925,0.044062853,-1.7347772e-06,149.74322,0.020981402,-6.7026876e-06
1.32e-06,147.2261,0.36607823,-2.7366367e-06,148.95377,0.10483983,-2.3946377e-06,149.48726,0.045177742,-1.9649022e-06,149.73715,0.021509975,-1.6443107e-06
2.184e-06,147.17628,0.373898,-8.1741887e-07,148.93655,0.10668621,-5.249035e-07,149.47903,0.045928727,-2.8969181e-07,149.73298,0.021858555,-1.0463933e-07
3.2208e-06,147.13754,0.38014279,-1.3185896e-06,148.92324,0.10812706,-9.2181709e-07,149.47269,0.046510449,-5.7568684e-07,149.72977,0.022127581,-3.1487852e-07
4.46496e-06,147.10498,0.38552736,-1.8950213e-06,148.91211,0.10934557,-1.3459774e-06,149.46739,0.046999399,-8.5919179e-07,149.72709,0.022353037,-4.9903733e-07
5.957952e-06,147.07593,0.39044255,-2.5600741e-06,148.90221,0.11044064,-1.8330642e-06,149.46268,0.047436572,-1.1851023e-06,149.72471,0.022554157,-7.0710344e-07
7.7495424e-06,147.04868,0.39514716,-3.1467111e-06,148.89296,0.11147511,-2.229005e-06,149.45829,0.047847291,-1.422444e-06,149.72248,0.022742507,-8.3572511e-07
9.8994509e-06,147.02199,0.3998396,-3.8676163e-06,148.88391,0.11249726,-2.746128e-06,149.45399,0.048251428,-1.756163e-06,149.72031,0.022927477,-1.0382244e-06
1.2479341e-05,146.99485,0.40467984,-4.660866e-06,148.87473,0.11354358,-3.2966086e-06,149.44964,0.04866329,-2.1032173e-06,149.71811,0.023115438,-1.2423411e-06
1.5575209e-05,146.9664,0.40981501,-5.6066352e-06,148.86512,0.11464768,-3.9503945e-06,149.44508,0.049096538,-2.5110678e-06,149.71581,0.023312818,-1.4772891e-06
1.9290251e-05,146.93585,0.41538512,-6.6622315e-06,148.85481,0.11584019,-4.6805149e-06,149.4402,0.049563305,-2.9713428e-06,149.71335,0.02352521,-1.7512538e-06
2.3748301e-05,146.90221,0.42155399,-7.7687167e-06,148.84347,0.11715596,-5.449054e-06,149.43484,0.050076555,-3.4563336e-06,149.71064,0.023757949,-2.0369218e-06
2.9097962e-05,146.86464,0.42847806,-8.833326e-06,148.83079,0.11863195,-6.1389518e-06,149.42884,0.05065223,-3.8668739e-06,149.70762,0.024019212,-2.270998e-06
3.5517554e-05,146.82233,0.43630187,-9.7757246e-06,148.81652,0.12029804,-6.7005263e-06,149.4221,0.051301683,-4.1649519e-06,149.70421,0.024313868,-2.4156494e-06
4.3221065e-05,146.77457,0.44519707,-1.0509953e-05,148.80045,0.12218066,-7.0086797e-06,149.4145,0.052034215,-4.1817355e-06,149.70038,0.02464603,-2.2862298e-06
5.2465278e-05,146.72044,0.45535796,-1.2035431e-05,148.78228,0.12431405,-7.963575e-06,149.40593,0.05286241,-4.6970708e-06,149.69606,0.025021091,-2.534723e-06
6.3558333e-05,146.65846,0.46709228,-1.400144e-05,148.76157,0.12675295,-9.2369139e-06,149.39617,0.053806645,-5.4099733e-06,149.69115,0.02544817,-2.8960584e-06
7.687e-05,146.58643,0.48084126,-1.6885068e-05,148.73764,0.12957545,-1.120179e-05,149.38491,0.054895509,-6.6057787e-06,149.68548,0.025939666,-3.584565e-06
9.2844e-05,146.50213,0.4970917,-1.9989722e-05,148.70982,0.13286279,-1.3296416e-05,149.37185,0.056158934,-7.8391336e-06,149.67892,0.02650892,-4.251217e-06
0.0001120128,146.40248,0.51653715,-2.3729407e-05,148.67722,0.13672656,-1.5818059e-05,149.35659,0.057637515,-9.3079249e-06,149.67127,0.027174005,-5.0296157e-06
0.00013501536,146.28353,0.54006276,-2.8178574e-05,148.63864,0.14130801,-1.8755341e-05,149.33859,0.059381526,-1.0989043e-05,149.66225,0.027956259,-5.8961319e-06
0.0001624363,146.14271,0.56853602,-3.2830905e-05,148.5935,0.14669641,-2.1676955e-05,149.31761,0.061418918,-1.244833e-05,149.65176,0.028867657,-6.439093e-06
0.00018992847,146.00258,0.59770269,-3.9311281e-05,148.54919,0.15202459,-2.6231568e-05,149.29711,0.063416777,-1.5285165e-05,149.64154,0.029758486,-8.1207606e-06
0.00021746328,145.86277,0.62778083,-4.5804502e-05,148.50558,0.15730731,-3.0839184e-05,149.27702,0.065379445,-1.8079315e-05,149.63154,0.030629787,-9.6568092e-06
0.0002450298,145.72193,0.65918172,-5.2400812e-05,148.46226,0.16259792,-3.5676274e-05,149.25714,0.067327681,-2.1058222e-05,149.62167,0.031491489,-1.1302776e-05
0.00027261756,145.58031,0.69210213,-5.9964369e-05,148.41935,0.16788577,-4.1438252e-05,149.23755,0.069255542,-2.4724529e-05,149.61196,0.032340328,-1.3387317e-05
0.00030022223,145.43671,0.72692975,-6.7397544e-05,148.37659,0.1732093,-4.7311074e-05,149.21812,0.071176821,-2.8521494e-05,149.60235,0.033182974,-1.5574047e-05
0.0003278413,145.29011,0.76379071,-7.5143897e-05,148.33369,0.17860267,-5.3581257e-05,149.1987,0.073102623,-3.2643171e-05,149.59278,0.034023752,-1.7979955e-05
0.00035547456,145.13966,0.8024605,-8.2678675e-05,148.29038,0.1841005,-5.9788044e-05,149.1792,0.075045545,-3.6739568e-05,149.58317,0.03486857,-2.0360414e-05
0.00038312405,144.98484,0.84223732,-8.9288575e-05,148.24643,0.18973313,-6.5472774e-05,149.15948,0.077015985,-4.0539844e-05,149.57349,0.035722031,-2.2568116e-05
0.00041079262,144.82627,0.88189713,-9.5385106e-05,148.20184,0.19550486,-7.0958422e-05,149.13956,0.079014343,-4.4291135e-05,149.56372,0.036584168,-2.4791898e-05
0.00043848346,144.66482,0.92015392,-0.0001010538,148.15662,0.2014198,-7.6275064e-05,149.11943,0.081040938,-4.7976495e-05,149.55387,0.037454985,-2.6979071e-05
0.00046619972,144.50153,0.95604516,-0.00010650007,148.11071,0.20748876,-8.1576105e-05,149.09908,0.083098255,-5.1711057e-05,149.54393,0.038335377,-2.9217961e-05
0.0004939443,144.33777,0.98939814,-0.00011162525,148.06404,0.21372688,-8.6752071e-05,149.07848,0.085190173,-5.5390548e-05,149.53388,0.03922687,-3.1412194e-05
0.00052171975,144.17486,1.0211773,-0.00011630004,148.01653,0.22015575,-9.1811242e-05,149.05759,0.087320856,-5.9091076e-05,149.52371,0.04013085,-3.3668859e-05
0.00054952797,144.01431,1.0540592,-0.00012083355,147.96817,0.22679256,-9.6907053e-05,149.03641,0.089491171,-6.2878287e-05,149.51343,0.04104745,-3.6003723e-05
0.00057737035,143.85691,1.0929851,-0.00012509496,147.91892,0.2336683,-0.0001019617,149.01494,0.091702934,-6.6699246e-05,149.50302,0.041977084,-3.836782e-05
0.00060524789,143.70243,1.1446767,-0.00012904093,147.86871,0.24083422,-0.00010692357,148.99313,0.093960282,-7.050736e-05,149.49247,0.042921301,-4.0734023e-05
0.00063316085,143.54963,1.2173848,-0.00013253722,147.8175,0.24835078,-0.0001117282,148.97099,0.096264931,-7.4283317e-05,149.48178,0.043880436,-4.3099475e-05
0.00066110947,143.39568,1.3209669,-0.00013509699,147.76525,0.25628642,-0.00011614429,148.94852,0.098617261,-7.7928735e-05,149.47096,0.044854118,-4.543183e-05
0.00068909404,143.23688,1.4649819,-0.00013741056,147.71198,0.2647065,-0.00012051135,148.92574,0.10101647,-8.1607773e-05,149.46001,0.045841699,-4.7803511e-05
0.0007171149,143.06684,1.660313,-0.00013937844,147.6575,0.27368448,-0.00012477443,148.90261,0.10346776,-8.5289208e-05,149.44892,0.046845026,-5.0197246e-05
0.00074516909,142.87885,1.9141998,-0.00014100195,147.6017,0.28325283,-0.00012890954,148.87909,0.10597433,-8.8946181e-05,149.43767,0.047865174,-5.2594427e-05
0.00077325576,142.6652,2.23353,-0.00014189625,147.54451,0.29337419,-0.0001327229,148.85521,0.10853593,-9.2506933e-05,149.42626,0.048901916,-5.4979039e-05
0.0008013745,142.41794,2.6225363,-0.00014277769,147.48589,0.30392234,-0.0001366035,148.83095,0.11115266,-9.6165115e-05,149.41471,0.049955464,-5.7436847e-05
0.00082952456,142.12891,3.0767674,-0.00014305521,147.42574,0.31467535,-0.00014023467,148.80629,0.11382731,-9.9776506e-05,149.40299,0.05102728,-5.9910986e-05
0.00085770502,141.79177,3.587995,-0.00014305751,147.36411,0.32528661,-0.0001438102,148.78121,0.11656031,-0.00010343506,149.3911,0.052117558,-6.244154e-05
0.00088591502,141.40029,4.1615256,-0.0001426237,147.30113,0.33527904,-0.00014719541,148.75573,0.11935186,-0.00010706275,149.37904,0.053226612,-6.4988495e-05
0.00091415382,140.95136,4.7667565,-0.00014179299,147.23706,0.34408418,-0.00015046518,148.72984,0.12220409,-0.00011072846,149.36681,0.054354701,-6.7602986e-05
0.00094242074,140.44303,5.3834841,-0.00014061392,147.17228,0.35108867,-0.00015363976,148.70354,0.12512227,-0.0001144453,149.35441,0.055502234,-7.0295704e-05
0.00097071514,139.87506,5.9799288,-0.000139178,147.10729,0.35569425,-0.00015675473,148.67682,0.1281161,-0.0001182288,149.34184,0.056669694,-7.3066591e-05
0.00099903624,139.24825,6.5417129,-0.00013736602,147.04266,0.35743515,-0.00015972259,148.64965,0.13120484,-0.00012201603,149.32908,0.057858931,-7.5879024e-05
0.0010273834,138.565,7.0713131,-0.00013516938,146.9792,0.35605112,-0.0001625351,148.62206,0.13440683,-0.000125819,149.31614,0.059068683,-7.8752039e-05
0.0010557562,137.82667,7.571249,-0.00013256119,146.91767,0.3516329,-0.00016519199,148.59401,0.13775448,-0.00012965109,149.30302,0.060300588,-8.1698043e-05
0.001084154,137.03688,8.0438127,-0.00012963371,146.8589,0.34471154,-0.00016769553,148.5655,0.14128242,-0.00013350676,149.28971,0.06155477,-8.4712914e-05
0.0011125763,136.19823,8.4922436,-0.00012647243,146.80355,0.33641507,-0.00017009245,148.53649,0.14503158,-0.00013739252,149.27621,0.062832222,-8.7787685e-05
0.0011410228,135.31416,8.9181373,-0.00012298569,146.75217,0.32848541,-0.00017233649,148.50693,0.14903921,-0.00014130621,149.26252,0.064133226,-9.0941506e-05
0.0011694929,134.38812,9.3215678,-0.0001193941,146.70513,0.32334079,-0.00017448944,148.47681,0.15333252,-0.00014527287,149.24863,0.065457712,-9.417535e-05
0.0011979858,133.42353,9.7018748,-0.00011539072,146.66245,0.32399059,-0.00017644248,148.44607,0.15792036,-0.00014927728,149.23453,0.066805557,-9.7520905e-05
0.0012265013,132.4241,10.059755,-0.00011116206,146.62366,0.33409559,-0.00017833176,148.41467,0.1627832,-0.00015335458,149.22024,0.068176339,-0.00010096087
0.0012550391,131.39285,10.395315,-0.00010660307,146.58781,0.35785651,-0.00018001719,148.38255,0.16786106,-0.00015741877,149.20574,0.069569737,-0.00010445394
0.0012835988,130.33167,10.707736,-0.00010185772,146.55359,0.39961111,-0.00018157759,148.3497,0.17303807,-0.00016153918,149.19103,0.0709843,-0.00010805717
0.00131218,129.24244,10.995855,-9.6842295e-05,146.5191,0.46354233,-0.00018295507,148.31613,0.17813935,-0.00016568696,149.17612,0.072418965,-0.0001117615
0.0013407825,128.12865,11.260063,-9.1621992e-05,146.48169,0.55408178,-0.00018420318,148.28186,0.18292793,-0.00016987408,149.16099,0.073873918,-0.00011555859
0.001369406,126.98785,11.498912,-8.6133884e-05,146.43839,0.67478714,-0.0001852827,148.24698,0.18709996,-0.00017408959,149.14566,0.075349719,-0.00011945576
0.00139805,125.82066,11.712129,-8.0497286e-05,146.38588,0.82872707,-0.00018622941,148.21164,0.19029673,-0.00017831764,149.13012,0.076848571,-0.00012342817
0.0014267144,124.62611,11.899583,-7.4566042e-05,146.32021,1.0180161,-0.00018699967,148.17605,0.19212345,-0.00018256995,149.11437,0.078375098,-0.00012751284
0.0014553989,123.39262,12.059572,-6.8379739e-05,146.23729,1.242363,-0.00018760859,148.1405,0.19218009,-0.00018685002,149.09841,0.079938434,-0.00013170825
0.0014841031,122.1343,12.193561,-6.2004263e-05,146.13366,1.5025511,-0.0001880651,148.10538,0.19007173,-0.00019114503,149.08223,0.081549716,-0.00013600031
0.0015128268,120.85946,12.303421,-5.5489203e-05,146.00513,1.7960324,-0.00018841303,148.07109,0.18551509,-0.00019547145,149.06583,0.08322607,-0.00014039834
0.0015415697,119.58592,12.390625,-4.8700262e-05,145.8485,2.1157632,-0.00018860853,148.03814,0.17831865,-0.00019979669,149.0492,0.084987856,-0.00014489456
0.0015703316,118.32295,12.45744,-4.1900929e-05,145.6614,2.4579164,-0.00018867819,148.00718,0.16841566,-0.0002041604,149.03235,0.086856722,-0.0001495164
0.0015991122,117.0673,12.505095,-3.5068298e-05,145.44143,2.8197729,-0.00018870501,147.97873,0.15607373,-0.00020858184,149.01524,0.088858735,-0.00015427679
0.0016279112,115.81718,12.537368,-2.8069071e-05,145.18816,3.1831142,-0.0001885704,147.95316,0.14179156,-0.00021301846,148.99786,0.091018947,-0.00015915057
0.0016567284,114.56722,12.558744,-2.0961197e-05,144.90166,3.53772,-0.00018829937,147.9311,0.12629654,-0.0002174616,148.98018,0.093354537,-0.0001641238
0.0016855635,113.31895,12.571587,-1.4091842e-05,144.58194,3.8643554,-0.0001880952,147.91288,0.11070522,-0.00022201885,148.96219,0.095873814,-0.00016927912
0.0017144164,112.07345,12.578174,-6.9719604e-06,144.22988,4.1619089,-0.0001877865,147.89837,0.096675012,-0.00022657699,148.94385,0.098572761,-0.000174565
0.0017432869,110.83212,12.582171,3.3040264e-07,143.84648,4.4357918,-0.00018719547,147.88752,0.086066227,-0.0002310918,148.92512,0.1014259,-0.00017993627
0.0017721748,109.59646,12.584039,8.1099774e-06,143.43234,4.6901886,-0.0001864378,147.88024,0.080874126,-0.0002354557,148.90597,0.10437647,-0.00018533036
0.0018010799,108.3678,12.583652,1.6029515e-05,142.9884,4.9285868,-0.00018538251,147.87585,0.083837669,-0.00023972915,148.88641,0.10733896,-0.00019078346
0.001830002,107.14758,12.5809,2.422941e-05,142.51508,5.1536396,-0.0001841113,147.87368,0.097860177,-0.00024394119,148.86642,0.11019198,-0.00019633567
0.001858941,105.93755,12.575692,3.224296e-05,142.01271,5.3669441,-0.00018303764,147.8718,0.12512183,-0.00024810376,148.84606,0.11276486,-0.00020207261
0.0018878967,104.73823,12.56785,4.1419128e-05,141.48214,5.5694902,-0.00018134249,147.86986,0.16861561,-0.00025164838,148.82534,0.11485781,-0.00020763918
0.0019168689,103.5511,12.557045,5.0045814e-05,140.92446,5.7615543,-0.0001800549,147.86939,0.23069336,-0.00025539016,148.80439,0.11623404,-0.00021353149
0.0019458575,102.37744,12.543068,5.912361e-05,140.341,5.9439985,-0.00017843055,147.86972,0.31395639,-0.00025930892,148.78331,0.116634,-0.00021938588
0.0019748622,101.21817,12.525709,6.8461935e-05,139.73315,6.1165436,-0.00017689063,147.86594,0.41947272,-0.00026331466,148.76229,0.11576551,-0.00022535314
0.0020038829,100.07379,12.50484,7.8464298e-05,139.10163,6.2786961,-0.00017491536,147.85454,0.54781767,-0.00026699356,148.74152,0.11334506,-0.00023123506
0.0020329193,98.945022,12.480404,8.8916464e-05,138.44785,6.4302596,-0.00017251182,147.83156,0.69986721,-0.00027041058,148.72125,0.10912188,-0.00023710054
0.0020619714,97.832498,12.452416,9.953904e-05,137.77119,6.5703997,-0.0001698998,147.79202,0.87522178,-0.00027371893,148.70178,0.10290158,-0.00024301527
0.0020910389,96.73673,12.420919,0.00010980314,137.07175,6.6981793,-0.00016759747,147.73306,1.0726705,-0.00027749438,148.68348,0.09458338,-0.00024922063
0.0021201217,95.657641,12.386095,0.00012024339,136.3475,6.8128938,-0.00016470778,147.65655,1.2908356,-0.0002810152,148.66672,0.084354855,-0.00025544952
0.0021492198,94.595471,12.348143,0.0001309927,135.59255,6.9130713,-0.00016169196,147.56026,1.5259305,-0.00028429358,148.65192,0.07224751,-0.00026171796
0.0021783332,93.550133,12.307296,0.00014137582,134.81697,6.9995636,-0.00015893547,147.44323,1.7717165,-0.00028777305,148.6394,0.059059368,-0.00026811665
0.0022074616,92.521503,12.263599,0.00015160008,134.02686,7.0734413,-0.00015678412,147.30483,2.0299212,-0.0002915016,148.62953,0.045063152,-0.00027477991
0.0022366054,91.508914,12.217349,0.00016343605,133.24138,7.1344908,-0.00015334076,147.14242,2.2912335,-0.00029437008,148.62246,0.032478791,-0.00028099891
0.0022657644,90.512257,12.168776,0.0001753775,132.45839,7.1845345,-0.00014926294,146.95536,2.545924,-0.00029649221,148.61786,0.021685235,-0.00028674362
0.0022949387,89.531757,12.118064,0.00018736699,131.67665,7.2248444,-0.00014552291,146.74393,2.7882535,-0.00029882963,148.61571,0.011694282,-0.00029264086
0.0023241284,88.566578,12.065617,0.00019821247,130.8933,7.2571172,-0.00014222786,146.50718,3.0034964,-0.00030123791,148.61506,0.0018226712,-0.00029843541
0.0023533335,87.617424,12.011589,0.00020767254,130.10791,7.2824459,-0.00013992821,146.24582,3.1985146,-0.00030402591,148.6166,-0.0061259354,-0.00030454355
0.0023825539,86.683426,11.956436,0.00021914929,129.3212,7.3013317,-0.00013759521,145.9605,3.3775366,-0.00030716761,148.62071,-0.011455017,-0.00031104515
0.0024117895,85.762902,11.900787,0.0002297623,128.53418,7.3144661,-0.00013551825,145.6516,3.5437497,-0.00031037143,148.62902,-0.017068209,-0.00031761299
0.0024410396,84.855156,11.845108,0.00024123389,127.74853,7.3225917,-0.00013282481,145.31901,3.6999395,-0.00031312098,148.64105,-0.025913553,-0.0003239401
0.0024703034,83.960045,11.789683,0.00025247939,126.96529,7.3261399,-0.00013008554,144.96351,3.8477764,-0.00031568788,148.65465,-0.023887687,-0.00033010074
0.0024995801,83.077311,11.734769,0.00026302042,126.18529,7.3254324,-0.00012762698,144.58572,3.9879138,-0.0003183151,148.66848,-0.0062920191,-0.00033635195
0.0025288693,82.207037,11.680448,0.00027209608,125.40975,7.3209246,-0.00012599181,144.18648,4.1214319,-0.0003214736,148.68192,0.032499222,-0.00034279164
0.0025581704,81.347597,11.627137,0.00028565012,124.63898,7.3129891,-0.00012188922,143.76613,4.2482166,-0.00032319539,148.69422,0.10292743,-0.00034856762
0.0025874833,80.498419,11.575138,0.00029789062,123.87352,7.3019533,-0.00011788233,143.32505,4.3679756,-0.00032453545,148.70447,0.19421053,-0.00035400851
0.0026168077,79.660608,11.52434,0.00030931607,123.1145,7.288098,-0.00011435883,142.86409,4.4805499,-0.00032614055,148.71234,0.30506979,-0.00035976569
0.0026461438,78.833828,11.474899,0.00032037026,122.36261,7.2716892,-0.00011095135,142.38288,4.5853147,-0.00032746562,148.71704,0.43425222,-0.00036555813
0.0026754915,78.017579,11.426976,0.00033134332,121.61839,7.2528305,-0.00010758512,141.88093,4.6815383,-0.00032863174,148.7201,0.58094705,-0.00037141536
0.002704851,77.211344,11.380733,0.00034146095,120.88246,7.2314046,-0.00010475311,141.35864,4.7688964,-0.00032945206,148.7117,0.74182709,-0.00037775733
0.0027342221,76.414426,11.336241,0.00035161595,120.15533,7.2077791,-0.00010196256,140.80777,4.8457413,-0.00033046116,148.6853,0.9160414,-0.00038417586
0.002763605,75.62653,11.29351,0.00036124766,119.43745,7.1821629,-9.9569852e-05,140.2379,4.9128109,-0.00033195729,148.63666,1.1025813,-0.00039077074
0.0027929996,74.848151,11.252498,0.00036914184,118.72945,7.154685,-9.9121756e-05,139.65461,4.9708086,-0.00033502009,148.55875,1.2978465,-0.00039813386
0.002822406,74.075311,11.214136,0.00038251864,118.03081,7.1255786,-9.422795e-05,139.07058,5.0198399,-0.0003351797,148.45966,1.4964782,-0.00040413507
0.002851824,73.309415,11.178203,0.00039222145,117.34223,7.094879,-9.144348e-05,138.48937,5.0609579,-0.00033694487,148.34162,1.7031099,-0.00041063512
0.0028812536,72.550344,11.14475,0.00040149578,116.66394,7.0628225,-8.9185204e-05,137.90909,5.0952831,-0.00033947674,148.20511,1.9064725,-0.00041735388
0.0029106948,71.798011,11.113799,0.0004098868,115.99613,7.0296369,-8.7388114e-05,137.3283,5.1237757,-0.00034267973,148.05183,2.1005734,-0.00042427465
0.0029401475,71.051864,11.085427,0.00041846609,115.33881,6.9953017,-8.554894e-05,136.74471,5.147708,-0.00034606223,147.87949,2.2798296,-0.00043105142
0.0029696115,70.312562,11.059696,0.00042618501,114.69206,6.9597684,-8.4007122e-05,136.15922,5.1673815,-0.0003496548,147.68712,2.4380259,-0.00043774357
0.0029990867,69.58005,11.036702,0.00043262704,114.05584,6.9230126,-8.3147473e-05,135.57261,5.1830389,-0.00035383502,147.47487,2.5805129,-0.00044466234
0.0030285731,68.85399,11.016402,0.00043878379,113.43014,6.8850304,-8.2313424e-05,134.98606,5.1951541,-0.00035813238,147.24218,2.7108459,-0.00045150231
0.0030580705,68.134568,10.998622,0.00044369009,112.81498,6.8458153,-8.201038e-05,134.40046,5.2039422,-0.0003626989,146.9898,2.832047,-0.00045843817
0.0030875787,67.422365,10.983067,0.00045077917,112.21045,6.8053573,-8.1345605e-05,133.81627,5.2095331,-0.00036737646,146.7185,2.9459383,-0.00046529996
0.0031170977,66.712348,10.970877,0.00046438528,111.61542,6.7638156,-7.6182634e-05,133.23356,5.2121079,-0.00036928185,146.4284,3.0535444,-0.0004705469
0.0031466272,66.005898,10.961706,0.00047049393,111.03012,6.721192,-7.3588527e-05,132.65315,5.2119152,-0.00037191557,146.11978,3.1557071,-0.00047569081
0.0031761674,65.304422,10.955065,0.000475936,110.45476,6.677484,-7.1670827e-05,132.07561,5.2090878,-0.00037485905,145.79339,3.252594,-0.00048070902
0.0032057181,64.60722,10.950935,0.00047947711,109.88911,6.6327606,-7.0545723e-05,131.50136,5.2037514,-0.00037803453,145.44926,3.3440338,-0.00048556472
0.0032352792,63.913911,10.949165,0.00048427904,109.33303,6.5870818,-6.9347845e-05,130.93097,5.196086,-0.00038113928,145.08813,3.4300985,-0.0004902289
0.0032648507,63.224427,10.949721,0.00048923152,108.78637,6.5405081,-6.841206e-05,130.36489,5.1861689,-0.00038422262,144.7086,3.509875,-0.00049446656
0.0032944326,62.538528,10.952645,0.00049221802,108.24894,6.4931265,-6.8238096e-05,129.8035,5.1741401,-0.00038748191,144.31122,3.583066,-0.00049852375
0.0033240245,61.855945,10.957937,0.0004943617,107.72053,6.4450255,-6.8712192e-05,129.24715,5.1601098,-0.00039105604,143.89432,3.6491513,-0.00050216623
0.0033536267,61.176384,10.965725,0.00049413031,107.20087,6.3962947,-7.0226291e-05,128.69622,5.1441828,-0.00039515555,143.45488,3.7072287,-0.00050634333
0.0033832389,60.50015,10.975475,0.00049144665,106.68982,6.3470098,-7.2856019e-05,128.15108,5.1264121,-0.00039991792,143.00033,3.757954,-0.00051121372
0.0034128612,59.827612,10.986938,0.00049129427,106.18725,6.2972474,-7.5154545e-05,127.61215,5.1068961,-0.00040485313,142.5352,3.8020037,-0.00051672934
0.0034424937,59.151212,11.002269,0.00049435349,105.69157,6.2472828,-7.3733326e-05,127.07917,5.0857673,-0.00040690823,142.07139,3.839363,-0.0005203912
0.0034721364,58.473539,11.02085,0.00049280539,105.20313,6.1971348,-7.3199049e-05,126.55263,5.0630751,-0.00040912506,141.6097,3.8710573,-0.00052476133
0.0035017895,57.796901,11.042036,0.00048868278,104.72217,6.146827,-7.3271636e-05,126.03289,5.038868,-0.00041158034,141.14874,3.8979425,-0.0005297426
0.003531453,57.120986,11.065792,0.0004835159,104.24845,6.0964564,-7.3742742e-05,125.52013,5.0132015,-0.00041440587,140.68715,3.920844,-0.00053562756
0.0035611268,56.445989,11.091998,0.00047762507,103.78183,6.0460991,-7.4643624e-05,125.01453,4.9861417,-0.00041762203,140.22295,3.9407826,-0.00054219438
0.0035908109,55.771666,11.120612,0.00046962968,103.32212,5.9958416,-7.5848847e-05,124.51615,4.9577294,-0.00042093193,139.75681,3.9579192,-0.00054906177
0.0036205054,55.097775,11.151625,0.00045644151,102.86912,5.9457617,-7.8172042e-05,124.02506,4.9280115,-0.0004245429,139.28936,3.9724216,-0.0005562155
0.0036502101,54.423299,11.185274,0.00044773104,102.42261,5.8959434,-7.9057964e-05,123.54126,4.897043,-0.00042761168,138.82144,3.9846248,-0.00056339089
0.003679925,53.749174,11.22131,0.00043785633,101.98268,5.8464185,-8.055019e-05,123.06485,4.8648539,-0.00043106837,138.35367,3.9946587,-0.00057088709
0.00370965,53.07566,11.259606,0.00042327375,101.54932,5.7972314,-8.4466414e-05,122.59585,4.8314697,-0.0004360246,137.88635,4.0025775,-0.00057937287
0.003739385,52.403465,11.299785,0.00040533484,101.12258,5.7484154,-8.9615227e-05,122.13427,4.7969256,-0.00044192499,137.41987,4.0084557,-0.00058861743
0.0037691302,51.729329,11.342778,0.00038741282,100.70193,5.7000981,-9.5248092e-05,121.67992,4.7612885,-0.00044786593,136.95461,4.0124488,-0.00059780126
0.0037988852,51.044007,11.391513,0.00037017312,100.28589,5.6525444,-9.7181315e-05,121.23219,4.7246617,-0.00045057441,136.49053,4.0145919,-0.00060481846
0.0038286501,50.354059,11.444044,0.00034919743,99.875488,5.6056632,-9.9489367e-05,120.79143,4.6870589,-0.0004534971,136.02815,4.0149093,-0.00061196077
0.0038584247,49.660282,11.500083,0.00032520129,99.470823,5.5595116,-0.00010244117,120.35761,4.6485251,-0.00045677736,135.56788,4.0134868,-0.00061932748
0.0038882089,48.962224,11.559789,0.00029690603,99.071787,5.5141875,-0.00010573998,119.93064,4.609018,-0.00045999682,135.11007,4.0103688,-0.00062659679
0.0039180023,48.259266,11.623353,0.00026776821,98.678278,5.4697952,-0.00010919853,119.51042,4.5686424,-0.00046344308,134.65503,4.005587,-0.00063407759
0.0039478048,47.551438,11.690721,0.00023640402,98.290256,5.426418,-0.00011310694,119.09684,4.5274854,-0.0004671835,134.20305,3.9991817,-0.00064172954
0.0039776161,46.8386,11.762017,0.00020015279,97.907662,5.3841631,-0.0001177382,118.6898,4.4856242,-0.00047113853,133.75448,3.9912276,-0.00064948843
0.0040074359,46.12042,11.838268,0.00016441446,97.530429,5.3431763,-0.00012193216,118.28919,4.4431227,-0.00047495255,133.30955,3.9817539,-0.00065714062
0.0040372642,45.398153,11.918725,0.00012472101,97.158578,5.3035549,-0.00012748819,117.89493,4.4000351,-0.00047924335,132.8685,3.9707773,-0.00066498579
0.0040671008,44.671556,12.002485,8.1559022e-05,96.791998,5.2653393,-0.00013346221,117.5069,4.3565096,-0.0004836412,132.43153,3.9583658,-0.00067291871
0.0040969455,43.942458,12.088552,4.1894853e-05,96.430865,5.2284823,-0.00013881988,117.12507,4.3125682,-0.00048820935,131.99892,3.9445824,-0.00068116106
0.0041267983,43.214919,12.175202,-5.552571e-06,96.075604,5.1929612,-0.00015012979,116.7495,4.2682133,-0.00049648194,131.57088,3.9294689,-0.00069138589
0.004156659,42.472192,12.268269,-5.917349e-05,95.72402,5.1594349,-0.00016270898,116.37932,4.2235442,-0.00050366073,131.14718,3.9130999,-0.00070016429
0.0041865276,41.716284,12.367028,-0.00011255162,95.376392,5.1275845,-0.00016828831,116.01455,4.178566,-0.0005062976,130.72803,3.8954946,-0.00070641835
0.0042164039,40.953844,12.469058,-0.00017004468,95.033636,5.0970588,-0.00017493676,115.65547,4.1332672,-0.00050953601,130.31368,3.8767005,-0.00071299022
0.004246288,40.184405,12.574633,-0.00023173127,94.695738,5.0676681,-0.00018271765,115.302,4.0876669,-0.00051336119,129.90419,3.8567695,-0.00071986628
0.0042761797,39.407338,12.683843,-0.00029701723,94.362621,5.0392638,-0.00019093386,114.95407,4.0417885,-0.00051710573,129.49959,3.8357476,-0.00072659228
0.004306079,38.622168,12.796703,-0.0003678563,94.034195,5.0112859,-0.00020000409,114.61161,3.9956577,-0.0005210626,129.09992,3.8136838,-0.00073334376
0.0043359858,37.828052,12.913458,-0.00044957789,93.710263,4.9836094,-0.00021095201,114.27453,3.9493007,-0.00052581031,128.70519,3.7906238,-0.00074049029
0.0043658999,37.024543,13.034301,-0.00053304431,93.390693,4.9562221,-0.00022185543,113.94277,3.9027411,-0.00053048897,128.31542,3.7666198,-0.00074763192
0.0043958214,36.212603,13.158942,-0.00062055747,93.075425,4.9291245,-0.00023333303,113.61632,3.8559978,-0.00053533426,127.9306,3.7417037,-0.00075483513
0.0044257502,35.393485,13.286924,-0.00071317155,92.764385,4.9023418,-0.00024566303,113.29515,3.8090912,-0.00054041476,127.55071,3.7159147,-0.00076208617
0.0044556861,34.56908,13.417518,-0.00081677883,92.457467,4.875921,-0.00025894965,112.97925,3.7620435,-0.00054538218,127.17572,3.6892918,-0.00076913958
0.004485629,33.744273,13.548946,-0.00092225748,92.154766,4.8499086,-0.00027027229,112.66867,3.7148695,-0.00054910017,126.80563,3.6618709,-0.00077564821
0.0045155789,32.920568,13.680717,-0.0010494933,91.856089,4.8244419,-0.00029291516,112.3634,3.6676068,-0.00055874017,126.44042,3.6337005,-0.00078477045
0.0045455357,32.068917,13.823054,-0.0011816985,91.558889,4.8000127,-0.00031459525,112.06261,3.6203683,-0.00056545472,126.07969,3.6048514,-0.00079140205
0.0045754993,31.199766,13.97136,-0.0012975515,91.264226,4.7765084,-0.00032726089,111.7667,3.5731347,-0.00056778144,125.72357,3.5753421,-0.00079612499
0.0046054697,30.32252,14.121749,-0.0014169316,90.972831,4.7538832,-0.00034137516,111.47598,3.5259066,-0.00057043481,125.37213,3.5451995,-0.0008009492
0.0046354469,29.43868,14.271484,-0.0015505287,90.684597,4.7322299,-0.00035887973,111.19044,3.47871,-0.00057414846,125.02532,3.5144623,-0.00080620969
0.004665431,28.548061,14.420948,-0.0016902422,90.399319,4.7116489,-0.00037761204,110.91008,3.4315745,-0.00057813037,124.6831,3.4831673,-0.00081166327
0.0046954217,27.6502,14.570151,-0.0018354481,90.116842,4.692244,-0.00039642707,110.63492,3.3845299,-0.00058170737,124.34541,3.4513516,-0.00081691744
0.004725419,26.745084,14.718957,-0.0019839819,89.83708,4.674105,-0.00041563303,110.36497,3.3376067,-0.00058500944,124.01223,3.4190475,-0.00082201098
0.004755423,25.833659,14.866325,-0.0021433173,89.559903,4.6573315,-0.00043690152,110.10027,3.2908376,-0.00058877385,123.6835,3.3862831,-0.0008273678
0.0047854335,24.915939,15.011821,-0.0023207688,89.285053,4.6420475,-0.00046070633,109.84081,3.2442562,-0.00059327982,123.35918,3.3530884,-0.00083320812
0.0048154506,23.992503,15.154617,-0.0025025173,89.012371,4.6282737,-0.00048479613,109.5866,3.1978982,-0.00059751424,123.03924,3.3194922,-0.0008390765
0.004845474,23.066544,15.293233,-0.0026833477,88.741733,4.6160599,-0.00050796045,109.33766,3.1518026,-0.00060100856,122.72366,3.2855189,-0.00084484356
0.0048755039,22.143522,15.424424,-0.0028581237,88.473154,4.6054502,-0.00052750111,109.09409,3.1059946,-0.00060208986,122.41243,3.2511876,-0.0008497816
0.0049055401,21.24151,15.538175,-0.0030855493,88.207518,4.5963825,-0.00057248281,108.85625,3.0604748,-0.00061594387,122.10568,3.2165128,-0.00086084916
0.0049355825,20.312158,15.662126,-0.0033221515,87.940743,4.5896702,-0.00062201999,108.62294,3.0153929,-0.00062948649,121.80288,3.1815534,-0.00087064397
0.0049656311,19.347859,15.801309,-0.0035567012,87.671898,4.5855435,-0.00065252066,108.39396,2.9708038,-0.00062913265,121.50394,3.1463328,-0.00087327348
0.0049956857,18.38207,15.939252,-0.0037725149,87.403297,4.5836895,-0.00068219052,108.1701,2.9266664,-0.00062829044,121.20919,3.1108845,-0.00087598214
0.0050257463,17.417041,16.074609,-0.0039961712,87.134844,4.5842178,-0.00071573622,107.95139,2.8829796,-0.00062811988,120.9186,3.0752122,-0.00087912097
0.0050558129,16.451859,16.206692,-0.0042175151,86.866192,4.5872838,-0.00075188314,107.73779,2.8397299,-0.00062849518,120.63218,3.0393232,-0.00088275125
0.0050858855,15.48628,16.334395,-0.0044542522,86.597086,4.5930252,-0.00079321014,107.52926,2.7968788,-0.00062993096,120.3499,3.0032249,-0.00088704793
0.0051159641,14.51765,16.456545,-0.0046899257,86.327156,4.601579,-0.00083715958,107.32575,2.7544476,-0.00063128974,120.07176,2.9669246,-0.00089140627
0.0051460485,13.544307,16.570232,-0.0049327249,86.056047,4.6131026,-0.00088332546,107.12722,2.712449,-0.00063221468,119.79774,2.9304289,-0.00089565759
0.0051761388,12.565336,16.674035,-0.0051826449,85.783539,4.6277156,-0.00093350086,106.93367,2.6707828,-0.00063319781,119.52786,2.8936935,-0.000899929
0.005206235,11.578635,16.766583,-0.0054379183,85.509319,4.6455364,-0.00098795948,106.74507,2.6293681,-0.00063413036,119.26212,2.8567056,-0.00090417747
0.0052363369,10.580344,16.846178,-0.0057146516,85.233021,4.6666831,-0.0010473959,106.56139,2.5881355,-0.00063491343,119.00054,2.8194751,-0.00090841383
0.0052664445,9.5609356,16.913248,-0.0059740919,84.954327,4.6911816,-0.0011056955,106.3826,2.5470203,-0.00063397145,118.74313,2.7820102,-0.00091227158
0.0052965578,8.506157,16.962511,-0.0062001596,84.673378,4.7189151,-0.0011575302,106.20878,2.505865,-0.00062864863,118.48998,2.7443134,-0.0009147283
0.0053266767,7.3650929,16.975733,-0.006535094,84.391187,4.749772,-0.0012604091,106.04024,2.4646081,-0.00064704022,118.24122,2.7063893,-0.00092759659
0.0053568012,6.296285,17.008985,-0.0068512065,84.10268,4.7847818,-0.0013740842,105.87558,2.4233758,-0.00066513275,117.99635,2.6682867,-0.00093829999
0.0053869313,5.3305687,17.071759,-0.0071789536,83.806839,4.8241507,-0.0014589547,105.71458,2.3821643,-0.00066237801,117.75533,2.6300117,-0.00093919791
0.0054170667,4.363153,17.130048,-0.0075054815,83.506333,4.867422,-0.0015477534,105.55806,2.3408913,-0.00065876057,117.51855,2.5915467,-0.00093976359
0.0054472076,3.3918911,17.182402,-0.0078085868,83.201056,4.9146274,-0.0016403602,105.40601,2.2995704,-0.00065475541,117.28604,2.5528954,-0.00094031242
0.0054773539,2.4170964,17.228196,-0.0080943649,82.890818,4.9657964,-0.0017373612,105.25838,2.2582301,-0.00065002982,117.05782,2.5140609,-0.0009404359
0.0055075055,1.4396831,17.267008,-0.0083962417,82.575465,5.0209398,-0.0018428714,105.11513,2.2169104,-0.000645108,116.83394,2.4750461,-0.00094011372
0.0055376625,0.45831078,17.299336,-0.0086973168,82.254666,5.0800881,-0.0019553019,104.97615,2.1756667,-0.0006404287,116.61442,2.4358548,-0.00093994291
0.0055678247,-0.52885592,17.325952,-0.0090199687,81.928151,5.1432415,-0.0020751783,104.84137,2.1345609,-0.00063632618,116.39929,2.3964897,-0.00094008151
0.0055979923,-1.5217804,17.346212,-0.0093494559,81.595676,5.2103704,-0.0022024427,104.71068,2.0936623,-0.00063198321,116.18858,2.3569512,-0.00093987217
0.0056281651,-2.5193959,17.359096,-0.0096863772,81.256964,5.2814602,-0.0023367603,104.58396,2.0530463,-0.00062734774,115.98229,2.3172408,-0.0009391786
0.0056583431,-3.5234559,17.366317,-0.010026541,80.911738,5.3564492,-0.0024767738,104.46113,2.0127905,-0.00062162809,115.78048,2.2773581,-0.00093759673
0.0056885264,-4.5374919,17.370071,-0.010379638,80.559753,5.4352595,-0.0026220398,104.34206,1.9729795,-0.00061401443,115.58316,2.2372999,-0.00093468737
0.0057187148,-5.5698776,17.374201,-0.010797235,80.200866,5.5177808,-0.0027678294,104.22667,1.9337004,-0.00060140029,115.39039,2.1970504,-0.00092933286
0.0057489082,-6.6522164,17.391427,-0.011266221,79.835769,5.6037127,-0.0029130242,104.11511,1.8950336,-0.00059727687,115.20228,2.1565984,-0.00092985268
0.0057791067,-7.7462312,17.411331,-0.011460061,79.463674,5.6932902,-0.0031540349,104.00688,1.8571385,-0.00062398521,115.01869,2.1159567,-0.00093950788
0.0058093103,-8.7020486,17.382109,-0.011574693,79.079072,5.7875978,-0.0033839753,103.90047,1.8202618,-0.00063225231,114.83914,2.0751495,-0.00093839086
0.0058395189,-9.5993818,17.327984,-0.011894814,78.685056,5.8858546,-0.0035842101,103.7966,1.7844092,-0.00062953932,114.66402,2.0341297,-0.00093271306
0.0058697325,-10.473603,17.260652,-0.012227359,78.282842,5.9876916,-0.0037923131,103.69538,1.7496653,-0.00062654391,114.49344,1.9928768,-0.0009258379
0.0058999511,-11.333395,17.183872,-0.012601002,77.872255,6.093014,-0.0040087224,103.59662,1.7161526,-0.00062414856,114.32741,1.9513974,-0.00091848468
0.0059301746,-12.178013,17.096947,-0.012928117,77.453403,6.2016356,-0.0042303306,103.50014,1.6839842,-0.00062210139,114.16598,1.9096776,-0.00091022121
0.0059604031,-13.005654,16.998598,-0.01325288,77.026332,6.3133755,-0.0044594664,103.40578,1.6532768,-0.00062068219,114.00914,1.8676687,-0.00090086849
0.0059906365,-13.816249,16.888451,-0.01355246,76.591062,6.4280588,-0.0046960717,103.31332,1.6241516,-0.00062004868,113.8569,1.8253135,-0.00089035156
0.0060208747,-14.609617,16.766265,-0.013866288,76.147501,6.5455588,-0.0049427691,103.22255,1.5967274,-0.00062083285,113.70927,1.7825711,-0.00087878378
0.0060511177,-15.38577,16.632263,-0.014206208,75.695667,6.6656554,-0.0052003546,103.13328,1.5711198,-0.00062418262,113.56626,1.7394193,-0.00086669508
0.0060813656,-16.146607,16.487428,-0.01455891,75.235291,6.7881682,-0.0054674493,103.04523,1.5474511,-0.00062948178,113.42786,1.6958354,-0.00085363619
0.0061116183,-16.889915,16.333368,-0.014888051,74.766106,6.912962,-0.0057429392,102.95815,1.5258366,-0.0006355906,113.29406,1.651745,-0.00083882948
0.0061418757,-17.613185,16.170885,-0.015227627,74.288077,7.039872,-0.0060230636,102.87182,1.5063779,-0.00063991946,113.16487,1.6069268,-0.00082094411
0.0061721378,-18.3142,16.001096,-0.015585847,73.801455,7.1686944,-0.006303357,102.78607,1.4891699,-0.00064413173,113.04033,1.561475,-0.00080164586
0.0062024046,-18.987766,15.826847,-0.015996862,73.30797,7.2991213,-0.0065866537,102.70094,1.4742879,-0.00066255281,112.92052,1.5154727,-0.00078913643
0.0062326761,-19.630368,15.65407,-0.016265904,72.8095,7.4308742,-0.0070090768,102.61628,1.4618303,-0.00072940204,112.80537,1.4689897,-0.0007896175
0.0062629523,-20.290327,15.465164,-0.01610049,72.298219,7.5656797,-0.0075030663,102.53007,1.452085,-0.00079260955,112.69424,1.4221284,-0.00078005072
0.0062932331,-20.969803,15.253981,-0.016516255,71.773493,7.7033868,-0.0078341392,102.44221,1.4450898,-0.00081771778,112.58725,1.3752583,-0.00075626329
0.0063235185,-21.635345,15.032494,-0.016890332,71.240669,7.8426018,-0.0081810745,102.3535,1.4407908,-0.00084690874,112.48466,1.3285329,-0.00073061745
0.0063538085,-22.285469,14.800864,-0.017239758,70.70001,7.9830867,-0.0085408349,102.26371,1.4392416,-0.00088048342,112.38645,1.2819563,-0.00070314509
0.0063841029,-22.919403,14.559203,-0.017596452,70.151699,8.1246438,-0.0089157992,102.17264,1.4404884,-0.00091979793,112.29257,1.2355174,-0.00067448858
0.0064144019,-23.548605,14.31393,-0.018024015,69.595494,8.2671847,-0.0093002709,102.08,1.444573,-0.00096416272,112.20298,1.1892075,-0.00064492493
0.0064447054,-24.164228,14.066668,-0.018353881,69.031668,8.4104924,-0.0096908001,101.98559,1.4515102,-0.0010129195,112.11763,1.143015,-0.00061364759
0.0064750133,-24.761032,13.815275,-0.018666111,68.460318,8.5544224,-0.010090233,101.88921,1.4613098,-0.0010664548,112.03645,1.0969158,-0.00058068992
0.0065053257,-25.338352,13.559903,-0.018914427,67.881315,8.6989494,-0.010498863,101.79065,1.4739816,-0.0011248178,111.95938,1.0508755,-0.00054596405
0.0065356425,-25.893081,13.30042,-0.019197308,67.294795,8.8440131,-0.010918408,101.68969,1.4895254,-0.0011886729,111.88636,1.0048936,-0.00050963582
0.0065659637,-26.425911,13.038305,-0.019505099,66.70095,8.9892782,-0.011349671,101.58612,1.5079321,-0.0012571691,111.81732,0.95898553,-0.0004712704
0.0065962892,-26.938914,12.775541,-0.019816578,66.09963,9.1347126,-0.011787269,101.47969,1.5291874,-0.0013278274,111.75217,0.91318095,-0.00042980607
0.006626619,-27.431944,12.51354,-0.020112283,65.491235,9.2802021,-0.012231582,101.37024,1.5532539,-0.0014004885,111.69086,0.8675193,-0.00038588392
0.0066569531,-27.904278,12.25319,-0.020418993,64.876412,9.4255648,-0.012679129,101.25773,1.5800863,-0.0014840712,111.63334,0.82205656,-0.00034585399
0.0066872915,-28.353261,11.996171,-0.020775414,64.256526,9.5703448,-0.013116501,101.14224,1.6096076,-0.0015867582,111.5796,0.77685929,-0.0003137509
0.0067176342,-28.772538,11.745288,-0.020859809,63.634162,9.7137304,-0.013758705,101.02383,1.6417549,-0.0017551985,111.52952,0.73201525,-0.00029728475
0.0067479811,-29.187917,11.491783,-0.020806698,62.998798,9.8585945,-0.014497521,100.90029,1.6767206,-0.0019232805,111.48232,0.68766968,-0.00027002151
0.0067783323,-29.615163,11.241262,-0.0212801,62.348916,10.005381,-0.015010055,100.77142,1.7144184,-0.0020392463,111.43796,0.64391663,-0.00022597449
0.0068086877,-30.037134,11.003177,-0.021628978,61.692978,10.151978,-0.01553087,100.63846,1.7546042,-0.002162501,111.39673,0.60084043,-0.00018185494
0.0068390472,-30.444406,10.771692,-0.02190448,61.031541,10.298182,-0.01606299,100.50134,1.7971744,-0.0022933506,111.35851,0.55861586,-0.00013669146
0.006869411,-30.83586,10.541242,-0.022158424,60.36468,10.443913,-0.016606898,100.35995,1.8420296,-0.0024317406,111.32317,0.51744193,-9.242359e-05
0.0068997788,-31.211634,10.30452,-0.022408741,59.692295,10.589156,-0.017163184,100.21419,1.8890669,-0.0025776833,111.29054,0.47743789,-5.4055064e-05
0.0069301508,-31.572398,10.061594,-0.022815776,59.014206,10.733942,-0.017737165,100.06395,1.938183,-0.0027307843,111.26039,0.43891503,-1.618517e-05
0.0069605269,-31.946024,9.8258839,-0.023199698,58.329907,10.878415,-0.018308921,99.909136,1.989282,-0.0028892282,111.2325,0.40207226,2.206472e-05
0.006990907,-32.299846,9.5786662,-0.02345255,57.639804,11.022495,-0.018889567,99.749713,2.042255,-0.0030542102,111.2067,0.36744211,6.2886671e-05
0.0070212912,-32.634488,9.3177753,-0.023690154,56.943977,11.166408,-0.019482769,99.585601,2.0969702,-0.0032255399,111.18269,0.3349267,0.00010659789
0.0070516795,-32.951233,9.0433157,-0.023831367,56.243033,11.310108,-0.020079629,99.416752,2.1533112,-0.003401686,111.16026,0.30438873,0.00015214912
0.0070820718,-33.247699,8.7554228,-0.024010974,55.53761,11.453276,-0.020681111,99.243142,2.2111781,-0.0035799822,111.13925,0.27569858,0.00020006033
0.007112468,-33.52601,8.4564025,-0.02431932,54.827365,11.595583,-0.021282093,99.064787,2.2704762,-0.0037631498,111.11947,0.24872491,0.00024782818
0.0071428683,-33.78965,8.1487465,-0.024622166,54.1133,11.737074,-0.021888017,98.881789,2.331094,-0.0039573657,111.10077,0.22335103,0.00029039546
0.0071732725,-34.036704,7.8335881,-0.024929897,53.396617,11.877393,-0.02247992,98.69424,2.3929103,-0.0041629427,111.083,0.19951777,0.00032745021
0.0072036806,-34.26396,7.5129855,-0.025276562,52.679856,12.015604,-0.023031501,98.502511,2.4557614,-0.004393595,111.06612,0.17717545,0.00035171181
0.0072340928,-34.470073,7.1869886,-0.025268754,51.96535,12.151168,-0.023945385,98.306525,2.5195628,-0.0047093357,111.04982,0.1563103,0.00035628364
0.0072645088,-34.671761,6.8508805,-0.025117988,51.23788,12.289397,-0.024979101,98.103872,2.5845101,-0.0049993957,111.03326,0.13695251,0.00037491378
0.0072949288,-34.866978,6.5035458,-0.025322728,50.500143,12.429221,-0.025649006,97.895423,2.6503529,-0.0052415626,111.0166,0.11906473,0.00040337146
0.0073253526,-35.047908,6.1484515,-0.026085098,49.759204,12.568387,-0.026338545,97.682201,2.7168535,-0.005489386,110.99995,0.10261941,0.00042925511
0.0073557803,-35.217573,5.831147,-0.026505404,49.014389,12.706977,-0.027029488,97.464262,2.7839131,-0.0057421656,110.98314,0.087610642,0.00045254775
0.0073862118,-35.375701,5.5273606,-0.026844011,48.265561,12.844995,-0.027728315,97.241689,2.8514324,-0.0060003505,110.96606,0.074041727,0.0004731776
0.0074166471,-35.505628,5.2258271,-0.027124624,47.512529,12.982567,-0.028441154,97.014542,2.9193274,-0.0062650773,110.94856,0.061948459,0.00049190773
0.0074470862,-35.606909,4.9246201,-0.027366023,46.755139,13.119842,-0.029171237,96.782888,2.9875113,-0.0065358613,110.93047,0.051370558,0.0005110563
0.007477529,-35.682065,4.6297043,-0.027620164,45.993384,13.256944,-0.029923372,96.546758,3.0559394,-0.0068123921,110.91163,0.042347777,0.00052951864
0.0075079756,-35.732661,4.3723365,-0.028693626,45.226994,13.39408,-0.030689784,96.306128,3.1245881,-0.0070922224,110.8919,0.034919937,0.00054531918
0.007538426,-35.759332,4.147159,-0.028787027,44.45659,13.531169,-0.031455494,96.06105,3.193417,-0.0073747871,110.87111,0.029117621,0.00055571842
0.00756888,-35.764469,3.9234407,-0.028881179,43.683382,13.667968,-0.032234382,95.811578,3.2623825,-0.0076579745,110.84915,0.025024168,0.00055788692
0.0075993377,-35.7509,3.6986124,-0.028802109,42.909046,13.803971,-0.033006122,95.557843,3.3314225,-0.0079430561,110.82588,0.02276113,0.00054896266
0.007629799,-35.714803,3.4721634,-0.028719673,42.134115,13.938278,-0.033787249,95.300089,3.4004058,-0.008237371,110.8012,0.022321638,0.00053139228
0.0076602641,-35.660272,3.2469498,-0.028968717,41.359145,14.070362,-0.034576761,95.038423,3.4692424,-0.0085397906,110.77497,0.023688746,0.00050854117
0.0076907327,-35.592037,3.0231386,-0.029158794,40.58516,14.199771,-0.035365812,94.77299,3.5378508,-0.0088462133,110.74708,0.026840276,0.00048132919
0.007721205,-35.510559,2.7994429,-0.029351698,39.814091,14.327653,-0.036112017,94.504116,3.6061368,-0.0091642724,110.71747,0.031818625,0.00044497683
0.0077516808,-35.416943,2.5754728,-0.029543452,39.053312,14.451375,-0.036727111,94.23255,3.6739686,-0.0095371595,110.68619,0.038783592,0.00038746706
0.0077821602,-35.314682,2.3492478,-0.029295619,38.295872,14.574048,-0.038123355,93.956855,3.7415644,-0.0099890594,110.65257,0.047863824,0.00032247046
0.0078126431,-35.212893,2.1173408,-0.029163266,37.515616,14.70281,-0.039337148,93.675127,3.8091641,-0.010357635,110.61609,0.05913991,0.00028245052
0.0078431295,-35.107047,1.8803756,-0.029136525,36.727888,14.831951,-0.040331105,93.389539,3.8764474,-0.010707644,110.57721,0.072568269,0.00023429453
0.0078736194,-34.996695,1.6385531,-0.029117816,35.9363,14.960838,-0.041309179,93.100527,3.9433742,-0.011058967,110.53589,0.088377165,0.0001764427
0.0079041128,-34.883016,1.3913701,-0.029333001,35.141366,15.089774,-0.042312955,92.808199,4.0099439,-0.01141426,110.49206,0.10677222,0.00012052064
0.0079346097,-34.7446,1.1558102,-0.029572818,34.342495,15.219256,-0.043315798,92.512562,4.0761828,-0.011771763,110.44564,0.12780269,6.5909062e-05
0.0079651099,-34.594801,0.92622641,-0.029678552,33.540315,15.349309,-0.044332035,92.213716,4.1421008,-0.012134232,110.39656,0.1514901,2.1518226e-06
0.0079956136,-34.439547,0.70341071,-0.029805474,32.735271,15.479899,-0.045369313,91.911691,4.2077165,-0.012501337,110.34477,0.17784812,-7.1607372e-05
0.0080261206,-34.280524,0.48727949,-0.029912321,31.927688,15.610976,-0.046430478,91.606501,4.2730493,-0.012873472,110.29021,0.206876,-0.00015427837
0.0080566311,-34.117844,0.27750566,-0.030066694,31.117944,15.742408,-0.047522248,91.298133,4.3381122,-0.01324801,110.23273,0.23985367,-0.00024566753
0.0080871448,-33.934152,0.088193316,-0.030663292,30.30577,15.874213,-0.048624927,90.986708,4.4027926,-0.013616896,110.17227,0.27687166,-0.00034193753
0.0081176619,-33.733765,-0.081753341,-0.030698027,29.492253,16.005944,-0.049715802,90.672467,4.4670352,-0.013989192,110.10883,0.31737084,-0.00044823521
0.0081481823,-33.532049,-0.24493157,-0.030520479,28.678389,16.137033,-0.050803824,90.355528,4.5308494,-0.014367305,110.0424,0.36080362,-0.00056120181
0.0081787059,-33.328826,-0.39610764,-0.030174806,27.86557,16.264717,-0.051854872,90.036042,4.5942469,-0.014754082,109.973,0.40665976,-0.00067721614
0.0082092328,-33.122893,-0.53150436,-0.030196804,27.05467,16.386359,-0.052928779,89.714115,4.6572468,-0.015147891,109.90066,0.45446893,-0.00079673883
0.008239763,-32.913666,-0.65684323,-0.030204532,26.246212,16.502208,-0.05398031,89.389905,4.7198607,-0.015547918,109.82539,0.5037978,-0.00092031837
0.0082702963,-32.700787,-0.77404879,-0.030206323,25.441834,16.611731,-0.054945922,89.063722,4.7820819,-0.01595633,109.74727,0.55424591,-0.0010509335
0.0083008329,-32.483153,-0.8843316,-0.030180171,24.646183,16.71228,-0.055625159,88.736191,4.8438605,-0.016409244,109.66639,0.60541926,-0.0011984332
0.0083313727,-32.259135,-0.98933948,-0.029789569,23.86701,16.802016,-0.057507377,88.407164,4.9053042,-0.017022511,109.58257,0.65692572,-0.0013647711
0.0083619157,-32.036929,-1.0917269,-0.029417785,23.061349,16.903912,-0.060063726,88.072981,4.9670217,-0.017563582,109.49499,0.70681465,-0.0015016862
0.0083924619,-31.815073,-1.1920004,-0.029232031,22.237814,17.013719,-0.061320977,87.735277,5.0287515,-0.018016299,109.40409,0.75430302,-0.0016231898
0.0084230112,-31.591613,-1.2908101,-0.029028807,21.416068,17.1239,-0.062625176,87.395335,5.0903412,-0.01847318,109.31019,0.79946618,-0.0017433829
0.0084535635,-31.366809,-1.3944834,-0.028803603,20.596725,17.23399,-0.063988373,87.053199,5.1518282,-0.018938522,109.21339,0.84246835,-0.001863374
0.008484119,-31.141524,-1.5031838,-0.02860137,19.779032,17.343682,-0.065391459,86.708825,5.2132586,-0.019411368,109.11377,0.8834935,-0.0019833201
0.0085146776,-30.911666,-1.6141051,-0.028557634,18.961673,17.452839,-0.066854183,86.362115,5.2746813,-0.019890761,109.01141,0.92273112,-0.0021035775
0.0085452391,-30.673752,-1.7200766,-0.0283616,18.144054,17.560832,-0.068324601,86.013014,5.3361371,-0.020374794,108.90639,0.96036975,-0.0022237853
0.0085758037,-30.431942,-1.8186568,-0.028170865,17.326527,17.666995,-0.069814622,85.661588,5.3976292,-0.020857733,108.79879,0.99658281,-0.0023433711
0.0086063714,-30.186802,-1.9099895,-0.027991001,16.509188,17.770733,-0.071327705,85.307914,5.459217,-0.021343263,108.68868,1.0315318,-0.0024596656
0.008636942,-29.939203,-1.9945947,-0.027838915,15.691866,17.871597,-0.07286523,84.952113,5.5209701,-0.02183957,108.57619,1.0653821,-0.002577969
0.0086675156,-29.689194,-2.0748682,-0.027941628,14.874037,17.969179,-0.07445136,84.59423,5.5829385,-0.022348229,108.46145,1.0983493,-0.0026995089
0.0086980921,-29.423263,-2.1443509,-0.027738246,14.053602,18.063548,-0.0759599,84.234225,5.6451722,-0.022861171,108.34453,1.1307209,-0.0028222105
0.0087286716,-29.155606,-2.2107307,-0.027172377,13.231676,18.15336,-0.077431017,83.872325,5.707656,-0.023383468,108.22551,1.1626428,-0.0029462004
0.008759254,-28.893493,-2.2752036,-0.026750628,12.407803,18.237525,-0.078884937,83.50869,5.7703865,-0.023919087,108.10451,1.1942191,-0.0030739912
0.0087898394,-28.63515,-2.3355834,-0.026634183,11.579621,18.31496,-0.080276934,83.14337,5.8333816,-0.024467464,107.98159,1.2255204,-0.0032050268
0.0088204276,-28.376088,-2.3908372,-0.026453742,10.742216,18.383658,-0.081612554,82.776437,5.8966565,-0.025025673,107.85683,1.2565848,-0.0033406805
0.0088510187,-28.116888,-2.4414544,-0.02624153,9.8881363,18.441169,-0.082709416,82.408185,5.9601756,-0.02560209,107.73037,1.2874204,-0.0034864204
0.0088816127,-27.857031,-2.4875915,-0.025953532,8.996016,18.482148,-0.082978854,82.039365,6.023831,-0.026263865,107.6024,1.3180134,-0.0036551683
0.0089122095,-27.597843,-2.5297994,-0.025370041,8.06424,18.507493,-0.08573306,81.6688,6.087941,-0.027156356,107.47255,1.3483838,-0.0038372515
0.0089428092,-27.34489,-2.5692653,-0.024920625,7.2221373,18.565698,-0.089300908,81.291905,6.1533323,-0.027902773,107.34019,1.3785751,-0.0039772096
0.0089734116,-27.09546,-2.6055936,-0.024534463,6.4097176,18.634359,-0.091009869,80.911479,6.2194912,-0.028573032,107.20606,1.4084742,-0.0041041883
0.0090040169,-26.848194,-2.6386582,-0.024096212,5.5965756,18.701738,-0.092693823,80.528403,6.2862987,-0.029253695,107.07039,1.4380157,-0.0042303119
0.0090346249,-26.603147,-2.6666394,-0.023630384,4.7803976,18.766625,-0.094403391,80.142629,6.3537742,-0.029951112,106.93325,1.4671515,-0.0043550705
0.0090652357,-26.360518,-2.689967,-0.023154992,3.9606102,18.828292,-0.096202265,79.75444,6.4220019,-0.030669456,106.79472,1.4958346,-0.0044795037
0.0090958492,-26.120648,-2.7097476,-0.022705617,3.1370175,18.884906,-0.098088008,79.364135,6.4911043,-0.031409063,106.65485,1.5240294,-0.0046016321
0.0091264654,-25.882699,-2.7265111,-0.022367769,2.3088533,18.936207,-0.10008551,78.971523,6.5611053,-0.032165026,106.51365,1.5517124,-0.0047192888
0.0091570844,-25.644106,-2.7398553,-0.021888473,1.4748223,18.982747,-0.10207185,78.576542,6.632008,-0.03293903,106.37119,1.5788696,-0.0048373826
0.009187706,-25.407269,-2.7515412,-0.021363351,0.63617973,19.024159,-0.10406667,78.179205,6.7037726,-0.033733569,106.22753,1.6054811,-0.0049555022
0.0092183303,-25.172087,-2.7620174,-0.020812496,-0.20629519,19.060337,-0.10609587,77.779507,6.7763591,-0.034549634,106.08272,1.6315394,-0.0050743616
0.0092489572,-24.938326,-2.7725128,-0.020271197,-1.052741,19.091679,-0.10816343,77.377417,6.8497284,-0.035383954,105.93682,1.6570427,-0.0051917414
0.0092795868,-24.705369,-2.7852439,-0.019791741,-1.9035083,19.118577,-0.11031034,76.972928,6.9238466,-0.036238481,105.78987,1.6819938,-0.0053091091
0.009310219,-24.468377,-2.7965129,-0.019208463,-2.7615902,19.142542,-0.11243838,76.56594,6.9987003,-0.037105776,105.64191,1.7064031,-0.0054269205
0.0093408538,-24.232716,-2.8082747,-0.018295373,-3.6254758,19.163167,-0.11452231,76.156659,7.0742075,-0.037988554,105.49303,1.7302769,-0.0055450579
0.0093714912,-24.002504,-2.8215062,-0.017469263,-4.4952709,19.180681,-0.11668032,75.745173,7.1503279,-0.03888992,105.34329,1.7536321,-0.0056668213
0.0094021312,-23.775399,-2.8347703,-0.016914407,-5.3739601,19.196272,-0.1189368,75.331461,7.2270568,-0.03980894,105.19274,1.7764918,-0.0057928203
0.0094327738,-23.54883,-2.8470181,-0.016278981,-6.2670789,19.212664,-0.12137712,74.915608,7.3044019,-0.040759053,105.04144,1.7988799,-0.0059293266
0.009463419,-23.322569,-2.8581269,-0.015589636,-7.1865439,19.235861,-0.12431842,74.498077,7.3822562,-0.041771596,104.88952,1.8208168,-0.0060869015
0.0094940666,-23.095994,-2.8679291,-0.014669279,-8.1754938,19.284464,-0.12528967,74.080411,7.4603878,-0.043211614,104.73705,1.8423372,-0.006286232
0.0095247168,-22.873645,-2.8770448,-0.013788664,-9.0847345,19.306527,-0.12647959,73.654964,7.5403807,-0.044608362,104.58286,1.8635971,-0.006448366
0.0095553696,-22.655781,-2.8850322,-0.013084796,-9.9012526,19.293662,-0.12813217,73.221488,7.6222131,-0.045729123,104.42721,1.8846048,-0.0065707179
0.0095860248,-22.440487,-2.8915422,-0.012381554,-10.706331,19.273997,-0.13008031,72.784027,7.7051177,-0.046886495,104.27077,1.9053291,-0.0066940799
0.0096166825,-22.227816,-2.8966658,-0.011625323,-11.503311,19.248877,-0.13213039,72.342698,7.7890946,-0.048083108,104.11356,1.9257991,-0.0068186836
0.0096473427,-22.017877,-2.9003975,-0.010839615,-12.293003,19.218733,-0.13425827,71.897561,7.8741257,-0.049318284,103.9556,1.9460305,-0.0069423125
0.0096780054,-21.81077,-2.9026817,-0.010016415,-13.075574,19.183885,-0.13646361,71.448818,7.9601812,-0.050594319,103.79694,1.9660613,-0.0070718073
0.0097086705,-21.606545,-2.9034441,-0.0092466141,-13.849208,19.142922,-0.13877533,70.996618,8.0471678,-0.051911568,103.6376,1.9859288,-0.0072058641
0.009739338,-21.40559,-2.9027759,-0.008471403,-14.611981,19.094136,-0.14110714,70.540955,8.1350067,-0.053263509,103.47756,2.0056638,-0.0073436599
0.009770008,-21.206985,-2.9002919,-0.0077791348,-15.36494,19.03883,-0.1435859,70.081803,8.2236672,-0.054650275,103.31686,2.0252994,-0.0074877259
0.0098006804,-21.010029,-2.8957035,-0.006972562,-16.110744,18.978725,-0.14594965,69.619092,8.3131083,-0.05606634,103.15552,2.0448595,-0.007637245
0.0098313553,-20.815681,-2.8893747,-0.0061460978,-16.847182,18.913326,-0.1482361,69.152921,8.4032519,-0.057511837,102.99355,2.0643666,-0.0077919487
0.0098620325,-20.623968,-2.8813181,-0.0052791079,-17.572632,18.842163,-0.15052158,68.683321,8.4940441,-0.058990235,102.83097,2.0838444,-0.0079546306
0.0098927122,-20.434724,-2.8716242,-0.0044005815,-18.286908,18.765416,-0.15283277,68.210274,8.585449,-0.060495761,102.66778,2.1033152,-0.0081227414
0.0099233942,-20.247584,-2.8602721,-0.0035562067,-18.989966,18.683381,-0.15523365,67.733763,8.6774557,-0.062029112,102.50399,2.1228081,-0.0082983894
0.0099540786,-20.060545,-2.8465472,-0.0025321455,-19.685529,18.598196,-0.1575979,67.253662,8.7700734,-0.063582231,102.33959,2.142351,-0.0084832916
0.0099847654,-19.877278,-2.8320931,-0.0015038779,-20.369566,18.508593,-0.15989503,66.77019,8.8632209,-0.065158739,102.17464,2.1619644,-0.008678689
0.010015455,-19.697608,-2.8171466,-0.00059848926,-21.040135,18.414239,-0.16231453,66.283427,8.9568585,-0.06676177,102.00915,2.181679,-0.0088881468
0.010046146,-19.519108,-2.8011826,0.00033889387,-21.697614,18.31616,-0.16489125,65.793476,9.0509631,-0.06841975,101.84313,2.201527,-0.0091219536
0.01007684,-19.341778,-2.7845235,0.001350062,-22.33915,18.216501,-0.16793886,65.300949,9.145386,-0.070174528,101.67667,2.2215279,-0.0093938297
0.010107536,-19.165326,-2.7673645,0.0025173743,-22.947681,18.122977,-0.16912238,64.808365,9.239623,-0.072636088,101.50978,2.2417139,-0.009727322
0.010138235,-18.992833,-2.7502979,0.0036279908,-23.569352,18.014061,-0.16980142,64.304973,9.3362484,-0.075062933,101.34108,2.2622479,-0.010020236
0.010168936,-18.824119,-2.7333849,0.0046250527,-24.213173,17.887303,-0.17212312,63.791048,9.4352297,-0.0770276,101.17088,2.2830964,-0.010270678
0.010199639,-18.657798,-2.7165233,0.0056363606,-24.852764,17.754655,-0.1745766,63.273007,9.5352105,-0.0790378,100.99992,2.3041978,-0.010532756
0.010230344,-18.493836,-2.6997866,0.0066986288,-25.48733,17.616594,-0.1770838,62.75123,9.6360758,-0.081109477,100.82824,2.3255668,-0.010813515
0.010261052,-18.332302,-2.683217,0.0077973085,-26.116893,17.473199,-0.17963793,62.225702,9.737738,-0.083239008,100.6558,2.3472156,-0.011109075
0.010291762,-18.1733,-2.6668753,0.0089287795,-26.741403,17.324454,-0.1822353,61.696436,9.8401213,-0.085425332,100.4826,2.3691715,-0.011421757
0.010322474,-18.01695,-2.6508139,0.010063736,-27.360875,17.170312,-0.18485978,61.163348,9.9431451,-0.087663073,100.30863,2.3914467,-0.011747089
0.010353189,-17.863324,-2.6354503,0.011276935,-27.974829,17.010697,-0.18721511,60.626436,10.046636,-0.089945112,100.13387,2.4140568,-0.012091422
0.010383906,-17.712439,-2.6206098,0.012513515,-28.581368,16.845352,-0.18954189,60.085436,10.150476,-0.092275256,99.958293,2.4370147,-0.012451031
0.010414625,-17.564074,-2.6059852,0.013676192,-29.179274,16.674521,-0.19200142,59.54015,10.254686,-0.094659785,99.781881,2.4603354,-0.012828759
0.010445347,-17.417678,-2.5913427,0.014856003,-29.772635,16.500933,-0.19475716,58.990461,10.359352,-0.09709008,99.604606,2.4840418,-0.013223807
0.010476071,-17.273348,-2.5767068,0.016089593,-30.362428,16.325202,-0.1972843,58.436394,10.464492,-0.099554894,99.426446,2.5081434,-0.013634258
0.010506797,-17.131455,-2.5621248,0.017349734,-30.944401,16.145495,-0.19962217,57.878158,10.570119,-0.10206056,99.247397,2.5326571,-0.01406413
0.010537525,-16.991867,-2.5475031,0.018609766,-31.515619,15.960332,-0.20195415,57.3158,10.676242,-0.10460896,99.067438,2.557599,-0.014513779
0.010568255,-16.854415,-2.5327589,0.019899743,-32.075231,15.769412,-0.20429154,56.749408,10.782855,-0.10720123,98.886549,2.5829902,-0.01498764
0.010598988,-16.719338,-2.5182646,0.0212727,-32.622373,15.572652,-0.20688268,56.179059,10.889928,-0.10983435,98.704711,2.6088461,-0.015485298
0.010629723,-16.586104,-2.503603,0.022728161,-33.164567,15.37425,-0.20938671,55.604832,10.997436,-0.11249781,98.521912,2.6351823,-0.016012178
0.010660461,-16.455608,-2.4888393,0.024075722,-33.693074,15.171115,-0.2118492,55.027311,11.105198,-0.11520874,98.3382,2.6619968,-0.016574335
0.0106912,-16.326735,-2.4737882,0.025523906,-34.206761,14.968647,-0.21439835,54.447274,11.213125,-0.11800618,98.153639,2.6892452,-0.017184585
0.010721942,-16.199274,-2.458328,0.027063608,-34.700135,14.767645,-0.21706048,53.867451,11.320652,-0.12104621,97.968364,2.7168999,-0.017862609
0.010752686,-16.073859,-2.4426084,0.028675905,-35.171823,14.567566,-0.21757979,53.286663,11.42841,-0.12529119,97.781708,2.7450387,-0.018591256
0.010783432,-15.951952,-2.4267996,0.030211653,-35.648406,14.361027,-0.21873324,52.691047,11.540172,-0.12897936,97.592549,2.773787,-0.019255246
0.010814181,-15.832311,-2.4107767,0.031743807,-36.115969,14.152969,-0.22069696,52.08889,11.653372,-0.13229431,97.401986,2.803016,-0.019928172
0.010844931,-15.714689,-2.3946018,0.033314778,-36.569101,13.945552,-0.22270003,51.482607,11.767128,-0.13562256,97.21021,2.8327037,-0.020624312
0.010875684,-15.598992,-2.3782932,0.03491608,-37.007637,13.739544,-0.22470754,50.872184,11.881258,-0.1389994,97.017238,2.8628537,-0.021351476
0.01090644,-15.485194,-2.3619148,0.036542972,-37.431341,13.535602,-0.22669207,50.257556,11.995672,-0.14243936,96.823066,2.8934783,-0.022112085
0.010937197,-15.37329,-2.34558,0.038220264,-37.840093,13.334268,-0.22864949,49.638623,12.110319,-0.14593406,96.627654,2.9245909,-0.022898195
0.010967957,-15.263233,-2.3292733,0.039904313,-38.23367,13.135979,-0.23056418,49.015497,12.225162,-0.14947821,96.430978,2.9562006,-0.023718803
0.010998719,-15.154962,-2.3130553,0.041580325,-38.611802,12.94107,-0.23239541,48.388343,12.340164,-0.15305738,96.233024,2.9883146,-0.024572448
0.011029483,-15.04844,-2.2970276,0.043253759,-38.974921,12.749595,-0.23403514,47.756439,12.455333,-0.15671021,96.033754,3.0209398,-0.025455184
0.011060249,-14.943633,-2.2812919,0.04492684,-39.324779,12.561507,-0.23569212,47.120323,12.570981,-0.16043743,95.833156,3.0540892,-0.02637628
0.011091018,-14.840274,-2.2659489,0.046632183,-39.661355,12.3767,-0.23749769,46.480306,12.687251,-0.16422289,95.631179,3.0877647,-0.027332383
0.011121789,-14.738079,-2.2509722,0.048389996,-39.988255,12.197917,-0.24050863,45.836485,12.804227,-0.16804425,95.427771,3.1219772,-0.028321366
0.011152562,-14.636745,-2.2362857,0.050239878,-40.316987,12.032056,-0.24281576,45.189038,12.921921,-0.17189954,95.222907,3.1567293,-0.02935346
0.011183337,-14.536534,-2.2219927,0.052166923,-40.636764,11.873387,-0.24464873,44.53818,13.040241,-0.17577158,95.016567,3.1920169,-0.03041706
0.011214115,-14.437407,-2.2081219,0.0541216,-40.945303,11.716507,-0.24610966,43.884279,13.159086,-0.17968243,94.808715,3.2278439,-0.03152169
0.011244894,-14.33926,-2.1947076,0.05612094,-41.242765,11.559899,-0.24721966,43.227627,13.278334,-0.18362291,94.599423,3.2641517,-0.032669579
0.011275676,-14.242621,-2.1819687,0.058094186,-41.52516,11.402622,-0.24899524,42.568866,13.397786,-0.1876006,94.388723,3.3008927,-0.033863284
0.011306461,-14.146451,-2.169622,0.060095375,-41.806285,11.253113,-0.25196931,41.908563,13.517294,-0.19157878,94.176568,3.3380801,-0.035114754
0.011337247,-14.050374,-2.1576429,0.062180428,-42.084928,11.108735,-0.25359618,41.249036,13.636273,-0.19555348,93.963058,3.3757217,-0.036438591
0.011368036,-13.954197,-2.1459805,0.064381839,-42.345762,10.95333,-0.25480298,40.595965,13.753238,-0.19963891,93.748288,3.4138151,-0.037858382
0.011398827,-13.858496,-2.1345817,0.066635898,-42.588199,10.785588,-0.25455314,39.952488,13.86756,-0.20603629,93.531744,3.4524373,-0.039372027
0.01142962,-13.76431,-2.1236675,0.068841636,-42.828138,10.602554,-0.25477959,39.287536,13.987209,-0.21182397,93.311805,3.4918148,-0.040814392
0.011460416,-13.670782,-2.1131477,0.071058366,-43.059118,10.406903,-0.25564048,38.610068,14.108717,-0.21649409,93.089702,3.5317754,-0.042255851
0.011491214,-13.577572,-2.1029543,0.073316935,-43.277445,10.201012,-0.25652805,37.927431,14.229944,-0.22121605,92.865872,3.5722635,-0.043735233
0.011522014,-13.48458,-2.0930488,0.075626624,-43.48301,9.9863407,-0.25741839,37.240664,14.350887,-0.22602739,92.64038,3.6132865,-0.045263434
0.011552816,-13.391691,-2.0831675,0.077917974,-43.675205,9.7644638,-0.25828478,36.550314,14.471643,-0.23092386,92.413192,3.6548362,-0.046841024
0.01158362,-13.298841,-2.0735431,0.080233727,-43.854247,9.5368983,-0.25910295,35.856858,14.592306,-0.23589573,92.184281,3.6969066,-0.048458621
0.011614427,-13.206044,-2.0641563,0.082581397,-44.020547,9.3047237,-0.25986013,35.160794,14.71288,-0.24091157,91.95363,3.7394923,-0.050117098
0.011645236,-13.113211,-2.0549381,0.08495991,-44.174186,9.0687391,-0.26052793,34.462663,14.833318,-0.24598241,91.72124,3.7825943,-0.0518269
0.011676048,-13.020305,-2.0458341,0.087342778,-44.315378,8.8295307,-0.26108118,33.762705,14.953589,-0.2511972,91.487045,3.8262046,-0.053577497
0.011706862,-12.927124,-2.0368997,0.089773558,-44.444592,8.5874116,-0.26145929,33.06076,15.075614,-0.25647299,91.251013,3.8703163,-0.05537685
0.011737678,-12.833598,-2.028088,0.092273457,-44.562704,8.342278,-0.26180751,32.356999,15.198868,-0.2617385,91.013132,3.9149294,-0.057231056
0.011768496,-12.739839,-2.0193943,0.094829768,-44.669437,8.0943054,-0.26216713,31.651352,15.322966,-0.26698986,90.773333,3.9600258,-0.059123187
0.011799317,-12.645772,-2.0106849,0.097418135,-44.764589,7.843117,-0.26282022,30.943805,15.447616,-0.27225337,90.531557,4.0056188,-0.061063661
0.01183014,-12.551183,-2.001929,0.10005746,-44.848381,7.600524,-0.26683166,30.234277,15.572655,-0.27752928,90.287819,4.0517065,-0.063055965
0.011860965,-12.456025,-1.9929928,0.10272428,-44.923636,7.3863018,-0.26832706,29.522474,15.697906,-0.28276769,90.042136,4.0982731,-0.065095494
0.011891793,-12.360193,-1.983973,0.10549791,-44.991121,7.1834514,-0.2686385,28.80897,15.823062,-0.28796766,89.794547,4.1453574,-0.067185527
0.011922623,-12.264313,-1.9749556,0.10831471,-45.031324,6.9804333,-0.26823709,28.094446,15.947767,-0.29312773,89.545156,4.192956,-0.06934103
0.011953455,-12.168399,-1.9658936,0.11115959,-45.04499,6.7775221,-0.26824867,27.379372,16.07146,-0.29817254,89.293995,4.2410805,-0.071573756
0.01198429,-12.072286,-1.9567334,0.11402767,-45.034709,6.5770904,-0.26972071,26.664584,16.19334,-0.30290994,89.041104,4.2897194,-0.07389148
0.012015127,-11.975305,-1.9472632,0.11698207,-45.005251,6.4110746,-0.27396729,25.952394,16.308719,-0.30692988,88.786549,4.3388669,-0.07631044
0.012045966,-11.877702,-1.9375699,0.12006938,-44.955006,6.2664001,-0.27229963,25.254327,16.412885,-0.31153116,88.530628,4.3885052,-0.078910854
0.012076808,-11.780569,-1.9276341,0.12315965,-44.890108,6.1234376,-0.26994949,24.555258,16.515078,-0.32221597,88.271602,4.4388665,-0.081538529
0.012107653,-11.684119,-1.9174259,0.12620056,-44.816504,5.9786973,-0.26829881,23.823053,16.629615,-0.32946643,88.008817,4.4900583,-0.084058253
0.012138499,-11.587702,-1.9069748,0.12924613,-44.72981,5.8324338,-0.26668744,23.087751,16.745151,-0.33602554,87.743914,4.5418275,-0.086607356
0.012169349,-11.491252,-1.8962637,0.13232847,-44.630676,5.6839449,-0.26501905,22.352428,16.860653,-0.34252115,87.477024,4.5941626,-0.089208562
0.0122002,-11.394721,-1.885195,0.13543803,-44.5201,5.5325486,-0.26327583,21.617698,16.975958,-0.34901568,87.208162,4.6470511,-0.091876969
0.012231054,-11.2983,-1.8738382,0.13855953,-44.399309,5.3777114,-0.26147993,20.88361,17.091037,-0.35552523,86.937272,4.7004929,-0.094595946
0.012261911,-11.201905,-1.8622986,0.1417216,-44.272065,5.2189604,-0.25962252,20.150205,17.205631,-0.36204744,86.664267,4.7544892,-0.097356967
0.01229277,-11.105624,-1.8505267,0.14491909,-44.138823,5.0559739,-0.25763482,19.417585,17.319483,-0.36856465,86.389173,4.8090475,-0.1001784
0.012323631,-11.009344,-1.8385206,0.14819867,-44.000119,4.8885019,-0.25548993,18.685496,17.432389,-0.37508716,86.111937,4.864166,-0.10306765
0.012354495,-10.913442,-1.8263258,0.15149257,-43.856345,4.7163436,-0.25323906,17.953459,17.544201,-0.38164017,85.832475,4.9198248,-0.10600964
0.012385362,-10.818016,-1.8139367,0.1547863,-43.708037,4.5392695,-0.25083413,17.221425,17.654903,-0.38826218,85.550757,4.9760198,-0.1089977
0.012416231,-10.723106,-1.8014218,0.15812567,-43.556121,4.3571597,-0.24834838,16.489138,17.764277,-0.39484493,85.266791,5.0327763,-0.11206632
0.012447102,-10.628751,-1.7887821,0.16151167,-43.401149,4.1698141,-0.24575234,15.755829,17.871963,-0.40143515,84.980564,5.090096,-0.11519926
0.012477976,-10.534977,-1.7759289,0.16490414,-43.243485,3.9765722,-0.243234,15.020742,17.977556,-0.40803746,84.692281,5.1480321,-0.11838936
0.012508853,-10.441852,-1.7629067,0.16833448,-43.083745,3.77659,-0.24100011,14.283664,18.080702,-0.41462793,84.40207,5.206624,-0.12167137
0.012539732,-10.349319,-1.7496734,0.17176621,-42.917156,3.5730629,-0.2395911,13.543203,18.181267,-0.42111713,84.109801,5.2658717,-0.12500613
0.012570614,-10.257623,-1.7362451,0.17522499,-42.734309,3.3710927,-0.23546306,12.7989,18.278705,-0.42747454,83.815537,5.3257946,-0.12843251
0.012601498,-10.166876,-1.7226704,0.17866353,-42.544639,3.1788093,-0.23280969,12.050045,18.372066,-0.43365217,83.519269,5.3863808,-0.13194205
0.012632385,-10.076735,-1.7089045,0.1821399,-42.350631,2.9959,-0.22953947,11.294651,18.460901,-0.43946124,83.221029,5.4476292,-0.13556586
0.012663274,-9.9873048,-1.6950094,0.18565082,-42.151746,2.8303514,-0.22819763,10.528107,18.544053,-0.44438812,82.920827,5.5095279,-0.13930472
0.012694166,-9.8984832,-1.6808839,0.18920304,-41.94646,2.6742186,-0.22658218,9.7402069,18.617837,-0.44734246,82.6188,5.5720754,-0.1431931
0.012725061,-9.810168,-1.6664502,0.19279734,-41.716941,2.5393126,-0.22406552,8.8970651,18.669242,-0.45019493,82.315246,5.6352488,-0.14735775
0.012755958,-9.7232026,-1.6518769,0.19638377,-41.478374,2.4177392,-0.21993957,8.0769789,18.727229,-0.4671956,82.007194,5.6995787,-0.15148505
0.012786858,-9.637792,-1.6372364,0.19993585,-41.240564,2.3030845,-0.21593255,7.3272466,18.81461,-0.47654533,81.694455,5.7650846,-0.15544938
0.012817761,-9.5535988,-1.6224474,0.20343557,-40.999928,2.1946388,-0.21174305,6.577419,18.902234,-0.48438509,81.378959,5.8314468,-0.1594755
0.012848666,-9.4703866,-1.6076107,0.20696477,-40.755827,2.0914556,-0.2073171,5.8241498,18.988042,-0.4917381,81.060704,5.8986657,-0.16359302
0.012879574,-9.3882324,-1.5927109,0.21049795,-40.507761,1.992735,-0.20273264,5.0668768,19.071242,-0.49879351,80.739602,5.9667654,-0.16781243
0.012910485,-9.3071373,-1.577739,0.21404633,-40.255338,1.8977478,-0.19793501,4.3055278,19.151668,-0.505621,80.415624,6.0357842,-0.17213819
0.012941398,-9.2272189,-1.5627355,0.2175743,-39.998007,1.8054569,-0.19302557,3.5398083,19.229089,-0.51234742,80.088597,6.1057086,-0.17654638
0.012972314,-9.1483717,-1.5476887,0.22110623,-39.735472,1.7149427,-0.18795962,2.7696949,19.303414,-0.51908498,79.758469,6.1765945,-0.18105944
0.013003233,-9.0707007,-1.5326147,0.22464405,-39.467977,1.6254115,-0.18270116,1.995234,19.374557,-0.52583337,79.425243,6.2484793,-0.18570148
0.013034155,-8.9941107,-1.5175318,0.22817184,-39.195954,1.5360744,-0.17734492,1.2161548,19.441999,-0.5327125,79.088741,6.3213823,-0.19044663
0.01306508,-8.9185312,-1.5024072,0.23169296,-38.91994,1.4462592,-0.17192698,0.43254046,19.504625,-0.53966636,78.748961,6.3953354,-0.19529789
0.013096007,-8.8438845,-1.487257,0.23523999,-38.640524,1.3545258,-0.16631278,-0.35555184,19.562008,-0.54670338,78.405937,6.4703577,-0.20028675
0.013126937,-8.7703983,-1.4720617,0.23876797,-38.357912,1.256046,-0.16054699,-1.1481646,19.614121,-0.55375223,78.059527,6.5464964,-0.20540846
0.01315787,-8.6978756,-1.4568341,0.24229108,-38.072574,1.1507123,-0.15464047,-1.9457623,19.660192,-0.56090601,77.709622,6.6237563,-0.21062589
0.013188806,-8.6264237,-1.4415991,0.24582834,-37.784426,1.0379122,-0.14825339,-2.7482073,19.701201,-0.56810624,77.35619,6.70216,-0.21596607
0.013219745,-8.5562492,-1.4264054,0.24935501,-37.496878,0.91675439,-0.14145752,-3.5549396,19.737604,-0.57541951,76.999234,6.7817431,-0.22147885
0.013250686,-8.4871885,-1.4112495,0.25288616,-37.2057,0.79309566,-0.13458226,-4.3681339,19.770598,-0.58278932,76.638691,6.8625011,-0.22711954
0.01328163,-8.4193015,-1.3961041,0.25640198,-36.911339,0.66765727,-0.12703528,-5.1882787,19.800805,-0.59028604,76.274367,6.9445005,-0.23293876
0.013312578,-8.3524948,-1.3809612,0.25988815,-36.615265,0.54367546,-0.12042413,-6.0177496,19.82938,-0.59844513,75.906157,7.0277288,-0.2389019
0.013343528,-8.2868529,-1.365786,0.26334563,-36.312353,0.42192804,-0.11298936,-6.8619338,19.859987,-0.60769934,75.534198,7.1121679,-0.24507235
0.013374481,-8.2222681,-1.350589,0.2667832,-36.005124,0.30269918,-0.10526505,-7.7339737,19.899207,-0.61984502,75.158777,7.1978001,-0.25156296
0.013405437,-8.1587999,-1.3353727,0.27020492,-35.690076,0.18869326,-0.09689119,-8.649582,19.957494,-0.6180794,74.779235,7.2848328,-0.25852035
0.013436397,-8.0969494,-1.320185,0.2735504,-35.370141,0.080597235,-0.087683359,-9.486124,19.985303,-0.610261,74.390965,7.374128,-0.26525923
0.013467359,-8.0364407,-1.3050285,0.27685692,-35.050856,-0.024090828,-0.078656023,-10.266428,19.990395,-0.61612666,73.996072,7.4651899,-0.27193853
0.013498324,-7.9771383,-1.2898985,0.28011981,-34.731723,-0.12524913,-0.069780297,-11.038209,19.989411,-0.62150496,73.595965,7.5577873,-0.27874763
0.013529292,-7.919001,-1.2747892,0.28334847,-34.412925,-0.22270345,-0.061047546,-11.802907,19.983223,-0.62651424,73.190781,7.6519571,-0.28573893
0.013560263,-7.8620357,-1.2597125,0.28655944,-34.094895,-0.31644386,-0.052517312,-12.560844,19.972144,-0.63121855,72.78044,7.7477159,-0.29292892
0.013591237,-7.8061533,-1.2446714,0.28974852,-33.77815,-0.40652942,-0.043986728,-13.312172,19.956247,-0.63570175,72.364807,7.8450707,-0.30029581
0.013622214,-7.7514073,-1.2296545,0.2928899,-33.462865,-0.49287385,-0.035560951,-14.054801,19.933341,-0.64004968,71.943614,7.9440218,-0.30782989
0.013653194,-7.6978324,-1.2146735,0.29600528,-33.149523,-0.57593801,-0.027051726,-14.787151,19.902015,-0.64409016,71.51696,8.044483,-0.31546465
0.013684178,-7.6455696,-1.1997515,0.29908499,-32.837706,-0.65562049,-0.018420626,-15.508779,19.862619,-0.6477267,71.084869,8.1464177,-0.32323879
0.013715164,-7.5946533,-1.1849231,0.30213379,-32.527161,-0.73218544,-0.0095244471,-16.219288,19.815207,-0.65094021,70.647395,8.2498073,-0.3312124
0.013746154,-7.5449971,-1.1701679,0.30514475,-32.217868,-0.80586127,-0.00073908636,-16.918597,19.760163,-0.65371323,70.20427,8.3546685,-0.33934573
0.013777147,-7.4965826,-1.1554999,0.30812146,-31.909659,-0.87698279,0.0082133842,-17.606561,19.697749,-0.65611081,69.75527,8.4609479,-0.34765985
0.013808142,-7.4496051,-1.1409112,0.31102013,-31.602475,-0.94605645,0.017521456,-18.282542,19.628128,-0.65801645,69.300277,8.5686666,-0.35620877
0.013839141,-7.4040639,-1.1264565,0.31384394,-31.298889,-1.0115259,0.027301309,-18.945553,19.55129,-0.65959857,68.839149,8.6778845,-0.36495366
0.013870144,-7.3598289,-1.1121271,0.31661241,-31.000482,-1.07478,0.036779545,-19.595521,19.46756,-0.66117078,68.371518,8.7887067,-0.37385703
0.013901149,-7.3168839,-1.0979183,0.31933233,-30.704032,-1.1355923,0.046078041,-20.232754,19.377905,-0.66254312,67.897378,8.9012716,-0.38302905
0.013932158,-7.2751352,-1.0838099,0.32199638,-30.409225,-1.1940518,0.054846691,-20.859632,19.284311,-0.66367401,67.416645,9.0155751,-0.39243258
0.013963169,-7.2346352,-1.0697872,0.32458906,-30.113243,-1.2467436,0.063579797,-21.475597,19.18708,-0.6644946,66.929479,9.1315676,-0.40212757
0.013994185,-7.1953979,-1.0558645,0.32710564,-29.817358,-1.2947293,0.072117255,-22.078094,19.086391,-0.6655263,66.436224,9.2491523,-0.41211244
0.014025203,-7.1573558,-1.0420628,0.32955647,-29.521708,-1.3388554,0.080536815,-22.663877,18.984043,-0.66703354,65.937263,9.3681041,-0.42253038
0.014056225,-7.1204039,-1.0283258,0.33193232,-29.226661,-1.3795332,0.089025585,-23.21707,18.884473,-0.66191493,65.432418,9.4883481,-0.43377463
0.01408725,-7.0847548,-1.014666,0.33423263,-28.931921,-1.4177783,0.097865272,-23.78237,18.77005,-0.65430973,64.914448,9.6114476,-0.44488397
0.014118278,-7.0504556,-1.0011247,0.33645219,-28.639743,-1.4541293,0.10690239,-24.371128,18.640593,-0.65213025,64.384839,9.7368244,-0.45562624
0.014149309,-7.0173662,-0.98768189,0.33859775,-28.350291,-1.4892444,0.116009,-24.954269,18.50451,-0.6489014,63.847649,9.8636866,-0.46652944
0.014180344,-6.9854986,-0.97431977,0.34067029,-28.06364,-1.52358,0.12551115,-25.529503,18.361641,-0.64453091,63.303171,9.9917491,-0.47762735
0.014211383,-6.9548263,-0.9610732,0.34265276,-27.779833,-1.5561237,0.13528702,-26.094692,18.212091,-0.63964071,62.751079,10.120928,-0.48895877
0.014242425,-6.9253636,-0.9479141,0.34456068,-27.498981,-1.5869933,0.14542019,-26.648712,18.056072,-0.63415581,62.191408,10.251271,-0.50056301
0.01427347,-6.8971228,-0.93485908,0.34637325,-27.221182,-1.6163116,0.15582851,-27.190812,17.893773,-0.62811122,61.624144,10.382771,-0.51238426
0.014304518,-6.8700938,-0.92188497,0.34811761,-26.94648,-1.6441082,0.16647588,-27.720389,17.725435,-0.62152866,61.049367,10.515458,-0.52440385
0.01433557,-6.8442051,-0.90898632,0.3497747,-26.674976,-1.6704459,0.17729298,-28.237123,17.551221,-0.61444862,60.466931,10.649314,-0.53665249
0.014366626,-6.8195149,-0.89612125,0.35134009,-26.406887,-1.6953101,0.18821229,-28.740586,17.371351,-0.60679226,59.876747,10.784665,-0.54904177
0.014397685,-6.7960282,-0.88331382,0.35282603,-26.14226,-1.7187777,0.1991382,-29.229886,17.185961,-0.59850968,59.279402,10.921422,-0.56161644
0.014428747,-6.7738279,-0.87054525,0.35420922,-25.881294,-1.7408791,0.21010685,-29.704915,16.995194,-0.58966217,58.674618,11.059344,-0.57429977
0.014459813,-6.7530028,-0.85786317,0.35546549,-25.625877,-1.7623986,0.22092237,-30.162825,16.798905,-0.58039187,58.062264,11.198149,-0.58704182
0.014490882,-6.733517,-0.84524582,0.35659951,-25.375865,-1.7831963,0.23148272,-30.602932,16.597867,-0.57075508,57.442357,11.337673,-0.59997067
0.014521955,-6.7152256,-0.83268393,0.35762784,-25.130262,-1.8029446,0.2419323,-31.02519,16.392943,-0.56071186,56.814811,11.477867,-0.61322267
0.014553031,-6.6980676,-0.8201509,0.35852692,-24.889536,-1.8217083,0.25188836,-31.428672,16.189597,-0.55093955,56.179489,11.618486,-0.62660599
0.014584112,-6.6820721,-0.80765774,0.3593254,-24.64963,-1.8388209,0.26212479,-31.819497,15.991826,-0.54041132,55.53643,11.759408,-0.64031931
0.014615195,-6.667272,-0.79524767,0.3600449,-24.412116,-1.8544385,0.27250043,-32.19425,15.798936,-0.52892491,54.886484,11.900287,-0.6543128
0.014646282,-6.6536565,-0.78288008,0.36066227,-24.177737,-1.8686507,0.28289824,-32.547937,15.609719,-0.5162989,54.229763,12.040839,-0.66870022
0.014677373,-6.6411077,-0.77055779,0.36117135,-23.946136,-1.8818658,0.29360058,-32.875921,15.424147,-0.50196618,53.567185,12.180922,-0.6840046
0.014708468,-6.6296596,-0.75828448,0.36156449,-23.718135,-1.8936314,0.30433563,-33.174234,15.241123,-0.48390813,52.899379,12.321181,-0.70071885
0.014739566,-6.6196964,-0.74605911,0.3618209,-23.494443,-1.9040065,0.31492616,-33.471416,15.055911,-0.46725006,52.216256,12.464194,-0.71660982
0.014770667,-6.6110723,-0.73389928,0.36196211,-23.274044,-1.9139097,0.32559014,-33.767506,14.871185,-0.45181555,51.521886,12.608578,-0.73158806
0.014801773,-6.6036609,-0.72178624,0.36195448,-23.057932,-1.9242102,0.33610697,-34.045492,14.687077,-0.43587191,50.822584,12.753056,-0.74629791
0.014832881,-6.5975117,-0.70967303,0.36184181,-22.846032,-1.9345301,0.34652428,-34.304807,14.503525,-0.41950563,50.117584,12.896749,-0.76085798
0.014863994,-6.5925188,-0.69756541,0.36159612,-22.63817,-1.9446579,0.356825,-34.545668,14.320592,-0.40260589,49.406425,13.039213,-0.77534446
0.01489511,-6.5888123,-0.68543112,0.36120079,-22.434722,-1.9544526,0.36700453,-34.768988,14.138397,-0.38474588,48.688703,13.180149,-0.78971743
0.01492623,-6.5863629,-0.67325197,0.36068935,-22.235575,-1.9637836,0.37708463,-34.975375,13.957164,-0.36594586,47.964303,13.319432,-0.80407333
0.014957354,-6.5850737,-0.66104232,0.36003441,-22.040739,-1.9725832,0.38706752,-35.165333,13.777133,-0.34615269,47.2332,13.457098,-0.81848901
0.014988482,-6.5849814,-0.64879006,0.35924474,-21.85018,-1.9807075,0.39684553,-35.339066,13.598684,-0.32553402,46.495778,13.593173,-0.83297321
0.015019613,-6.5860984,-0.63649912,0.35829392,-21.663516,-1.9880745,0.40643548,-35.497294,13.422019,-0.30393891,45.75189,13.727519,-0.84748868
0.015050748,-6.5885081,-0.62415221,0.35720849,-21.481457,-1.9951173,0.41591452,-35.637791,13.246909,-0.28133297,45.002173,13.860124,-0.86207754
0.015081886,-6.5922489,-0.61176825,0.35598139,-21.304218,-2.0016684,0.42522399,-35.760428,13.070034,-0.25833359,44.246904,13.991448,-0.87693068
0.015113029,-6.5973747,-0.59933544,0.35461265,-21.131233,-2.0074341,0.43439599,-35.868468,12.89354,-0.23440328,43.486626,14.123277,-0.89161861
0.015144175,-6.6037711,-0.5869336,0.35303478,-20.963192,-2.0130483,0.44331931,-35.959625,12.717634,-0.20973202,42.722118,14.254459,-0.90595987
0.015175325,-6.61156,-0.57451362,0.35140601,-20.798542,-2.0176068,0.45230736,-36.038626,12.544742,-0.18472347,41.954131,14.384492,-0.91937586
0.015206479,-6.6207287,-0.56210172,0.3496212,-20.638485,-2.0214387,0.46108141,-36.103903,12.374331,-0.15966358,41.184084,14.509587,-0.93274857
0.015237637,-6.6311494,-0.54969544,0.34772369,-20.482228,-2.024097,0.46972059,-36.164263,12.212083,-0.13528878,40.412492,14.629827,-0.94587159
0.015268798,-6.6429277,-0.53727864,0.34568759,-20.329974,-2.0258606,0.47814647,-36.218358,12.057474,-0.11046925,39.640691,14.74554,-0.95893893
0.015299964,-6.6561225,-0.52489491,0.34348649,-20.182304,-2.026775,0.48639169,-36.259209,11.907225,-0.08521612,38.871271,14.85621,-0.97210427
0.015331133,-6.6707267,-0.51250634,0.34113479,-20.039223,-2.0268395,0.49445009,-36.284762,11.760128,-0.0591113,38.109063,14.961016,-0.98652879
0.015362306,-6.6867011,-0.50011695,0.33864204,-19.901002,-2.026046,0.50224195,-36.300467,11.614741,-0.032268561,37.344719,15.063432,-1.0024022
0.015393483,-6.7041688,-0.48770127,0.33597159,-19.768008,-2.0242353,0.50965551,-36.320119,11.472797,-0.0072954687,36.559587,15.166877,-1.015152
0.015424664,-6.7230008,-0.47528885,0.33316759,-19.639093,-2.0215632,0.51685629,-36.339764,11.335247,0.018698399,35.765084,15.267963,-1.0264564
0.015455849,-6.7431937,-0.46291459,0.33022141,-19.514888,-2.0181882,0.52379133,-36.34418,11.194232,0.044924413,34.966143,15.365928,-1.0375865
0.015487038,-6.7648352,-0.45051855,0.327106,-19.395628,-2.0139829,0.5303612,-36.334708,11.049847,0.07140492,34.163957,15.460957,-1.0481427
0.01551823,-6.7878568,-0.43818293,0.32382206,-19.280706,-2.0090634,0.5366908,-36.313042,10.902026,0.098102458,33.359344,15.552934,-1.05793
0.015549427,-6.8122705,-0.42585377,0.32040121,-19.17018,-2.0034647,0.54279006,-36.279311,10.750826,0.12475939,32.552543,15.641724,-1.0670645
0.015580627,-6.8381084,-0.41356256,0.31682122,-19.064264,-1.9969774,0.54856866,-36.234437,10.595926,0.15145081,31.744203,15.727202,-1.0755603
0.015611832,-6.8654145,-0.40132609,0.31308884,-18.963148,-1.9899024,0.55402032,-36.174717,10.437605,0.17803304,30.935546,15.809251,-1.0833423
0.01564304,-6.8942246,-0.38922033,0.30912681,-18.866633,-1.9822277,0.55911697,-36.102121,10.277011,0.2037399,30.126683,15.887736,-1.0903344
0.015674253,-6.9242542,-0.37727869,0.30516025,-18.775257,-1.9741715,0.56391888,-36.020758,10.1161,0.22956219,29.318093,15.962335,-1.096493
0.015705469,-6.9560925,-0.3661264,0.30111075,-18.689091,-1.9659687,0.56832521,-35.927164,9.9556478,0.25454813,28.510355,16.032872,-1.1018486
0.01573669,-6.9885825,-0.3539122,0.29676327,-18.60788,-1.957359,0.57237919,-35.828705,9.7966527,0.280105,27.703454,16.099338,-1.1063527
0.015767914,-7.0223349,-0.34171344,0.29227885,-18.531477,-1.9483946,0.57602512,-35.72337,9.6378941,0.30604162,26.897656,16.161183,-1.1095745
0.015799143,-7.0575503,-0.32958332,0.28763031,-18.460046,-1.9391391,0.57931079,-35.610965,9.4784415,0.33234342,26.094685,16.217795,-1.1116716
0.015830375,-7.0940965,-0.31751641,0.28284606,-18.393328,-1.9296077,0.58220225,-35.491475,9.3171478,0.35895251,25.294581,16.267416,-1.1126334
0.015861612,-7.1317484,-0.30565187,0.27799988,-18.331204,-1.9199506,0.58474604,-35.365088,9.1537538,0.38562838,24.497346,16.309912,-1.1118437
0.015892853,-7.1706957,-0.29368552,0.27301445,-18.273509,-1.9100862,0.58696918,-35.233395,9.0077284,0.41541863,23.704775,16.345758,-1.110035
0.015924097,-7.2107727,-0.28175705,0.26785152,-18.220055,-1.9000039,0.58878521,-35.09593,8.8690269,0.44451943,22.918434,16.374485,-1.1068389
0.015955346,-7.2521896,-0.26987171,0.26261095,-18.171085,-1.8897082,0.5902546,-34.947183,8.7296985,0.47434237,22.143797,16.395025,-1.1036223
0.015986599,-7.2947114,-0.25807132,0.25722869,-18.12645,-1.8793006,0.59133987,-34.788051,8.5878245,0.50471133,21.386152,16.405417,-1.1059384
0.016017856,-7.3384309,-0.24629108,0.25172907,-18.087076,-1.8688089,0.59191694,-34.625803,8.4412999,0.53433674,20.609185,16.422393,-1.1047255
0.016049117,-7.3831988,-0.23462603,0.24609902,-18.052677,-1.8581517,0.59201439,-34.460445,8.3031098,0.56748438,19.811917,16.444577,-1.0956076
0.016080382,-7.4291872,-0.22295685,0.24027438,-18.022344,-1.8471505,0.59175106,-34.291236,8.17228,0.60104528,19.019089,16.462935,-1.0847287
0.016111651,-7.4761797,-0.21137442,0.23435249,-17.996642,-1.8360411,0.59098612,-34.117995,8.042915,0.6298317,18.231912,16.476023,-1.0722204
0.016142924,-7.5241727,-0.19988929,0.22829048,-17.97602,-1.8248887,0.5897426,-33.942073,7.9189643,0.65832371,17.450658,16.483402,-1.0579376
0.016174202,-7.57313,-0.18842917,0.22215125,-17.960131,-1.8136397,0.58804261,-33.764169,7.8013971,0.68644865,16.675032,16.484929,-1.0415639
0.016205483,-7.6229496,-0.17707474,0.2159407,-17.949036,-1.8023885,0.58580027,-33.585454,7.695823,0.71210805,15.904806,16.480066,-1.0231974
0.016236769,-7.674017,-0.16578527,0.20954484,-17.943146,-1.7910831,0.58319634,-33.40692,7.5942591,0.74111281,15.140347,16.468782,-1.0028097
0.016268058,-7.7257265,-0.15452082,0.20305076,-17.941513,-1.7795773,0.58016907,-33.229453,7.4962874,0.76757053,14.380433,16.451263,-0.9802009
0.016299352,-7.7783125,-0.14333677,0.19646175,-17.944576,-1.7679486,0.57656728,-33.054033,7.3991273,0.79378885,13.625842,16.427938,-0.95539489
0.01633065,-7.8315337,-0.13218029,0.18979242,-17.952017,-1.7561026,0.57255582,-32.882068,7.3023807,0.81900856,12.876168,16.398865,-0.9284114
0.016361952,-7.8856946,-0.1211144,0.18301448,-17.963954,-1.7441328,0.56802976,-32.715531,7.2044731,0.84371946,12.131727,16.363441,-0.89859062
0.016393258,-7.9404485,-0.11019103,0.17616252,-17.979785,-1.7320246,0.56306591,-32.55327,7.1055233,0.86732781,11.391894,16.320778,-0.86640952
0.016424568,-7.9959779,-0.099315019,0.16917564,-17.999793,-1.7199442,0.55774759,-32.395046,7.005656,0.88985111,10.655152,16.271179,-0.83063931
0.016455883,-8.0520983,-0.088451064,0.16214347,-18.02387,-1.7076311,0.55212811,-32.242376,6.904927,0.91138236,9.9217711,16.213454,-0.79163813
0.016487201,-8.1091191,-0.077694432,0.15503345,-18.052439,-1.6952229,0.5460624,-32.096835,6.8022892,0.93209368,9.1933333,16.147087,-0.75004929
0.016518524,-8.1668169,-0.067054083,0.14790385,-18.085305,-1.6826708,0.53973291,-31.958881,6.6964984,0.95254593,8.4688004,16.07133,-0.70532106
0.016549851,-8.2249751,-0.05651002,0.14069272,-18.12161,-1.669711,0.53249125,-31.82849,6.5900162,0.97071491,7.7448523,15.98557,-0.65718203
0.016581182,-8.2836488,-0.04603579,0.13337576,-18.162158,-1.6573258,0.52517339,-31.703531,6.4866691,0.98803657,7.0203552,15.889364,-0.60781788
0.016612517,-8.3429498,-0.035602209,0.12597628,-18.207326,-1.6449264,0.51744026,-31.588854,6.3862013,1.0044919,6.2820923,15.777663,-0.57239566
0.016643856,-8.4027948,-0.025266869,0.11855121,-18.2569,-1.6322336,0.50932626,-31.480289,6.2927015,1.0199414,5.5917973,15.662202,-0.53758007
0.0166752,-8.4631144,-0.014984514,0.11098644,-18.311068,-1.6191601,0.50075831,-31.380877,6.2031095,1.0347782,4.9507546,15.564323,-0.48553265
0.016706547,-8.5237981,-0.0047933297,0.10350173,-18.370073,-1.6050461,0.49205288,-31.289549,6.1162572,1.0489971,4.3198163,15.466063,-0.4290596
0.016737899,-8.5850599,0.0052302128,0.095829832,-18.431745,-1.5891012,0.48229888,-31.206535,6.032519,1.0614462,3.6962937,15.361386,-0.36898383
0.016769254,-8.6467764,0.015207076,0.088184066,-18.495299,-1.5769404,0.47273829,-31.131268,5.9528355,1.0733892,3.0801598,15.251396,-0.30491977
0.016800614,-8.709074,0.025040994,0.080481735,-18.562815,-1.5650549,0.46295416,-31.064365,5.8770593,1.0842755,2.4724396,15.134555,-0.23937383
0.016831978,-8.771843,0.034784422,0.0726834,-18.63404,-1.5533169,0.4527536,-31.005397,5.8050118,1.0937946,1.8732856,15.010805,-0.16929066
0.016863346,-8.8349554,0.044475963,0.06486686,-18.708419,-1.5416648,0.44236777,-30.954141,5.7359698,1.1025805,1.2809696,14.882731,-0.093024332
0.016894718,-8.8982945,0.054075798,0.057041558,-18.785905,-1.5301197,0.43170088,-30.911725,5.6675127,1.1105234,0.6960844,14.751434,-0.0198509
0.016926094,-8.9617883,0.063610998,0.049184242,-18.866387,-1.5187527,0.42078984,-30.880623,5.6021979,1.1166256,0.11970261,14.616454,0.057180467
0.016957474,-9.0257103,0.073051098,0.041199698,-18.950173,-1.5076438,0.4094948,-30.856976,5.5412031,1.1216742,-0.44959473,14.4775,0.13677578
0.016988859,-9.089988,0.082350652,0.033272007,-19.036981,-1.4968105,0.39813851,-30.840306,5.4829271,1.1256145,-1.0139673,14.333876,0.2181136
0.017020247,-9.1546771,0.091609399,0.025293937,-19.126857,-1.4857047,0.38644629,-30.831253,5.427653,1.1279052,-1.5732557,14.187646,0.3032808
0.01705164,-9.219557,0.10078036,0.017248188,-19.219554,-1.4753002,0.37471563,-30.829055,5.374319,1.1287497,-2.1254787,14.037683,0.38781102
0.017083036,-9.2849048,0.10994518,0.0093135149,-19.315498,-1.4650485,0.36310669,-30.833868,5.3239617,1.1287052,-2.6749145,13.886597,0.47210113
0.017114437,-9.3504809,0.11893648,0.0013381585,-19.413925,-1.4554458,0.35117913,-30.844605,5.2770451,1.1274907,-3.2133202,13.73476,0.56185189
0.017145842,-9.416343,0.12784026,-0.0066230812,-19.515087,-1.4462716,0.3390763,-30.86148,5.2328124,1.1252024,-3.7489121,13.582121,0.65192085
0.017177251,-9.482583,0.13670901,-0.014563194,-19.619189,-1.4375865,0.3267944,-30.883724,5.1922861,1.1192494,-4.2876289,13.43118,0.73850376
0.017208663,-9.5491323,0.14556473,-0.022524376,-19.726364,-1.4287025,0.31452353,-30.911438,5.1540256,1.1116912,-4.8223682,13.282449,0.84830494
0.01724008,-9.6161092,0.1544056,-0.030655462,-19.835552,-1.4206821,0.3022398,-30.945237,5.1198955,1.1028115,-5.3488531,13.140087,0.96710206
0.017271501,-9.6834218,0.16324147,-0.03880386,-19.947238,-1.4131545,0.28985074,-30.985009,5.0890663,1.0923181,-5.823923,12.984008,1.0668579
0.017302926,-9.7508752,0.17205921,-0.046917386,-20.06116,-1.4058018,0.27751148,-31.029725,5.0607914,1.081032,-6.2823624,12.815871,1.1638165
0.017334355,-9.818866,0.18087641,-0.055087142,-20.177652,-1.3991121,0.26484812,-31.078672,5.0365281,1.0683034,-6.7307591,12.647413,1.2606495
0.017365788,-9.8871133,0.18961375,-0.063259664,-20.296286,-1.3927843,0.25213561,-31.131206,5.0143186,1.0543053,-7.1713885,12.478982,1.3570006
0.017397225,-9.9555146,0.19837644,-0.071454099,-20.416402,-1.3868972,0.23939349,-31.184452,4.9971736,1.0387687,-7.605775,12.313737,1.4531829
0.017428666,-10.024246,0.20711512,-0.079623899,-20.538543,-1.381478,0.22662205,-31.241306,4.9830186,1.022341,-8.0360861,12.151251,1.5480599
0.017460111,-10.093305,0.21586295,-0.087785489,-20.662991,-1.3764058,0.21387542,-31.299808,4.9725935,1.0052194,-8.4614746,11.990998,1.6408293
0.01749156,-10.162829,0.22457305,-0.09599728,-20.789777,-1.3718053,0.20100062,-31.362008,4.9652546,0.98713294,-8.8811708,11.832773,1.7308578
0.017523013,-10.232716,0.23317283,-0.10421394,-20.91873,-1.3677261,0.18809989,-31.426675,4.9590944,0.96839294,-9.2961647,11.677275,1.8180532
0.01755447,-10.302895,0.24174183,-0.11242658,-21.048822,-1.3638681,0.17535265,-31.492619,4.9552745,0.94718805,-9.7076811,11.525374,1.9005053
0.017585931,-10.373575,0.25022234,-0.12060267,-21.180827,-1.3605597,0.16275381,-31.56035,4.9550727,0.92287011,-10.116827,11.378862,1.9791932
0.017617396,-10.44472,0.2586445,-0.12880002,-21.314595,-1.3579482,0.15018161,-31.628984,4.957033,0.90033526,-10.53053,11.234304,2.0557881
0.017648865,-10.51642,0.26705001,-0.13697369,-21.450579,-1.355749,0.13765806,-31.69919,4.9613604,0.87484326,-10.942614,11.091497,2.1288136
0.017680338,-10.588704,0.27539246,-0.14517954,-21.588505,-1.3540007,0.12517367,-31.770744,4.9738604,0.85197262,-11.355161,10.947401,2.2039971
0.017711815,-10.661415,0.283652,-0.15343525,-21.72796,-1.3527398,0.11265164,-31.841623,4.9918521,0.83051824,-11.769279,10.807226,2.2770875
0.017743296,-10.734581,0.29182769,-0.16164531,-21.869222,-1.3519661,0.10031401,-31.912831,5.0114557,0.80906943,-12.182015,10.673831,2.3473651
0.017774781,-10.808259,0.29994443,-0.16981867,-22.012365,-1.3515801,0.088036142,-31.985506,5.0385729,0.78773572,-12.622297,10.538205,2.4077181
0.017806269,-10.882428,0.30791381,-0.17800432,-22.15692,-1.3517545,0.075876538,-32.054888,5.0698793,0.76641894,-13.072505,10.386225,2.4648399
0.017837762,-10.957078,0.31576424,-0.18616056,-22.302918,-1.3524099,0.063764246,-32.122786,5.1037835,0.74543037,-13.532034,10.2338,2.5088748
0.017869258,-11.032397,0.3235377,-0.19435952,-22.450406,-1.3532986,0.051525544,-32.189162,5.1397824,0.72414605,-13.999526,10.078432,2.5464248
0.017900759,-11.108389,0.33115128,-0.20252538,-22.600326,-1.354654,0.03962878,-32.253491,5.1773778,0.70417523,-14.475183,9.9183686,2.5764675
0.017932263,-11.184858,0.3386433,-0.21066627,-22.751806,-1.3563687,0.027969617,-32.316743,5.2274995,0.68834994,-14.960827,9.7549508,2.6017289
0.017963771,-11.261918,0.34594929,-0.21878702,-22.905109,-1.3585923,0.016416952,-32.377572,5.2740478,0.67076428,-15.45075,9.5904911,2.6177986
0.017995283,-11.339621,0.35308551,-0.22687376,-23.059955,-1.361165,0.0049370116,-32.436309,5.3257664,0.65460086,-15.94025,9.4164784,2.6239279
0.018026798,-11.4179,0.35999241,-0.23494221,-23.216529,-1.364488,-0.0064990945,-32.492923,5.3759623,0.63814089,-16.432685,9.229165,2.6178383
0.018058318,-11.496825,0.36680714,-0.2430245,-23.374886,-1.3677701,-0.017963104,-32.548058,5.4248351,0.62227364,-16.926403,9.0328687,2.6093329
0.018089841,-11.576297,0.37340018,-0.25107445,-23.535262,-1.3714456,-0.029265911,-32.598023,5.4782438,0.60664426,-17.430388,8.8268073,2.5934511
0.018121369,-11.656373,0.37975801,-0.2591258,-23.697745,-1.375586,-0.040714234,-32.644828,5.5421705,0.59181122,-17.934875,8.6152209,2.5715401
0.0181529,-11.737147,0.3859159,-0.26718525,-23.862373,-1.3799961,-0.051846297,-32.692108,5.6107834,0.57671636,-18.438668,8.4009509,2.5414872
0.018184434,-11.81841,0.39189984,-0.27523913,-24.028497,-1.3844372,-0.062922618,-32.736914,5.6810713,0.56157585,-18.945954,8.1729031,2.5050287
0.018215973,-11.900278,0.39760947,-0.28327831,-24.196396,-1.3893968,-0.073907165,-32.782112,5.7504504,0.54718658,-19.458334,7.9287024,2.4612275
0.018247515,-11.98271,0.40312163,-0.29128171,-24.366224,-1.3946433,-0.08465677,-32.825543,5.8184626,0.53364735,-19.969808,7.6762638,2.4105005
0.018279061,-12.065669,0.40835962,-0.29930184,-24.538146,-1.4003471,-0.095466559,-32.867177,5.8845847,0.52095455,-20.483944,7.4129472,2.3524487
0.01831061,-12.149222,0.41332119,-0.30731028,-24.711888,-1.4063738,-0.10618098,-32.906521,5.9485113,0.50933435,-20.999899,7.1386325,2.2882031
0.018342164,-12.233271,0.41807108,-0.31534061,-24.887395,-1.4126457,-0.11694921,-32.943823,6.0112622,0.49894583,-21.512646,6.8541141,2.2185266
0.01837372,-12.317803,0.42260293,-0.3233229,-25.064369,-1.4191759,-0.12758295,-32.982819,6.0747067,0.49073238,-22.024668,6.5621876,2.1411972
0.018405281,-12.402748,0.42686424,-0.33132627,-25.243176,-1.425906,-0.1381689,-33.022084,6.1377209,0.48322414,-22.536193,6.2595503,2.0584179
0.018436845,-12.488152,0.43090277,-0.33927793,-25.423845,-1.4329866,-0.14856636,-33.060485,6.198796,0.47693856,-23.041376,5.9457852,1.9709499
0.018468413,-12.574032,0.43465494,-0.34722685,-25.60641,-1.4403959,-0.15890412,-33.0985,6.2578209,0.47095744,-23.55371,5.6198356,1.8768342
0.018499985,-12.66053,0.43814205,-0.35519244,-25.791188,-1.4480637,-0.16917898,-33.137615,6.3141965,0.46605952,-24.059753,5.2846655,1.7790539
0.01853156,-12.747616,0.44135433,-0.36313116,-25.977939,-1.4562446,-0.17926123,-33.177563,6.3687481,0.46079888,-24.559404,4.9423732,1.6772187
0.018563138,-12.835017,0.44432444,-0.37108864,-26.166336,-1.464772,-0.18927497,-33.218698,6.4221057,0.45988559,-25.051672,4.5923207,1.5704965
0.018594721,-12.922755,0.4470193,-0.37908809,-26.356588,-1.4737744,-0.19930031,-33.259415,6.4741409,0.46145168,-25.536522,4.234336,1.459588
0.018626306,-13.010975,0.44948397,-0.38701898,-26.549134,-1.483112,-0.20927639,-33.29817,6.5242033,0.4636502,-26.016747,3.8706993,1.3433641
0.018657896,-13.099695,0.45172613,-0.39498002,-26.743927,-1.4928416,-0.21917267,-33.337476,6.5725018,0.46737793,-26.48669,3.5014448,1.2226931
0.018689488,-13.188831,0.45374628,-0.40294706,-26.940818,-1.5028571,-0.22893171,-33.377927,6.6188074,0.47230216,-26.941656,3.1265783,1.0960116
0.018721085,-13.278273,0.45546165,-0.41091767,-27.139417,-1.5135047,-0.23871405,-33.417908,6.6599489,0.47858077,-27.383234,2.7471329,0.96489847
0.018752685,-13.368111,0.45692845,-0.41885735,-27.339948,-1.5247135,-0.24826151,-33.456591,6.6962431,0.48659508,-27.815376,2.362254,0.82701015
0.018784288,-13.458393,0.45818094,-0.42681406,-27.542641,-1.5364081,-0.25764646,-33.495789,6.7285841,0.49587016,-28.236422,1.9724389,0.68915882
0.018815895,-13.549049,0.45919512,-0.43479567,-27.747247,-1.5485863,-0.26687859,-33.534961,6.7576096,0.50668096,-28.643716,1.5797252,0.54861841
0.018847505,-13.640083,0.46003894,-0.44280909,-27.953873,-1.5611912,-0.2760457,-33.574394,6.784464,0.51899466,-29.038574,1.1853623,0.41052967
0.018879119,-13.731594,0.46062626,-0.45081054,-28.162824,-1.5744359,-0.28520918,-33.61622,6.8091723,0.53249539,-29.414338,0.7894625,0.27127649
0.018910736,-13.823473,0.46097966,-0.45881792,-28.373701,-1.5882392,-0.29420983,-33.658775,6.8322273,0.5472026,-29.778812,0.38740111,0.13727134
0.018942356,-13.915721,0.46112124,-0.46684009,-28.586513,-1.6025883,-0.30301176,-33.702498,6.854339,0.56303377,-30.124621,0.01000123,-0.00067916542
0.01897398,-14.008404,0.46103405,-0.4748654,-28.801258,-1.6175265,-0.31159714,-33.747228,6.8757807,0.57968959,-30.447677,-0.36074304,-0.14075913
0.019005607,-14.10156,0.46070183,-0.48295956,-29.017953,-1.6331203,-0.32017045,-33.792714,6.8967789,0.59697445,-30.748552,-0.73756132,-0.27656744
0.019037237,-14.195101,0.46015317,-0.4910407,-29.236469,-1.649272,-0.3284788,-33.83897,6.9175915,0.6147699,-31.034577,-1.1072477,-0.4089553
0.019068871,-14.289095,0.45943236,-0.49914616,-29.456805,-1.6659056,-0.336479,-33.88604,6.9396826,0.63305928,-31.308403,-1.4696511,-0.54263905
0.019100508,-14.383449,0.45852315,-0.50727025,-29.678807,-1.6830396,-0.34420491,-33.934359,6.9624446,0.65179665,-31.565827,-1.8287294,-0.67540641
0.019132148,-14.478088,0.45745689,-0.51537962,-29.902282,-1.7006075,-0.35150615,-33.983701,6.9853958,0.67118134,-31.806822,-2.1840226,-0.80947259
0.019163792,-14.573154,0.45620205,-0.52350284,-30.127402,-1.7187286,-0.35852825,-34.033343,7.0084114,0.69020476,-32.031541,-2.5341311,-0.94437464
0.019195439,-14.668759,0.45472668,-0.53168177,-30.354475,-1.7373845,-0.36552521,-34.083547,7.0314927,0.70924207,-32.241094,-2.8788581,-1.0752803
0.019227089,-14.764808,0.45311191,-0.53987146,-30.58302,-1.7563252,-0.37209633,-34.135033,7.0555104,0.72793383,-32.434836,-3.2173265,-1.1990577
0.019258742,-14.861442,0.45131562,-0.54807104,-30.813131,-1.7754812,-0.37830578,-34.188166,7.0806371,0.74635432,-32.614174,-3.5477781,-1.314118
0.019290398,-14.958515,0.4493678,-0.55630478,-31.044389,-1.7947984,-0.38429783,-34.242659,7.1065681,0.76378738,-32.779008,-3.8706555,-1.4207716
0.019322058,-15.056077,0.44728013,-0.56457425,-31.276977,-1.8142266,-0.39017352,-34.298957,7.1326027,0.77967438,-32.929424,-4.1864198,-1.5118619
0.01935372,-15.154198,0.4450531,-0.5728871,-31.510854,-1.8338193,-0.39559127,-34.357041,7.1591446,0.79499004,-33.066179,-4.4940238,-1.5850551
0.019385386,-15.252869,0.4427185,-0.58123542,-31.745553,-1.8532596,-0.40063265,-34.417368,7.1866621,0.80893129,-33.190597,-4.7923906,-1.6397297
0.019417055,-15.352117,0.44021734,-0.58962239,-31.981543,-1.8726998,-0.405495,-34.478714,7.2144008,0.82141167,-33.301827,-5.0805211,-1.6809229
0.019448726,-15.451993,0.43754454,-0.59800653,-32.21858,-1.8919725,-0.41013382,-34.541016,7.2424193,0.83180456,-33.399328,-5.3577435,-1.7093383
0.019480401,-15.55241,0.43477022,-0.60643143,-32.456678,-1.9107917,-0.414862,-34.603045,7.2705411,0.84091709,-33.485128,-5.6243886,-1.7246511
0.019512079,-15.653477,0.4318389,-0.61490454,-32.695603,-1.9296937,-0.41968646,-34.665618,7.2986991,0.84820921,-33.55846,-5.881097,-1.7247164
0.01954376,-15.755191,0.42880285,-0.62343751,-32.935317,-1.9481374,-0.42480253,-34.728913,7.3262872,0.85321148,-33.618859,-6.1264982,-1.710526
0.019575444,-15.857652,0.42556192,-0.63202064,-33.176023,-1.9662444,-0.42994843,-34.794967,7.3535215,0.85889106,-33.667954,-6.3612859,-1.6814073
0.019607131,-15.960771,0.42221844,-0.64062234,-33.417305,-1.9837458,-0.43499415,-34.862477,7.3804638,0.86343484,-33.705764,-6.5836721,-1.6382484
0.01963882,-16.064599,0.41872582,-0.64927058,-33.659207,-2.0006135,-0.43980677,-34.929765,7.4069352,0.86728688,-33.732774,-6.794242,-1.5805969
0.019670513,-16.169178,0.41513377,-0.65795479,-33.901688,-2.0165495,-0.4442345,-34.996872,7.4345178,0.87178655,-33.74989,-6.992636,-1.5088268
0.019702208,-16.274441,0.41143369,-0.66670268,-34.144556,-2.0312568,-0.44850435,-35.064651,7.4631765,0.87548045,-33.755485,-7.1804329,-1.4219323
0.019733906,-16.380509,0.40761391,-0.6754968,-34.387404,-2.0450713,-0.45248181,-35.133133,7.4918296,0.87804819,-33.751419,-7.3556043,-1.3213151
0.019765608,-16.487203,0.40367005,-0.68434611,-34.630308,-2.0575142,-0.45578786,-35.202378,7.5203631,0.88006831,-33.738022,-7.5184391,-1.2063678
0.019797312,-16.594543,0.39957761,-0.69324895,-34.87318,-2.068577,-0.45834147,-35.272769,7.5476617,0.88116106,-33.714059,-7.6691895,-1.077543
0.019829018,-16.702547,0.39535698,-0.70219087,-35.115712,-2.0780821,-0.46233386,-35.344489,7.5729632,0.88077054,-33.680338,-7.8079379,-0.93456961
0.019860728,-16.811398,0.39098518,-0.71118482,-35.35834,-2.0859786,-0.46628916,-35.416969,7.5967947,0.87847618,-33.636206,-7.9336104,-0.77882162
0.01989244,-16.920902,0.38646283,-0.72022528,-35.600467,-2.0920678,-0.47006616,-35.490765,7.6199547,0.87650454,-33.583356,-8.0516462,-0.60916316
0.019924155,-17.031114,0.38179919,-0.7293241,-35.841443,-2.0955448,-0.47410068,-35.565162,7.6418776,0.87361494,-33.521435,-8.1587328,-0.42709153
0.019955873,-17.141949,0.37702158,-0.73850896,-36.082042,-2.0965693,-0.4780649,-35.639733,7.6631071,0.86891379,-33.451211,-8.2544835,-0.23338155
0.019987593,-17.253467,0.37210651,-0.74775653,-36.322906,-2.096081,-0.48184191,-35.714099,7.681977,0.86335897,-33.373553,-8.3389133,-0.028966324
0.020019317,-17.365783,0.36702576,-0.75709746,-36.563011,-2.093073,-0.48578911,-35.790365,7.6976768,0.85420979,-33.289051,-8.4126713,0.18544918
0.020051042,-17.4789,0.36182881,-0.76652401,-36.801716,-2.0865366,-0.49000801,-35.86884,7.7129268,0.84461085,-33.198641,-8.4773867,0.40892949
0.020082771,-17.592768,0.35648004,-0.77599283,-37.039491,-2.0773706,-0.4942778,-35.948445,7.7266573,0.83309399,-33.104363,-8.532731,0.6410646
0.020114502,-17.707351,0.35094316,-0.78556375,-37.275997,-2.0659477,-0.49859757,-36.029855,7.7385051,0.8218051,-33.005753,-8.5790123,0.88118965
0.020146235,-17.822842,0.34526232,-0.79518857,-37.511346,-2.0510891,-0.50333526,-36.113691,7.7475002,0.8088049,-32.903011,-8.6168413,1.128478
0.020177971,-17.939309,0.33947346,-0.80489026,-37.7456,-2.032905,-0.50843229,-36.200746,7.7548772,0.79493994,-32.793225,-8.6449027,1.3814397
0.02020971,-18.056693,0.33352499,-0.81468492,-37.978315,-2.0114224,-0.51394264,-36.291048,7.7588043,0.78037773,-32.676515,-8.664709,1.6381367
0.020241451,-18.17508,0.32740427,-0.82455331,-38.209896,-1.9863795,-0.52009454,-36.384135,7.7564985,0.7624193,-32.556589,-8.6763895,1.8974303
0.020273195,-18.294469,0.32109197,-0.83449523,-38.44022,-1.9577005,-0.52673615,-36.480541,7.7507418,0.74139277,-32.434216,-8.680116,2.1589104
0.020304941,-18.414909,0.31468259,-0.84454824,-38.668882,-1.925276,-0.53368146,-36.579772,7.7418194,0.71747712,-32.309282,-8.6763669,2.4218577
0.02033669,-18.536354,0.30817074,-0.85467586,-38.896057,-1.8888528,-0.54056689,-36.681223,7.729274,0.6907897,-32.182114,-8.6652976,2.6850305
0.020368441,-18.65866,0.30146252,-0.86493949,-39.121821,-1.8483732,-0.54769301,-36.784704,7.7127563,0.66112503,-32.053124,-8.6475867,2.9466078
0.020400194,-18.782041,0.29460755,-0.87534153,-39.345492,-1.8044951,-0.554455,-36.890345,7.6919072,0.62859488,-31.922667,-8.6239134,3.2056825
0.02043195,-18.906399,0.28761908,-0.8858224,-39.567143,-1.7565717,-0.56070944,-36.998775,7.6667646,0.59282518,-31.791701,-8.594803,3.4620756
0.020463708,-19.031688,0.28050151,-0.89641297,-39.787123,-1.7042494,-0.56697477,-37.10988,7.6376819,0.55367885,-31.660441,-8.5605644,3.71508
0.020495469,-19.158043,0.27324074,-0.9071372,-40.005615,-1.647788,-0.57301722,-37.224266,7.6039772,0.51056766,-31.528447,-8.5208454,3.9633555
0.020527232,-19.285464,0.26580997,-0.91800374,-40.222357,-1.5873217,-0.57862261,-37.342118,7.5647724,0.46380492,-31.397265,-8.4764794,4.2063821
0.020558997,-19.413977,0.25823005,-0.92899605,-40.437259,-1.522726,-0.58370011,-37.463243,7.5202873,0.41429871,-31.267285,-8.4268629,4.4426675
0.020590765,-19.543578,0.25045753,-0.94013634,-40.650325,-1.4542501,-0.58823612,-37.58867,7.4697968,0.36215175,-31.13346,-8.3777931,4.6721566
0.020622535,-19.674307,0.24252134,-0.95140211,-40.861312,-1.3816687,-0.59165729,-37.718587,7.4139072,0.3063012,-31.00031,-8.325588,4.89556
0.020654307,-19.806184,0.23442419,-0.96281814,-41.070388,-1.3052882,-0.59446751,-37.853733,7.3520651,0.2461727,-30.868054,-8.2703134,5.1134715
0.020686082,-19.939162,0.22616727,-0.97438755,-41.277803,-1.2252022,-0.59693185,-37.994223,7.2852326,0.18190092,-30.737158,-8.211828,5.3247757
0.020717859,-20.073307,0.21775622,-0.98610003,-41.483375,-1.1415143,-0.59881001,-38.140444,7.2121488,0.11231152,-30.610023,-8.149089,5.5288431
0.020749638,-20.208613,0.20916313,-0.99797206,-41.686527,-1.0543002,-0.60002317,-38.293279,7.1330621,0.037311276,-30.48751,-8.0835049,5.7260608
0.020781419,-20.345058,0.20038544,-1.0100048,-41.887514,-0.96368558,-0.60054297,-38.452629,7.0478601,-0.043103194,-30.369801,-8.0149018,5.9168363
0.020813203,-20.482576,0.1914334,-1.0221873,-42.085192,-0.86917187,-0.59993101,-38.617671,6.9565767,-0.12920758,-30.256231,-7.9431307,6.1003114
0.020844989,-20.621333,0.18229568,-1.034559,-42.279993,-0.77113165,-0.59851674,-38.790823,6.8596445,-0.22178133,-30.147214,-7.8708733,6.2768959
0.020876777,-20.76136,0.17296414,-1.0471161,-42.472559,-0.66987591,-0.59613327,-38.972313,6.7571971,-0.32037308,-30.041863,-7.7973933,6.4468615
0.020908567,-20.902579,0.16353328,-1.0598514,-42.661259,-0.56495558,-0.59308994,-39.1638,6.6486113,-0.42413177,-29.941189,-7.7217531,6.6105254
0.020940359,-21.045087,0.15400166,-1.0727528,-42.846919,-0.45663945,-0.58954637,-39.364548,6.5359084,-0.53672319,-29.845786,-7.6450012,6.7671751
0.020972154,-21.188836,0.14442582,-1.0858175,-43.03,-0.34494196,-0.58498292,-39.574193,6.4082854,-0.65620768,-29.756512,-7.5688066,6.9168641
0.02100395,-21.333818,0.13479727,-1.0990291,-43.209544,-0.23021741,-0.57885153,-39.791189,6.2648719,-0.78382696,-29.672915,-7.4942465,7.0604773
0.021035749,-21.480068,0.12505835,-1.1124287,-43.386669,-0.11288371,-0.57188297,-40.016877,6.1035396,-0.91017406,-29.595616,-7.4211051,7.1989987
0.02106755,-21.627682,0.11522677,-1.1260134,-43.560767,0.0074327743,-0.56423362,-40.250538,5.9267965,-1.0418018,-29.523957,-7.3472166,7.3327006
0.021099352,-21.776727,0.10521491,-1.1397573,-43.732474,0.13028339,-0.55564997,-40.490511,5.7332193,-1.1748756,-29.45916,-7.2729252,7.461826
0.021131157,-21.927155,0.094872982,-1.1536631,-43.901491,0.25499401,-0.54588144,-40.735746,5.5248463,-1.308881,-29.401012,-7.2017174,7.5876539
0.021162964,-22.079036,0.08462223,-1.1678251,-44.067868,0.38102318,-0.53552043,-40.986323,5.2985355,-1.4442732,-29.35019,-7.1306632,7.7085737
0.021194773,-22.232393,0.074187163,-1.1821617,-44.232394,0.50924602,-0.52406633,-41.243269,5.0551957,-1.5792082,-29.306821,-7.0622686,7.8253942
0.021226584,-22.387317,0.063563128,-1.1966716,-44.394213,0.63894489,-0.51117921,-41.505969,4.7958616,-1.7126256,-29.269643,-6.9980705,7.939023
0.021258397,-22.543813,0.052676056,-1.2113711,-44.553194,0.77018909,-0.49671239,-41.773747,4.5191026,-1.8442623,-29.239601,-6.9371138,8.0480622
0.021290212,-22.701786,0.041464169,-1.2262437,-44.709638,0.90245842,-0.48091114,-42.045158,4.22317,-1.9731426,-29.216328,-6.8793164,8.152861
0.021322029,-22.861418,0.030024731,-1.2412613,-44.863591,1.0354238,-0.46355707,-42.320335,3.9071396,-2.098653,-29.199625,-6.8249877,8.2530346
0.021353848,-23.022715,0.018276732,-1.2563988,-45.01553,1.1688524,-0.44471078,-42.599088,3.5697141,-2.2215462,-29.188204,-6.7731625,8.3488446
0.021385668,-23.185608,0.0061926522,-1.2716833,-45.166319,1.3028253,-0.42485413,-42.879477,3.2125451,-2.34144,-29.181924,-6.7247026,8.44018
0.021417491,-23.350123,-0.0062231294,-1.2871468,-45.314787,1.4378972,-0.40299058,-43.164913,2.8474405,-2.4593626,-29.180526,-6.6802495,8.5284035
0.021449315,-23.516405,-0.019010885,-1.3026939,-45.462303,1.5737364,-0.37959941,-43.453936,2.4772816,-2.5779106,-29.182591,-6.6408168,8.61332
0.021481141,-23.684481,-0.032167972,-1.3183294,-45.603839,1.7131384,-0.35427694,-43.744687,2.1033959,-2.6958331,-29.188691,-6.6060012,8.6939419
0.021512969,-23.854357,-0.045714035,-1.3340118,-45.741713,1.8554843,-0.32654624,-44.035219,1.7264768,-2.8122801,-29.203271,-6.5766083,8.7705531
0.021544799,-24.026286,-0.059637776,-1.3496819,-45.874562,2.0016563,-0.29651972,-44.321908,1.3465304,-2.9246869,-29.228846,-6.5509162,8.8425677
0.021576631,-24.200061,-0.074040666,-1.3653789,-46.00567,2.1491136,-0.26437644,-44.606135,0.96590186,-3.033005,-29.263243,-6.5313621,8.9098884
0.021608464,-24.375843,-0.088898068,-1.3810282,-46.134195,2.294323,-0.23080231,-44.884683,0.58685077,-3.136335,-29.306338,-6.5180393,8.9733401
0.021640299,-24.553709,-0.10422609,-1.3965922,-46.25999,2.4401592,-0.19646215,-45.15805,0.21023163,-3.2345002,-29.357889,-6.5114453,9.0326195
0.021672136,-24.733717,-0.12004372,-1.4120452,-46.383622,2.5850288,-0.16101772,-45.425143,-0.16230472,-3.3262746,-29.417758,-6.5116399,9.0886012
0.021703975,-24.915903,-0.13638033,-1.4273687,-46.50521,2.7284245,-0.12464853,-45.684754,-0.5293187,-3.4112945,-29.481557,-6.5193844,9.1405272
0.021735815,-25.100344,-0.15326203,-1.4424849,-46.625457,2.869596,-0.087269997,-45.935398,-0.88906432,-3.4883725,-29.550726,-6.5341104,9.1874659
0.021767657,-25.287059,-0.17112741,-1.4573581,-46.743816,3.0083474,-0.04895509,-46.174712,-1.2374208,-3.5538224,-29.625996,-6.5561238,9.2297957
0.0217995,-25.476082,-0.19030901,-1.4719667,-46.859996,3.144119,-0.0099673812,-46.39876,-1.5800125,-3.6060781,-29.705623,-6.5851776,9.2673211
0.021831345,-25.667413,-0.21088499,-1.4862622,-46.973575,3.2817221,0.029428164,-46.608193,-1.9144969,-3.6469294,-29.788974,-6.6211754,9.3002853
0.021863192,-25.861012,-0.2328598,-1.5002128,-47.08577,3.4180004,0.068891871,-46.802233,-2.2393693,-3.6822238,-29.875404,-6.6636953,9.3272825
0.02189504,-26.056898,-0.25618781,-1.5137557,-47.196593,3.5515473,0.10777675,-46.980226,-2.5556405,-3.7120703,-29.966166,-6.7142232,9.3499654
0.02192689,-26.255055,-0.28089842,-1.5269247,-47.306348,3.6796901,0.14595642,-47.141419,-2.8566849,-3.7333298,-30.065766,-6.7730134,9.3682703
0.021958742,-26.455435,-0.30695459,-1.5396492,-47.414432,3.8033665,0.18260331,-47.28616,-3.1442149,-3.7398262,-30.170895,-6.8394696,9.3809364
0.021990595,-26.657996,-0.33434088,-1.5519059,-47.520542,3.9254178,0.22091735,-47.414681,-3.4159643,-3.7346974,-30.279892,-6.9135904,9.3885379
0.022022449,-26.862636,-0.3630025,-1.5636604,-47.625363,4.0482849,0.26037854,-47.526519,-3.6775319,-3.7137525,-30.392458,-6.9947799,9.3907202
0.022054306,-27.069302,-0.39294484,-1.5748953,-47.728635,4.1667459,0.30078121,-47.622545,-3.93007,-3.6748466,-30.507757,-7.0817571,9.3884428
0.022086163,-27.27795,-0.4241331,-1.5855417,-47.830743,4.2807123,0.33942758,-47.704562,-4.1674007,-3.6175257,-30.624994,-7.1744713,9.3790509
0.022118022,-27.488526,-0.45648034,-1.595539,-47.931991,4.3882738,0.37603892,-47.77271,-4.3887287,-3.5408809,-30.745852,-7.279256,9.3674665
0.022149882,-27.70104,-0.4898845,-1.604872,-48.031441,4.4896464,0.41014637,-47.826514,-4.5981478,-3.4443343,-30.870313,-7.3923687,9.3533571
0.022181744,-27.916607,-0.5242067,-1.6134258,-48.129551,4.5850044,0.44145604,-47.864157,-4.7956673,-3.3256953,-30.998396,-7.5135115,9.336154
0.022213607,-28.134709,-0.55933825,-1.6211187,-48.226989,4.6727608,0.47042007,-47.884859,-4.9798406,-3.1818683,-31.128411,-7.6406415,9.3163143
0.022245471,-28.355075,-0.59521411,-1.6279244,-48.323619,4.7491826,0.49506327,-47.887844,-5.1507094,-3.0091543,-31.259528,-7.7745983,9.2932357
0.022277337,-28.577466,-0.63167525,-1.633815,-48.419494,4.8165386,0.51559156,-47.878552,-5.3079445,-2.7995604,-31.39286,-7.9144281,9.2675703
0.022309204,-28.801539,-0.668645,-1.638754,-48.514482,4.8755681,0.53254965,-47.854986,-5.4506007,-2.557727,-31.524109,-8.0602202,9.2389111
0.022341072,-29.026955,-0.70599895,-1.6427431,-48.609114,4.9273071,0.54597603,-47.818342,-5.5792467,-2.283579,-31.654606,-8.2105797,9.2083068
0.022372942,-29.253431,-0.74358015,-1.6457339,-48.703664,4.9732212,0.55534388,-47.770228,-5.69294,-1.9750711,-31.784749,-8.3607198,9.1753302
0.022404812,-29.480821,-0.78123566,-1.6477532,-48.798128,5.0137408,0.56048047,-47.712778,-5.7911769,-1.634746,-31.914242,-8.518595,9.1399424
0.022436684,-29.70885,-0.818849,-1.6488623,-48.892558,5.0493342,0.56083673,-47.649567,-5.8763794,-1.2650845,-32.042476,-8.6843309,9.1042426
0.022468557,-29.937457,-0.85622792,-1.6490561,-48.986252,5.0798619,0.5563207,-47.559989,-5.9494716,-0.86776171,-32.167583,-8.8579915,9.0690621
0.022500431,-30.166405,-0.89292868,-1.6483815,-49.084037,5.1075078,0.54625564,-47.442489,-6.0103541,-0.44751866,-32.289568,-9.0344462,9.0338551
0.022532306,-30.395353,-0.92880077,-1.6468499,-49.185502,5.1323779,0.53088937,-47.296965,-6.0590401,-0.010198316,-32.406497,-9.2147341,8.9999889
0.022564183,-30.624112,-0.96367674,-1.6444721,-49.287196,5.1533874,0.51142498,-47.123684,-6.0936557,0.43968372,-32.517394,-9.3971156,8.9680951
0.02259606,-30.852535,-0.99741279,-1.6412896,-49.389002,5.1704457,0.48664272,-46.923589,-6.1116674,0.89098189,-32.622221,-9.5828508,8.936612
0.022627938,-31.080418,-1.0298296,-1.6372872,-49.49015,5.1841065,0.45598231,-46.702227,-6.1146229,1.3416263,-32.719885,-9.7703523,8.905205
0.022659818,-31.307655,-1.0607172,-1.6325011,-49.591133,5.1936267,0.41855826,-46.45857,-6.1046366,1.7887712,-32.80969,-9.9591777,8.8720857
0.022691698,-31.534008,-1.0900377,-1.6269909,-49.69254,5.198817,0.37463831,-46.19191,-6.0834042,2.2266677,-32.892999,-10.147238,8.8398713
0.022723579,-31.759327,-1.1175969,-1.6207521,-49.795155,5.1994832,0.32404887,-45.90781,-6.050387,2.655321,-32.971691,-10.333984,8.80824
0.022755461,-31.98348,-1.143331,-1.6137847,-49.899121,5.1956661,0.26691968,-45.602566,-6.0084446,3.073202,-33.039907,-10.52188,8.7770468
0.022787344,-32.205661,-1.1670563,-1.6061128,-50.005578,5.187215,0.20266173,-45.28285,-5.9573311,3.4778603,-33.09593,-10.708977,8.7483821
0.022819228,-32.424392,-1.1886499,-1.5975994,-50.114316,5.1741492,0.13278903,-44.9685,-5.9008068,3.8666218,-33.140219,-10.89621,8.7229493
0.022851113,-32.639908,-1.207915,-1.588314,-50.224913,5.1578447,0.057206748,-44.662005,-5.8405306,4.2386643,-33.172873,-11.083385,8.7022881
0.022882998,-32.852262,-1.2245688,-1.5782941,-50.338469,5.1372307,-0.023949707,-44.365249,-5.7765043,4.593736,-33.194826,-11.270118,8.683735
0.022914884,-33.06151,-1.2384117,-1.5675385,-50.455305,5.1098907,-0.1080369,-44.080638,-5.7100962,4.9311031,-33.204704,-11.451966,8.6663878
0.022946771,-33.267745,-1.2492011,-1.5561183,-50.574927,5.0783697,-0.19791232,-43.80964,-5.6420927,5.2491261,-33.200745,-11.628851,8.6476104
0.022978659,-33.470939,-1.2570539,-1.5440753,-50.697154,5.0419089,-0.29497161,-43.553358,-5.5718719,5.5474608,-33.183456,-11.798575,8.6292824
0.023010547,-33.671156,-1.2621231,-1.5313935,-50.820433,4.9998797,-0.39871894,-43.313755,-5.4998796,5.826831,-33.153166,-11.951476,8.6136981
0.023042436,-33.86846,-1.2645615,-1.5179495,-50.945725,4.9527769,-0.50938198,-43.09192,-5.4271773,6.0869048,-33.110785,-12.098842,8.6060128
0.023074326,-34.062749,-1.2644325,-1.503789,-51.074137,4.90137,-0.62688415,-42.888524,-5.3548983,6.3277131,-33.058676,-12.232151,8.6015867
0.023106216,-34.254085,-1.2616865,-1.4889278,-51.205396,4.846659,-0.74993709,-42.704123,-5.2843633,6.5498921,-32.998376,-12.349146,8.6020664
0.023138107,-34.442536,-1.2563015,-1.4733253,-51.339352,4.7906343,-0.87795878,-42.540963,-5.2159172,6.7532936,-32.927568,-12.448244,8.6081281
0.023169998,-34.628012,-1.2474518,-1.4569291,-51.476288,4.7356581,-1.0089701,-42.396079,-5.1515819,6.9394608,-32.845799,-12.530382,8.6189176
0.02320189,-34.81069,-1.2349746,-1.4397635,-51.61775,4.6840221,-1.1409574,-42.267823,-5.0897597,7.1094321,-32.751425,-12.594583,8.6335501
0.023233782,-34.990584,-1.2185122,-1.4218339,-51.764374,4.6104382,-1.270852,-42.15624,-5.0297291,7.2637287,-32.644314,-12.640184,8.6525349
0.023265675,-35.167806,-1.1979469,-1.4031736,-51.917635,4.5129689,-1.4001002,-42.061315,-4.972458,7.4019368,-32.525366,-12.664437,8.6730308
0.023297569,-35.342489,-1.1731485,-1.3838732,-52.075077,4.3907337,-1.5282482,-41.982683,-4.9194371,7.5248412,-32.398308,-12.663142,8.6944399
0.023329462,-35.514742,-1.1439861,-1.3639602,-52.23362,4.2426851,-1.6533548,-41.919994,-4.8712086,7.633102,-32.264236,-12.635979,8.7175681
0.023361357,-35.684645,-1.113281,-1.3432961,-52.392992,4.0672529,-1.7735175,-41.871904,-4.8278857,7.7282368,-32.125294,-12.581587,8.7436973
0.023393251,-35.852703,-1.0809403,-1.3220958,-52.554768,3.8627338,-1.8897555,-41.838655,-4.7885075,7.8099885,-31.981957,-12.498488,8.773061
0.023425146,-36.018953,-1.0469778,-1.3004585,-52.717338,3.627624,-2.00066,-41.819214,-4.7530284,7.8797544,-31.821293,-12.389496,8.8077749
0.023457042,-36.183432,-1.0115241,-1.2784523,-52.879813,3.3580549,-2.1046795,-41.813142,-4.7214812,7.9382303,-31.644198,-12.256735,8.8495239
0.023488937,-36.346185,-0.97441431,-1.2561471,-53.04045,3.0486887,-2.2048579,-41.820202,-4.6939002,7.9855833,-31.453403,-12.098651,8.8954239
0.023520833,-36.507325,-0.93546847,-1.2336126,-53.198885,2.6994594,-2.2983407,-41.838886,-4.6702149,8.0222174,-31.249541,-11.913743,8.9447979
0.023552729,-36.666961,-0.89453844,-1.2109834,-53.353664,2.3369053,-2.3868649,-41.869614,-4.651007,8.0486917,-31.035838,-11.704965,8.9985493
0.023584626,-36.82512,-0.85152183,-1.1883406,-53.514887,1.9593681,-2.4740294,-41.911145,-4.6366543,8.0667673,-30.830132,-11.468175,9.0534894
0.023616523,-36.982024,-0.80642654,-1.1658968,-53.673617,1.5733409,-2.5572831,-41.963687,-4.6268299,8.0770702,-30.637571,-11.207048,9.1101906
0.023648419,-37.137686,-0.75883709,-1.1437808,-53.827189,1.182186,-2.6374303,-42.027152,-4.6213587,8.0793543,-30.445184,-10.917603,9.1668427
0.023680316,-37.292209,-0.70782502,-1.1221513,-53.977108,0.78869356,-2.7140709,-42.099498,-4.6205848,8.0739614,-30.260429,-10.60263,9.2246951
0.023712214,-37.445751,-0.65356668,-1.1011413,-54.123303,0.39481749,-2.7842286,-42.180206,-4.6255702,8.0609565,-30.087247,-10.260718,9.2824047
0.023744111,-37.598489,-0.59324731,-1.0808473,-54.259626,0.0069972223,-2.8428034,-42.269518,-4.6382833,8.0402083,-29.925133,-9.8934043,9.3392998
0.023776008,-37.750491,-0.52663472,-1.0614122,-54.387187,-0.37038498,-2.8891856,-42.367678,-4.6621803,8.011432,-29.770052,-9.5039025,9.3966721
0.023807906,-37.901874,-0.45376018,-1.0430889,-54.505512,-0.73505038,-2.921078,-42.47285,-4.6987187,7.9736803,-29.622352,-9.1008495,9.4503304
0.023839803,-38.052706,-0.37488391,-1.026027,-54.613234,-1.0912354,-2.9448103,-42.583532,-4.7470031,7.9279711,-29.483055,-8.6779256,9.502587
0.023871701,-38.203156,-0.29034362,-1.010328,-54.710956,-1.4395775,-2.96146,-42.69759,-4.8071012,7.8742922,-29.352859,-8.2259765,9.5616783
0.023903598,-38.353461,-0.2003334,-0.99625357,-54.798503,-1.7707661,-2.9713886,-42.81488,-4.8792008,7.8130235,-29.224034,-7.7553106,9.6127144
0.023935496,-38.503354,-0.10512252,-0.98376741,-54.878602,-2.0826363,-2.9805963,-42.933345,-4.9628589,7.7454166,-29.092302,-7.2733028,9.6602066
0.023967393,-38.653093,-0.0048806384,-0.97315073,-54.949792,-2.3747768,-2.9978979,-43.052836,-5.0558659,7.672495,-28.962092,-6.7852237,9.7080066
0.023999291,-38.802694,0.1003696,-0.96458229,-55.012022,-2.6463573,-3.0096917,-43.171997,-5.1615432,7.5938738,-28.828696,-6.2921717,9.7526557
0.024031188,-38.952359,0.21034879,-0.95814844,-55.064772,-2.8970135,-2.9955369,-43.291543,-5.2784282,7.5099058,-28.706679,-5.7910604,9.8042221
0.024063085,-39.102206,0.32448504,-0.95398148,-55.108302,-3.1286051,-2.9569303,-43.410801,-5.4050218,7.4216651,-28.615925,-5.2779076,9.8546863
0.024094982,-39.252314,0.44212765,-0.95208895,-55.14193,-3.3424592,-2.8928595,-43.528989,-5.5405413,7.3294949,-28.53434,-4.7619589,9.8964041
0.024126879,-39.402643,0.56276136,-0.95263014,-55.165061,-3.5352177,-2.8035851,-43.645473,-5.6845724,7.2339977,-28.468251,-4.2480062,9.928146
0.024158776,-39.553325,0.68554126,-0.9556037,-55.178845,-3.7101567,-2.6812463,-43.760547,-5.8375353,7.1359214,-28.413642,-3.7408335,9.9557892
0.024190673,-39.70488,0.80918736,-0.96098241,-55.185509,-3.8690903,-2.5301026,-43.872812,-5.9999682,7.0372199,-28.369588,-3.2402673,9.9820358
0.02422257,-39.857317,0.93289787,-0.96893103,-55.180535,-4.0119595,-2.3482556,-43.982058,-6.1703412,6.9378482,-28.334146,-2.7433874,10.002121
0.024254466,-40.010725,1.0561546,-0.97946751,-55.166983,-4.1387795,-2.1306637,-44.087268,-6.3503291,6.8313937,-28.303524,-2.2553979,10.009753
0.024286362,-40.165353,1.1795722,-0.99259417,-55.142394,-4.2502257,-1.8680774,-44.188521,-6.5400297,6.7227985,-28.300676,-1.7672664,10.016039
0.024318258,-40.321275,1.3025046,-1.0083073,-55.108937,-4.3458746,-1.5642668,-44.285448,-6.7363491,6.6114756,-28.321482,-1.2893261,10.018451
0.024350153,-40.479119,1.4250207,-1.0265744,-55.065528,-4.4276988,-1.2490761,-44.377297,-6.9389654,6.4995237,-28.368663,-0.82174257,10.011426
0.024382049,-40.63859,1.5472967,-1.0473943,-55.014176,-4.4956133,-0.92691789,-44.46175,-7.1468653,6.3878924,-28.438202,-0.37144258,10.000114
0.024413944,-40.799879,1.6672575,-1.070772,-54.955535,-4.5495042,-0.60032516,-44.537445,-7.3616214,6.2779867,-28.529171,0.062849218,9.9824682
0.024445838,-40.963202,1.7831282,-1.096738,-54.890224,-4.591663,-0.2722362,-44.608987,-7.580605,6.1702979,-28.646968,0.4802109,9.9572279
0.024477733,-41.128857,1.8940826,-1.1253174,-54.816606,-4.6210585,0.063974593,-44.671496,-7.8046965,6.0629133,-28.793527,0.87791374,9.9221123
0.024509627,-41.296989,1.9995349,-1.1560521,-54.736548,-4.6405463,0.40233061,-44.72545,-8.0319618,5.9541097,-28.967164,1.2580545,9.8806344
0.024541521,-41.467424,2.0990466,-1.1888217,-54.64669,-4.6507722,0.73550377,-44.768743,-8.2619014,5.845276,-29.163507,1.622648,9.8147324
0.024573414,-41.640523,2.1930263,-1.2233363,-54.55286,-4.6514441,1.0601777,-44.800799,-8.4954021,5.7363386,-29.383869,1.9699965,9.7291547
0.024605307,-41.816277,2.2812746,-1.2595895,-54.453773,-4.6428844,1.3709245,-44.822836,-8.7325277,5.629084,-29.632299,2.2973043,9.6260485
0.0246372,-41.994302,2.3640514,-1.2974214,-54.350756,-4.6257066,1.6644138,-44.837295,-8.9706337,5.5252031,-29.907542,2.6035162,9.5099432
0.024669092,-42.174871,2.4412171,-1.3367075,-54.244744,-4.6006114,1.9394834,-44.839823,-9.2113165,5.4253464,-30.208412,2.8789246,9.3847971
0.024700984,-42.358049,2.5125374,-1.3773411,-54.136518,-4.5674907,2.1961151,-44.832001,-9.4534207,5.3294539,-30.526904,3.12516,9.2434741
0.024732876,-42.543919,2.5781756,-1.4190697,-54.027702,-4.5238292,2.4350448,-44.816724,-9.6982033,5.23893,-30.85561,3.3531793,9.0854932
0.024764767,-42.732338,2.6381361,-1.461638,-53.919677,-4.4708255,2.656273,-44.792963,-9.9399549,5.1542371,-31.206664,3.5601744,8.9250506
0.024796657,-42.922983,2.692557,-1.5048963,-53.812653,-4.4092113,2.8549322,-44.755334,-10.180952,5.0734441,-31.577222,3.7388926,8.7542614
0.024828548,-43.116039,2.7417398,-1.5486477,-53.707467,-4.3394558,3.0314362,-44.702706,-10.420104,4.9959457,-31.970704,3.8885321,8.5688713
0.024860437,-43.310862,2.7859474,-1.5926045,-53.603296,-4.2641654,3.1892898,-44.634218,-10.654855,4.9225611,-32.389327,4.010303,8.3692952
0.024892327,-43.507111,2.8256067,-1.6366321,-53.495688,-4.1844468,3.3304295,-44.551514,-10.883907,4.8537792,-32.832971,4.0999654,8.159366
0.024924215,-43.704825,2.8610184,-1.6806979,-53.387677,-4.1004694,3.4566834,-44.453755,-11.105749,4.7898037,-33.295435,4.1492974,7.9291923
0.024956104,-43.903975,2.8921458,-1.7248601,-53.279472,-4.0138117,3.5690432,-44.345335,-11.320459,4.7325002,-33.771971,4.1677954,7.6768945
0.024987991,-44.104394,2.9179673,-1.7688996,-53.173579,-3.9245346,3.6709054,-44.227293,-11.527719,4.6818907,-34.268763,4.1598158,7.4021309
0.025019879,-44.306005,2.9383367,-1.8125909,-53.070721,-3.8334129,3.7634267,-44.100207,-11.723513,4.6373405,-34.791633,4.1293517,7.1053488
0.025051766,-44.508413,2.9539331,-1.8557754,-52.972096,-3.7412474,3.8481798,-43.96476,-11.907167,4.5981539,-35.342749,4.0610314,6.7918064
0.025083652,-44.71155,2.9653784,-1.8984961,-52.878091,-3.6459783,3.9251031,-43.81916,-12.078695,4.5650342,-35.914726,3.9680034,6.4575921
0.025115537,-44.91542,2.9732181,-1.9407419,-52.788719,-3.547332,3.9948564,-43.664709,-12.241367,4.5367206,-36.515917,3.8512685,6.1015869
0.025147423,-45.119514,2.9780915,-1.9824163,-52.704845,-3.4467306,4.0596778,-43.500033,-12.393698,4.5120524,-37.153448,3.700467,5.7277163
0.025179307,-45.321977,2.9811028,-2.0231649,-52.62561,-3.3464145,4.1232642,-43.32948,-12.53376,4.4911721,-37.810238,3.5254448,5.3374511
0.025211192,-45.523706,2.9813594,-2.0626384,-52.552506,-3.2457835,4.1862453,-43.155067,-12.657942,4.4750683,-38.485546,3.3316833,4.934004
0.025243075,-45.724742,2.9786338,-2.1013573,-52.484566,-3.1465234,4.2476319,-42.976381,-12.766012,4.4635012,-39.179444,3.1179424,4.5208117
0.025274958,-45.924803,2.9721004,-2.1391302,-52.425057,-3.0492833,4.3072097,-42.791516,-12.858566,4.4565857,-39.898163,2.8825097,4.1026166
0.025306841,-46.123882,2.9604615,-2.176025,-52.376752,-2.955559,4.3646192,-42.60214,-12.936218,4.4534827,-40.640811,2.6194462,3.6829178
0.025338723,-46.321326,2.9445632,-2.2119719,-52.338983,-2.8658724,4.4195423,-42.407374,-12.996932,4.453869,-41.408854,2.3334058,3.2601987
0.025370605,-46.516533,2.9260049,-2.2474269,-52.310627,-2.7824056,4.4712176,-42.208089,-13.040287,4.4580369,-42.202212,2.0240184,2.8337195
0.025402486,-46.709483,2.9050972,-2.2822059,-52.291758,-2.7051599,4.5195964,-42.003376,-13.064459,4.4654082,-43.016258,1.6721593,2.4086719
0.025434366,-46.899866,2.8826681,-2.3161151,-52.282596,-2.6337503,4.5647683,-41.794516,-13.069645,4.4766438,-43.856283,1.2842157,1.9847152
0.025466246,-47.087006,2.8592694,-2.3492285,-52.283554,-2.5681515,4.606844,-41.586077,-13.054911,4.4918212,-44.729216,0.86175076,1.5603414
0.025498126,-47.270449,2.8363737,-2.3814844,-52.293083,-2.5076801,4.6459491,-41.377288,-13.019294,4.5112572,-45.612833,0.4083436,1.1422108
0.025530005,-47.450211,2.8161856,-2.4126007,-52.308917,-2.4523426,4.6810387,-41.172002,-12.962089,4.5344359,-46.515601,-0.080064427,0.725987
0.025561883,-47.626193,2.797014,-2.4424844,-52.332149,-2.4007359,4.7117203,-40.968626,-12.88548,4.5608897,-47.435856,-0.60841412,0.30792414
0.025593761,-47.798232,2.7661936,-2.4710765,-52.360765,-2.3532869,4.7380693,-40.768516,-12.789913,4.590094,-48.374095,-1.1776262,-0.1011753
0.025625638,-47.965981,2.7236446,-2.4984957,-52.39329,-2.3117749,4.7610314,-40.571412,-12.676186,4.621107,-49.330134,-1.7888737,-0.50515418
0.025657515,-48.129322,2.6699036,-2.5246121,-52.428779,-2.276101,4.781454,-40.377697,-12.54285,4.6547363,-50.33216,-2.4421582,-0.89709827
0.025689391,-48.288404,2.6051042,-2.5492538,-52.467017,-2.2429505,4.7977546,-40.187131,-12.390702,4.6903876,-51.360345,-3.1345047,-1.2444271
0.025721267,-48.443122,2.5277176,-2.5722468,-52.50607,-2.2142456,4.8104282,-40.002704,-12.217481,4.7284444,-52.406317,-3.8609655,-1.5668698
0.025753142,-48.592422,2.436031,-2.5927438,-52.544812,-2.1909169,4.8207194,-39.823995,-12.025299,4.7692659,-53.460336,-4.6178365,-1.8654626
0.025785016,-48.73617,2.3302827,-2.6105782,-52.582047,-2.1726147,4.828312,-39.651168,-11.814642,4.8116807,-54.543687,-5.4138745,-2.1469779
0.02581689,-48.873964,2.2094544,-2.6260243,-52.617999,-2.1593765,4.8332573,-39.48232,-11.584799,4.8560707,-55.65781,-6.2449908,-2.4131929
0.025848764,-49.006399,2.0721731,-2.6395389,-52.651018,-2.1517077,4.8358738,-39.320484,-11.33701,4.9012526,-56.775961,-7.1077799,-2.6473054
0.025880637,-49.133346,1.9158948,-2.6509222,-52.680276,-2.1494966,4.83641,-39.164281,-11.069923,4.9479461,-57.911931,-7.9895353,-2.858307
0.025912509,-49.254836,1.7452716,-2.6605592,-52.704975,-2.1526583,4.8349957,-39.015447,-10.785037,4.9953647,-59.054607,-8.9035471,-3.0379429
0.025944381,-49.370934,1.5706369,-2.6673647,-52.724786,-2.1610201,4.831512,-38.874025,-10.482418,5.0430245,-60.20807,-9.8745521,-3.1862691
0.025976253,-49.481645,1.3934839,-2.6700719,-52.738327,-2.175165,4.8268144,-38.741075,-10.162146,5.0893327,-61.372047,-10.906438,-3.3088676
0.026008124,-49.586679,1.2147013,-2.6699567,-52.744335,-2.1956198,4.8210268,-38.61954,-9.8246726,5.1342405,-62.539055,-12.011234,-3.3971628
0.026039995,-49.685928,1.0360517,-2.6670252,-52.74244,-2.2224403,4.8141624,-38.50505,-9.4712315,5.1763139,-63.705706,-13.165444,-3.4598608
0.026071865,-49.778784,0.86022186,-2.6611067,-52.732534,-2.2557855,4.8061517,-38.392637,-9.0995788,5.2181194,-64.861058,-14.369179,-3.4737614
0.026103734,-49.865294,0.6887918,-2.6517093,-52.71407,-2.2966076,4.7969119,-38.287402,-8.7139607,5.2581619,-66.00362,-15.617199,-3.4584682
0.026135604,-49.945893,0.52314525,-2.638639,-52.687492,-2.3442556,4.7874308,-38.189022,-8.3154521,5.2918717,-67.145097,-16.915404,-3.4039351
0.026167473,-50.021495,0.36437474,-2.6225868,-52.652375,-2.398158,4.7780461,-38.096713,-7.8997773,5.3348155,-68.288167,-18.232918,-3.3160746
0.026199341,-50.091519,0.21360363,-2.6048342,-52.609167,-2.4597022,4.768024,-38.009444,-7.4705666,5.3751944,-69.397531,-19.595891,-3.1926434
0.026231209,-50.155439,0.072473481,-2.5864862,-52.557244,-2.5286141,4.7571533,-37.928037,-7.0298872,5.4139091,-70.494191,-20.999184,-3.0542468
0.026263077,-50.212997,-0.058331533,-2.5678192,-52.496625,-2.6046363,4.7454567,-37.851864,-6.5863927,5.4487107,-71.569466,-22.444921,-2.8881693
0.026294944,-50.264233,-0.17892752,-2.5436123,-52.427459,-2.6918428,4.7341554,-37.780075,-6.1164947,5.4777074,-72.634083,-23.911357,-2.6943396
0.026326811,-50.308999,-0.28914936,-2.5083714,-52.348303,-2.7870189,4.7235897,-37.713148,-5.6327453,5.5049871,-73.68506,-25.399892,-2.4791108
0.026358677,-50.346549,-0.38818649,-2.4621558,-52.260057,-2.8883041,4.71231,-37.65009,-5.1412027,5.5307971,-74.709961,-26.897075,-2.2371272
0.026390544,-50.377076,-0.47546791,-2.4048766,-52.163128,-2.996445,4.7001432,-37.588298,-4.6417356,5.5509586,-75.713759,-28.39888,-1.9819423
0.026422409,-50.400181,-0.55293677,-2.3375276,-52.057801,-3.1089775,4.686315,-37.532639,-4.1297131,5.5584473,-76.680482,-29.9021,-1.7193558
0.026454275,-50.416431,-0.62014845,-2.2611029,-51.945623,-3.2282168,4.67048,-37.476367,-3.6122455,5.5632595,-77.612697,-31.387378,-1.4491508
0.02648614,-50.425356,-0.67535262,-2.1748103,-51.825008,-3.3539562,4.6523602,-37.412807,-3.0906691,5.5605662,-78.504056,-32.865508,-1.1683236
0.026518005,-50.427503,-0.71882788,-2.0786532,-51.695846,-3.4862859,4.6321477,-37.381216,-2.5580186,5.5505787,-79.351432,-34.319669,-0.8798099
0.026549869,-50.423136,-0.75057872,-1.9732695,-51.556946,-3.6252312,4.6100946,-37.354267,-2.023674,5.5369762,-80.187551,-35.751775,-0.58435358
0.026581733,-50.412145,-0.77160033,-1.8560943,-51.409089,-3.7693016,4.586151,-37.330929,-1.4900555,5.5205637,-81.015661,-37.165003,-0.27575436
0.026613597,-50.395122,-0.78215001,-1.7266548,-51.255487,-3.9188657,4.5595769,-37.316912,-0.9580997,5.4931746,-81.858875,-38.54034,0.04248841
0.026645461,-50.370118,-0.78347539,-1.5907327,-51.098056,-4.072472,4.5314981,-37.307001,-0.42677822,5.4562831,-82.71233,-39.862134,0.36847725
0.026677324,-50.336724,-0.7750611,-1.4554424,-50.936507,-4.2294509,4.5016626,-37.300821,0.098911713,5.4109869,-83.495847,-41.118087,0.69266132
0.026709187,-50.294974,-0.75644244,-1.3215848,-50.772189,-4.3897964,4.4706333,-37.302962,0.60759124,5.3561835,-84.22278,-42.306621,1.0014802
0.02674105,-50.243973,-0.72907104,-1.190522,-50.604785,-4.5514561,4.4397005,-37.322124,1.1154649,5.281354,-84.902204,-43.452604,1.3026141
0.026772912,-50.186819,-0.69270743,-1.0627925,-50.433348,-4.7168753,4.4060794,-37.347567,1.6124912,5.1979836,-85.550759,-44.512994,1.5886311
0.026804775,-50.124303,-0.64805616,-0.93975047,-50.256997,-4.885321,4.3697012,-37.384533,2.1012996,5.1038591,-86.16927,-45.450759,1.8655848
0.026836637,-50.057324,-0.59574277,-0.82146632,-50.075957,-5.0550938,4.3298856,-37.431913,2.5776503,4.9989418,-86.781827,-46.260196,2.1420857
0.026868498,-49.986411,-0.53684909,-0.70849153,-49.891136,-5.2243176,4.2899447,-37.491495,3.033099,4.8862659,-87.419177,-46.934085,2.4188268
0.02690036,-49.911421,-0.47348575,-0.59978262,-49.704582,-5.3907594,4.248934,-37.559555,3.4580661,4.754431,-88.066999,-47.490976,2.6889305
0.026932221,-49.832959,-0.40553869,-0.49582251,-49.507527,-5.5573909,4.2056679,-37.641788,3.890856,4.6084069,-88.743878,-47.942172,2.9746024
0.026964082,-49.750985,-0.33422732,-0.39685845,-49.306984,-5.7218516,4.1610976,-37.75,4.3083836,4.4467057,-89.443036,-48.268213,3.2481275
0.026995943,-49.666155,-0.25923194,-0.30381961,-49.103918,-5.882331,4.116049,-37.847385,4.735234,4.2701715,-90.160287,-48.452981,3.5145311
0.027027804,-49.578991,-0.18135903,-0.21461988,-48.898318,-6.0390535,4.0704437,-37.956706,5.1537209,4.0832704,-90.876221,-48.511879,3.7725461
0.027059664,-49.490277,-0.10469832,-0.12973931,-48.691842,-6.1932249,4.0247686,-38.087017,5.5615325,3.8925945,-91.598334,-48.55703,4.0267316
0.027091525,-49.399747,-0.028823344,-0.049536787,-48.482176,-6.3445662,3.9789747,-38.230732,5.9552308,3.6885258,-92.329548,-48.566572,4.2663329
0.027123385,-49.30754,0.046232656,0.02693225,-48.26825,-6.4923017,3.9327349,-38.389306,6.3317403,3.4748079,-93.055594,-48.530572,4.4776862
0.027155245,-49.218701,0.11878119,0.09893193,-48.052363,-6.6356888,3.8866673,-38.581763,6.6865544,3.2443248,-93.804246,-48.408114,4.6799746
0.027187105,-49.133485,0.18879085,0.16649252,-47.834703,-6.7741901,3.8406923,-38.796134,7.024864,3.0039671,-94.531453,-48.193661,4.8605712
0.027218964,-49.054012,0.25511344,0.22979342,-47.614982,-6.9062472,3.7952607,-38.997859,7.3406096,2.7524076,-95.208843,-47.910063,5.0076287
0.027250824,-48.976658,0.31977043,0.28927518,-47.394345,-7.030919,3.7506688,-39.220809,7.6305584,2.4892555,-95.824807,-47.566099,5.1020724
0.027282683,-48.904388,0.38165244,0.34468634,-47.17268,-7.1484361,3.7073829,-39.473174,7.8871924,2.2147757,-96.382691,-47.174805,5.112875
0.027314543,-48.83227,0.44068859,0.39824485,-46.949641,-7.2587458,3.6654535,-39.750323,8.1121115,1.9327715,-96.885195,-46.720482,5.0438249
0.027346402,-48.760562,0.49736468,0.45056156,-46.724635,-7.3610775,3.6246495,-40.054528,8.3029978,1.6422885,-97.339192,-46.198325,4.9006208
0.027378261,-48.693933,0.55268431,0.50070792,-46.49911,-7.4541801,3.5851693,-40.385989,8.4604195,1.3443387,-97.757211,-45.556094,4.6799591
0.027410121,-48.632632,0.60447899,0.54936503,-46.273551,-7.537334,3.5478125,-40.749014,8.5767316,1.0391272,-98.156164,-44.923185,4.3843014
0.02744198,-48.577332,0.64838816,0.59770786,-46.047641,-7.6095735,3.5124573,-41.1468,8.6533153,0.73000529,-98.524478,-44.259134,4.0036653
0.027473839,-48.528546,0.68695586,0.6457204,-45.820521,-7.6707893,3.47943,-41.579145,8.689154,0.41786686,-98.868891,-43.562207,3.5398329
0.027505699,-48.485245,0.72094242,0.69222005,-45.593785,-7.7196676,3.4484768,-42.049389,8.6824823,0.10333128,-99.196707,-42.834299,2.9973995
0.027537558,-48.448117,0.75075325,0.73733882,-45.367939,-7.7568561,3.4193064,-42.563221,8.6296463,-0.21089831,-99.501367,-42.075433,2.3815817
0.027569418,-48.418292,0.77643926,0.78213049,-45.142792,-7.7823345,3.3931004,-43.113898,8.5313305,-0.51951728,-99.744239,-41.273097,1.7352132
0.027601277,-48.39709,0.79650992,0.8264729,-44.918541,-7.7955721,3.3697066,-43.696181,8.3872264,-0.81673785,-99.927921,-40.42493,1.0661646
0.027633137,-48.381618,0.81315675,0.86964972,-44.69618,-7.7962526,3.348934,-44.31511,8.2007355,-1.1022554,-100.05293,-39.535836,0.32004522
0.027664997,-48.372197,0.82690551,0.91133178,-44.475226,-7.7854161,3.3306583,-44.976826,7.9653369,-1.3751343,-100.11439,-38.600208,-0.44570604
0.027696857,-48.368857,0.83888439,0.95164947,-44.256514,-7.7629805,3.3148856,-45.680363,7.6818272,-1.6299926,-100.10288,-37.62062,-1.1821905
0.027728717,-48.370257,0.85043526,0.99248999,-44.040043,-7.7269447,3.3016465,-46.425438,7.3607509,-1.8522048,-100.03624,-36.609689,-1.907114
0.027760578,-48.376109,0.85925205,1.0353983,-43.82584,-7.6775373,3.2905374,-47.215463,6.9996999,-2.0487941,-99.89039,-35.561454,-2.6419196
0.027792439,-48.386026,0.85884388,1.0732602,-43.614487,-7.6146908,3.2804277,-48.048528,6.606559,-2.2245101,-99.671094,-34.476538,-3.3885652
0.027824299,-48.399625,0.84588855,1.1074071,-43.407887,-7.53947,3.2727935,-48.924027,6.1943195,-2.3727939,-99.385375,-33.367187,-4.1397372
0.02785616,-48.417134,0.83084973,1.1402982,-43.206009,-7.4523805,3.2682163,-49.84006,5.7696951,-2.4917618,-99.034855,-32.225896,-4.8886924
0.027888022,-48.438551,0.81264379,1.1728189,-43.00796,-7.3533143,3.266172,-50.795884,5.3041989,-2.5921035,-98.619498,-31.051106,-5.6254363
0.027919883,-48.464095,0.79095906,1.2046838,-42.814467,-7.2430005,3.2657495,-51.793183,4.7692905,-2.640161,-98.154669,-29.84312,-6.3527589
0.027951745,-48.492278,0.76525749,1.2352257,-42.625299,-7.120738,3.2666904,-52.826046,4.1422911,-2.6573283,-97.678331,-28.593854,-7.0527241
0.027983607,-48.52247,0.73643842,1.2703784,-42.440448,-6.9863364,3.2694509,-53.887708,3.4726066,-2.644433,-97.189517,-27.310414,-7.739718
0.02801547,-48.556378,0.70549868,1.3108537,-42.261205,-6.8419119,3.2739425,-54.988612,2.7458213,-2.5980766,-96.681584,-26.009921,-8.4188066
0.028047332,-48.595009,0.67271564,1.3517944,-42.085004,-6.6873916,3.2788753,-56.118958,1.9822262,-2.5169874,-96.170144,-24.607884,-9.0733222
0.028079195,-48.636927,0.63863064,1.3918859,-41.911863,-6.5224417,3.2829673,-57.277387,1.1927043,-2.4037374,-95.669205,-23.094696,-9.6998086
0.028111058,-48.683118,0.60523736,1.4311794,-41.744904,-6.3475921,3.2869545,-58.455186,0.37792067,-2.2641822,-95.175628,-21.591448,-10.329251
0.028142922,-48.732444,0.572823,1.4700917,-41.582812,-6.1643121,3.2920148,-59.65493,-0.46137888,-2.1063629,-94.613489,-20.060734,-10.937249
0.028174786,-48.77692,0.53720486,1.506506,-41.42562,-5.9722708,3.3030024,-60.870001,-1.317394,-1.9307937,-93.992812,-18.526262,-11.496202
0.02820665,-48.813982,0.49711673,1.5376315,-41.273136,-5.7723906,3.3140853,-62.064278,-2.1876467,-1.739334,-93.250036,-16.91768,-11.972955
0.028238514,-48.84948,0.45564093,1.5612002,-41.124641,-5.5661168,3.3241338,-63.291356,-3.1040256,-1.5551506,-92.396559,-15.131654,-12.405167
0.028270379,-48.882731,0.40967633,1.5904599,-40.979699,-5.3442891,3.3331113,-64.504947,-4.0650253,-1.3771535,-91.426651,-13.228721,-12.76173
0.028302244,-48.914027,0.3598834,1.6169126,-40.83844,-5.1148254,3.3419168,-65.695614,-5.0670569,-1.2127241,-90.333392,-11.212324,-13.06567
0.02833411,-48.943163,0.30628138,1.6399607,-40.701174,-4.8790267,3.3509999,-66.849413,-6.1013155,-1.0357511,-89.115584,-9.0909295,-13.310432
0.028365975,-48.970039,0.25087066,1.6623616,-40.568806,-4.6356318,3.3620305,-67.96053,-7.1622334,-0.85897799,-87.775778,-6.860229,-13.494181
0.028397842,-48.994517,0.19524139,1.6879021,-40.438657,-4.3857682,3.3722749,-69.016107,-8.2520149,-0.71286457,-86.309578,-4.5165879,-13.619193
0.028429708,-49.016434,0.13781459,1.7137159,-40.306011,-4.1287264,3.3729618,-70.002796,-9.3623877,-0.58981407,-84.778907,-2.0713911,-13.663485
0.028461575,-49.036402,0.078758011,1.7389709,-40.19073,-3.8617255,3.3719788,-70.91646,-10.474333,-0.49238928,-83.224711,0.47748065,-13.654619
0.028493442,-49.05181,0.018013704,1.7623399,-40.080695,-3.5915737,3.369089,-71.766137,-11.623876,-0.38718684,-81.680542,3.1077364,-13.595189
0.02852531,-49.063923,-0.044010319,1.7820026,-39.974829,-3.319529,3.3630097,-72.562912,-12.776827,-0.27276958,-80.169981,5.7997089,-13.47816
0.028557178,-49.071033,-0.10821574,1.79938,-39.871759,-3.0449332,3.3534981,-73.29691,-13.929196,-0.18774432,-78.70106,8.5298828,-13.323378
0.028589046,-49.071191,-0.17598342,1.815967,-39.772701,-2.7646536,3.3364197,-73.906671,-15.09609,-0.12428327,-77.284677,11.260407,-13.093464
0.028620915,-49.07007,-0.24523223,1.8321586,-39.683335,-2.4819834,3.3150849,-74.399761,-16.276881,-0.066573537,-75.939881,13.985774,-12.804178
0.028652784,-49.067192,-0.31529612,1.8471496,-39.598443,-2.2000907,3.2896173,-74.766845,-17.464669,-0.025679104,-74.665878,16.684991,-12.417226
0.028684654,-49.05996,-0.3856768,1.8610975,-39.516717,-1.922342,3.2583312,-75.011613,-18.651988,-0.00483763,-73.469846,19.326192,-11.920595
0.028716524,-49.04946,-0.45625643,1.8739044,-39.440525,-1.6465593,3.2196911,-75.145739,-19.828481,7.5195994e-05,-72.347103,21.86855,-11.337864
0.028748394,-49.035366,-0.52746754,1.8867888,-39.37081,-1.3704297,3.1746562,-75.180099,-20.995613,-0.0038024562,-71.225678,24.280204,-10.746239
0.028780265,-49.017656,-0.59937709,1.8988643,-39.305215,-1.1025308,3.1237593,-75.110073,-22.146949,-0.016848355,-70.101854,26.549026,-10.17456
0.028812136,-48.996536,-0.67126466,1.9120413,-39.244992,-0.84859194,3.0671389,-74.944717,-23.277534,-0.033375519,-69.008683,28.647759,-9.6198163
0.028844008,-48.970616,-0.74255685,1.9262594,-39.189588,-0.6035345,3.0028545,-74.688383,-24.37145,-0.052343701,-67.951255,30.558093,-9.0757196
0.02887588,-48.940621,-0.81286138,1.9414833,-39.140687,-0.37166152,2.9323779,-74.334285,-25.408775,-0.068986154,-66.917808,32.252912,-8.5493095
0.028907753,-48.906192,-0.88239978,1.9566934,-39.09997,-0.14582749,2.8566134,-73.89479,-26.398375,-0.075638826,-65.90757,33.693856,-8.047003
0.028939626,-48.867399,-0.95128247,1.9698573,-39.065133,0.065007596,2.7729119,-73.369691,-27.332409,-0.065903818,-64.920268,34.883939,-7.5751077
0.028971499,-48.824551,-1.0180899,1.9819273,-39.036044,0.25946909,2.6851444,-72.755529,-28.209558,-0.039132702,-63.94656,35.832445,-7.1490288
0.029003373,-48.778253,-1.0843287,1.9931301,-39.016528,0.44224395,2.5873654,-72.059362,-29.007235,0.0077830238,-62.979098,36.548092,-6.7832652
0.029035247,-48.729666,-1.1480721,2.0037733,-39.007342,0.61106456,2.4820152,-71.284054,-29.734525,0.075222379,-62.006289,37.051767,-6.4848333
0.029067122,-48.677455,-1.2097483,2.0136629,-39.009646,0.768142,2.3635015,-70.425265,-30.382873,0.16047757,-61.025948,37.351275,-6.2594316
0.029098998,-48.621765,-1.2688272,2.0231747,-39.014385,0.91420584,2.2360135,-69.487504,-30.949334,0.25745164,-60.038734,37.448916,-6.1162177
0.029130874,-48.563623,-1.3238944,2.0320921,-39.012839,1.0482088,2.0994346,-68.473537,-31.432733,0.36639536,-59.081087,37.349436,-6.0532568
0.02916275,-48.499226,-1.3767278,2.0386475,-39.025681,1.1847205,1.9582244,-67.394194,-31.831078,0.4913831,-58.130608,37.068821,-6.064815
0.029194627,-48.430998,-1.4265302,2.044363,-39.05603,1.3207016,1.8119662,-66.261149,-32.141075,0.63120992,-57.178841,36.621437,-6.1467913
0.029226504,-48.359613,-1.4716572,2.0481922,-39.095687,1.4697951,1.659108,-65.081204,-32.361305,0.78690985,-56.225254,36.032893,-6.3063762
0.029258382,-48.28612,-1.5119744,2.0503894,-39.138909,1.6207809,1.5033806,-63.863594,-32.494205,0.95828486,-55.278863,35.293006,-6.5254362
0.02929026,-48.210219,-1.5502197,2.0506518,-39.194586,1.760721,1.3426293,-62.614859,-32.540611,1.1431381,-54.329444,34.440159,-6.790094
0.029322139,-48.131918,-1.5845721,2.0493288,-39.266289,1.8846362,1.176183,-61.337848,-32.506789,1.3385186,-53.385182,33.468319,-7.0982882
0.029354019,-48.052338,-1.6150083,2.046281,-39.352754,1.9971699,1.0092903,-60.032115,-32.389445,1.5418797,-52.445279,32.402136,-7.4450709
0.029385899,-47.971483,-1.6418487,2.0422442,-39.456519,2.0967872,0.84304684,-58.703899,-32.192903,1.7524079,-51.49226,31.224702,-7.8046242
0.029417779,-47.89083,-1.6648069,2.036852,-39.576956,2.1810602,0.67677728,-57.360816,-31.917275,1.9682416,-50.494134,29.879093,-8.1763164
0.02944966,-47.80872,-1.6845402,2.029944,-39.715405,2.2456024,0.50789432,-56.00316,-31.560435,2.1845082,-49.470902,28.392558,-8.5502151
0.029481542,-47.725913,-1.7005887,2.0217117,-39.872686,2.2891243,0.33929345,-54.635435,-31.124258,2.400298,-48.432953,26.800654,-8.920245
0.029513424,-47.642393,-1.7133336,2.0120378,-40.050513,2.3094051,0.16954658,-53.255524,-30.619893,2.6226432,-47.384322,25.120709,-9.2822322
0.029545307,-47.559037,-1.7221668,2.0010789,-40.248825,2.3081953,0.0014911002,-51.87009,-30.062915,2.8501505,-46.338377,23.367031,-9.6328441
0.02957719,-47.475417,-1.728136,1.9889726,-40.466443,2.2811273,-0.16090108,-50.48598,-29.465277,3.074179,-45.298942,21.533931,-9.9666702
0.029609074,-47.391586,-1.731307,1.9759284,-40.703766,2.2245379,-0.32236739,-49.107966,-28.832982,3.2932912,-44.265722,19.614165,-10.272932
0.029640959,-47.307772,-1.7315185,1.9620263,-40.961069,2.1372319,-0.47712385,-47.741144,-28.169688,3.5072304,-43.242825,17.626221,-10.548943
0.029672843,-47.224191,-1.7290355,1.9475878,-41.241381,2.0156297,-0.62524538,-46.384075,-27.454312,3.7141188,-42.229112,15.57481,-10.796886
0.029704729,-47.140988,-1.7240369,1.9330054,-41.542995,1.8596989,-0.76212616,-45.035287,-26.699575,3.9185566,-41.240981,13.47463,-11.014706
0.029736615,-47.058548,-1.7166503,1.9178282,-41.863399,1.6631062,-0.88486957,-43.711035,-25.926802,4.1180985,-40.275386,11.354468,-11.182989
0.029768502,-46.977343,-1.7083499,1.9022309,-42.19949,1.4339134,-0.99381632,-42.403058,-25.136935,4.3145275,-39.350996,9.2269855,-11.313555
0.029800389,-46.897642,-1.6967533,1.8859195,-42.550054,1.1686381,-1.0939156,-41.111437,-24.329082,4.4974786,-38.468989,7.103874,-11.413813
0.029832277,-46.818379,-1.6784876,1.8701707,-42.91407,0.85937026,-1.1847754,-39.838506,-23.505276,4.6714909,-37.627547,5.001138,-11.485326
0.029864165,-46.740026,-1.6552401,1.8544997,-43.288864,0.51503135,-1.2679987,-38.586683,-22.672801,4.8349563,-36.830796,2.8850008,-11.530367
0.029896054,-46.662564,-1.6279704,1.8371777,-43.671316,0.13472409,-1.3427617,-37.359729,-21.839416,4.9779473,-36.096727,0.77493419,-11.486428
0.029927943,-46.58631,-1.5952391,1.8187007,-44.067422,-0.28555309,-1.4073948,-36.154315,-20.993094,5.1354467,-35.418719,-1.3089786,-11.35509
0.029959833,-46.511049,-1.5599951,1.8005985,-44.466278,-0.73477131,-1.4641469,-34.972251,-20.14175,5.2861284,-34.823603,-3.3438933,-11.150296
0.029991724,-46.436202,-1.5205585,1.7828594,-44.864875,-1.2178181,-1.5086343,-33.815879,-19.286254,5.4189548,-34.31561,-5.3248923,-10.92946
0.030023615,-46.362772,-1.4766601,1.7665866,-45.259706,-1.7331657,-1.5383275,-32.694488,-18.433228,5.5400301,-33.885227,-7.232043,-10.720495
0.030055507,-46.290149,-1.4307436,1.7503554,-45.649321,-2.280444,-1.5550796,-31.603504,-17.592443,5.6437161,-33.55192,-9.0326635,-10.526331
0.030087399,-46.217544,-1.3831736,1.7336581,-46.042989,-2.8596716,-1.5641872,-30.550575,-16.769899,5.7298602,-33.322129,-10.713158,-10.345874
0.030119292,-46.14647,-1.3331566,1.7185182,-46.420431,-3.4688502,-1.5646476,-29.534152,-15.97775,5.8097162,-33.184514,-12.253479,-10.206747
0.030151186,-46.0763,-1.2797593,1.7044839,-46.780539,-4.0987955,-1.5516213,-28.557118,-15.206714,5.8612495,-33.135147,-13.642121,-10.088066
0.03018308,-46.006626,-1.2225892,1.6905939,-47.116929,-4.7477309,-1.5265244,-27.615784,-14.449643,5.8756375,-33.183551,-14.863669,-10.031033
0.030214975,-45.938492,-1.1624301,1.6762232,-47.430968,-5.3993259,-1.5032439,-26.720221,-13.710407,5.8831551,-33.317196,-15.918779,-10.005629
0.03024687,-45.872171,-1.1040333,1.6619862,-47.726696,-6.0812803,-1.4530498,-25.867444,-13.008572,5.8786888,-33.535815,-16.801965,-9.9949382
0.030278766,-45.805911,-1.0471017,1.6482508,-48.01053,-6.7631658,-1.3878588,-25.062467,-12.343983,5.8588041,-33.832057,-17.505809,-9.9985548
0.030310663,-45.738579,-0.98653793,1.6362809,-48.249469,-7.449047,-1.3098978,-24.305406,-11.725017,5.8265393,-34.202927,-18.034336,-10.021445
0.03034256,-45.672105,-0.92027912,1.6247495,-48.443814,-8.1476449,-1.2215432,-23.596807,-11.154191,5.7848513,-34.629091,-18.38749,-10.056142
0.030374457,-45.606614,-0.84825914,1.6133333,-48.603943,-8.8470952,-1.1216752,-22.934807,-10.633606,5.7359091,-35.092952,-18.556034,-10.109711
0.030406356,-45.543332,-0.77119273,1.6043202,-48.725656,-9.5410811,-1.0138436,-22.330867,-10.150289,5.6632956,-35.583825,-18.519308,-10.187262
0.030438255,-45.482878,-0.68993693,1.5975435,-48.804659,-10.223227,-0.8956692,-21.771924,-9.7141577,5.5766979,-36.0978,-18.27898,-10.285774
0.030470154,-45.425469,-0.61235665,1.5928684,-48.839969,-10.888065,-0.773646,-21.260355,-9.321221,5.4836286,-36.586084,-17.846736,-10.401985
0.030502055,-45.370034,-0.53542035,1.5895214,-48.837096,-11.531804,-0.64436823,-20.795908,-8.9918779,5.3816371,-37.048661,-17.221563,-10.534446
0.030533955,-45.316614,-0.46022547,1.5848557,-48.798383,-12.149169,-0.50804754,-20.381831,-8.7075445,5.2703486,-37.440485,-16.413232,-10.670047
0.030565857,-45.265257,-0.38720852,1.5788984,-48.727899,-12.728093,-0.36929085,-20.00833,-8.4881076,5.1550636,-37.763935,-15.424953,-10.797638
0.030597758,-45.215167,-0.31612039,1.5778597,-48.627122,-13.273186,-0.22771402,-19.68725,-8.3173137,5.0276609,-37.997115,-14.26046,-10.920034
0.030629661,-45.163951,-0.24671715,1.5802331,-48.493716,-13.783677,-0.085264393,-19.406862,-8.218393,4.8953309,-38.142912,-12.928356,-11.03325
0.030661564,-45.109229,-0.1793798,1.5848504,-48.327668,-14.259735,0.059322495,-19.167685,-8.1872827,4.7601425,-38.184124,-11.436138,-11.124251
0.030693467,-45.051157,-0.11494079,1.5883816,-48.126396,-14.699913,0.20353068,-18.968498,-8.2126855,4.6248858,-38.117343,-9.8001604,-11.191369
0.030725371,-44.993227,-0.052356797,1.5917396,-47.891123,-15.104373,0.34681259,-18.811805,-8.2927044,4.4858077,-37.928497,-8.0206417,-11.226108
0.030757276,-44.932365,0.012414718,1.5951469,-47.624466,-15.471666,0.49332151,-18.706271,-8.4288025,4.3427212,-37.59444,-6.111697,-11.220663
0.030789181,-44.867862,0.080093452,1.5984031,-47.329731,-15.799673,0.64028689,-18.64688,-8.6326853,4.1979204,-37.149608,-4.0404594,-11.19827
0.030821086,-44.805293,0.1479003,1.6005385,-47.010197,-16.084448,0.78696638,-18.60922,-8.9114573,4.0517676,-36.587834,-1.8312285,-11.166139
0.030852993,-44.746606,0.21230562,1.5983178,-46.665461,-16.323513,0.93310604,-18.580973,-9.2754044,3.9062542,-35.885036,0.51293859,-11.129662
0.030884899,-44.688058,0.27051052,1.5923366,-46.296668,-16.52099,1.077467,-18.571527,-9.7219118,3.7660063,-35.005713,2.9898772,-11.090373
0.030916807,-44.622609,0.32298947,1.5814986,-45.90593,-16.673872,1.2192065,-18.573518,-10.238229,3.6260236,-33.964753,5.5702544,-11.014415
0.030948715,-44.549772,0.36761929,1.5673915,-45.496299,-16.780758,1.3592514,-18.589892,-10.829749,3.4855008,-32.749461,8.2558701,-10.913147
0.030980623,-44.471335,0.39820471,1.5515706,-45.071686,-16.841616,1.4972135,-18.624397,-11.509008,3.3580159,-31.454267,10.999118,-10.768634
0.031012532,-44.388042,0.4219831,1.5329369,-44.63025,-16.84828,1.6333006,-18.661894,-12.269215,3.2425525,-30.039453,13.817654,-10.591438
0.031044442,-44.300646,0.43955305,1.5111373,-44.184451,-16.804517,1.7663408,-18.691754,-13.100254,3.140045,-28.495535,16.711262,-10.393133
0.031076352,-44.207841,0.45069174,1.4862467,-43.74218,-16.711233,1.8963005,-18.706485,-13.988546,3.0479023,-26.830898,19.585759,-10.126342
0.031108262,-44.110705,0.45540667,1.4583246,-43.30251,-16.573115,2.0249595,-18.697611,-14.953304,2.9643877,-25.04853,22.438364,-9.7555803
0.031140174,-44.010532,0.45346358,1.4273605,-42.848081,-16.390891,2.1491219,-18.662867,-16.002016,2.8963059,-23.181014,25.326455,-9.3347953
0.031172085,-43.906716,0.4428202,1.3929715,-42.403666,-16.16825,2.2685115,-18.599622,-17.150796,2.8378147,-21.293094,28.251641,-8.8857025
0.031203998,-43.799191,0.42273007,1.3559723,-41.964194,-15.906912,2.3829604,-18.508628,-18.37345,2.7839668,-19.353407,31.196657,-8.3753208
0.03123591,-43.689925,0.3920162,1.3168251,-41.512381,-15.609967,2.4926093,-18.385214,-19.6658,2.7454738,-17.343122,34.121457,-7.7862626
0.031267824,-43.580532,0.35013775,1.2756369,-41.050619,-15.284608,2.5999994,-18.226262,-21.019883,2.7468996,-15.233419,36.988254,-7.1258494
0.031299738,-43.470842,0.29803468,1.2326963,-40.577337,-14.921734,2.7055189,-18.019621,-22.419278,2.76572,-13.11773,39.778752,-6.3881011
0.031331652,-43.362161,0.23576773,1.1882638,-40.090649,-14.517449,2.8025023,-17.769561,-23.865907,2.818993,-11.065207,42.486607,-5.5426499
0.031363567,-43.25456,0.16273604,1.1419807,-39.590749,-14.074903,2.8978358,-17.467448,-25.345991,2.893803,-9.1063178,45.085688,-4.6088071
0.031395483,-43.147435,0.079304172,1.0948599,-39.081027,-13.600816,2.9899844,-17.108372,-26.839633,2.9850119,-7.2561656,47.56839,-3.6895092
0.031427399,-43.043676,-0.014564579,1.0458968,-38.575022,-13.096292,3.0753396,-16.687021,-28.361521,3.0849471,-5.5111893,49.856112,-2.794979
0.031459315,-42.942965,-0.11902547,0.99541063,-38.076968,-12.564478,3.1562938,-16.173415,-29.905545,3.1933357,-3.8928872,51.920831,-1.9349255
0.031491232,-42.846033,-0.23308918,0.94309813,-37.58829,-12.016677,3.2243359,-15.575556,-31.450981,3.3237731,-2.4261873,53.719426,-1.1312135
0.03152315,-42.753848,-0.35577027,0.88893243,-37.105474,-11.445074,3.3004871,-14.898862,-33.018789,3.4772895,-1.1344935,55.28615,-0.39361332
0.031555068,-42.666744,-0.48476367,0.83398686,-36.632599,-10.855998,3.372867,-14.160728,-34.532663,3.6651574,-0.058082407,56.609361,0.26155668
0.031586987,-42.580912,-0.61781781,0.77842262,-36.174669,-10.247489,3.445342,-13.36457,-35.964983,3.864981,0.80375647,57.68619,0.8114266
0.031618906,-42.49562,-0.75320115,0.72240951,-35.706447,-9.6207065,3.514349,-12.50293,-37.319582,4.0809715,1.453378,58.592819,1.2620066
0.031650826,-42.411492,-0.90692009,0.66664208,-35.242111,-8.9866768,3.5831007,-11.568156,-38.592959,4.3004964,1.9371646,59.366156,1.6231521
0.031682746,-42.328317,-1.0723928,0.60816227,-34.782956,-8.3412311,3.6232584,-10.562758,-39.787608,4.5332105,2.2031736,59.995093,1.8584137
0.031714667,-42.246892,-1.2564185,0.54265547,-34.339728,-7.681508,3.6615496,-9.4949722,-40.884263,4.7709972,2.2909368,60.464356,1.9078118
0.031746589,-42.164015,-1.4469133,0.47432868,-33.912592,-7.0344996,3.69422,-8.3710286,-41.870798,5.0177024,2.2156152,60.707712,1.8009143
0.03177851,-42.091234,-1.6478766,0.41425458,-33.495823,-6.3906212,3.7276921,-7.2062591,-42.708732,5.2687416,2.0169929,60.747599,1.5526705
0.031810433,-42.035586,-1.8619156,0.35941282,-33.08726,-5.7354973,3.7571821,-6.0081621,-43.390857,5.5217001,1.7144475,60.606686,1.2524277
0.031842356,-41.980312,-2.0983884,0.30275788,-32.689007,-5.0861095,3.7712248,-4.8007212,-43.911517,5.7747964,1.3063515,60.27826,0.96169121
0.031874279,-41.926565,-2.3560713,0.24883523,-32.298187,-4.4484182,3.7817538,-3.6010602,-44.277838,6.0210076,0.82377634,59.750958,0.60719897
0.031906203,-41.875453,-2.6432328,0.19739892,-31.914197,-3.8255854,3.7835397,-2.4377806,-44.518592,6.2370028,0.28328051,59.008347,0.20079797
0.031938128,-41.832981,-2.9420274,0.14698477,-31.574674,-3.2114007,3.7901625,-1.3042666,-44.583655,6.4214098,-0.27358159,58.048541,-0.23348364
0.031970053,-41.80095,-3.2395997,0.096234548,-31.253643,-2.6124116,3.793767,-0.19407846,-44.51413,6.5813067,-0.84896458,56.871352,-0.68859378
0.032001978,-41.783771,-3.5341058,0.054371159,-30.946648,-2.0455928,3.7938948,0.87947994,-44.295905,6.7236287,-1.4385706,55.522607,-1.150632
0.032033904,-41.761159,-3.8432361,0.020546788,-30.652546,-1.5107357,3.7885273,1.9014325,-43.920251,6.8530163,-2.0399716,54.012023,-1.6186874
0.032065831,-41.736813,-4.158943,-0.0093950737,-30.396886,-0.99025215,3.7594098,2.9141085,-43.397804,6.9716165,-2.5955645,52.341151,-2.0864455
0.032097758,-41.713153,-4.4775017,-0.042125961,-30.162515,-0.50088516,3.7194281,3.8745337,-42.695305,7.081271,-3.1347429,50.533336,-2.5418373
0.032129685,-41.689888,-4.7960455,-0.069633299,-29.955989,-0.038065195,3.6757316,4.7642125,-41.821769,7.1841677,-3.6673933,48.61833,-2.9749565
0.032161613,-41.666862,-5.1147461,-0.092028658,-29.776577,0.38924238,3.63155,5.5654094,-40.791758,7.2715902,-4.1551145,46.612365,-3.3883543
0.032193541,-41.646271,-5.4298002,-0.10886493,-29.621314,0.78328234,3.5905421,6.2398507,-39.647515,7.3402147,-4.5949323,44.501801,-3.7729488
0.03222547,-41.624574,-5.7399879,-0.12113938,-29.487626,1.132456,3.5467762,6.8062834,-38.359774,7.3852331,-5.0020867,42.290219,-4.1424303
0.032257399,-41.602138,-6.0448316,-0.12901534,-29.386216,1.4462644,3.4939308,7.267438,-36.937577,7.3986963,-5.3624701,39.971479,-4.4860367
0.032289328,-41.5801,-6.3411675,-0.13094687,-29.316237,1.715057,3.4413668,7.6632891,-35.405948,7.3783068,-5.7096905,37.568553,-4.8181582
0.032321258,-41.559887,-6.6246569,-0.12663644,-29.27135,1.9438361,3.3871697,8.0012792,-33.755976,7.3378778,-6.0801452,35.081503,-5.1314738
0.032353188,-41.53944,-6.8962949,-0.11603131,-29.258455,2.1276434,3.328998,8.2799753,-32.01543,7.2782932,-6.4456212,32.519132,-5.4111378
0.032385119,-41.521487,-7.1565743,-0.098607934,-29.275554,2.2647716,3.2683165,8.5265625,-30.167736,7.2057149,-6.8149143,29.878204,-5.6484874
0.03241705,-41.505022,-7.4068195,-0.075563504,-29.33024,2.3490545,3.2053794,8.7394429,-28.239006,7.1159703,-7.2072684,27.154315,-5.8740604
0.032448981,-41.488017,-7.6434073,-0.046839387,-29.394614,2.3852251,3.1382169,8.9249013,-26.235395,7.0228583,-7.4919885,24.385727,-6.0890249
0.032480913,-41.46899,-7.8654121,-0.013018537,-29.493573,2.3638675,3.0653683,9.0908226,-24.170533,6.927365,-7.7372776,21.570864,-6.2913922
0.032512845,-41.450836,-8.0721363,0.02646853,-29.616468,2.2918856,2.9910983,9.2403438,-22.054888,6.8202841,-7.9869474,18.655962,-6.4859007
0.032544777,-41.435008,-8.2612427,0.071582185,-29.76444,2.1680618,2.9169778,9.3951265,-19.846796,6.6915704,-8.1969193,15.668257,-6.6952832
0.03257671,-41.419102,-8.4332601,0.12114789,-29.933618,1.9880306,2.8405254,9.6279116,-17.611696,6.5493152,-8.4192034,12.632213,-6.8922297
0.032608643,-41.402787,-8.5858651,0.17535649,-30.128914,1.7484242,2.766726,9.8793887,-15.34807,6.4189646,-8.7222969,9.5979482,-6.9734929
0.032640576,-41.387186,-8.7186982,0.2336495,-30.346245,1.4373269,2.6935656,10.157235,-13.067037,6.3016542,-9.036214,6.5075655,-6.992435
0.03267251,-41.370927,-8.8297079,0.29617665,-30.580499,1.0594429,2.6234222,10.460983,-10.79739,6.1884648,-9.3655863,3.4104804,-7.0497329
0.032704444,-41.352745,-8.917985,0.36339082,-30.831916,0.61186831,2.5497681,10.794992,-8.5508379,6.0805483,-9.7481524,0.37243058,-7.0956005
0.032736379,-41.336305,-8.9819559,0.43450238,-31.096088,0.099086917,2.4757549,11.167483,-6.3202977,6.0473342,-10.186325,-2.6618716,-7.1130789
0.032768314,-41.320138,-9.0224054,0.50791713,-31.377623,-0.48880124,2.3995878,11.559008,-4.0217749,5.9414422,-10.669739,-5.6590142,-7.1725076
0.032800249,-41.305102,-9.040455,0.58476489,-31.674258,-1.1591834,2.3161294,11.976201,-1.7495777,5.8324104,-11.206313,-8.6440014,-7.210289
0.032832184,-41.28989,-9.0364272,0.66804629,-31.976178,-1.8932257,2.2335385,12.385357,0.49374892,5.7220853,-11.785078,-11.616107,-7.2202644
0.03286412,-41.281872,-9.0134615,0.75485003,-32.279256,-2.6997674,2.1826451,12.822569,2.7039907,5.608285,-12.366272,-14.563082,-7.2379069
0.032896056,-41.279351,-8.9715178,0.84382648,-32.574643,-3.568093,2.1144398,13.278238,4.88188,5.5090631,-12.965689,-17.29444,-7.1943504
0.032927993,-41.283044,-8.9098518,0.93344929,-32.857772,-4.4846771,2.0620871,13.747096,7.0086655,5.4111717,-13.675159,-19.895941,-7.141046
0.032959929,-41.290497,-8.8280567,1.0232509,-33.120589,-5.4730935,2.0236564,14.243803,9.0736865,5.314512,-14.475399,-22.376759,-7.0920061
0.032991867,-41.300001,-8.7274919,1.1143105,-33.361725,-6.5422262,1.9527886,14.636298,11.115372,5.2361865,-15.280169,-24.733722,-7.0382583
0.033023804,-41.307872,-8.6098887,1.2057804,-33.580191,-7.7166044,1.8621085,14.983473,13.116927,5.1412555,-16.076722,-26.951479,-6.9960889
0.033055742,-41.314411,-8.4755141,1.2990032,-33.790821,-8.9600687,1.7881605,15.320223,15.048674,5.0424023,-16.868117,-29.017594,-6.9567135
0.03308768,-41.316377,-8.3271251,1.3922241,-33.977719,-10.268588,1.7409995,15.62916,16.894554,4.9561898,-17.639331,-30.934983,-6.9292101
0.033119619,-41.310362,-8.1651057,1.4844802,-34.129528,-11.622409,1.7177357,15.850548,18.692746,4.8735475,-18.393308,-32.694234,-6.9390955
0.033151558,-41.298521,-7.9910149,1.5771319,-34.248196,-13.005909,1.715639,15.997832,20.424609,4.7852777,-19.20882,-34.294575,-6.9780597
0.033183497,-41.283343,-7.8050286,1.6708613,-34.343427,-14.405982,1.7272243,16.095955,22.088791,4.6971082,-19.962873,-35.665157,-7.0244543
0.033215437,-41.265647,-7.6067508,1.7628302,-34.379157,-15.823859,1.7462066,16.127984,23.701406,4.6197577,-20.69064,-36.833186,-7.0845954
0.033247377,-41.249898,-7.4011431,1.8546283,-34.326569,-17.276643,1.7538504,16.060943,25.247906,4.548051,-21.399465,-37.805339,-7.1583418
0.033279317,-41.235852,-7.1866853,1.9452029,-34.22478,-18.763559,1.7737915,15.88909,26.731228,4.4841393,-22.067121,-38.582012,-7.2427548
0.033311258,-41.223721,-6.9650543,2.0344659,-34.056604,-20.269294,1.8274443,15.59625,28.155833,4.4278348,-22.691754,-39.165761,-7.338042
0.033343199,-41.214826,-6.7387287,2.1242302,-33.826114,-21.753731,1.8935975,15.17304,29.521578,4.3696256,-23.268816,-39.56167,-7.4470043
0.03337514,-41.209507,-6.5033733,2.2098263,-33.534243,-23.219249,1.9670345,14.614225,30.8256,4.3238976,-23.795766,-39.764938,-7.5683923
0.033407082,-41.207208,-6.2638591,2.2940139,-33.195592,-24.651886,2.0619212,13.913515,32.074653,4.2865359,-24.257472,-39.784727,-7.6946819
0.033439024,-41.208449,-6.0215066,2.3739029,-32.790849,-26.071777,2.1798093,13.050218,33.26667,4.2622966,-24.643134,-39.630109,-7.8218433
0.033470967,-41.213699,-5.7765324,2.448909,-32.312397,-27.431803,2.3016647,12.077005,34.407023,4.2462574,-24.935892,-39.299301,-7.9383671
0.03350291,-41.222454,-5.5295222,2.520394,-31.769556,-28.723846,2.4254567,10.97378,35.485418,4.2421934,-25.124836,-38.795378,-8.0460576
0.033534853,-41.236378,-5.2779097,2.5925275,-31.156462,-29.979497,2.5642536,9.7315372,36.539095,4.235232,-25.227921,-38.127458,-8.1527954
0.033566796,-41.255298,-5.0304317,2.6628822,-30.478758,-31.16485,2.7107758,8.3608711,37.546019,4.2231059,-25.239021,-37.292831,-8.2386687
0.03359874,-41.279683,-4.7844079,2.7294163,-29.745869,-32.251788,2.8739905,6.8587439,38.501524,4.17663,-25.165705,-36.292975,-8.2961583
0.033630684,-41.306759,-4.5414345,2.791201,-28.965661,-33.223943,3.0471611,5.2570893,39.411433,4.0782286,-25.010959,-35.143035,-8.3453577
0.033662629,-41.334796,-4.3016025,2.848861,-28.157052,-34.085526,3.2238223,3.616306,40.271609,3.9689548,-24.770903,-33.853997,-8.3787749
0.033694574,-41.363479,-4.0690523,2.9034563,-27.31889,-34.825322,3.4105786,1.8496744,41.052185,3.8475007,-24.442989,-32.426726,-8.3932502
0.033726519,-41.393842,-3.8465564,2.9569893,-26.447776,-35.447083,3.6034124,0.065551682,41.743397,3.6827788,-24.039893,-30.869231,-8.3737947
0.033758465,-41.421932,-3.6344542,3.0053869,-25.535388,-35.948871,3.7998442,-1.6999951,42.329614,3.4625809,-23.56141,-29.178463,-8.3434136
0.033790411,-41.448591,-3.4346813,3.051073,-24.599149,-36.347783,4.0046736,-3.3936154,42.773299,3.1906808,-22.993501,-27.369153,-8.2785666
0.033822357,-41.473196,-3.2468589,3.0950927,-23.681884,-36.638455,4.2106123,-4.9005194,43.128429,2.8498639,-22.384272,-25.455168,-8.1938333
0.033854304,-41.505346,-3.0695804,3.1308771,-22.773634,-36.823793,4.4197264,-6.291824,43.361265,2.4848444,-21.72658,-23.434561,-8.1045821
0.033886251,-41.539113,-2.908288,3.1576203,-21.872908,-36.905607,4.6241311,-7.5868199,43.459012,2.1045299,-21.041138,-21.29974,-8.0012212
0.033918198,-41.573183,-2.7686844,3.1789549,-20.997741,-36.861366,4.8269862,-8.8705923,43.428632,1.6812147,-20.330714,-19.05411,-7.8866285
0.033950146,-41.615286,-2.6472847,3.1973337,-20.159543,-36.686925,5.0263403,-10.144203,43.275896,1.245403,-19.606317,-16.686659,-7.7474791
0.033982094,-41.663531,-2.5435784,3.2130704,-19.357691,-36.392437,5.2227395,-11.425753,42.983101,0.78752193,-18.818931,-14.240996,-7.5823326
0.034014043,-41.715683,-2.4562187,3.226319,-18.594038,-35.97969,5.4138493,-12.551577,42.574391,0.31160656,-17.951898,-11.694802,-7.4353476
0.034045992,-41.771035,-2.3870516,3.236763,-17.88964,-35.450453,5.6055007,-13.525802,41.968379,-0.16301592,-17.161219,-9.0762519,-7.2744613
0.034077941,-41.83347,-2.3348549,3.2442385,-17.231161,-34.816466,5.7975137,-14.357333,41.204848,-0.63998926,-16.42596,-6.3804657,-7.118286
0.034109891,-41.903325,-2.2969549,3.2465398,-16.621037,-34.094259,5.981944,-15.041253,40.286378,-1.0954747,-15.67911,-3.4970625,-6.9703254
0.034141841,-41.97274,-2.2753282,3.242937,-16.070341,-33.279165,6.1543288,-15.578744,39.218607,-1.526694,-14.917823,-0.60160282,-6.807988
0.034173792,-42.03818,-2.2707162,3.2345746,-15.574406,-32.374895,6.3185935,-16.010696,38.017448,-1.9412263,-14.134596,2.3143896,-6.5588916
0.034205743,-42.096619,-2.2835099,3.2242344,-15.127487,-31.383136,6.4803775,-16.363722,36.680631,-2.3184967,-13.333182,5.2726406,-6.3808026
0.034237694,-42.149982,-2.3146696,3.2136453,-14.728557,-30.308722,6.6380572,-16.652633,35.188363,-2.6587827,-12.508511,8.2938877,-6.3042554
0.034269646,-42.202735,-2.364516,3.2006065,-14.375802,-29.162457,6.7927553,-16.850888,33.542014,-2.9653559,-11.622679,11.302634,-6.2354943
0.034301598,-42.251252,-2.428803,3.184775,-14.064136,-27.950553,6.9393918,-16.960614,31.735927,-3.2398003,-10.641621,14.311577,-6.1363957
0.034333551,-42.29765,-2.5109555,3.1649499,-13.795506,-26.664111,7.0819097,-16.962294,29.792615,-3.4788619,-9.6818619,17.297346,-6.0523938
0.034365504,-42.340854,-2.6092946,3.1391089,-13.556932,-25.3267,7.224882,-16.927473,27.764474,-3.6960795,-8.6869926,20.293999,-5.9518698
0.034397457,-42.377235,-2.7232233,3.1101455,-13.346002,-23.941871,7.3706905,-16.845953,25.621077,-3.882419,-7.6123876,23.278993,-5.846033
0.034429411,-42.406574,-2.8526974,3.079129,-13.177143,-22.524815,7.5049744,-16.690317,23.366061,-4.0341882,-6.4881404,26.301328,-5.7751262
0.034461366,-42.430992,-2.9985197,3.0452522,-13.037335,-21.069153,7.6367759,-16.485213,21.026624,-4.1631209,-5.3410594,29.345678,-5.7077836
0.03449332,-42.44932,-3.1635636,3.0062522,-12.921806,-19.578865,7.7758131,-16.232055,18.604612,-4.2670624,-4.0406812,32.345773,-5.6263389
0.034525275,-42.459535,-3.3440143,2.9606382,-12.836636,-18.066348,7.9121225,-15.985321,16.096527,-4.3466459,-2.5956101,35.289062,-5.5010659
0.034557231,-42.463821,-3.5364843,2.9150662,-12.698353,-16.508228,8.0463129,-15.790755,13.54362,-4.4025682,-1.0611405,38.194522,-5.3341113
0.034589187,-42.459624,-3.7455367,2.8683462,-12.565792,-14.937669,8.1756895,-15.60975,11.020178,-4.4063991,0.46674553,41.034433,-5.137893
0.034621144,-42.442979,-3.9726891,2.8146901,-12.438037,-13.37415,8.2836356,-15.415756,8.4363704,-4.4341903,2.0245238,43.783864,-4.9107045
0.034653101,-42.415564,-4.2231067,2.7552713,-12.306737,-11.812944,8.4232507,-15.216632,5.7760649,-4.4538746,3.6125905,46.41928,-4.6758225
0.034685058,-42.376163,-4.4843315,2.6937775,-12.170671,-10.279156,8.5877203,-15.027679,3.0536041,-4.458387,5.1642952,48.903984,-4.4504999
0.034717016,-42.322381,-4.7588476,2.6398916,-12.024486,-8.7281963,8.7598751,-14.866917,0.26523858,-4.4219186,6.7160571,51.192226,-4.2005858
0.034748974,-42.257008,-5.040427,2.5822631,-11.871835,-7.1482856,8.8863091,-14.730713,-2.5443355,-4.3933933,8.2434297,53.258408,-3.9658059
0.034780933,-42.180541,-5.3313486,2.5232089,-11.71272,-5.5952634,9.0159645,-14.620715,-5.3541251,-4.4275012,9.7288144,55.110941,-3.8029467
0.034812892,-42.096313,-5.626653,2.4633608,-11.544372,-4.0737833,9.145067,-14.536469,-8.1768854,-4.4667797,11.16711,56.658747,-3.6978022
0.034844852,-42.000557,-5.9291774,2.3988495,-11.364764,-2.6023075,9.2644092,-14.49751,-11.020782,-4.4813703,12.556442,57.881937,-3.6360827
0.034876812,-41.894747,-6.2340217,2.3330714,-11.181317,-1.1596673,9.4002961,-14.569918,-13.750407,-4.4399113,13.892019,58.790314,-3.625222
0.034908772,-41.779592,-6.5395338,2.2652835,-10.978755,0.23510121,9.5334923,-14.717631,-16.305334,-4.3409025,15.170689,59.463267,-3.6747599
0.034940733,-41.639345,-6.849815,2.1942837,-10.862956,1.593068,9.6637146,-14.924698,-18.827383,-4.2161896,16.39683,59.885525,-3.772728
0.034972695,-41.485921,-7.1624607,2.1244999,-10.759976,2.8894489,9.7731831,-15.213483,-21.315592,-4.0605487,17.558946,60.071229,-3.9089674
0.035004657,-41.32002,-7.4753102,2.0547389,-10.649619,4.1137447,9.8796964,-15.576411,-23.702621,-3.8930566,18.669914,60.053378,-4.068177
0.035036619,-41.140427,-7.783663,1.9861234,-10.571122,5.2863028,9.9931525,-16.012062,-25.990683,-3.7423376,19.725967,59.834413,-4.2392064
0.035068582,-40.949475,-8.0843006,1.9175121,-10.50432,6.3746588,10.112315,-16.539545,-28.112555,-3.573341,20.734916,59.424523,-4.418958
0.035100545,-40.745125,-8.377263,1.845633,-10.444811,7.3782764,10.176807,-17.170988,-30.085371,-3.3858696,21.705249,58.841642,-4.5987131
0.035132509,-40.531436,-8.6557927,1.7746479,-10.412056,8.3253647,10.254664,-17.919989,-31.873482,-3.2019222,22.688557,58.087709,-4.7802306
0.035164474,-40.310768,-8.9198734,1.7022834,-10.405886,9.2456707,10.334252,-18.776619,-33.492501,-3.0347505,23.717918,57.16647,-4.9534517
0.035196438,-40.077741,-9.1692566,1.6302691,-10.45163,10.079453,10.400864,-19.716636,-34.927303,-2.8870032,24.793912,56.109204,-5.1298981
0.035228404,-39.832362,-9.4032497,1.5577952,-10.542077,10.829979,10.465328,-20.70106,-36.173389,-2.7575922,25.912952,54.927326,-5.3062477
0.035260369,-39.577505,-9.6136946,1.4837183,-10.687873,11.495802,10.509151,-21.624882,-37.21413,-2.6544333,27.069106,53.614126,-5.4760113
0.035292335,-39.311482,-9.7988893,1.4084134,-10.821242,12.102162,10.54602,-22.51252,-38.055686,-2.5803066,28.269374,52.182991,-5.6466713
0.035324302,-39.035497,-9.9619015,1.3322122,-10.994603,12.623889,10.570753,-23.350395,-38.708083,-2.5297614,29.456112,50.648274,-5.81299
0.035356269,-38.753508,-10.100102,1.2542035,-11.204644,13.05856,10.586382,-24.135902,-39.17533,-2.5009032,30.620151,49.032235,-5.9707136
0.035388237,-38.46671,-10.211318,1.1751107,-11.452832,13.401819,10.596789,-24.858088,-39.455268,-2.4945756,31.753602,47.361686,-6.123283
0.035420205,-38.175776,-10.296916,1.0954725,-11.732332,13.658625,10.600465,-25.514563,-39.558846,-2.510551,32.844298,45.635892,-6.2752203
0.035452173,-37.886135,-10.356134,1.0149197,-12.045537,13.821233,10.597481,-26.096093,-39.499869,-2.5494512,33.895975,43.877695,-6.4145571
0.035484142,-37.596583,-10.387831,0.9325211,-12.39464,13.910799,10.578551,-26.5985,-39.278527,-2.6159785,34.920703,42.100437,-6.5335318
0.035516111,-37.308353,-10.391575,0.84804156,-12.785803,13.911931,10.547982,-27.020808,-38.889921,-2.6998127,35.898965,40.297549,-6.6343245
0.035548081,-37.019232,-10.368537,0.76132742,-13.225765,13.823611,10.499363,-27.357589,-38.346672,-2.8035701,36.811879,38.483408,-6.7293184
0.035580052,-36.731736,-10.319215,0.67364913,-13.709889,13.642203,10.435182,-27.616747,-37.631739,-2.9155917,37.678556,36.684215,-6.8208307
0.035612022,-36.448665,-10.243107,0.58366987,-14.227963,13.372844,10.362352,-27.778103,-36.755481,-3.0365914,38.484279,34.902765,-6.9360314
0.035643994,-36.169953,-10.139902,0.49230221,-14.781988,13.00788,10.275834,-27.85495,-35.71101,-3.1553044,39.241062,33.160219,-7.0379172
0.035675965,-35.900314,-10.01052,0.40042918,-15.362228,12.556782,10.180269,-27.846385,-34.538096,-3.2724279,39.940926,31.46254,-7.1023965
0.035707937,-35.640172,-9.8569507,0.30858532,-15.985934,12.009856,10.069377,-27.767444,-33.245176,-3.3944035,40.55928,29.745991,-7.1511854
0.03573991,-35.393042,-9.6793959,0.21577716,-16.648165,11.382341,9.9442538,-27.641258,-31.837887,-3.5223595,41.074381,28.046364,-7.1900431
0.035771883,-35.154151,-9.4785612,0.11973531,-17.289405,10.639108,9.8166093,-27.465509,-30.317075,-3.6410601,41.522849,26.387083,-7.2457701
0.035803857,-34.922566,-9.256313,0.022464006,-17.949598,9.7950623,9.6823982,-27.259382,-28.69945,-3.7482919,41.963587,24.765078,-7.376342
0.035835831,-34.701486,-9.0103926,-0.074488546,-18.608742,8.8528288,9.5340678,-27.030547,-27.003837,-3.8589531,42.335745,23.189741,-7.4428762
0.035867805,-34.492622,-8.741812,-0.17410898,-19.272289,7.8069419,9.3668595,-26.796807,-25.224918,-3.9559301,42.609327,21.663111,-7.4513801
0.03589978,-34.296521,-8.4559512,-0.27547111,-19.93727,6.6704411,9.1875429,-26.567894,-23.364339,-4.0443679,42.775552,20.148953,-7.4413126
0.035931755,-34.111887,-8.1493142,-0.3781545,-20.583224,5.4567902,9.0045611,-26.347322,-21.439034,-4.1173123,42.846118,18.654971,-7.4302117
0.035963731,-33.942584,-7.8229633,-0.48222883,-21.183033,4.1593572,8.8218766,-26.130887,-19.451551,-4.1866194,42.828959,17.191217,-7.4831269
0.035995707,-33.787476,-7.4806167,-0.58458987,-21.732418,2.789369,8.6283398,-25.924334,-17.404394,-4.251456,42.702319,15.783026,-7.5850377
0.036027684,-33.643366,-7.1281134,-0.68576249,-22.282808,1.3462848,8.4319004,-25.739694,-15.315621,-4.3194893,42.426857,14.416636,-7.6694747
0.036059661,-33.513004,-6.7628926,-0.79018411,-22.804897,-0.13078012,8.2334723,-25.563129,-13.175589,-4.396301,42.017002,13.078498,-7.7343404
0.036091639,-33.393422,-6.3847257,-0.89461843,-23.28664,-1.6369654,8.0717149,-25.397736,-10.998042,-4.4487981,41.474896,11.743977,-7.7800824
0.036123617,-33.290416,-5.9980993,-0.99650084,-23.722737,-3.2133425,7.8788597,-25.304531,-8.8521588,-4.5170134,40.829125,10.430813,-7.8352401
0.036155595,-33.197584,-5.6012226,-1.0949079,-24.105548,-4.8244308,7.6755638,-25.265472,-6.6879024,-4.5619618,40.091366,9.1572133,-7.9153807
0.036187574,-33.115072,-5.1983727,-1.1930719,-24.427446,-6.5029965,7.4918251,-25.236581,-4.482251,-4.6008959,39.204676,7.9431806,-7.9978837
0.036219553,-33.044498,-4.7902006,-1.2938987,-24.67855,-8.2651847,7.2577221,-25.210376,-2.2691505,-4.6271206,38.208991,6.8016679,-8.0641855
0.036251533,-32.974269,-4.3785036,-1.397311,-24.859308,-10.114204,7.0751215,-25.19441,-0.056171999,-4.6799663,37.159016,5.7317008,-8.1179978
0.036283513,-32.919899,-3.9682118,-1.4963809,-24.965622,-11.958464,6.9146242,-25.213304,2.1299552,-4.7967228,36.074275,4.730238,-8.1644514
0.036315493,-32.882184,-3.5668952,-1.593763,-24.998452,-13.765192,6.7527009,-25.179821,4.3705118,-4.9251722,34.982561,3.8212275,-8.2157551
0.036347474,-32.85907,-3.1720477,-1.6941619,-24.966197,-15.562803,6.5907753,-25.154058,6.668535,-5.0123789,33.898446,3.0151841,-8.2696029
0.036379456,-32.850191,-2.7669449,-1.7847478,-24.875288,-17.324741,6.4439583,-25.113918,8.912972,-5.0500725,32.81381,2.3182934,-8.3112732
0.036411437,-32.843789,-2.3608411,-1.8763466,-24.714639,-19.012827,6.3063678,-25.100176,11.082388,-5.0772877,31.775179,1.7339026,-8.3378328
0.036443419,-32.84399,-1.9624717,-1.9719965,-24.519223,-20.595111,6.1632534,-25.0944,13.199741,-5.0789803,30.810621,1.2778681,-8.3530907
0.036475402,-32.852412,-1.5703103,-2.066496,-24.139238,-22.145679,6.0474225,-25.12156,15.266892,-5.0522803,29.931085,0.94948083,-8.3556734
0.036507384,-32.864649,-1.1880602,-2.1566888,-23.649269,-23.63493,5.9472848,-25.167405,17.29963,-5.0157227,29.152535,0.76634178,-8.3541295
0.036539367,-32.899671,-0.81058505,-2.2434409,-23.084708,-25.041119,5.8578061,-25.254568,19.285039,-4.9727016,28.487688,0.72589441,-8.3427768
0.03657135,-32.946211,-0.43388794,-2.3295913,-22.474695,-26.329297,5.7815436,-25.395322,21.215568,-4.9049693,27.940151,0.81723342,-8.3143555
0.036603334,-33.000774,-0.064466895,-2.4132422,-21.82688,-27.491852,5.7094072,-25.610024,23.06496,-4.8047971,27.509717,1.0198891,-8.2703343
0.036635318,-33.063425,0.30034838,-2.4961746,-21.142915,-28.505359,5.647401,-25.841646,24.807302,-4.6805254,27.205523,1.3643061,-8.2072469
0.036667302,-33.133267,0.63001047,-2.5776597,-20.44751,-29.383639,5.5874693,-26.08189,26.466035,-4.5400414,27.035672,1.8334031,-8.135259
0.036699286,-33.209501,0.92979314,-2.655902,-19.701631,-30.130342,5.5399352,-26.38107,28.02595,-4.3762628,26.99786,2.4095232,-8.0526893
0.036731271,-33.301237,1.2262049,-2.7299925,-18.900059,-30.746333,5.5037187,-26.729983,29.450281,-4.2256122,27.086792,3.0908928,-7.9542717
0.036763255,-33.402054,1.4980318,-2.8001215,-18.086178,-31.227555,5.4735716,-27.115182,30.741069,-4.0892937,27.302724,3.8679546,-7.8403437
0.03679524,-33.511985,1.7473927,-2.8681028,-17.27215,-31.580329,5.4488945,-27.529814,31.893447,-3.9643615,27.635783,4.7491737,-7.7117148
0.036827226,-33.626842,1.9743462,-2.9405765,-16.451441,-31.807565,5.4323688,-27.931578,32.902064,-3.8462134,28.075705,5.7326629,-7.5608067
0.036859211,-33.749792,2.1730992,-3.0097118,-15.646611,-31.912834,5.4156848,-28.296545,33.75764,-3.7496104,28.616305,6.8257521,-7.3873183
0.036891197,-33.882579,2.3408721,-3.0756532,-14.875906,-31.894901,5.3941549,-28.613862,34.478623,-3.6711694,29.248937,8.0313221,-7.194137
0.036923183,-34.028158,2.4800964,-3.1374682,-14.132967,-31.7601,5.3729412,-28.885965,35.020768,-3.6071831,29.954802,9.3674904,-6.993664
0.036955169,-34.167388,2.6023266,-3.1960666,-13.420859,-31.521063,5.3504747,-29.085573,35.369432,-3.571942,30.722118,10.836204,-6.7753617
0.036987156,-34.312082,2.7013902,-3.2521326,-12.735172,-31.167565,5.3263938,-29.206663,35.541281,-3.5564626,31.534254,12.398691,-6.5157087
0.037019142,-34.463124,2.7715493,-3.3055585,-12.081205,-30.705382,5.2971322,-29.254999,35.553145,-3.5645258,32.36925,14.058243,-6.2254609
0.037051129,-34.618987,2.8152559,-3.3586261,-11.467371,-30.131536,5.2624453,-29.229411,35.377706,-3.5902163,33.222295,15.857164,-5.9637511
0.037083116,-34.777723,2.8281499,-3.4067815,-10.905274,-29.443508,5.2250136,-29.1451,35.071654,-3.6435541,34.084096,17.791549,-5.7001482
0.037115104,-34.94382,2.8079175,-3.4500323,-10.385501,-28.657179,5.1911539,-29.022483,34.629148,-3.7047498,34.899314,19.77232,-5.397021
0.037147091,-35.110905,2.7587724,-3.4890893,-9.9226941,-27.77419,5.1487665,-28.838555,34.038203,-3.7759431,35.70735,21.806201,-5.0694764
0.037179079,-35.279033,2.6853263,-3.5239993,-9.5085439,-26.803875,5.1005851,-28.600383,33.30955,-3.8483686,36.489683,23.924897,-4.7296559
0.037211067,-35.453274,2.5878479,-3.5549891,-9.1500266,-25.749403,5.0469928,-28.318945,32.443581,-3.9196609,37.205269,26.086427,-4.3756249
0.037243055,-35.634023,2.4656572,-3.5808205,-8.8391498,-24.622769,4.9859466,-27.982206,31.448155,-3.994038,37.850417,28.239792,-4.0020747
0.037275043,-35.827052,2.3191368,-3.6046208,-8.577929,-23.43531,4.9203674,-27.577068,30.336072,-4.0642844,38.419495,30.329144,-3.6134141
0.037307031,-36.022606,2.1396634,-3.6251294,-8.3403855,-22.185852,4.8443605,-27.133951,29.107425,-4.1392315,38.874041,32.334024,-3.2315929
0.03733902,-36.205775,1.9246074,-3.6395359,-8.1500242,-20.884654,4.7594319,-26.639364,27.815576,-4.2066575,39.228769,34.23628,-2.8744745
0.037371009,-36.368415,1.6697829,-3.643562,-8.0050704,-19.535128,4.674258,-26.050313,26.481736,-4.2797429,39.409515,36.031525,-2.5533706
0.037402998,-36.533243,1.3869687,-3.6386167,-7.8878388,-18.127348,4.5918128,-25.429331,25.068012,-4.3492671,39.442064,37.678891,-2.2753092
0.037434987,-36.695009,1.0801468,-3.6233799,-7.804449,-16.727804,4.497325,-24.777313,23.580229,-4.4141936,39.314347,39.174963,-2.0089526
0.037466976,-36.842976,0.75657203,-3.6087277,-7.7556227,-15.292402,4.4059367,-24.093781,22.025066,-4.4651908,39.008975,40.510081,-1.7657847
0.037498965,-36.991038,0.42003088,-3.6040598,-7.6687964,-13.834363,4.2998871,-23.395597,20.400458,-4.5088397,38.536174,41.666549,-1.5883455
0.037530955,-37.139113,0.067836162,-3.5909812,-7.5953278,-12.376859,4.1914053,-22.681865,18.714369,-4.5372714,37.899431,42.650533,-1.4574563
0.037562945,-37.28348,-0.33819991,-3.5433414,-7.5303305,-10.933262,4.0638166,-21.955124,17.014525,-4.5632059,37.115639,43.452107,-1.3698252
0.037594934,-37.409746,-0.77525655,-3.4703561,-7.4680455,-9.4831825,3.9629438,-21.223166,15.23757,-4.6412194,36.213982,44.053497,-1.3284858
0.037626924,-37.512321,-1.2243734,-3.3922185,-7.3997359,-8.0616105,3.8838462,-20.490905,13.357587,-4.7068922,35.247017,44.469344,-1.3421921
0.037658914,-37.599554,-1.6883671,-3.3206313,-7.3235278,-6.6628549,3.8092809,-19.766104,11.383018,-4.7565255,34.237664,44.704216,-1.407469
0.037690904,-37.681916,-2.1671496,-3.2624461,-7.2508082,-5.2196945,3.6968969,-19.05358,9.3208348,-4.772106,33.207366,44.768945,-1.521786
0.037722895,-37.72738,-2.6627619,-3.2052296,-7.1527408,-3.8066919,3.5867127,-18.451019,7.2008614,-4.7590961,32.184499,44.693592,-1.6834022
0.037754885,-37.772119,-3.1901277,-3.1285429,-7.0394839,-2.4550409,3.4892207,-17.996096,5.0724624,-4.7357906,31.196472,44.481359,-1.8916956
0.037786875,-37.806887,-3.7395067,-3.0393512,-6.8912103,-1.1520212,3.3767922,-17.602499,2.9048602,-4.745505,30.257349,44.143358,-2.1282518
0.037818866,-37.823484,-4.2896283,-2.9241229,-6.7662431,0.11405917,3.2786574,-17.256402,0.69990684,-4.780466,29.37531,43.688807,-2.3945014
0.037850856,-37.819133,-4.8480981,-2.8055739,-6.6120468,1.3232684,3.1923524,-16.968628,-1.5562039,-4.8032733,28.566807,43.111111,-2.6840881
0.037882847,-37.795746,-5.4230523,-2.6793949,-6.5397407,2.4933659,3.0842814,-16.761184,-3.8209242,-4.8149746,27.829086,42.4337,-2.9983865
0.037914838,-37.741835,-6.0002607,-2.55124,-6.4776843,3.5881212,2.9805951,-16.666445,-6.0565883,-4.8157452,27.168897,41.669095,-3.3254504
0.037946828,-37.664945,-6.5718157,-2.4116153,-6.4206356,4.5643705,2.8820924,-16.67049,-8.2291031,-4.7824461,26.589336,40.822795,-3.6633246
0.037978819,-37.561987,-7.1365148,-2.2571571,-6.3666025,5.4662226,2.7682268,-16.754424,-10.314238,-4.7151413,26.094061,39.890567,-4.0073491
0.03801081,-37.422322,-7.6872476,-2.0911688,-6.323107,6.3651435,2.6580801,-16.909014,-12.292832,-4.5924174,25.692831,38.876489,-4.351444
0.0380428,-37.26297,-8.2193016,-1.9240249,-6.2937721,7.2333571,2.5432179,-17.1207,-14.093278,-4.489985,25.378765,37.798198,-4.6946748
0.038074791,-37.085116,-8.7308372,-1.7498607,-6.2763924,8.031497,2.4245536,-17.355158,-15.694876,-4.3955303,25.139294,36.657126,-5.0411146
0.038106781,-36.888251,-9.2207972,-1.567927,-6.31067,8.7620709,2.3030647,-17.622926,-17.052194,-4.3070598,24.976335,35.467622,-5.3922034
0.038138772,-36.66573,-9.6919633,-1.3779887,-6.3777653,9.4155053,2.1690661,-17.919268,-18.205335,-4.2309158,24.879526,34.234365,-5.7486367
0.038170762,-36.41559,-10.140595,-1.1775697,-6.4649623,9.9946228,2.0363331,-18.246783,-19.156111,-4.1603501,24.85683,32.963656,-6.0924344
0.038202753,-36.15569,-10.557607,-0.9656684,-6.5658403,10.504413,1.9048037,-18.599746,-19.899723,-4.1013348,24.889096,31.657342,-6.4259683
0.038234743,-35.888594,-10.939973,-0.74680465,-6.7050388,10.942989,1.7725002,-18.972624,-20.430166,-4.0534963,24.942789,30.316113,-6.7535037
0.038266733,-35.609186,-11.286574,-0.52521935,-6.8754168,11.308682,1.632063,-19.354001,-20.741637,-4.0200184,25.083825,28.96436,-7.0794024
0.038298722,-35.313114,-11.595003,-0.29886541,-7.0874463,11.582563,1.483563,-19.730059,-20.831898,-4.0010377,25.269218,27.603117,-7.4152226
0.038330711,-34.985018,-11.868054,-0.066411916,-7.3518715,11.765674,1.3275958,-20.085768,-20.702845,-3.9975655,25.482624,26.225974,-7.7319833
0.038362699,-34.634673,-12.102701,0.17005711,-7.6586514,11.864609,1.1691324,-20.42321,-20.374332,-3.9958987,25.726048,24.757984,-8.0138516
0.038394687,-34.274036,-12.296006,0.41081818,-8.009086,11.888564,1.0087108,-20.745095,-19.855968,-4.002854,26.008323,23.234492,-8.2938661
0.038426675,-33.914768,-12.447602,0.65387995,-8.4064705,11.849912,0.84263039,-21.040212,-19.153918,-4.0153405,26.317558,21.605851,-8.5607158
0.038458661,-33.560428,-12.558433,0.89712338,-8.8430578,11.730744,0.67273457,-21.330469,-18.268912,-4.031561,26.646513,19.87239,-8.8032217
0.038490648,-33.214609,-12.627635,1.1394089,-9.3232152,11.535351,0.50296187,-21.611229,-17.21084,-4.045056,27.007755,18.026182,-9.010217
0.038522634,-32.877557,-12.655919,1.3769027,-9.8450871,11.262431,0.33223888,-21.85788,-15.987769,-4.0696327,27.313891,16.094388,-9.2006066
0.038554619,-32.544421,-12.641797,1.6115018,-10.416738,10.911651,0.16284376,-22.062676,-14.619378,-4.0968649,27.606742,14.079319,-9.2934797
0.038586604,-32.212502,-12.589703,1.8455831,-11.033061,10.477274,-0.005654553,-22.221334,-13.117956,-4.1314006,27.879869,11.95939,-9.334529
0.038618588,-31.890849,-12.496593,2.0755732,-11.682663,9.9616632,-0.17221857,-22.289145,-11.532933,-4.1550602,28.124417,9.7303926,-9.3194353
0.038650572,-31.579255,-12.366059,2.3031956,-12.375143,9.365399,-0.33208307,-22.346487,-9.7705221,-4.1802219,28.3082,7.4447227,-9.2617854
0.038682555,-31.279083,-12.197879,2.5266816,-13.11926,8.6718188,-0.48698455,-22.347963,-7.8022976,-4.2433389,28.425295,5.1354929,-9.1705467
0.038714537,-30.994186,-11.992178,2.746256,-13.868224,7.8895884,-0.64456222,-22.2581,-5.7276015,-4.2662486,28.459311,2.8181332,-8.9878723
0.038746519,-30.722466,-11.748549,2.9599769,-14.604289,7.0148293,-0.8152665,-22.148417,-3.5701123,-4.205036,28.411399,0.51882374,-8.7517687
0.0387785,-30.465524,-11.465592,3.1694231,-15.325981,6.044853,-0.9972133,-21.98211,-1.3249852,-4.1403607,28.267484,-1.741454,-8.5178041
0.03881048,-30.220439,-11.153654,3.3760863,-16.0231,4.9888292,-1.1840194,-21.723545,1.0074207,-4.0871538,28.033267,-3.9296746,-8.3213722
0.03884246,-29.991694,-10.820387,3.575493,-16.678486,3.8300528,-1.370591,-21.373827,3.3858139,-4.0197763,27.72066,-6.0079854,-8.1450892
0.038874439,-29.784083,-10.473288,3.7724264,-17.365703,2.5449068,-1.5433664,-20.945337,5.8052732,-3.9986716,27.337776,-7.9729242,-7.9657431
0.038906418,-29.591776,-10.100069,3.9693924,-18.066504,1.183198,-1.7098051,-20.427448,8.2427682,-3.9529119,26.890984,-9.7911856,-7.8321226
0.038938395,-29.415956,-9.7054171,4.1650913,-18.71871,-0.28862825,-1.873274,-19.813059,10.669804,-3.8764885,26.391601,-11.44914,-7.7457719
0.038970372,-29.256045,-9.2898939,4.353764,-19.31729,-1.8613611,-2.0306395,-19.13037,13.070976,-3.7821887,25.852223,-12.928589,-7.683556
0.039002348,-29.111049,-8.8514068,4.5365681,-19.847893,-3.524983,-2.1750191,-18.384708,15.465215,-3.6560054,25.285852,-14.208408,-7.6448377
0.039034323,-28.978738,-8.3970237,4.716883,-20.32316,-5.2421594,-2.3089788,-17.592495,17.842207,-3.501828,24.711579,-15.261579,-7.6490974
0.039066297,-28.865514,-7.9334267,4.8934601,-20.747102,-7.1353185,-2.3997357,-16.75012,20.20803,-3.3176794,24.117022,-16.058212,-7.6855111
0.03909827,-28.768983,-7.4671046,5.0698246,-21.112224,-9.1204374,-2.4851968,-15.8136,22.532434,-3.1054916,23.505938,-16.608805,-7.7474566
0.039130243,-28.691142,-6.9931406,5.2438221,-21.411238,-11.047226,-2.5555196,-14.797378,24.78443,-2.865605,22.89349,-16.913592,-7.8312976
0.039162214,-28.611619,-6.5062012,5.4169097,-21.63463,-12.934449,-2.5993314,-13.792274,26.940045,-2.6029432,22.305258,-16.972983,-7.9357677
0.039194185,-28.545731,-6.0126334,5.583761,-21.790495,-14.834635,-2.6234612,-12.828806,28.981249,-2.3036166,21.75767,-16.791151,-8.0577628
0.039226155,-28.487751,-5.5163832,5.7412037,-21.893128,-16.657208,-2.6225183,-11.884345,30.885885,-1.9751568,21.251612,-16.37438,-8.1869101
0.039258124,-28.437946,-5.0202855,5.9158797,-21.927253,-18.426847,-2.6117223,-10.959472,32.639697,-1.6241289,20.792684,-15.736923,-8.3169658
0.039290092,-28.399908,-4.5351788,6.0939789,-21.842205,-20.283976,-2.5729264,-10.092913,34.236127,-1.2576067,20.391213,-14.876942,-8.439901
0.039322059,-28.371324,-4.0658041,6.2642361,-21.698732,-22.173068,-2.5252731,-9.2927186,35.681585,-0.89238036,20.06474,-13.78612,-8.5479043
0.039354025,-28.350435,-3.5921647,6.4262968,-21.407755,-23.965825,-2.4603843,-8.5658816,36.977104,-0.53914709,19.810888,-12.461104,-8.643163
0.039385991,-28.332032,-3.1280487,6.5805173,-20.967614,-25.640418,-2.3717774,-7.8973398,38.108127,-0.21297957,19.630088,-10.911799,-8.7211791
0.039417955,-28.321441,-2.6732828,6.7383014,-20.443353,-27.228124,-2.2663404,-7.2935338,39.0729,0.082688064,19.531919,-9.1404106,-8.7754667
0.039449918,-28.311551,-2.2272159,6.8960622,-19.869336,-28.676932,-2.1550413,-6.7489682,39.889321,0.33424702,19.533256,-7.145402,-8.7951535
0.039481881,-28.300282,-1.7997572,7.0506436,-19.231426,-29.999807,-2.0343505,-6.2684844,40.566481,0.53209355,19.641687,-4.9252369,-8.7643064
0.039513842,-28.284439,-1.3928717,7.2047631,-18.552525,-31.225372,-1.8992143,-5.8255763,41.09151,0.67381563,19.834455,-2.4923299,-8.7004319
0.039545803,-28.302586,-1.0042015,7.3540364,-17.816573,-32.416096,-1.7693364,-5.4059514,41.455116,0.74866468,20.084024,0.12492784,-8.6246157
0.039577763,-28.333689,-0.64016408,7.4968064,-17.043968,-33.537335,-1.6454,-4.991524,41.666299,0.75742289,20.413086,2.9229215,-8.5203398
0.039609721,-28.36381,-0.29642517,7.6250275,-16.221567,-34.496921,-1.5167706,-4.5718835,41.720884,0.70374954,20.836795,5.8989332,-8.363806
0.039641679,-28.394925,0.024958565,7.75196,-15.360115,-35.247765,-1.3881794,-4.1278902,41.604503,0.5878504,21.274849,9.0244912,-8.1541487
0.039673635,-28.426637,0.31870788,7.8749017,-14.488142,-35.809103,-1.2554751,-3.6519456,41.317356,0.41535866,21.705695,12.266978,-7.8611024
0.039705591,-28.460862,0.58620041,7.9908909,-13.625526,-36.196926,-1.1174129,-3.1231,40.871679,0.20106129,22.174837,15.571767,-7.4925381
0.039737546,-28.511465,0.83613039,8.1047922,-12.786523,-36.400781,-0.98056364,-2.544347,40.27481,-0.052941057,22.671241,18.969097,-7.0814797
0.039769499,-28.573821,1.0711858,8.2211513,-11.986376,-36.423576,-0.83801231,-1.9044374,39.546651,-0.33104592,23.200759,22.388067,-6.6089762
0.039801452,-28.636901,1.2709893,8.327952,-11.23028,-36.285425,-0.69963282,-1.2031122,38.6903,-0.61941658,23.776684,25.742371,-6.0310486
0.039833403,-28.699497,1.4250997,8.4268829,-10.527378,-36.003239,-0.56550641,-0.4541408,37.706414,-0.91760725,24.396385,28.963307,-5.3142335
0.039865353,-28.761415,1.540428,8.5263861,-9.8520557,-35.589591,-0.43210564,0.32329395,36.612856,-1.2192247,25.054789,32.088726,-4.4931763
0.039897303,-28.829129,1.6225023,8.6199884,-9.2381854,-35.045028,-0.30102304,1.1496363,35.404528,-1.499721,25.709182,35.083439,-3.6369855
0.039929251,-28.907724,1.6707723,8.7097759,-8.6945953,-34.38411,-0.17326473,2.0346161,34.082273,-1.7874579,26.38839,37.925288,-2.745776
0.039961198,-28.993767,1.684991,8.796154,-8.2178899,-33.618901,-0.050596582,2.9311036,32.646535,-2.0448971,27.08868,40.566391,-1.851601
0.039993144,-29.082232,1.6642001,8.879016,-7.8159354,-32.751007,0.065930607,3.8420187,31.09464,-2.2678651,27.748567,43.018462,-0.95928391
0.040025089,-29.176822,1.6100489,8.957621,-7.4776847,-31.785808,0.17086649,4.694547,29.428696,-2.4739783,28.352736,45.369499,-0.10402557
0.040057033,-29.275438,1.523095,9.0403549,-7.2109498,-30.736527,0.26295049,5.5893102,27.65831,-2.6740314,28.887707,47.585966,0.71689594
0.040088975,-29.380714,1.4067695,9.1184925,-7.0122695,-29.606594,0.33991931,6.5071413,25.762095,-2.8200863,29.36368,49.52914,1.4873661
0.040120917,-29.485242,1.262061,9.1939516,-6.8826517,-28.39276,0.41194597,7.4900301,23.81029,-2.9356374,29.785898,51.170154,2.1804443
0.040152856,-29.591206,1.084662,9.2675966,-6.8246023,-27.106396,0.46793471,8.4815816,21.77723,-2.9937333,30.18414,52.525074,2.7524498
0.040184795,-29.695456,0.8761221,9.3440313,-6.8284543,-25.756548,0.51748713,9.4417656,19.641326,-2.9922352,30.588755,53.57562,3.189488
0.040216732,-29.796538,0.63218187,9.4238327,-6.8941549,-24.350292,0.55216852,10.351612,17.415596,-2.9947177,31.026139,54.34602,3.5049715
0.040248668,-29.897629,0.35626366,9.5019905,-7.0133262,-22.887521,0.5781434,11.195244,15.116467,-2.968407,31.519357,54.855849,3.6690798
0.040280603,-30.003717,0.048615804,9.5823263,-7.160924,-21.378993,0.58286605,11.987045,12.720629,-2.8878629,32.110366,55.126402,3.6428888
0.040312536,-30.104224,-0.28836777,9.6591212,-7.3344591,-19.822668,0.59575865,12.674427,10.2914,-2.8065288,32.755461,55.228419,3.4472259
0.040344468,-30.203637,-0.65072188,9.7337997,-7.5442661,-18.239683,0.59397243,13.251935,7.8019626,-2.7552862,33.471425,55.209836,3.1564165
0.040376398,-30.295078,-1.0294989,9.8009095,-7.78291,-16.63753,0.59654293,13.708709,5.2179305,-2.6619743,34.259104,55.052359,2.7843731
0.040408328,-30.376518,-1.4176171,9.8678996,-8.0399297,-15.020737,0.57895143,13.972748,2.5851667,-2.5451519,35.124334,54.800199,2.2970028
0.040440255,-30.454449,-1.8442977,9.9473671,-8.2323701,-13.388641,0.55748598,14.076115,-0.069347727,-2.4826811,36.163454,54.459081,1.7167401
0.040472182,-30.523263,-2.3016236,10.032511,-8.4152209,-11.790252,0.50338854,14.051823,-2.7803986,-2.4078133,37.435355,54.043854,1.0744115
0.040504107,-30.584533,-2.8004999,10.11779,-8.5837582,-10.171177,0.48661523,13.859666,-5.526152,-2.3331128,38.937434,53.557642,0.40635585
0.04053603,-30.64662,-3.32351,10.211183,-8.7327525,-8.5677664,0.51089169,13.457697,-8.2557528,-2.2687194,40.663694,52.993892,-0.26362153
0.040567952,-30.695671,-3.860011,10.304313,-8.8557829,-7.0034161,0.52869815,12.899116,-10.97648,-2.2105694,42.582543,52.350207,-0.90733163
0.040599873,-30.730931,-4.3973313,10.397947,-8.9543671,-5.4361636,0.5013421,12.220024,-13.691106,-2.1702401,44.656806,51.610576,-1.5123996
0.040631792,-30.751158,-4.9326697,10.473516,-9.0226942,-3.8542646,0.47916702,11.442718,-16.388401,-2.0732858,46.798929,50.789313,-2.0664456
0.04066371,-30.751582,-5.4573825,10.547852,-9.0659005,-2.3153988,0.4571175,10.589445,-18.952423,-1.9740317,48.917143,49.888122,-2.5527643
0.040695627,-30.736606,-6.0147999,10.638988,-9.0693117,-0.83230462,0.42335146,9.6566917,-21.436139,-1.8762837,50.978669,48.900586,-2.9688853
0.040727542,-30.708453,-6.5824078,10.731356,-9.0428665,0.59037602,0.41604841,8.6090773,-23.824883,-1.7854238,52.973205,47.829035,-3.2975813
0.040759455,-30.666699,-7.1475638,10.827712,-8.9443718,1.9317592,0.43640955,7.4440087,-26.105208,-1.6837221,54.888844,46.68623,-3.5816885
0.040791367,-30.609945,-7.6974484,10.919859,-8.8072505,3.2296585,0.40579472,6.2175862,-28.245817,-1.5795838,56.714846,45.482993,-3.808242
0.040823278,-30.538024,-8.2246624,11.008234,-8.7770127,4.483696,0.35632887,4.9934365,-30.201754,-1.4658533,58.449252,44.2243,-3.9744933
0.040855187,-30.452359,-8.7359226,11.096103,-8.7302551,5.6379398,0.32542089,3.7890141,-31.972646,-1.4057215,60.078446,42.913573,-4.0915963
0.040887095,-30.337058,-9.2338964,11.183066,-8.6748236,6.6805697,0.32267921,2.5317648,-33.533486,-1.3586015,61.601308,41.531386,-4.1617892
0.040919001,-30.199564,-9.7211135,11.274197,-8.6129754,7.6813811,0.3025896,1.2913175,-34.839996,-1.3283303,63.017231,40.101477,-4.2015555
0.040950906,-30.04161,-10.191897,11.364128,-8.5682198,8.6016154,0.27085329,0.086931738,-35.891653,-1.3172302,64.311823,38.634576,-4.2259373
0.040982809,-29.870694,-10.635042,11.451319,-8.5375699,9.4429918,0.24265484,-1.0715573,-36.704321,-1.3382535,65.498419,37.142254,-4.2367904
0.041014711,-29.687189,-11.049107,11.538722,-8.4765508,10.199422,0.2190869,-2.1583378,-37.268164,-1.3885484,66.570185,35.626022,-4.2251001
0.041046612,-29.484647,-11.437174,11.621797,-8.4216532,10.867616,0.19013924,-3.1680244,-37.589568,-1.496671,67.510473,34.079053,-4.209231
0.041078511,-29.275901,-11.790217,11.700699,-8.3884605,11.451601,0.15685811,-4.0902152,-37.666286,-1.6466189,68.335847,32.4989,-4.1988509
0.041110408,-29.06006,-12.111673,11.777322,-8.3872664,11.939068,0.12467783,-4.9320155,-37.505052,-1.8243163,69.06518,30.90726,-4.2151255
0.041142304,-28.833317,-12.400046,11.853202,-8.389867,12.339223,0.091015588,-5.7092382,-37.121925,-2.0240661,69.691909,29.306711,-4.2530946
0.041174198,-28.597315,-12.652689,11.924724,-8.4246655,12.650523,0.046440748,-6.4138091,-36.529509,-2.2457097,70.211532,27.702472,-4.2737065
0.041206091,-28.355075,-12.865746,11.992873,-8.4971305,12.869727,-0.0074870268,-7.0328911,-35.741473,-2.4866946,70.595739,26.071636,-4.3016095
0.041237982,-28.108363,-13.036491,12.054512,-8.6065013,12.978233,-0.065196867,-7.5619869,-34.776689,-2.736645,70.839269,24.391325,-4.3416873
0.041269872,-27.860368,-13.169547,12.112126,-8.7510012,12.983973,-0.12904894,-8.0764201,-33.642417,-2.9970001,71.052511,22.7033,-4.4131264
0.04130176,-27.615879,-13.262774,12.164112,-8.9353911,12.896087,-0.19764089,-8.5832319,-32.346928,-3.2496498,71.151925,21.000339,-4.5281219
0.041333647,-27.369674,-13.31847,12.214729,-9.1544482,12.735202,-0.26628446,-9.1050042,-30.903587,-3.4762985,71.102968,19.260398,-4.5748672
0.041365532,-27.122867,-13.335822,12.262836,-9.4134464,12.479329,-0.32912157,-9.584795,-29.347131,-3.6953463,70.906291,17.427997,-4.6028052
0.041397416,-26.88244,-13.316597,12.308831,-9.7177093,12.1249,-0.39686414,-10.035088,-27.630516,-3.929049,70.537731,15.483965,-4.6036552
0.041429298,-26.647565,-13.258923,12.350121,-10.055681,11.685999,-0.46337607,-10.4435,-25.774045,-4.1476454,69.950689,13.488592,-4.6399507
0.041461178,-26.418589,-13.165832,12.385229,-10.43867,11.156907,-0.53175903,-10.811437,-23.792845,-4.3485095,69.140347,11.398186,-4.7232373
0.041493057,-26.201527,-13.040716,12.415404,-10.840655,10.541385,-0.60065091,-11.152093,-21.709411,-4.525062,68.09011,9.1905764,-4.7667547
0.041524934,-25.996073,-12.883311,12.441224,-11.262115,9.8433407,-0.67259332,-11.479696,-19.513555,-4.6671537,66.828308,6.8283072,-4.7859335
0.041556809,-25.795304,-12.694171,12.462984,-11.712928,9.0550009,-0.74784852,-11.792275,-17.227885,-4.7872956,65.364329,4.3010776,-4.7864059
0.041588683,-25.601737,-12.475312,12.481504,-12.174246,8.1739667,-0.82270189,-12.058886,-14.884249,-4.9151222,63.616459,1.6780477,-4.7978524
0.041620555,-25.419209,-12.226248,12.498125,-12.658386,7.217457,-0.89900745,-12.276107,-12.464346,-5.0481803,61.663564,-1.0338499,-4.8135495
0.041652426,-25.248139,-11.947163,12.511552,-13.130418,6.1684673,-0.97734306,-12.443628,-9.9580771,-5.1641231,59.530466,-3.8278486,-4.8262
0.041684294,-25.089785,-11.643163,12.51972,-13.589444,5.0366878,-1.0610823,-12.56863,-7.3838851,-5.2429272,57.220794,-6.6789821,-4.8487444
0.041716161,-24.945759,-11.314897,12.523812,-14.011726,3.8259451,-1.1379642,-12.70897,-4.7759533,-5.2787744,54.73845,-9.5567302,-4.8931509
0.041748025,-24.81573,-10.966485,12.524777,-14.397653,2.5251311,-1.2239958,-12.864597,-2.1491949,-5.2607386,52.215391,-12.410433,-4.9808799
0.041779888,-24.697084,-10.602405,12.523641,-14.812554,1.1272116,-1.296267,-12.989274,0.50326369,-5.2810854,49.706276,-15.189688,-5.1024427
0.041811749,-24.591072,-10.221818,12.520256,-15.198388,-0.34859021,-1.3497498,-13.10854,3.1781543,-5.3493611,47.254223,-17.870014,-5.2581225
0.041843608,-24.496158,-9.8249821,12.511181,-15.547956,-1.8976529,-1.4031929,-13.226671,5.8929115,-5.4062684,44.906382,-20.404822,-5.4445922
0.041875465,-24.413514,-9.4171185,12.500462,-15.851714,-3.5469744,-1.4416024,-13.352749,8.650197,-5.4295215,42.755985,-22.730805,-5.6603247
0.04190732,-24.339621,-8.997106,12.488345,-16.105522,-5.1747683,-1.4769167,-13.48006,11.39959,-5.3830866,40.717627,-24.829988,-5.9072494
0.041939174,-24.274842,-8.5709047,12.473288,-16.30476,-6.7741275,-1.4942452,-13.602695,14.101154,-5.257064,38.816197,-26.702332,-6.1729053
0.041971025,-24.223277,-8.1417783,12.455617,-16.445927,-8.4091278,-1.5530555,-13.715879,16.756245,-5.1099585,37.063244,-28.338819,-6.4478549
0.042002875,-24.183431,-7.7109242,12.440228,-16.518989,-10.051564,-1.5546915,-13.831236,19.391958,-4.9502215,35.449002,-29.73413,-6.7207078
0.042034722,-24.144943,-7.2830297,12.415144,-16.523601,-11.758893,-1.5481787,-13.987601,22.018138,-4.7674167,33.974918,-30.882013,-6.9880278
0.042066568,-24.111719,-6.8528438,12.40116,-16.467926,-13.529684,-1.5283338,-14.203579,24.623463,-4.5666284,32.66072,-31.767158,-7.2463357
0.042098412,-24.084901,-6.4225778,12.387713,-16.3677,-15.298823,-1.4931222,-14.494625,27.174742,-4.323192,31.405335,-32.360105,-7.4959248
0.042130254,-24.065366,-5.998742,12.373581,-16.228434,-17.035425,-1.4499603,-14.767689,29.64356,-4.0243951,30.193286,-32.69613,-7.7407153
0.042162094,-24.050782,-5.5880408,12.360631,-16.045778,-18.728147,-1.4104118,-15.037416,32.006665,-3.7071932,29.035788,-32.801442,-7.9913331
0.042193932,-24.038443,-5.18004,12.349308,-15.720754,-20.351655,-1.3669808,-15.340223,34.280075,-3.4095444,27.955321,-32.679661,-8.2481864
0.042225768,-24.029897,-4.7792456,12.322842,-15.203596,-21.869893,-1.2932063,-15.67417,36.428463,-3.1296908,26.97473,-32.360506,-8.5014462
0.042257602,-24.027776,-4.3898783,12.299223,-14.610709,-23.300574,-1.2205262,-16.025989,38.445365,-2.8688914,26.126901,-31.845319,-8.7613104
0.042289434,-24.028941,-4.0129263,12.276498,-13.957202,-24.639951,-1.1476579,-16.365699,40.295343,-2.6214032,25.497781,-31.101692,-9.0244584
0.042321265,-24.030107,-3.6489269,12.256038,-13.252835,-25.870587,-1.0668992,-16.634276,41.942069,-2.3945499,25.061311,-30.15721,-9.297037
0.042353093,-24.022831,-3.3048794,12.236944,-12.493232,-26.980114,-0.98174454,-16.805585,43.401045,-2.2119515,24.803782,-29.021939,-9.5633026
0.04238492,-24.034838,-2.9731585,12.213166,-11.688872,-27.938276,-0.88982677,-16.869545,44.653286,-2.0814513,24.719276,-27.707266,-9.819567
0.042416745,-24.053589,-2.6594541,12.185949,-10.858434,-28.771177,-0.80412762,-16.796203,45.701546,-2.0094998,24.776103,-26.221359,-10.07113
0.042448567,-24.077289,-2.3667342,12.161032,-9.9786614,-29.503522,-0.71511728,-16.607718,46.542659,-1.9920427,24.961737,-24.556659,-10.290336
0.042480388,-24.102548,-2.0965428,12.136046,-9.0776028,-30.077061,-0.62655889,-16.32187,47.184891,-2.0154508,25.257144,-22.724436,-10.4595
0.042512207,-24.126812,-1.849537,12.108572,-8.1478352,-30.49054,-0.54038092,-15.912873,47.637243,-2.0852894,25.633946,-20.722687,-10.585453
0.042544024,-24.147375,-1.6334688,12.082003,-7.2287511,-30.761174,-0.45441066,-15.379457,47.904038,-2.2016116,26.087262,-18.530486,-10.650642
0.042575839,-24.177331,-1.4436761,12.05303,-6.3540078,-30.908852,-0.37046601,-14.699914,47.972132,-2.3612828,26.596384,-16.120484,-10.651034
0.042607652,-24.212061,-1.2884283,12.026808,-5.5102544,-30.929249,-0.28844519,-13.876295,47.875393,-2.5470573,27.144548,-13.481958,-10.596364
0.042639464,-24.256861,-1.1565101,12.002463,-4.683665,-30.835974,-0.20672927,-12.928286,47.629876,-2.75163,27.723195,-10.654706,-10.459801
0.042671273,-24.305377,-1.0488108,11.97534,-3.8792694,-30.616837,-0.13020372,-11.867593,47.255325,-2.9684682,28.290701,-7.6549747,-10.247327
0.042703081,-24.357324,-0.96815045,11.946898,-3.0965373,-30.294076,-0.057046821,-10.709029,46.758328,-3.196268,28.853816,-4.4607986,-9.9427109
0.042734886,-24.414342,-0.91571109,11.917291,-2.3543316,-29.872009,0.0068647334,-9.4743761,46.147987,-3.4160303,29.38938,-1.0931746,-9.5580869
0.04276669,-24.477189,-0.88999828,11.886214,-1.6700056,-29.347028,0.060792324,-8.1710395,45.414883,-3.6247032,29.899405,2.4532356,-9.1607962
0.042798491,-24.54139,-0.89250975,11.857545,-1.0366745,-28.713945,0.11853795,-6.8175631,44.567696,-3.8123609,30.379707,6.1219327,-8.6830028
0.04283029,-24.604414,-0.92704016,11.830573,-0.45449246,-27.982513,0.17302973,-5.4322947,43.651249,-3.9697795,30.714801,9.8723417,-8.1182881
0.042862087,-24.662045,-0.98957348,11.804799,0.0632678,-27.166125,0.22205131,-4.0175352,42.635541,-4.0914005,30.960175,13.71073,-7.4776788
0.042893881,-24.713691,-1.0794056,11.780714,0.51783539,-26.272677,0.26887006,-2.608163,41.49643,-4.1753424,31.115714,17.625963,-6.7989033
0.042925674,-24.761184,-1.1944228,11.756286,0.91258565,-25.314429,0.30326025,-1.2306904,40.297343,-4.2354558,31.203939,21.591283,-6.1778907
0.042957464,-24.804187,-1.3349782,11.733743,1.2479747,-24.300593,0.32466034,0.080145693,39.014906,-4.2729604,31.259564,25.483545,-5.5611969
0.042989252,-24.843199,-1.4994072,11.713394,1.5282553,-23.235523,0.34351348,1.4494269,37.627933,-4.2631136,31.277717,29.206211,-4.903961
0.043021038,-24.877886,-1.6857873,11.694544,1.7539695,-22.127279,0.34905124,2.8069865,36.137082,-4.2633262,31.24746,32.682817,-4.2600141
0.043052822,-24.905715,-1.8964318,11.677366,1.9262331,-20.974983,0.34537943,4.0785838,34.556275,-4.2482181,31.178703,35.85235,-3.6583123
0.043084603,-24.924467,-2.1276805,11.662899,2.0566243,-19.772764,0.33515855,5.369228,32.897408,-4.1819807,31.086272,38.734537,-3.1359904
0.043116383,-24.93845,-2.3793051,11.648109,2.1376349,-18.53324,0.31110053,6.6879003,31.177483,-4.065819,31.079885,41.300404,-2.6804874
0.04314816,-24.948195,-2.6513553,11.635779,2.1896656,-17.263873,0.27984578,7.9858579,29.426807,-3.9447053,31.129991,43.544947,-2.2913873
0.043179935,-24.951839,-2.9412325,11.622922,2.1994462,-15.975945,0.26093594,9.2067669,27.617456,-3.8292983,31.216474,45.46241,-1.9797862
0.043211708,-24.951227,-3.2480002,11.60913,2.1760108,-14.667944,0.22579323,10.364743,25.746707,-3.7510197,31.377911,47.03977,-1.7465661
0.043243478,-24.944606,-3.5691359,11.59611,2.137953,-13.354891,0.18322203,11.419118,23.82488,-3.613681,31.66482,48.291349,-1.6103791
0.043275247,-24.931815,-3.9034663,11.582926,2.1237196,-12.030086,0.12896078,12.37964,21.856302,-3.4109731,32.102044,49.22363,-1.5700504
0.043307013,-24.911874,-4.2486323,11.570072,2.0989315,-10.698603,0.066958072,13.255451,19.844317,-3.1755044,32.673117,49.878667,-1.5929512
0.043338777,-24.881229,-4.5999625,11.560873,2.0684473,-9.3627351,0.021607792,13.996953,17.816889,-2.967361,33.352699,50.291891,-1.6737432
0.043370539,-24.837498,-4.9535252,11.551281,2.0401675,-8.0525863,0.0084225425,14.592843,15.745488,-2.8021703,34.1285,50.490851,-1.8129331
0.043402299,-24.79686,-5.3150952,11.540688,2.0172393,-6.7771944,-0.033843689,15.042967,13.636733,-2.6876943,34.995635,50.525313,-1.9967853
0.043434057,-24.747039,-5.6781965,11.530642,2.0056218,-5.4903015,-0.082588091,15.354144,11.471448,-2.6067534,35.9396,50.430378,-2.2053092
0.043465812,-24.689047,-6.0408429,11.524428,2.0106193,-4.2266139,-0.13267948,15.484786,9.2679634,-2.494454,36.937828,50.227808,-2.4206265
0.043497566,-24.621887,-6.4003545,11.5134,2.0451974,-2.9906251,-0.18135744,15.429299,7.0348445,-2.3718863,37.972724,49.922669,-2.6392639
0.043529317,-24.545263,-6.7677052,11.499345,2.0971018,-1.8109684,-0.23148972,15.235216,4.7705004,-2.2447015,39.038036,49.516368,-2.851446
0.043561066,-24.459902,-7.1285009,11.487793,2.1646741,-0.6688886,-0.27171509,14.85388,2.5212609,-2.1328375,40.126529,49.018783,-3.0537643
0.043592813,-24.36893,-7.4807508,11.475938,2.2603906,0.42175609,-0.31117991,14.281921,0.319557,-2.0290323,41.230391,48.434942,-3.2455041
0.043624558,-24.272719,-7.8232036,11.46687,2.3585872,1.4637453,-0.35421881,13.573258,-1.8238195,-1.9418303,42.334803,47.779847,-3.4165002
0.0436563,-24.173832,-8.1532366,11.45681,2.409063,2.4467066,-0.3891793,12.743761,-3.8831309,-1.8780542,43.452616,47.054377,-3.5680216
0.043688041,-24.056051,-8.4732377,11.446904,2.459802,3.3516872,-0.42532403,11.780682,-5.8485364,-1.8080173,44.626065,46.259075,-3.7077143
0.043719779,-23.933123,-8.781357,11.437339,2.5066398,4.160092,-0.45824199,10.706803,-7.705312,-1.7262989,45.846249,45.404974,-3.8419879
0.043751516,-23.806206,-9.0740445,11.426856,2.5550618,4.8646353,-0.48922438,9.507966,-9.4284923,-1.6261399,47.104856,44.495096,-3.9702869
0.04378325,-23.675557,-9.3472624,11.41473,2.5976972,5.5026008,-0.53905522,8.2396826,-11.013119,-1.5373255,48.391249,43.537925,-4.0888349
0.043814982,-23.540221,-9.5991159,11.404872,2.6251477,6.0489026,-0.56445928,6.9454038,-12.457841,-1.4581682,49.684884,42.546729,-4.1959818
0.043846711,-23.397631,-9.8295361,11.394411,2.6108395,6.562514,-0.59196047,5.65099,-13.678046,-1.3869817,50.971687,41.534218,-4.2880242
0.043878439,-23.24927,-10.035703,11.382289,2.5680418,6.9749919,-0.61245027,4.3816212,-14.662597,-1.3213067,52.243766,40.504811,-4.3731595
0.043910165,-23.096388,-10.217512,11.369171,2.5049599,7.2900808,-0.63897717,3.0699992,-15.452245,-1.2996574,53.455284,39.462847,-4.4490347
0.043941888,-22.94148,-10.371817,11.352879,2.4298892,7.552479,-0.65735064,1.7762148,-16.044711,-1.3087451,54.589271,38.414149,-4.5177476
0.043973609,-22.781925,-10.498773,11.334394,2.3707496,7.7330092,-0.67644897,0.50962592,-16.436753,-1.3387714,55.642065,37.35993,-4.5754949
0.044005328,-22.61921,-10.598753,11.316791,2.2794739,7.8189653,-0.6909704,-0.718161,-16.631256,-1.3990657,56.611515,36.314044,-4.6098864
0.044037045,-22.454306,-10.669584,11.29966,2.1582309,7.8083967,-0.70330109,-1.9022329,-16.629409,-1.4850722,57.499839,35.271746,-4.6332886
0.04406876,-22.29033,-10.711331,11.282883,2.034953,7.7260788,-0.71586294,-3.0347361,-16.431917,-1.590322,58.299503,34.240558,-4.6566187
0.044100473,-22.126106,-10.724927,11.264427,1.8940335,7.5565322,-0.73399027,-4.1059362,-16.039487,-1.7075334,59.021465,33.21716,-4.680477
0.044132184,-21.964418,-10.710931,11.243741,1.7337835,7.302008,-0.74976955,-5.1117045,-15.470784,-1.8346738,59.649112,32.200756,-4.7027309
0.044163892,-21.806347,-10.668559,11.221436,1.5600277,6.9651271,-0.75771846,-6.0509683,-14.723744,-1.9711684,60.176553,31.190999,-4.7085907
0.044195598,-21.652247,-10.598819,11.199095,1.3639233,6.5293407,-0.76275363,-6.9057397,-13.823027,-2.1243584,60.592705,30.177549,-4.6834216
0.044227302,-21.502709,-10.501538,11.175951,1.1487082,6.0142414,-0.76323815,-7.6568907,-12.770196,-2.3000705,60.933317,29.164963,-4.6496998
0.044259003,-21.361735,-10.378507,11.152614,0.9308348,5.4206102,-0.75725896,-8.3183937,-11.581261,-2.4803538,61.211042,28.138355,-4.6153705
0.044290701,-21.230063,-10.227664,11.128244,0.70399783,4.7451799,-0.74404877,-8.8786216,-10.233221,-2.661726,61.393537,27.082639,-4.5929196
0.044322397,-21.106981,-10.054399,11.10099,0.47532279,3.979526,-0.72916024,-9.4145388,-8.7027194,-2.8302276,61.459968,25.9847,-4.5757434
0.044354091,-20.99192,-9.8591712,11.071293,0.25526178,3.1293568,-0.71157077,-9.8921056,-7.0524218,-2.9865795,61.416409,24.83551,-4.4802375
0.044385782,-20.88438,-9.643055,11.042276,0.04626539,2.2100413,-0.69097544,-10.322331,-5.2554813,-3.1397835,61.224081,23.595981,-4.3410108
0.04441747,-20.786843,-9.4085868,11.012506,-0.14408357,1.2238339,-0.66349446,-10.69209,-3.345075,-3.2392203,60.866385,22.245522,-4.1935143
0.044449156,-20.702094,-9.1551768,10.980773,-0.30578624,0.18996398,-0.63433186,-11.016045,-1.3217891,-3.3520661,60.356201,20.769636,-4.0831224
0.04448084,-20.628043,-8.884887,10.947053,-0.43062548,-0.88091552,-0.59981789,-11.256046,0.74573725,-3.4477173,59.710083,19.147113,-3.968314
0.044512521,-20.566507,-8.6020299,10.91266,-0.54745835,-2.0453568,-0.56257169,-11.464852,2.856935,-3.5054066,58.928816,17.382932,-3.8191989
0.044544199,-20.511501,-8.3061718,10.877623,-0.62640008,-3.302606,-0.53535003,-11.669302,4.9889227,-3.5329736,57.948163,15.500805,-3.63695
0.044575875,-20.464245,-8.0011643,10.839757,-0.66260391,-4.6120632,-0.50824478,-11.820723,7.1968992,-3.5280387,56.818968,13.537759,-3.4809621
0.044607548,-20.426951,-7.6874268,10.801115,-0.64995005,-5.9622605,-0.45922621,-11.921446,9.4592841,-3.5294621,55.565157,11.526929,-3.3792548
0.044639219,-20.402735,-7.3684761,10.763111,-0.58501656,-7.3255256,-0.40120921,-11.967645,11.738467,-3.5577272,54.208504,9.4956933,-3.2819305
0.044670888,-20.380382,-7.0434373,10.723584,-0.46440557,-8.6807534,-0.35657056,-11.978413,14.039313,-3.6298908,52.774985,7.5043889,-3.1881093
0.044702554,-20.363844,-6.7154036,10.682802,-0.29429409,-10.05507,-0.30562351,-11.969452,16.328759,-3.6535295,51.29272,5.5925809,-3.0994779
0.044734217,-20.351828,-6.3846619,10.647968,-0.064972435,-11.444687,-0.24918144,-11.957341,18.557705,-3.6407679,49.780588,3.7815189,-3.0336594
0.044765878,-20.344884,-6.0555352,10.613893,0.23543596,-12.816376,-0.19682357,-11.925964,20.738356,-3.6202447,48.273308,2.1102983,-3.0002738
0.044797537,-20.343062,-5.7334321,10.581646,0.60979715,-14.164295,-0.1443899,-11.902155,22.874443,-3.5921373,46.764676,0.57854739,-2.9907338
0.044829193,-20.346728,-5.4027983,10.540796,1.040543,-15.460864,-0.080444063,-11.90395,24.949247,-3.5569777,45.266311,-0.7585659,-2.9972738
0.044860846,-20.353512,-5.0758,10.496245,1.4985409,-16.682792,-0.020865043,-11.946793,26.946736,-3.5304909,43.780628,-1.8996197,-3.0104359
0.044892498,-20.364858,-4.7555138,10.460278,2.0662926,-17.853006,0.044990278,-12.04509,28.845249,-3.5071292,42.322611,-2.8441618,-3.0394475
0.044924146,-20.378559,-4.4425596,10.427257,2.6715737,-18.948902,0.10102317,-12.149552,30.631616,-3.4698138,40.909071,-3.5807733,-3.0835643
0.044955793,-20.394856,-4.1378621,10.388433,3.3247466,-19.950465,0.15087171,-12.276635,32.299326,-3.4260977,39.542569,-4.1226718,-3.1307858
0.044987437,-20.424529,-3.8383452,10.346971,4.0277297,-20.863914,0.20600902,-12.468432,33.843449,-3.3836249,38.231611,-4.4828115,-3.1865591
0.045019078,-20.458437,-3.5513959,10.306194,4.7428001,-21.640337,0.26342265,-12.720099,35.245276,-3.3319471,36.981155,-4.6632761,-3.2443152
0.045050717,-20.49542,-3.2832833,10.266196,5.49096,-22.294834,0.32460367,-13.037279,36.485215,-3.2690521,35.800518,-4.6703372,-3.2967085
0.045082354,-20.533069,-3.0271302,10.223471,6.2515587,-22.811637,0.35779028,-13.395266,37.594654,-3.2130639,34.693057,-4.4960794,-3.3435768
0.045113988,-20.572388,-2.7870646,10.17993,7.000509,-23.222209,0.40199195,-13.774729,38.53761,-3.160627,33.659534,-4.1552818,-3.384327
0.04514562,-20.618298,-2.5614225,10.140839,7.7216725,-23.511163,0.44063546,-14.167307,39.314463,-3.0976163,32.689408,-3.6874889,-3.433329
0.04517725,-20.666056,-2.3527077,10.102749,8.4130764,-23.730983,0.47261494,-14.560064,39.933874,-3.0097082,31.76552,-3.0732728,-3.482876
0.045208877,-20.716662,-2.165183,10.064273,9.0930743,-23.831224,0.49091001,-14.925918,40.393103,-2.9261148,30.895498,-2.3048889,-3.5296944
0.045240502,-20.770796,-1.9972244,10.026981,9.7357282,-23.823892,0.50203271,-15.267541,40.689189,-2.8556461,30.080632,-1.3889129,-3.5605429
0.045272124,-20.8271,-1.848645,9.9914391,10.338094,-23.712068,0.51180912,-15.563406,40.81962,-2.776734,29.319447,-0.33804115,-3.5837958
0.045303744,-20.888852,-1.7224697,9.9552927,10.89967,-23.500649,0.51420659,-15.809282,40.793501,-2.687925,28.622824,0.83601946,-3.6227005
0.045335362,-20.952836,-1.6185471,9.9198894,11.413878,-23.207822,0.5128161,-15.991726,40.608817,-2.6036103,27.998793,2.1519371,-3.663174
0.045366978,-21.017102,-1.5370738,9.886657,11.874973,-22.83166,0.51140102,-16.118871,40.262343,-2.532481,27.449105,3.6194499,-3.6930241
0.045398591,-21.081882,-1.4775327,9.8548496,12.2717,-22.365273,0.50236606,-16.185097,39.766858,-2.4741786,26.978858,5.2298439,-3.7318588
0.045430202,-21.144877,-1.4428966,9.822419,12.593313,-21.816872,0.48634288,-16.203038,39.126259,-2.4138027,26.578076,6.9599843,-3.7816854
0.045461811,-21.208656,-1.4318928,9.7921367,12.876348,-21.185797,0.46486089,-16.156865,38.331896,-2.3570065,26.247832,8.7940763,-3.840765
0.045493417,-21.270798,-1.4435897,9.7633466,13.108573,-20.479303,0.43693865,-16.05601,37.372447,-2.3125812,25.984507,10.721933,-3.9046497
0.045525021,-21.33471,-1.4770583,9.7363483,13.286575,-19.704304,0.40372909,-15.908699,36.246602,-2.2648857,25.790357,12.732915,-3.9738615
0.045556622,-21.399153,-1.53261,9.7099929,13.415707,-18.865293,0.36559341,-15.73849,34.966455,-2.2259218,25.643068,14.855828,-4.0600736
0.045588221,-21.463892,-1.6107302,9.6852376,13.499056,-17.960724,0.32293685,-15.532343,33.517264,-2.1999556,25.484478,17.071712,-4.1616124
0.045619818,-21.524471,-1.7129794,9.6629928,13.534893,-17.001675,0.27683556,-15.29383,31.900755,-2.1834284,25.329072,19.368507,-4.2792259
0.045651412,-21.582146,-1.8416475,9.6440874,13.530872,-15.990306,0.22661449,-15.040417,30.160419,-2.1778978,25.181235,21.752328,-4.4033835
0.045683004,-21.637183,-1.9940156,9.6263953,13.490066,-14.925993,0.17248048,-14.766195,28.319664,-2.1356055,25.028754,24.197052,-4.5355194
0.045714592,-21.686747,-2.1696513,9.6130804,13.40955,-13.825299,0.11496502,-14.424601,26.36944,-2.0815809,24.8733,26.65436,-4.6834513
0.045746179,-21.734266,-2.3661051,9.6043821,13.296564,-12.699536,0.06374908,-13.996053,24.340416,-2.0488622,24.708356,29.057127,-4.8289661
0.045777762,-21.775894,-2.582612,9.594604,13.145001,-11.550289,0.0017189277,-13.521215,22.21871,-2.0339955,24.524975,31.384947,-4.957311
0.045809343,-21.813424,-2.8186496,9.5855477,12.988455,-10.366775,-0.060279942,-12.990918,20.02372,-2.0407973,24.328708,33.634049,-5.0882445
0.045840922,-21.844498,-3.0714284,9.5754445,12.812944,-9.1536517,-0.11679948,-12.506629,17.773672,-2.0417699,24.115415,35.779702,-5.1834676
0.045872497,-21.86893,-3.338596,9.5687534,12.623071,-7.9189873,-0.18470089,-12.061142,15.506798,-1.9870331,23.88283,37.814903,-5.2624477
0.04590407,-21.887935,-3.6197463,9.5651749,12.424608,-6.6793447,-0.26418255,-11.599785,13.182097,-1.8278548,23.698976,39.701283,-5.3031856
0.045935641,-21.902157,-3.9128867,9.561422,12.222855,-5.4422492,-0.30522165,-11.123783,10.832631,-1.7031431,23.591999,41.412179,-5.279781
0.045967208,-21.91338,-4.2158088,9.5585163,12.014442,-4.2170951,-0.36955675,-10.63358,8.4622589,-1.6016958,23.559149,42.930184,-5.2085887
0.045998774,-21.918851,-4.52648,9.5537625,11.805541,-3.0031347,-0.43229927,-10.143363,6.0816875,-1.5571331,23.587898,44.255556,-5.0765248
0.046030336,-21.917847,-4.8478794,9.548362,11.595064,-1.8058936,-0.49298212,-9.6673465,3.689698,-1.5922034,23.689591,45.373685,-4.9132189
0.046061896,-21.907768,-5.1744077,9.5427445,11.384976,-0.63037309,-0.55813032,-9.2106573,1.2697975,-1.6295639,23.866433,46.302528,-4.7134203
0.046093453,-21.889685,-5.5065139,9.54083,11.188242,0.51674607,-0.6258216,-8.7765636,-1.1500259,-1.5767615,24.132191,47.02562,-4.4725519
0.046125008,-21.863246,-5.841732,9.5420311,11.008021,1.6310249,-0.68284869,-8.3888545,-3.5683934,-1.4560421,24.485924,47.552863,-4.226434
0.046156561,-21.829622,-6.1752457,9.541681,10.806798,2.7109046,-0.74036201,-8.0917362,-5.8797056,-1.3399755,24.914397,47.903742,-3.9699072
0.04618811,-21.789649,-6.4942243,9.5446914,10.601715,3.7270675,-0.78757454,-7.8293624,-8.0587109,-1.243996,25.404945,48.078128,-3.7074111
0.046219658,-21.742532,-6.809681,9.5440318,10.395736,4.684996,-0.84487375,-7.5797283,-10.200617,-1.1609723,25.931908,48.125496,-3.4498848
0.046251203,-21.688227,-7.1163665,9.5444468,10.164359,5.5380355,-0.92759338,-7.3319782,-12.258999,-1.093514,26.475613,48.054373,-3.2090092
0.046282745,-21.626013,-7.4135938,9.5449869,9.9301798,6.3822502,-0.98441232,-7.0962583,-14.15092,-1.0404983,27.044951,47.865676,-3.0061923
0.046314285,-21.560742,-7.6979422,9.5464287,9.6906297,7.1621075,-1.0414501,-6.8935139,-15.906662,-0.98924349,27.620012,47.570532,-2.8319036
0.046345823,-21.479872,-7.9711011,9.547158,9.4207156,7.8717798,-1.10238,-6.7686173,-17.512179,-0.94073789,28.193992,47.158245,-2.6939679
0.046377358,-21.390898,-8.2312711,9.5470484,9.122316,8.5227718,-1.1480897,-6.710916,-18.948294,-0.89957751,28.76116,46.640362,-2.5938197
0.046408891,-21.294694,-8.4756656,9.5475589,8.8629372,9.0990859,-1.1915483,-6.7266437,-20.203436,-0.85724262,29.309884,46.023849,-2.5323247
0.046440421,-21.19146,-8.7021851,9.5486464,8.5900892,9.6008425,-1.228825,-6.8392303,-21.284448,-0.82243775,29.849841,45.321071,-2.514828
0.04647195,-21.082277,-8.9077907,9.5496737,8.3030508,10.030217,-1.2601602,-6.9994644,-22.163028,-0.8058877,30.38552,44.536924,-2.5425671
0.046503475,-20.965943,-9.0926995,9.5502556,8.0055767,10.366279,-1.2811101,-7.2185986,-22.819533,-0.80627791,30.91894,43.679678,-2.6083706
0.046534999,-20.844892,-9.2564745,9.5528126,7.6954229,10.618244,-1.3118712,-7.5401983,-23.265513,-0.81482365,31.46209,42.756167,-2.7044967
0.046566519,-20.721428,-9.3968393,9.5565088,7.3890363,10.773305,-1.3385654,-7.956236,-23.509556,-0.82762631,32.013953,41.765551,-2.8349381
0.046598037,-20.593429,-9.5139237,9.5590173,7.0569504,10.852366,-1.366068,-8.4417507,-23.544994,-0.84442588,32.577499,40.738634,-2.998897
0.046629552,-20.464006,-9.6074406,9.5601663,6.7067342,10.846914,-1.3946647,-8.967555,-23.402333,-0.86423887,33.157891,39.669404,-3.1946674
0.046661065,-20.333158,-9.6761699,9.5620925,6.343284,10.758548,-1.4226657,-9.5312769,-23.08439,-0.89140892,33.753344,38.565674,-3.4009831
0.046692574,-20.203271,-9.7196953,9.5641316,5.9657839,10.575564,-1.4538053,-10.132241,-22.585159,-0.9273655,34.377661,37.431674,-3.6169682
0.046724081,-20.075848,-9.7380351,9.5666818,5.5722984,10.290627,-1.4776371,-10.766311,-21.912895,-0.96497198,35.052584,36.284257,-3.8333214
0.046755586,-19.950362,-9.7325871,9.5685181,5.1815972,9.9423618,-1.4979072,-11.436666,-21.073574,-1.0061548,35.749606,35.137195,-4.0575867
0.046787087,-19.82557,-9.7036796,9.5681434,4.7857289,9.5045897,-1.5203541,-12.098743,-20.068406,-1.0486206,36.454402,33.990395,-4.2863153
0.046818587,-19.703102,-9.6514105,9.5670538,4.3826516,8.9771723,-1.5391915,-12.763349,-18.899242,-1.0942442,37.158529,32.831401,-4.4989484
0.046850083,-19.583383,-9.5775832,9.5654124,3.9783154,8.3493283,-1.5530434,-13.416105,-17.577799,-1.1526898,37.827184,31.642596,-4.6885137
0.046881577,-19.469611,-9.4829918,9.5636944,3.5834336,7.6378041,-1.5616547,-14.068897,-16.106065,-1.2188003,38.536043,30.460097,-4.8712382
0.046913068,-19.363407,-9.3657636,9.562205,3.2008984,6.8434592,-1.5683838,-14.723738,-14.498475,-1.285108,39.255856,29.287613,-5.0327287
0.046944556,-19.262666,-9.2299094,9.5599742,2.8242936,5.9627785,-1.5750929,-15.359102,-12.765271,-1.3519579,39.952261,28.113712,-5.1743321
0.046976041,-19.169053,-9.0759035,9.556096,2.4574095,5.0031588,-1.5785313,-15.948702,-10.922217,-1.4176119,40.60367,26.926508,-5.2917283
0.047007524,-19.08264,-8.9025741,9.5523485,2.1210617,3.9837407,-1.5827286,-16.493783,-8.9825475,-1.4806654,41.199761,25.697501,-5.3589787
0.047039005,-19.001996,-8.7119417,9.5481345,1.8219168,2.9105067,-1.5882161,-17.073939,-6.9632283,-1.5553717,41.750123,24.406049,-5.4231194
0.047070482,-18.926751,-8.5043708,9.5434622,1.565498,1.8189557,-1.5865702,-17.699719,-4.8906539,-1.6654393,42.235804,23.07184,-5.5013683
0.047101958,-18.860275,-8.2806326,9.5393391,1.3455366,0.6492899,-1.5843356,-18.28591,-2.7980114,-1.75507,42.648754,21.66695,-5.5018064
0.04713343,-18.80177,-8.0428963,9.534983,1.1252692,-0.61838825,-1.5772784,-18.846645,-0.52750332,-1.7967211,42.976435,20.158804,-5.4735572
0.0471649,-18.751474,-7.7930595,9.5294516,0.9396794,-1.9887144,-1.5736198,-19.392662,1.8048298,-1.8697635,43.207669,18.532014,-5.4153912
0.047196367,-18.712206,-7.5324444,9.52074,0.8036603,-3.4121241,-1.5697981,-19.886239,4.1880374,-1.9509279,43.340136,16.802627,-5.3415195
0.047227832,-18.679298,-7.2609011,9.5110913,0.7258774,-4.8726732,-1.5708888,-20.279699,6.6204147,-2.0489916,43.320872,15.012599,-5.2661406
0.047259294,-18.651592,-6.9789686,9.501922,0.70524758,-6.3623847,-1.5603181,-20.633507,9.044846,-2.1148851,43.149956,13.184537,-5.1753412
0.047290754,-18.630638,-6.6888779,9.4920963,0.74268355,-7.8438102,-1.5395909,-20.930699,11.4202,-2.1771664,42.839487,11.334559,-5.0566723
0.047322212,-18.619221,-6.3951365,9.483131,0.83464284,-9.3735853,-1.534197,-21.166242,13.760543,-2.2416734,42.387359,9.4762481,-4.9162827
0.047353667,-18.614271,-6.0983372,9.4707442,0.99896037,-10.921273,-1.5247646,-21.362983,16.078669,-2.313302,41.797884,7.6443002,-4.7693673
0.047385119,-18.614938,-5.7986766,9.4583078,1.2295767,-12.451794,-1.5214644,-21.525171,18.370199,-2.3505311,41.08353,5.8700361,-4.6341676
0.047416569,-18.620511,-5.4987779,9.4467707,1.5097203,-13.938491,-1.5044176,-21.678485,20.607374,-2.3647989,40.273531,4.188589,-4.5228042
0.047448017,-18.632272,-5.2036312,9.433506,1.8552161,-15.387517,-1.4999617,-21.814995,22.819666,-2.3681203,39.408162,2.613982,-4.3988284
0.047479462,-18.648198,-4.908562,9.4200484,2.2427311,-16.783571,-1.4910327,-21.955429,25.001776,-2.3635995,38.502383,1.1617606,-4.2571019
0.047510905,-18.670363,-4.6165224,9.4058764,2.7623192,-18.144046,-1.489546,-22.049764,27.104904,-2.3367747,37.579855,-0.14339808,-4.1080995
0.047542345,-18.69739,-4.3285616,9.3917415,3.3495735,-19.452331,-1.4841676,-22.11535,29.0942,-2.2899512,36.667478,-1.2471589,-3.9591872
0.047573784,-18.728897,-4.0411305,9.3786275,3.981357,-20.623015,-1.4745254,-22.22394,30.972832,-2.2120702,35.783329,-2.1392089,-3.8147257
0.04760522,-18.75787,-3.7588322,9.3663245,4.6224803,-21.666142,-1.4664232,-22.385158,32.745179,-2.1284186,34.927315,-2.8101236,-3.6650584
0.047636653,-18.799661,-3.4763954,9.3525351,5.2875578,-22.599009,-1.4636377,-22.597654,34.420503,-2.0209025,34.106798,-3.2579338,-3.5129274
0.047668085,-18.843686,-3.20128,9.3384452,5.9838203,-23.403115,-1.4609895,-22.849945,35.973215,-1.8880393,33.319936,-3.4847058,-3.3582468
0.047699514,-18.889756,-2.9388446,9.3214212,6.6894767,-24.075989,-1.463391,-23.113586,37.407551,-1.7392181,32.562128,-3.4883934,-3.2053449
0.047730941,-18.936693,-2.6898358,9.3024778,7.4413936,-24.624866,-1.4716303,-23.383423,38.671781,-1.59165,31.836276,-3.2726887,-3.052676
0.047762366,-18.984654,-2.4536381,9.2865932,8.2017665,-25.025939,-1.4724315,-23.637524,39.804744,-1.4511147,31.148175,-2.8376898,-2.9128757
0.047793789,-19.035574,-2.2285367,9.2691834,8.9287437,-25.369452,-1.4706306,-23.883818,40.805478,-1.3142532,30.518296,-2.1925371,-2.7775657
0.04782521,-19.086879,-2.0172672,9.2500757,9.6276667,-25.619395,-1.4824663,-24.122923,41.686298,-1.1897857,29.953675,-1.3467794,-2.6443306
0.047856628,-19.139538,-1.8227363,9.2313558,10.285662,-25.775488,-1.4910261,-24.349497,42.408684,-1.0785563,29.460187,-0.30650181,-2.5150968
0.047888045,-19.193972,-1.6450622,9.2128282,10.892018,-25.821492,-1.5111495,-24.537448,42.973605,-0.98492627,29.022951,0.91913679,-2.3845408
0.04791946,-19.25128,-1.4810904,9.1942323,11.449398,-25.751975,-1.5319609,-24.678384,43.379068,-0.89920985,28.634554,2.3321356,-2.275507
0.047950872,-19.311404,-1.3305972,9.1762687,11.965042,-25.57759,-1.5579937,-24.77291,43.624407,-0.83096778,28.304763,3.9267093,-2.1779165
0.047982283,-19.372985,-1.1959714,9.1566237,12.433439,-25.321732,-1.5850316,-24.803085,43.708413,-0.78043348,28.042874,5.696385,-2.0781805
0.048013691,-19.435497,-1.0802276,9.1357012,12.845377,-24.976072,-1.6128186,-24.771591,43.636709,-0.74957614,27.849602,7.6235037,-1.9800032
0.048045097,-19.499348,-0.98561673,9.1145899,13.197006,-24.547665,-1.6429254,-24.676868,43.399,-0.74118782,27.70201,9.6933822,-1.8862339
0.048076502,-19.562064,-0.91277067,9.0934943,13.493282,-24.039206,-1.6732605,-24.524885,43.010227,-0.75229847,27.616116,11.934887,-1.8311901
0.048107904,-19.623827,-0.86167278,9.0727752,13.717387,-23.452566,-1.7081591,-24.304904,42.477416,-0.7801289,27.587706,14.323384,-1.7950339
0.048139305,-19.686841,-0.83223931,9.052745,13.897163,-22.791512,-1.7451038,-24.016579,41.787154,-0.82754757,27.625353,16.843552,-1.7715657
0.048170704,-19.746619,-0.82250919,9.033033,14.018051,-22.056156,-1.7819001,-23.673526,40.935019,-0.88616899,27.635261,19.414141,-1.747842
0.0482021,-19.803511,-0.83439272,9.0137898,14.07276,-21.257332,-1.8166728,-23.261404,39.931781,-0.95816647,27.6356,22.003072,-1.7374651
0.048233495,-19.858873,-0.86570777,8.9946211,14.076329,-20.3939,-1.8522357,-22.832692,38.793192,-1.0289389,27.650879,24.608413,-1.7392494
0.048264888,-19.911304,-0.91681848,8.9762326,14.023727,-19.47092,-1.895683,-22.383233,37.478544,-1.0986263,27.68316,27.257525,-1.750989
0.048296279,-19.958039,-0.98700221,8.9586366,13.917693,-18.497114,-1.937341,-21.903546,35.993182,-1.1583981,27.715867,29.873514,-1.7812569
0.048327667,-20.001443,-1.0756363,8.9410278,13.774789,-17.473488,-1.9740626,-21.382057,34.344401,-1.2275629,27.731002,32.404594,-1.7819029
0.048359054,-20.041186,-1.1826862,8.9219121,13.593178,-16.412449,-2.0088424,-20.849154,32.55997,-1.2931989,27.71515,34.837246,-1.7521433
0.048390439,-20.076911,-1.3082765,8.9013996,13.371481,-15.296254,-2.0413091,-20.298844,30.6423,-1.324107,27.649205,37.166854,-1.7577413
0.048421822,-20.106747,-1.4503905,8.8814606,13.112723,-14.148819,-2.0670765,-19.652284,28.597126,-1.3510335,27.517038,39.386726,-1.7464947
0.048453203,-20.131282,-1.6096802,8.8608898,12.815966,-12.966152,-2.0919861,-18.920091,26.420462,-1.3883694,27.376622,41.472054,-1.728186
0.048484582,-20.148743,-1.7870282,8.8406696,12.469184,-11.765756,-2.1148565,-18.133597,24.169475,-1.4271307,27.195735,43.39758,-1.6785497
0.048515959,-20.158866,-1.9771643,8.8208834,12.151804,-10.522318,-2.1347118,-17.300532,21.829168,-1.42938,26.995493,45.143619,-1.5962051
0.048547334,-20.163455,-2.1794218,8.801859,11.822146,-9.2700075,-2.1511008,-16.511041,19.443061,-1.4307238,26.793401,46.715646,-1.5006824
0.048578707,-20.160672,-2.3912399,8.7839636,11.486065,-8.0067757,-2.1604255,-15.774472,17.015684,-1.4120682,26.618277,48.098177,-1.371951
0.048610078,-20.149119,-2.6126195,8.7652002,11.142088,-6.7372689,-2.1711936,-15.03078,14.526616,-1.287161,26.470004,49.297471,-1.2250782
0.048641448,-20.130379,-2.8447497,8.7437234,10.797971,-5.4697467,-2.1765652,-14.267199,12.015125,-1.1701196,26.387407,50.295586,-1.0614212
0.048672815,-20.101875,-3.0855636,8.7191349,10.462517,-4.2327123,-2.1820121,-13.537036,9.5073661,-1.0695274,26.393139,51.105006,-0.88953047
0.04870418,-20.065847,-3.3321247,8.6910972,10.12908,-2.96632,-2.1815421,-12.857121,6.9878497,-0.95448333,26.497697,51.732903,-0.7351241
0.048735544,-20.02286,-3.5811908,8.6628327,9.8034675,-1.69046,-2.1766526,-12.236658,4.4595411,-0.88948791,26.727725,52.186667,-0.58853022
0.048766905,-19.971376,-3.8314023,8.63265,9.4983197,-0.43789654,-2.1649089,-11.67142,1.9251067,-0.9149776,27.060626,52.488575,-0.44740236
0.048798265,-19.909164,-4.0796277,8.6060659,9.212799,0.77461994,-2.1606995,-11.171476,-0.59162679,-0.85250652,27.469577,52.653467,-0.32120631
0.048829623,-19.836757,-4.3268868,8.5784453,8.9179653,1.9664838,-2.1525675,-10.726816,-3.1176644,-0.68841352,27.946246,52.686027,-0.21340266
0.048860978,-19.75713,-4.5700014,8.5496481,8.6425547,3.1190948,-2.1263548,-10.354887,-5.5721323,-0.54743719,28.491879,52.591593,-0.13425393
0.048892332,-19.669547,-4.8117841,8.518607,8.4100967,4.1788604,-2.0978309,-10.155752,-7.8690296,-0.43641965,29.096304,52.380275,-0.090924069
0.048923684,-19.574898,-5.0496211,8.4864978,8.1175596,5.264465,-2.0604058,-10.069924,-10.081995,-0.33168415,29.725595,52.09579,-0.073461232
0.048955034,-19.474615,-5.2772025,8.4569577,7.8150373,6.3313594,-2.0456102,-10.07161,-12.249293,-0.23194602,30.370221,51.750667,-0.085910539
0.048986382,-19.367611,-5.49902,8.4204696,7.5037731,7.3738829,-2.000489,-10.142032,-14.295225,-0.15412853,31.027967,51.328181,-0.1365636
0.049017728,-19.253952,-5.7119912,8.3833229,7.1865349,8.3548109,-1.9589794,-10.286744,-16.224488,-0.080378213,31.686418,50.821165,-0.20696114
0.049049072,-19.135503,-5.9116319,8.3476219,6.8694174,9.2639741,-1.9103155,-10.521812,-18.030708,-0.008484435,32.337857,50.220291,-0.30237525
0.049080414,-19.01413,-6.0975882,8.3094663,6.5795704,10.123699,-1.8519937,-10.863774,-19.675329,0.064862639,32.969218,49.512579,-0.42005703
0.049111755,-18.888312,-6.27236,8.2678337,6.2949313,10.908744,-1.7883167,-11.306453,-21.150824,0.13128666,33.599099,48.695324,-0.56165536
0.049143093,-18.754245,-6.4338167,8.2250537,5.997774,11.623751,-1.7248752,-11.837075,-22.466234,0.19099009,34.253186,47.760161,-0.72427303
0.049174429,-18.617268,-6.5788397,8.1807205,5.6918596,12.278904,-1.6567673,-12.45138,-23.624881,0.23734954,34.922743,46.702611,-0.9058579
0.049205763,-18.477012,-6.7078538,8.1327084,5.3715288,12.842543,-1.5878295,-13.084277,-24.583371,0.27574034,35.602034,45.523834,-1.0924511
0.049237096,-18.332827,-6.8196905,8.0837876,5.0409926,13.32739,-1.5157401,-13.768639,-25.332954,0.30913176,36.299206,44.247366,-1.2846935
0.049268426,-18.185915,-6.9141752,8.0332601,4.6873191,13.727739,-1.4404725,-14.497102,-25.87789,0.33352917,37.025104,42.886421,-1.4850113
0.049299755,-18.037516,-6.9927913,7.9814259,4.3274166,14.040444,-1.3639807,-15.262821,-26.230196,0.34762289,37.77665,41.442403,-1.6940216
0.049331081,-17.891097,-7.054268,7.9293812,3.9544271,14.271199,-1.2870624,-16.044101,-26.391912,0.36112096,38.54127,39.929127,-1.9030288
0.049362405,-17.745524,-7.0978597,7.8743567,3.5635923,14.41661,-1.2101253,-16.833984,-26.373514,0.37467509,39.307388,38.354404,-2.1016531
0.049393728,-17.60073,-7.1237458,7.8167764,3.1697055,14.47628,-1.132122,-17.648081,-26.179388,0.38538987,40.09524,36.746902,-2.277682
0.049425049,-17.455548,-7.1325588,7.7574579,2.7623551,14.450047,-1.0559336,-18.480378,-25.816778,0.38982714,40.915292,35.131095,-2.4444934
0.049456367,-17.31205,-7.1250744,7.6968579,2.3452884,14.334952,-0.98385194,-19.281912,-25.284345,0.40187074,41.75178,33.505391,-2.6038879
0.049487684,-17.172911,-7.1008298,7.6349544,1.907367,14.138159,-0.91771769,-20.075799,-24.590739,0.41138896,42.577264,31.868953,-2.7472337
0.049518999,-17.03783,-7.0621629,7.571075,1.4571849,13.849862,-0.85391315,-20.857292,-23.741054,0.41888888,43.366888,30.218283,-2.8711438
0.049550312,-16.906929,-7.0080345,7.5056078,0.997094,13.469367,-0.79511315,-21.620389,-22.737938,0.43107059,44.20158,28.57885,-2.9594646
0.049581623,-16.780843,-6.9398077,7.4391781,0.53606799,13.003778,-0.7408808,-22.361231,-21.585936,0.44465676,45.034086,26.961958,-2.9965202
0.049612932,-16.658682,-6.856775,7.3723923,0.06275445,12.457654,-0.68922512,-23.067875,-20.284946,0.46119452,45.829877,25.341497,-3.0205626
0.049644239,-16.543683,-6.7606785,7.3034433,-0.43016697,11.83106,-0.64038086,-23.7565,-18.851114,0.47553907,46.569632,23.676612,-3.0312749
0.049675545,-16.435705,-6.6521259,7.2342274,-0.90712615,11.12525,-0.58824035,-24.425357,-17.299444,0.48760422,47.226096,21.936753,-3.0229909
0.049706849,-16.333432,-6.5308502,7.1641259,-1.358744,10.340102,-0.54545351,-25.060388,-15.658163,0.5075456,47.77722,20.105784,-2.9717471
0.049738151,-16.237105,-6.3979678,7.092851,-1.8036768,9.4661958,-0.51527688,-25.657689,-13.904245,0.52401545,48.21671,18.156446,-2.8855403
0.049769451,-16.147682,-6.2562269,7.0207839,-2.2386426,8.5128042,-0.49701568,-26.304183,-12.0102,0.53809492,48.543831,16.037056,-2.7998643
0.049800749,-16.064058,-6.1057439,6.9504366,-2.6537611,7.4896287,-0.48451736,-26.946556,-10.030706,0.52744323,48.750304,13.735303,-2.6998822
0.049832046,-15.987113,-5.9459038,6.8798103,-3.046286,6.3990847,-0.47887874,-27.521311,-7.9637693,0.57736378,48.766537,11.266446,-2.5727416
0.049863341,-15.917748,-5.7763262,6.8075882,-3.4082237,5.2538503,-0.48441853,-28.064151,-5.7459282,0.64151563,48.635762,8.6679209,-2.4304819
0.049894635,-15.854102,-5.5968871,6.7337699,-3.7304635,4.0593946,-0.4934608,-28.610435,-3.4794158,0.69036926,48.346774,5.999814,-2.2886243
0.049925927,-15.799725,-5.4113451,6.6575421,-3.9994874,2.8590294,-0.50408378,-29.108396,-1.1294027,0.73057944,47.929201,3.2775316,-2.1363777
0.049957217,-15.752073,-5.2210479,6.5797403,-4.2377326,1.6309829,-0.49952397,-29.575675,1.2750281,0.79597898,47.393604,0.54136631,-1.9761715
0.049988505,-15.712308,-5.0259272,6.5025325,-4.4519723,0.22486133,-0.53130438,-29.982291,3.7190354,0.87742376,46.758982,-2.1947271,-1.8109777
0.050019792,-15.677153,-4.8265866,6.4248766,-4.6207206,-1.2435681,-0.55995201,-30.322421,6.2290584,0.96592711,46.021134,-4.8953791,-1.6384105
0.050051078,-15.648162,-4.625401,6.3442741,-4.740196,-2.747222,-0.58947871,-30.623757,8.7958204,1.0796683,45.187671,-7.5013117,-1.522443
0.050082362,-15.625793,-4.4245023,6.2611346,-4.8105111,-4.2600822,-0.61819765,-30.892514,11.349617,1.2055924,44.27069,-9.9772417,-1.3895275
0.050113644,-15.608843,-4.2212135,6.1788138,-4.8273382,-5.7698483,-0.64121298,-31.138588,13.897127,1.3495745,43.303,-12.301903,-1.2467592
0.050144925,-15.598848,-4.0176655,6.0899014,-4.7851863,-7.2865916,-0.65571732,-31.356595,16.392157,1.5115554,42.289537,-14.466816,-1.1123617
0.050176205,-15.59312,-3.8157164,6.0068056,-4.6885058,-8.8486995,-0.70392827,-31.567352,18.840891,1.7044965,41.237019,-16.4392,-0.98518827
0.050207482,-15.591693,-3.615647,5.9225732,-4.561997,-10.404363,-0.76218267,-31.774944,21.263961,1.9287313,40.178172,-18.177353,-0.88447253
0.050238759,-15.594424,-3.417133,5.8363724,-4.3334059,-11.903665,-0.78947531,-32.001712,23.674257,2.1893511,39.134252,-19.664459,-0.7924085
0.050270034,-15.601205,-3.2202445,5.7470351,-4.0230209,-13.371814,-0.81167643,-32.255073,26.042554,2.4867629,38.103527,-20.900875,-0.71069555
0.050301308,-15.611866,-3.0275331,5.6553701,-3.6418629,-14.800559,-0.82829913,-32.544263,28.343475,2.8124268,37.090971,-21.845147,-0.64083811
0.05033258,-15.623274,-2.8433193,5.563574,-3.2095229,-16.181508,-0.83687399,-32.814582,30.54746,3.1697651,36.090684,-22.4998,-0.58644414
0.050363852,-15.641509,-2.6678736,5.4712754,-2.7570574,-17.485553,-0.84081376,-33.058981,32.630419,3.5547991,35.121821,-22.864301,-0.54421243
0.050395121,-15.663472,-2.4998031,5.3815164,-2.2161651,-18.694554,-0.84955697,-33.310718,34.570079,3.9364493,34.18549,-22.944205,-0.51782065
0.05042639,-15.688547,-2.3389299,5.2903015,-1.6487222,-19.800819,-0.86058988,-33.589032,36.380794,4.3090217,33.295708,-22.754209,-0.5064604
0.050457657,-15.716764,-2.1868031,5.2000176,-1.0548622,-20.820479,-0.85881562,-33.872746,38.047059,4.6823892,32.443055,-22.302459,-0.50255135
0.050488923,-15.748356,-2.042993,5.1056294,-0.44420377,-21.730413,-0.85284171,-34.135748,39.565644,5.0321943,31.608634,-21.583904,-0.51091507
0.050520188,-15.780825,-1.9089324,5.0078333,0.20125643,-22.519374,-0.84863693,-34.333903,40.942003,5.3505026,30.801887,-20.629952,-0.52644049
0.050551451,-15.813981,-1.7848759,4.9089458,0.86924621,-23.174274,-0.83272626,-34.46789,42.209994,5.6169674,30.029686,-19.43349,-0.53130296
0.050582713,-15.849018,-1.6692094,4.8096276,1.541477,-23.724324,-0.80610079,-34.521314,43.319289,5.8146722,29.318184,-18.001414,-0.53632074
0.050613974,-15.885108,-1.5643157,4.7096071,2.2203161,-24.163235,-0.77703845,-34.5008,44.275072,5.9153843,28.684337,-16.343915,-0.53354974
0.050645234,-15.919897,-1.4714834,4.6070522,2.8768151,-24.538037,-0.74563568,-34.422719,45.085302,5.9522405,28.121437,-14.446164,-0.53133901
0.050676493,-15.954991,-1.3909945,4.5026801,3.499657,-24.833239,-0.71244494,-34.276411,45.75185,5.919428,27.646579,-12.323395,-0.54483659
0.05070775,-15.988504,-1.3229778,4.3964831,4.0837264,-25.029393,-0.67834601,-34.063415,46.284053,5.8172514,27.26806,-10.008026,-0.52366783
0.050739006,-16.019489,-1.2674789,4.2891344,4.6245911,-25.123962,-0.64426401,-33.795759,46.679113,5.6675817,27.000045,-7.5054822,-0.4322284
0.050770261,-16.047031,-1.2228299,4.1796345,5.1372619,-25.127959,-0.6115999,-33.456539,46.941575,5.4637851,26.84893,-4.8020933,-0.29648589
0.050801515,-16.073831,-1.1879824,4.0692376,5.5995588,-25.040218,-0.57588229,-33.009961,47.071546,5.2084034,26.770157,-1.9278165,-0.14074094
0.050832768,-16.098225,-1.1644973,3.9579957,6.0169133,-24.862547,-0.53947098,-32.471379,47.073401,4.8927805,26.770457,1.1110679,0.029788849
0.050864019,-16.118233,-1.1521271,3.8447815,6.3919335,-24.604233,-0.50201301,-31.857723,46.960039,4.5338538,26.859288,4.2851321,0.23427331
0.05089527,-16.13387,-1.1508099,3.7292194,6.7162496,-24.273196,-0.4611068,-31.174204,46.733679,4.1428008,27.079132,7.5973996,0.50359434
0.050926519,-16.145749,-1.1608917,3.6138971,7.0013179,-23.867005,-0.42052819,-30.454835,46.379849,3.7219553,27.33073,11.001565,0.84009351
0.050957767,-16.153426,-1.1827787,3.4985678,7.2251858,-23.391934,-0.37725699,-29.699718,45.881565,3.2763012,27.586005,14.431692,1.249845
0.050989014,-16.158134,-1.2155369,3.3811067,7.3902123,-22.847822,-0.33507568,-28.913719,45.24181,2.82129,27.859253,17.880295,1.7187341
0.05102026,-16.157825,-1.2563,3.2638668,7.5013282,-22.235273,-0.29279679,-28.084054,44.526333,2.3848766,28.143886,21.322026,2.2238572
0.051051504,-16.153004,-1.3058951,3.1463781,7.5520532,-21.564747,-0.25191372,-27.241913,43.679619,1.9592123,28.439191,24.585344,2.7859664
0.051082747,-16.141409,-1.3649873,3.0277505,7.5433079,-20.833561,-0.21435372,-26.388741,42.67716,1.5628966,28.747289,27.692296,3.4386611
0.05111399,-16.122465,-1.4327818,2.9083883,7.4729581,-20.045949,-0.17673214,-25.530542,41.516503,1.193395,29.015163,30.645632,4.2022472
0.051145231,-16.098447,-1.5087443,2.7864937,7.3521546,-19.217881,-0.13611523,-24.673948,40.206404,0.84777367,29.228051,33.44632,4.9401958
0.05117647,-16.068161,-1.5925793,2.6630101,7.1839923,-18.354577,-0.0900039,-23.808465,38.765804,0.53099157,29.402941,36.081963,5.6881902
0.051207709,-16.031971,-1.682969,2.5379166,6.9767164,-17.452705,-0.043594669,-22.949932,37.208325,0.25675097,29.594635,38.509675,6.4095638
0.051238946,-15.98845,-1.7777203,2.4112521,6.732898,-16.511848,0.0014998403,-22.114377,35.599475,0.012082036,29.754333,40.714045,7.0913495
0.051270183,-15.938176,-1.8767639,2.283022,6.4506468,-15.538748,0.045442259,-21.292452,33.926451,-0.18694285,29.918012,42.687634,7.7551501
0.051301418,-15.88193,-1.9789802,2.1536592,6.1246498,-14.54053,0.088876808,-20.423821,32.214279,-0.35067722,30.085726,44.410427,8.2993769
0.051332652,-15.818105,-2.0843964,2.0230594,5.754403,-13.526806,0.12792722,-19.473328,30.456788,-0.48956806,30.271656,45.877035,8.7319977
0.051363885,-15.747761,-2.1938941,1.8918206,5.3344913,-12.490602,0.16848425,-18.513686,28.637333,-0.59638901,30.482307,47.102786,9.0159102
0.051395116,-15.671726,-2.3050216,1.7601833,4.901299,-11.443858,0.20273433,-17.574138,26.768647,-0.66441084,30.751468,48.09326,9.1703708
0.051426347,-15.58905,-2.4170009,1.628157,4.4593331,-10.375508,0.24007497,-16.66093,24.856693,-0.71764027,31.142164,48.87721,9.2235325
0.051457576,-15.50103,-2.5300404,1.4937931,4.0017455,-9.2962341,0.26855165,-15.759541,22.922835,-0.7189467,31.627664,49.479538,9.1571225
0.051488804,-15.410746,-2.6426226,1.3582145,3.5253692,-8.2163818,0.29780248,-14.897924,20.974716,-0.64075227,32.207574,49.919773,8.970359
0.051520031,-15.31656,-2.7535747,1.2215481,3.0379162,-7.1406868,0.32595613,-14.10358,18.983167,-0.53402451,32.87204,50.22127,8.6423493
0.051551256,-15.218751,-2.8615034,1.083969,2.5415022,-6.0742935,0.35107987,-13.378832,16.938635,-0.43235859,33.622991,50.381327,8.1844165
0.051582481,-15.11675,-2.9648253,0.94672106,2.0449625,-5.0384593,0.37504687,-12.709331,14.824053,-0.33438657,34.420841,50.443794,7.6098174
0.051613704,-15.011121,-3.0639824,0.80924411,1.5385129,-3.9965239,0.40020124,-12.148516,12.650626,-0.22115416,35.260144,50.416744,6.9420073
0.051644926,-14.905946,-3.1574482,0.67431267,1.0071248,-2.9561445,0.46170743,-11.722203,10.433128,-0.098866569,36.134207,50.34896,6.2037029
0.051676147,-14.798281,-3.2460139,0.53444898,0.47859443,-1.9213723,0.49826322,-11.457068,8.2414796,0.02794006,37.023191,50.231527,5.4272061
0.051707366,-14.687286,-3.3280117,0.39195477,-0.055903687,-0.91028625,0.52701048,-11.340009,6.0529574,0.16672731,37.916724,50.045543,4.6331502
0.051738584,-14.574474,-3.4022333,0.24935706,-0.59847429,0.068356506,0.55665406,-11.31692,3.8597874,0.31752813,38.790931,49.79368,3.8677697
0.051769801,-14.460504,-3.4693742,0.10857802,-1.1451007,1.0038667,0.58598964,-11.386107,1.6703235,0.47029957,39.6391,49.486973,3.1180579
0.051801017,-14.3465,-3.5306126,-0.031653654,-1.6881265,1.8746865,0.61180064,-11.52901,-0.50536035,0.63457995,40.441971,49.104077,2.3852408
0.051832232,-14.231939,-3.5846899,-0.17243939,-2.2232777,2.6487512,0.64154038,-11.784587,-2.6204518,0.80548249,41.199481,48.614888,1.6782271
0.051863445,-14.117608,-3.6316855,-0.31441757,-2.7959802,3.4443975,0.67430905,-12.154515,-4.659781,0.98933145,41.919944,48.004627,1.0033277
0.051894657,-14.004184,-3.6707646,-0.45730458,-3.3673512,4.2088916,0.72400052,-12.617558,-6.606511,1.1987952,42.63029,47.260846,0.37046136
0.051925868,-13.893392,-3.7014912,-0.60079985,-3.9284122,4.9350862,0.74586008,-13.173674,-8.461951,1.4285973,43.308905,46.376428,-0.2236953
0.051957077,-13.780967,-3.7255887,-0.74346469,-4.4665483,5.607373,0.76163398,-13.835412,-10.210185,1.6877761,43.942237,45.346699,-0.77995789
0.051988286,-13.664083,-3.7428638,-0.88663808,-5.001787,6.2104333,0.77217423,-14.589191,-11.826613,1.977941,44.537199,44.174715,-1.2992929
0.052019493,-13.54814,-3.7522247,-1.0292034,-5.5335629,6.7794621,0.78088034,-15.421085,-13.266668,2.3063985,45.096465,42.879867,-1.7777883
0.052050699,-13.432556,-3.7549636,-1.1721849,-6.070445,7.3128936,0.77951147,-16.303857,-14.508327,2.5978836,45.616151,41.464403,-2.2299863
0.052081903,-13.319035,-3.7505763,-1.3149918,-6.6279081,7.810649,0.79688188,-17.222657,-15.579672,2.8638434,46.094096,39.929197,-2.6450234
0.052113107,-13.208949,-3.7383436,-1.4587647,-7.1969008,8.2562139,0.80477541,-18.163917,-16.460881,3.1166522,46.537584,38.29442,-3.022548
0.052144309,-13.099962,-3.7199318,-1.6020457,-7.785796,8.6149574,0.8080611,-19.115679,-17.165134,3.3526732,46.959704,36.578519,-3.3721868
0.05217551,-12.991443,-3.6962329,-1.7444256,-8.3915223,8.9027316,0.80966876,-20.074287,-17.692924,3.5645144,47.35415,34.807777,-3.6842319
0.05220671,-12.885971,-3.6657702,-1.8875057,-8.9930604,9.1313598,0.80121832,-21.039797,-18.047411,3.7488765,47.710642,32.977224,-3.9672631
0.052237908,-12.781858,-3.6301112,-2.0310948,-9.6096631,9.292751,0.79608659,-21.997413,-18.220678,3.9000218,47.997019,31.084979,-4.23285
0.052269106,-12.679655,-3.5906328,-2.1742407,-10.252013,9.3791751,0.78253609,-22.962627,-18.222365,4.0140147,48.316801,29.161751,-4.4662983
0.052300302,-12.580608,-3.5458713,-2.317088,-10.900816,9.399038,0.76463161,-23.891533,-18.046887,4.0943836,48.647023,27.212379,-4.664682
0.052331497,-12.48421,-3.4986716,-2.4600976,-11.55117,9.3463717,0.73795847,-24.79914,-17.704001,4.1431596,48.950312,25.233385,-4.8127777
0.052362691,-12.391677,-3.4471046,-2.6023842,-12.216302,9.2193752,0.70671248,-25.651448,-17.206648,4.1653388,49.206184,23.229181,-4.9359516
0.052393884,-12.301931,-3.3911357,-2.7438826,-12.893313,9.0261114,0.67188178,-26.465609,-16.531123,4.1548303,49.434473,21.184568,-5.0450901
0.052425076,-12.215687,-3.3311497,-2.8853396,-13.571892,8.7716613,0.63403486,-27.283066,-15.638125,4.147818,49.604638,19.108433,-5.1457631
0.052456267,-12.132506,-3.2678949,-3.0273426,-14.255294,8.4516433,0.59104587,-28.047803,-14.54577,4.1609954,49.70254,16.934728,-5.1862973
0.052487457,-12.053107,-3.2013446,-3.1696516,-14.945848,8.067803,0.54008155,-28.747892,-13.323133,4.1745419,49.741535,14.648067,-5.0941004
0.052518645,-11.976594,-3.1327295,-3.3125051,-15.640538,7.6176702,0.49140889,-29.388476,-11.960475,4.1721493,49.726308,12.217584,-4.9211248
0.052549833,-11.904399,-3.0618938,-3.4547824,-16.336915,7.1014665,0.43418467,-29.969556,-10.455197,4.1841178,49.606602,9.6266401,-4.7548202
0.05258102,-11.834654,-2.9910048,-3.5948473,-17.045723,6.5222012,0.37262859,-30.486568,-8.8132088,4.2163428,49.352981,6.8785815,-4.5623549
0.052612205,-11.769009,-2.9180668,-3.7337646,-17.737025,5.8932253,0.30614718,-30.941892,-7.0207998,4.2572943,48.998894,3.9799481,-4.2848001
0.05264339,-11.707162,-2.8442231,-3.872436,-18.42114,5.2156561,0.23521167,-31.339625,-5.1153033,4.3200804,48.546218,0.92142922,-3.9101901
0.052674574,-11.648906,-2.7701664,-4.0114879,-19.09187,4.5033997,0.16175452,-31.685729,-3.0942009,4.3838793,48.04648,-2.1719763,-3.4486351
0.052705757,-11.593899,-2.6953445,-4.1504509,-19.746863,3.7508989,0.098154567,-31.972898,-0.96761907,4.4781513,47.442558,-5.2598997,-2.9267285
0.052736939,-11.540162,-2.6209583,-4.2896069,-20.388047,2.9776077,0.0264044,-32.195246,1.2374823,4.6221012,46.755896,-8.3056298,-2.4137722
0.052768121,-11.488572,-2.5481256,-4.4286757,-21.008181,2.1444549,-0.05241983,-32.427494,3.4937466,4.8075286,46.002238,-11.290197,-1.8513583
0.052799301,-11.439144,-2.4764345,-4.5671263,-21.600704,1.2433834,-0.12334697,-32.662048,5.7968068,5.0310429,45.16623,-14.187404,-1.2605335
0.052830481,-11.3929,-2.4054847,-4.7054993,-22.159614,0.3066541,-0.19481166,-32.858254,8.1454441,5.2892607,44.246078,-16.975341,-0.70588897
0.05286166,-11.349304,-2.3354931,-4.8433994,-22.684949,-0.65865565,-0.27381626,-33.019414,10.54108,5.6048895,43.228589,-19.601323,-0.22952898
0.052892838,-11.308682,-2.2671448,-4.9808306,-23.160927,-1.6355439,-0.34929012,-33.168128,12.964952,5.9816736,42.14189,-22.043653,0.15741075
0.052924016,-11.270949,-2.201246,-5.1180369,-23.629196,-2.6308336,-0.41409621,-33.324129,15.377263,6.4423512,41.013879,-24.300801,0.45583845
0.052955193,-11.236058,-2.1374716,-5.2560608,-24.06032,-3.6452811,-0.46875748,-33.494101,17.752009,6.9883591,39.888341,-26.360166,0.65995009
0.052986369,-11.20365,-2.0764976,-5.3942727,-24.462803,-4.6858992,-0.50845104,-33.675329,20.074426,7.5449819,38.789364,-28.186634,0.81552186
0.053017544,-11.172798,-2.0182793,-5.5319365,-24.841497,-5.7355548,-0.52177186,-33.872545,22.330241,8.1766326,37.710488,-29.761925,0.90627197
0.053048719,-11.142795,-1.9628922,-5.6694372,-25.147261,-6.7723602,-0.53485733,-34.104376,24.547648,8.8633295,36.647029,-31.052692,0.94239877
0.053079893,-11.113851,-1.9095121,-5.8069189,-25.395171,-7.7868433,-0.5452037,-34.394625,26.707077,9.5849899,35.589594,-32.088826,0.92258344
0.053111067,-11.085788,-1.8588031,-5.9441836,-25.590484,-8.7981155,-0.55337699,-34.707581,28.784415,10.361227,34.590435,-32.85622,0.83259724
0.05314224,-11.058936,-1.8096112,-6.0810407,-25.741378,-9.7883702,-0.55310572,-35.006588,30.729764,11.155116,33.556829,-33.398997,0.67865928
0.053173412,-11.03289,-1.7629074,-6.2178032,-25.855606,-10.758175,-0.54467516,-35.278225,32.518366,11.938385,32.477602,-33.706163,0.46824906
0.053204584,-11.007623,-1.7195213,-6.3544944,-25.937,-11.694255,-0.52886462,-35.50756,34.137602,12.700647,31.367219,-33.807079,0.21228128
0.053235755,-10.98312,-1.6789643,-6.4914679,-25.989254,-12.590824,-0.4854103,-35.754156,35.632788,13.419352,30.246986,-33.668091,-0.089040463
0.053266926,-10.958717,-1.6407919,-6.6283821,-26.013916,-13.446468,-0.43502339,-35.997685,37.010793,14.083025,29.145191,-33.260911,-0.43199513
0.053298096,-10.93458,-1.6054114,-6.7657768,-26.016277,-14.266723,-0.38626801,-36.230189,38.266729,14.654765,28.133093,-32.600865,-0.80416803
0.053329266,-10.910708,-1.5716423,-6.9032149,-25.997655,-15.052948,-0.32521779,-36.384464,39.386761,15.114265,27.201473,-31.720307,-1.1952185
0.053360435,-10.885965,-1.5389124,-7.0404549,-25.95696,-15.794794,-0.25795296,-36.46165,40.38485,15.404583,26.349468,-30.613031,-1.603468
0.053391604,-10.86095,-1.5076757,-7.1773522,-25.895338,-16.480219,-0.19050259,-36.469682,41.267711,15.520175,25.571169,-29.287731,-2.0256859
0.053422772,-10.835293,-1.4776432,-7.3140645,-25.808688,-17.102663,-0.1179554,-36.440324,42.057537,15.514958,24.86473,-27.729613,-2.4175659
0.05345394,-10.809656,-1.4484832,-7.4508985,-25.69086,-17.674781,-0.035015157,-36.365758,42.760752,15.391268,24.227717,-25.936341,-2.754914
0.053485107,-10.78292,-1.4199374,-7.5877675,-25.563591,-18.186933,0.056526533,-36.240941,43.351049,15.131769,23.655453,-23.921088,-3.0405465
0.053516274,-10.755362,-1.392093,-7.7252357,-25.431502,-18.633985,0.14820704,-36.038065,43.856469,14.746365,23.184565,-21.66865,-3.2586632
0.05354744,-10.728931,-1.3646913,-7.8638915,-25.302657,-19.023756,0.23937788,-35.746465,44.265472,14.238474,22.795734,-19.253324,-3.382217
0.053578606,-10.698798,-1.3379593,-8.0026878,-25.179101,-19.361503,0.33201457,-35.353832,44.581714,13.608396,22.48952,-16.653552,-3.4172523
0.053609771,-10.665451,-1.3110178,-8.1413738,-25.062079,-19.647176,0.42429384,-34.873875,44.795985,12.863561,22.277442,-13.866714,-3.3469156
0.053640936,-10.630587,-1.2840494,-8.2802669,-24.953077,-19.873433,0.51829788,-34.312592,44.942025,12.020636,22.123476,-10.896116,-3.1623481
0.0536721,-10.59523,-1.2563912,-8.418971,-24.853818,-20.044437,0.61510975,-33.67196,44.984019,11.093766,22.023952,-7.7611102,-2.846457
0.053703264,-10.558692,-1.2282765,-8.5574657,-24.774338,-20.163728,0.714171,-32.9763,44.926096,10.068783,22.004254,-4.4710776,-2.4081376
0.053734428,-10.521031,-1.1988662,-8.6955872,-24.721433,-20.225546,0.81398557,-32.230374,44.769799,8.9892797,22.066965,-1.0288287,-1.8203771
0.053765591,-10.483124,-1.167927,-8.83427,-24.688428,-20.233589,0.9185003,-31.440942,44.531342,7.8990729,22.217739,2.5498009,-1.0644404
0.053796754,-10.444537,-1.1354862,-8.9734734,-24.674615,-20.193552,1.0265228,-30.620165,44.192735,6.815155,22.326314,6.2108444,-0.12638265
0.053827916,-10.404577,-1.1013869,-9.1135766,-24.665877,-20.102756,1.1404279,-29.789392,43.744447,5.7497987,22.460808,9.9264709,0.97846017
0.053859077,-10.364034,-1.0656649,-9.2548179,-24.682439,-19.967196,1.2553866,-28.933875,43.172285,4.7084128,22.658407,13.667538,2.2181622
0.053890239,-10.322558,-1.0277174,-9.3937853,-24.717852,-19.786566,1.3704345,-28.064183,42.478573,3.7452942,22.884139,17.427628,3.5887251
0.053921399,-10.278747,-0.98814269,-9.5314313,-24.773544,-19.559741,1.4873012,-27.189848,41.669833,2.8565196,23.157909,21.095788,5.0858768
0.05395256,-10.234502,-0.94646002,-9.6683635,-24.843188,-19.291823,1.6065889,-26.319997,40.728835,2.0315306,23.488697,24.600113,6.5947392
0.05398372,-10.189508,-0.90297076,-9.8046961,-24.929587,-18.983279,1.7280458,-25.432732,39.646025,1.3082391,23.869972,27.962769,8.1700484
0.054014879,-10.143676,-0.85826832,-9.9407135,-25.028241,-18.63389,1.8517481,-24.559326,38.43548,0.65966917,24.297294,31.138985,9.7358717
0.054046038,-10.097219,-0.81189349,-10.07649,-25.123964,-18.246491,1.9774512,-23.704377,37.112595,0.075314281,24.752269,34.089775,11.201953
0.054077196,-10.05158,-0.76342151,-10.210828,-25.22235,-17.823594,2.1063814,-22.858803,35.703629,-0.42856933,25.359644,36.791355,12.560475
0.054108354,-10.006156,-0.71349955,-10.344139,-25.316795,-17.36187,2.2335091,-22.056513,34.231,-0.8733347,26.090456,39.228022,13.724402
0.054139512,-9.9610405,-0.66250757,-10.476658,-25.407341,-16.881,2.3621165,-21.242939,32.674818,-1.2446433,26.952372,41.400253,14.696272
0.054170669,-9.9169114,-0.60912623,-10.608361,-25.5008,-16.365353,2.4945839,-20.406909,31.024314,-1.5188056,27.937917,43.35958,15.271558
0.054201826,-9.8722893,-0.55434785,-10.739308,-25.605333,-15.816384,2.6209296,-19.548367,29.281437,-1.7281246,29.044834,45.091736,15.466634
0.054232982,-9.8287549,-0.49840225,-10.869493,-25.728617,-15.248198,2.7371676,-18.677728,27.462116,-1.8864632,30.287416,46.606976,15.40926
0.054264137,-9.7868607,-0.44208411,-10.998131,-25.866866,-14.649596,2.8504098,-17.825253,25.575762,-1.9840834,31.706836,47.92226,15.08626
0.054295293,-9.7470119,-0.38496273,-11.125095,-26.019499,-14.027152,2.9505811,-16.980532,23.626282,-2.0148569,33.242295,49.065775,14.495378
0.054326447,-9.7033317,-0.32796912,-11.252221,-26.189569,-13.386396,3.0434117,-16.146281,21.627696,-1.9853267,34.871072,50.062483,13.621711
0.054357601,-9.6611697,-0.27075303,-11.377788,-26.379215,-12.724292,3.1331012,-15.394235,19.603525,-1.8702724,36.587051,50.937441,12.415668
0.054388755,-9.6201798,-0.21324279,-11.501368,-26.587061,-12.047005,3.2184351,-14.698143,17.546322,-1.64379,38.372944,51.716604,10.900928
0.054419908,-9.5811664,-0.15591929,-11.622736,-26.807669,-11.35607,3.3032717,-14.066003,15.443182,-1.420433,40.193225,52.430189,9.2209442
0.054451061,-9.5432484,-0.098977121,-11.742537,-27.04279,-10.650046,3.3813002,-13.521893,13.304754,-1.21452,42.047427,53.076099,7.4286041
0.054482213,-9.5069584,-0.043675629,-11.860566,-27.295546,-9.9296112,3.4577828,-13.081222,11.132696,-0.99631746,43.921106,53.639712,5.5734511
0.054513365,-9.4720768,0.010412412,-11.977354,-27.56166,-9.1920645,3.5299819,-12.751343,8.9130083,-0.73506035,45.801515,54.10941,3.6975634
0.054544516,-9.4390368,0.063003613,-12.0927,-27.840784,-8.442533,3.6011648,-12.454936,6.6573353,-0.50347025,47.673322,54.466481,1.8578722
0.054575666,-9.4073788,0.11370147,-12.206513,-28.129679,-7.6833208,3.6674466,-12.291192,4.4011898,-0.2136597,49.592725,54.705052,0.085925285
0.054606816,-9.3766408,0.16128677,-12.319293,-28.423123,-6.9112982,3.7225517,-12.284647,2.1623886,0.12775676,51.526869,54.830087,-1.5947601
0.054637966,-9.3470298,0.20570923,-12.430684,-28.719134,-6.1331904,3.7709636,-12.393483,-0.047934837,0.50622407,53.433273,54.844157,-3.1612205
0.054669115,-9.3191681,0.24723526,-12.540495,-29.021426,-5.3480134,3.8375075,-12.595964,-2.235973,0.90259992,55.213759,54.744761,-4.5895806
0.054700263,-9.2931173,0.28556712,-12.649088,-29.328043,-4.5724494,3.9040912,-12.891994,-4.4162556,1.3117115,56.85493,54.53465,-5.8893782
0.054731411,-9.2684993,0.32103261,-12.756386,-29.639395,-3.7994053,3.9671403,-13.264014,-6.5678517,1.7315631,58.348329,54.215837,-7.0453098
0.054762559,-9.2450989,0.35310218,-12.862543,-29.950013,-3.030396,4.0289106,-13.699988,-8.6322257,2.1882709,59.694707,53.776779,-8.044267
0.054793706,-9.2231875,0.38100395,-12.967355,-30.263173,-2.2642032,4.0906688,-14.234136,-10.55115,2.7468616,60.903591,53.233823,-8.8569338
0.054824852,-9.202334,0.40459453,-13.071014,-30.577073,-1.4947996,4.1475588,-14.850028,-12.35297,3.4327692,61.971617,52.562223,-9.5644078
0.054855998,-9.1831886,0.42403793,-13.173154,-30.897813,-0.73043784,4.2030579,-15.525124,-14.041722,4.0978151,62.895649,51.752508,-10.145985
0.054887144,-9.1631535,0.43892716,-13.274388,-31.212826,0.016291004,4.25546,-16.240278,-15.565581,4.7140031,63.678905,50.783245,-10.651651
0.054918289,-9.143298,0.44854117,-13.375063,-31.517875,0.73808769,4.3058883,-16.994231,-16.939446,5.2743077,64.325297,49.65779,-11.077427
0.054949433,-9.1232869,0.45254073,-13.474494,-31.807891,1.4395162,4.3574973,-17.787037,-18.170067,5.7948254,64.849445,48.408641,-11.45215
0.054980577,-9.1036199,0.45136689,-13.572366,-32.08926,2.1240427,4.4212947,-18.623378,-19.238932,6.296277,65.257931,47.027385,-11.79057
0.055011721,-9.0840919,0.44510395,-13.668994,-32.363469,2.7860944,4.4702114,-19.524671,-20.187718,6.7417872,65.555243,45.508638,-12.101876
0.055042864,-9.0648211,0.43344999,-13.764316,-32.631013,3.4276815,4.5023634,-20.398082,-20.99122,7.1362207,65.736839,43.844139,-12.393324
0.055074007,-9.0453854,0.41651986,-13.85841,-32.901748,4.0475495,4.5402509,-21.249515,-21.648731,7.4653114,65.803829,42.028307,-12.673004
0.05510515,-9.0259974,0.39439399,-13.951693,-33.184901,4.649592,4.5686802,-22.087081,-22.164751,7.7254329,65.747649,40.056517,-12.930803
0.055136292,-9.0062427,0.36671702,-14.043728,-33.482998,5.2042681,4.5867746,-22.92691,-22.541207,7.8906945,65.600279,37.964213,-13.165012
0.055167434,-8.9857776,0.33410498,-14.134627,-33.752112,5.7337659,4.610548,-23.758866,-22.775245,7.9711894,65.376268,35.760512,-13.389232
0.055198576,-8.9647626,0.29611,-14.224752,-34.019663,6.2356265,4.6255627,-24.569546,-22.882115,7.9840351,65.062708,33.465669,-13.630687
0.055229717,-8.9428519,0.25295933,-14.313981,-34.287928,6.7066188,4.633805,-25.36495,-22.870299,7.9224096,64.644055,31.083079,-13.887838
0.055260858,-8.9191442,0.2053168,-14.401601,-34.554026,7.146794,4.6374228,-26.132516,-22.731866,7.7909098,64.105956,28.616939,-14.151142
0.055291999,-8.8941065,0.15360946,-14.486358,-34.821504,7.552532,4.6345929,-26.858168,-22.459616,7.593342,63.514836,26.110756,-14.382378
0.055323139,-8.8689236,0.09724835,-14.569686,-35.091454,7.9191005,4.6258417,-27.564554,-22.04976,7.3537072,62.904265,23.555027,-14.590721
0.05535428,-8.8435603,0.036327947,-14.651514,-35.361146,8.2398768,4.6141076,-28.250439,-21.491875,7.1030828,62.221236,20.959908,-14.811326
0.05538542,-8.8174246,-0.027798107,-14.731704,-35.639325,8.5195824,4.5966499,-28.896297,-20.799171,6.8325806,61.448154,18.294845,-15.036958
0.05541656,-8.7899214,-0.095034588,-14.810133,-35.924942,8.7603695,4.574403,-29.510087,-19.991429,6.5238251,60.590737,15.534136,-15.2561
0.055447699,-8.7614921,-0.16501908,-14.886969,-36.221001,8.9470084,4.5431168,-30.135035,-19.056053,6.2055692,59.596237,12.745893,-15.345231
0.055478839,-8.7323333,-0.23667814,-14.96184,-36.523037,9.088603,4.5041572,-30.74762,-17.995956,5.8750126,58.442163,9.9125131,-15.312571
0.055509979,-8.7031243,-0.30988022,-15.034621,-36.830872,9.1871259,4.4585717,-31.337971,-16.837717,5.5483126,57.153782,7.0418963,-15.218502
0.055541118,-8.6739212,-0.38479406,-15.104977,-37.141789,9.2380961,4.407923,-31.934949,-15.603893,5.2334132,55.765753,4.0592818,-15.003484
0.055572257,-8.6447409,-0.46122149,-15.17294,-37.459897,9.2352625,4.3514531,-32.507971,-14.227386,4.9677722,54.289574,0.94347762,-14.599555
0.055603396,-8.6156114,-0.53814646,-15.238704,-37.770683,9.1791438,4.2881532,-33.035517,-12.708473,4.7373097,52.651904,-2.2354579,-14.036618
0.055634536,-8.5867233,-0.61415432,-15.302266,-38.079601,9.072892,4.2207223,-33.535425,-11.098107,4.5552565,51.021904,-5.5093669,-13.324225
0.055665675,-8.5579647,-0.68916882,-15.36391,-38.390142,8.918044,4.1478654,-34.012854,-9.398742,4.4198543,49.389761,-8.8497403,-12.46584
0.055696814,-8.5305889,-0.76205626,-15.423726,-38.699877,8.7141915,4.0702413,-34.464553,-7.6086707,4.3305841,47.830238,-12.204676,-11.507438
0.055727953,-8.50669,-0.83242287,-15.480854,-39.007434,8.4663546,3.9934309,-34.880088,-5.7454018,4.2714167,46.333005,-15.583852,-10.528906
0.055759092,-8.4802588,-0.90060109,-15.536239,-39.31228,8.166486,3.9108998,-35.316667,-3.8273534,4.2399786,44.829626,-18.943465,-9.536296
0.055790231,-8.4535908,-0.96825122,-15.591689,-39.611141,7.8127507,3.8262333,-35.779289,-1.8749604,4.302277,43.394233,-22.25336,-8.5661759
0.05582137,-8.4282944,-1.0329109,-15.643432,-39.905258,7.4097713,3.7431306,-36.228833,0.14027414,4.4508772,42.055583,-25.449405,-7.6717143
0.05585251,-8.4051948,-1.0937291,-15.693632,-40.189951,6.9610811,3.6576792,-36.655216,2.1970597,4.6994518,40.817359,-28.573025,-6.886346
0.055883649,-8.3854256,-1.1500459,-15.741986,-40.466869,6.4608497,3.5767221,-37.043556,4.260316,5.1004793,39.69874,-31.551092,-6.2396158
0.055914788,-8.3676079,-1.202024,-15.788284,-40.738244,5.9229538,3.4896964,-37.417833,6.332839,5.5752122,38.709696,-34.361106,-5.7023204
0.055945927,-8.3525403,-1.2485398,-15.832818,-41.002348,5.3505276,3.3963259,-37.782515,8.3939633,6.0740296,37.808187,-36.980615,-5.3120223
0.055977067,-8.3411926,-1.2887839,-15.874702,-41.254903,4.7319414,3.3157183,-38.146867,10.460012,6.6084266,36.900851,-39.378069,-5.0857506
0.056008206,-8.3327557,-1.3234712,-15.914574,-41.494854,4.0575301,3.2430389,-38.524841,12.485588,7.2426939,35.991088,-41.542788,-5.0188422
0.056039346,-8.3279738,-1.3509995,-15.953094,-41.721895,3.3187236,3.1825169,-38.917314,14.460533,7.9736243,35.137197,-43.471322,-5.1091816
0.056070485,-8.3270543,-1.3718624,-15.990798,-41.94807,2.5325114,3.1253639,-39.318293,16.399209,8.8052569,34.477787,-45.134831,-5.3484518
0.056101625,-8.3301404,-1.3851421,-16.027011,-42.166868,1.7089746,3.0856163,-39.720635,18.34147,9.6702009,34.023448,-46.527274,-5.705386
0.056132765,-8.3376448,-1.3914601,-16.062289,-42.375575,0.84079846,3.0446103,-40.104437,20.243918,10.55971,33.751827,-47.649075,-6.1854597
0.056163904,-8.3500181,-1.3907809,-16.096042,-42.571676,-0.068674921,3.0116393,-40.494651,22.128992,11.458881,33.637538,-48.504708,-6.7622819
0.056195044,-8.3677403,-1.3824328,-16.128511,-42.752359,-1.0153992,2.9872171,-40.88169,24.010914,12.369355,33.652461,-49.097163,-7.4209252
0.056226184,-8.3915791,-1.3650105,-16.158719,-42.918357,-1.9923409,2.9794494,-41.185122,25.869835,13.255953,33.774842,-49.464079,-8.1343692
0.056257323,-8.4210593,-1.3396755,-16.187144,-43.065446,-2.9957859,2.9816755,-41.345983,27.691175,14.089228,33.985453,-49.620508,-8.8769108
0.056288461,-8.4560306,-1.3067598,-16.213811,-43.19121,-4.0172881,2.9946421,-41.372559,29.467602,14.845391,34.258936,-49.576684,-9.62234
0.056319599,-8.4965587,-1.2663964,-16.238962,-43.306534,-5.0673822,3.0213735,-41.282645,31.214437,15.462739,34.56957,-49.334123,-10.342814
0.056350737,-8.5424757,-1.21819,-16.263393,-43.365273,-6.1227536,3.0504168,-41.094278,32.921812,15.896364,34.908834,-48.868606,-11.019132
0.056381874,-8.5936564,-1.1624103,-16.286458,-43.371724,-7.1815203,3.0882106,-40.803051,34.593627,16.130356,35.257451,-48.183586,-11.640041
0.056413011,-8.6519348,-1.09906,-16.307912,-43.346217,-8.2419349,3.1485452,-40.454806,36.228249,16.14308,35.598377,-47.276924,-12.200258
0.056444148,-8.7169877,-1.0283186,-16.327607,-43.263407,-9.2976252,3.2335359,-39.982011,37.818292,15.91994,35.906906,-46.134628,-12.697052
0.056475284,-8.7883254,-0.95075302,-16.34559,-43.13051,-10.344028,3.3457832,-39.358211,39.334311,15.465027,36.170304,-44.776616,-13.149685
0.05650642,-8.8658014,-0.86632339,-16.361631,-42.956317,-11.383819,3.4817287,-38.603568,40.797886,14.774015,36.394702,-43.208883,-13.54857
0.056537556,-8.9490057,-0.77549412,-16.375131,-42.747061,-12.3993,3.6406863,-37.693912,42.191124,13.859608,36.541791,-41.426537,-13.891222
0.056568691,-9.0392902,-0.67816071,-16.390812,-42.505931,-13.399706,3.8192388,-36.614058,43.497581,12.734123,36.616998,-39.432875,-14.171619
0.056599826,-9.1362368,-0.57451682,-16.405886,-42.229607,-14.379751,4.0213352,-35.370533,44.725029,11.422361,36.61921,-37.239446,-14.417303
0.056630961,-9.2396969,-0.46513758,-16.41942,-41.924544,-15.323961,4.2340835,-33.982638,45.851158,9.948621,36.515237,-34.83302,-14.644853
0.056662096,-9.3484025,-0.34944911,-16.430367,-41.576914,-16.24223,4.4573343,-32.458243,46.862116,8.2961566,36.333868,-32.234084,-14.836287
0.05669323,-9.463497,-0.23037763,-16.439674,-41.199556,-17.116233,4.6975496,-30.85786,47.746651,6.5202801,36.134368,-29.464497,-14.971144
0.056724364,-9.5848627,-0.10681464,-16.446424,-40.785941,-17.946077,4.9572975,-29.172544,48.492694,4.6686491,35.866992,-26.472322,-15.06627
0.056755498,-9.7123025,0.020435352,-16.452062,-40.342992,-18.74245,5.2309869,-27.401842,49.105403,2.7604238,35.528464,-23.311149,-15.084433
0.056786632,-9.8454157,0.15163999,-16.454452,-39.873448,-19.493239,5.5230975,-25.564194,49.601824,0.85250233,35.125413,-19.923994,-14.990357
0.056817766,-9.9852573,0.28634419,-16.453201,-39.392513,-20.195396,5.8288412,-23.692535,49.972369,-1.0590983,34.650864,-16.305868,-14.939221
0.056848899,-10.133261,0.42418046,-16.450139,-38.904933,-20.849087,6.1525983,-21.761135,50.244036,-2.8788672,34.134555,-12.666105,-14.767998
0.056880033,-10.28252,0.56409419,-16.445644,-38.413464,-21.453222,6.4878611,-19.808413,50.393502,-4.6152977,33.624577,-8.830317,-14.448266
0.056911166,-10.438782,0.70637185,-16.436612,-37.933177,-22.001891,6.8319655,-17.850665,50.412793,-6.2630566,33.018521,-4.8263232,-13.954269
0.0569423,-10.601188,0.85091681,-16.424662,-37.455778,-22.488387,7.1856196,-15.918132,50.294264,-7.7848595,32.392548,-0.65953439,-13.229726
0.056973433,-10.769667,0.99762302,-16.409495,-37.001575,-22.923703,7.5484281,-13.975061,50.036359,-9.2481336,31.724154,3.6074795,-12.312424
0.057004567,-10.943191,1.1440147,-16.392455,-36.59978,-23.296564,7.9140244,-12.037373,49.630845,-10.606132,31.117479,7.9764098,-11.130686
0.0570357,-11.122012,1.2888705,-16.372368,-36.248486,-23.607966,8.2786018,-10.116605,49.082405,-11.881788,30.448928,12.380327,-9.7197383
0.057066833,-11.305687,1.4316168,-16.349239,-35.944,-23.86024,8.6448263,-8.2481539,48.42327,-13.014708,29.812222,16.738872,-8.0939112
0.057097967,-11.494428,1.5733623,-16.323677,-35.689941,-24.047955,9.0237656,-6.4364586,47.617769,-14.02767,29.305022,21.051637,-6.350437
0.0571291,-11.685887,1.7131208,-16.295566,-35.488016,-24.164563,9.4041239,-4.6935606,46.665739,-14.895908,29.117287,25.258868,-4.5466864
0.057160234,-11.880801,1.8490097,-16.266223,-35.343075,-24.21096,9.7807089,-3.049836,45.561051,-15.607635,29.306096,29.359909,-2.8128956
0.057191368,-12.077392,1.9814017,-16.233733,-35.248622,-24.18499,10.154377,-1.4088764,44.28004,-16.161468,29.882597,33.282724,-1.2480563
0.057222502,-12.272768,2.1106909,-16.199405,-35.208516,-24.088988,10.522649,0.12996412,42.823354,-16.592557,30.905179,36.992564,0.076136149
0.057253635,-12.470865,2.2347167,-16.162853,-35.21875,-23.923083,10.882204,1.5391149,41.188481,-16.877644,32.301209,40.459855,1.0540126
0.057284769,-12.673008,2.3519295,-16.124074,-35.281171,-23.690397,11.229654,2.8409656,39.363531,-17.132573,34.085257,43.678591,1.6643405
0.057315904,-12.876382,2.461282,-16.081433,-35.387318,-23.387102,11.559109,3.9711653,37.386956,-17.278588,36.208156,46.641413,1.860851
0.057347038,-13.083624,2.5625466,-16.03645,-35.535344,-23.028756,11.867086,4.9213054,35.27348,-17.29424,38.646943,49.345438,1.6163479
0.057378172,-13.296643,2.6519798,-15.987901,-35.725493,-22.623296,12.149858,5.7562143,33.006245,-17.206521,41.373342,51.792101,0.95739793
0.057409307,-13.514831,2.729842,-15.936039,-35.950699,-22.109547,12.410406,6.4988359,30.608334,-17.036163,44.275054,53.974306,-0.067117179
0.057440441,-13.741861,2.7943331,-15.881249,-36.209211,-21.499564,12.646297,7.1481179,28.099056,-16.812862,47.352109,55.924083,-1.4128147
0.057471576,-13.970481,2.846109,-15.822283,-36.497433,-20.815485,12.859514,7.6821333,25.47399,-16.538372,50.581682,57.646917,-3.0340968
0.057502711,-14.200847,2.8852464,-15.758867,-36.812297,-20.059033,13.055897,8.109474,22.748421,-16.222299,54.110713,59.145585,-4.8881237
0.057533846,-14.432386,2.9125002,-15.691441,-37.152037,-19.23213,13.239235,8.4469792,19.976919,-15.809365,57.930898,60.443469,-6.8644675
0.057564981,-14.664072,2.9276028,-15.620499,-37.511115,-18.334769,13.412667,8.7076757,17.140369,-15.284565,61.966238,61.563562,-8.892557
0.057596117,-14.896678,2.9297,-15.546315,-37.887568,-17.376591,13.5644,8.8972304,14.245329,-14.671589,65.882548,62.531897,-10.917396
0.057627253,-15.131119,2.9174817,-15.469906,-38.28128,-16.350479,13.697097,8.9491524,11.349607,-13.992518,69.597788,63.356536,-12.862291
0.057658388,-15.367189,2.8924982,-15.391375,-38.674238,-15.262166,13.81316,8.8931487,8.4698044,-13.315249,73.05302,64.067148,-14.680201
0.057689524,-15.602493,2.8559189,-15.309653,-39.074398,-14.117347,13.907826,8.7321454,5.6292453,-12.640962,76.216622,64.683777,-16.342065
0.05772066,-15.837513,2.8071075,-15.225915,-39.473182,-12.915626,13.993564,8.4552987,2.7914072,-11.999799,79.09811,65.211934,-17.804975
0.057751796,-16.072329,2.744535,-15.138202,-39.869096,-11.65711,14.070771,8.0575783,-0.027445859,-11.327603,81.700504,65.628826,-19.047873
0.057782933,-16.305497,2.6681049,-15.047496,-40.257443,-10.34414,14.136666,7.5013256,-2.8373042,-10.661885,84.021382,65.944664,-20.070306
0.057814069,-16.537082,2.5792988,-14.952939,-40.652244,-8.9901819,14.190355,6.8347358,-5.6611046,-9.9566045,86.055808,66.186293,-20.837511
0.057845206,-16.765791,2.4802493,-14.855569,-41.033218,-7.5885942,14.228518,6.0221693,-8.3755157,-9.2279687,87.810994,66.34284,-21.374532
0.057876343,-16.991256,2.3705938,-14.75537,-41.406017,-6.1734508,14.250927,5.0008959,-11.039979,-8.4366144,89.296216,66.425155,-21.719868
0.05790748,-17.211922,2.2502576,-14.652585,-41.777356,-4.7165901,14.274384,3.8393583,-13.55378,-7.6226888,90.534225,66.410197,-21.933417
0.057938617,-17.428489,2.1189141,-14.547073,-42.13805,-3.2040722,14.289031,2.5599697,-15.968663,-6.7437417,91.529354,66.283757,-22.040336
0.057969754,-17.639153,1.9788871,-14.439428,-42.496476,-1.6547619,14.285296,1.1675079,-18.287163,-5.8127684,92.286517,66.051439,-22.050676
0.058000891,-17.839365,1.8303445,-14.330166,-42.871314,-0.083701182,14.294456,-0.27812239,-20.531472,-4.8646995,92.820265,65.688599,-21.981092
0.058032028,-18.043328,1.6686181,-14.218428,-43.24322,1.4932972,14.31297,-1.6722164,-22.657063,-3.8859619,93.129918,65.176449,-21.826878
0.058063166,-18.247647,1.4948825,-14.103963,-43.607093,3.0348815,14.331407,-3.0490507,-24.676933,-2.8980554,93.22212,64.46554,-21.603768
0.058094303,-18.445964,1.3125057,-13.986837,-43.96059,4.6117921,14.352448,-4.3765747,-26.599354,-1.9221709,93.107225,63.539538,-21.329383
0.058125441,-18.638547,1.1229818,-13.867599,-44.309718,6.1927971,14.375117,-5.6463156,-28.407544,-1.0484982,92.794227,62.393457,-21.009645
0.058156578,-18.823954,0.92584011,-13.746678,-44.667431,7.7555263,14.401947,-6.8222508,-30.118173,-0.27434221,92.29549,61.013764,-20.648901
0.058187716,-19.002905,0.72221759,-13.62449,-45.054164,9.2816699,14.423806,-7.8782462,-31.710784,0.39510407,91.614391,59.359744,-20.255176
0.058218853,-19.175011,0.51385612,-13.499197,-45.370548,10.78743,14.454458,-8.8194438,-33.187367,0.91725607,90.77633,57.407941,-19.83467
0.058249991,-19.341375,0.30008002,-13.369784,-45.68828,12.265557,14.483889,-9.6375946,-34.594269,1.2741601,89.780691,55.123621,-19.391748
0.058281129,-19.49797,0.084293585,-13.23678,-46.008724,13.707719,14.51296,-10.408927,-35.905698,1.4700889,88.628195,52.496952,-18.955261
0.058312267,-19.646566,-0.13264727,-13.10124,-46.353335,15.10276,14.530311,-11.0686,-37.107996,1.5667607,87.337711,49.557396,-18.503888
0.058343405,-19.783136,-0.35032407,-12.963563,-46.696994,16.451048,14.550124,-11.578535,-38.206571,1.4414431,85.908877,46.29256,-18.05941
0.058374543,-19.92045,-0.57033434,-12.824462,-47.054731,17.7545,14.555709,-11.93332,-39.179638,1.1318499,84.419626,42.743185,-17.608499
0.05840568,-20.052668,-0.79034526,-12.684104,-47.431647,18.995557,14.553723,-12.127142,-40.004176,0.64574162,82.863845,38.92516,-17.163648
0.058436818,-20.17859,-1.0098239,-12.542515,-47.808794,20.172689,14.528866,-12.278184,-40.676019,0.029650983,81.250466,34.874209,-16.794657
0.058467956,-20.296731,-1.2255862,-12.399402,-48.201883,21.284991,14.477977,-12.454735,-41.189243,-0.65376641,79.586154,30.612779,-16.491137
0.058499094,-20.409288,-1.438207,-12.252311,-48.606877,22.332366,14.394361,-12.608713,-41.553769,-1.4429756,77.866873,26.172484,-16.274356
0.058530232,-20.516234,-1.6472866,-12.105156,-49.02246,23.313492,14.268659,-12.745491,-41.743127,-2.3286889,76.202181,21.542362,-16.111917
0.05856137,-20.616855,-1.8534015,-11.957077,-49.445995,24.227405,14.094463,-12.874619,-41.760264,-3.3068568,74.529398,16.742768,-15.950004
0.058592507,-20.713559,-2.0535463,-11.806872,-49.886774,25.076509,13.843982,-12.988917,-41.616145,-4.4084763,72.907643,11.834955,-15.900644
0.058623645,-20.8066,-2.2480134,-11.654309,-50.33892,25.877834,13.531515,-13.063523,-41.286438,-5.5440671,71.230252,6.8615536,-15.9312
0.058654783,-20.899972,-2.436123,-11.498557,-50.789807,26.577867,13.169313,-13.063418,-40.782747,-6.6892191,69.530729,1.8153313,-15.994941
0.058685921,-20.992962,-2.6184153,-11.345382,-51.235621,27.176772,12.751533,-12.964932,-40.058614,-7.8234832,67.771794,-3.2775765,-16.060797
0.058717059,-21.074096,-2.7975995,-11.190987,-51.674845,27.745825,12.272347,-12.782352,-39.122362,-8.8948752,65.936705,-8.4486131,-16.06485
0.058748197,-21.151819,-2.9708435,-11.036211,-52.105859,28.259133,11.717161,-12.552106,-37.98662,-9.9129521,64.047591,-13.649024,-15.940913
0.058779335,-21.225689,-3.1373433,-10.881626,-52.52066,28.699546,11.087206,-12.297856,-36.672454,-10.859447,62.12034,-18.794331,-15.768145
0.058810473,-21.298364,-3.293442,-10.727542,-52.911609,29.077185,10.397248,-12.041653,-35.151674,-11.732586,60.096811,-23.905078,-15.46834
0.058841611,-21.371752,-3.4374767,-10.573765,-53.274924,29.383531,9.6464274,-11.768886,-33.453308,-12.49576,58.095797,-28.944106,-15.032798
0.058872749,-21.440204,-3.574103,-10.420122,-53.595802,29.614988,8.8316665,-11.535298,-31.559197,-13.175504,56.219628,-33.909758,-14.493718
0.058903887,-21.509011,-3.7018477,-10.267331,-53.867232,29.773558,7.9486636,-11.338279,-29.466932,-13.728434,54.514779,-38.687026,-13.739082
0.058935025,-21.579151,-3.819662,-10.115933,-54.078023,29.855786,6.992175,-11.130893,-27.208498,-14.178806,52.936397,-43.248139,-12.854138
0.058966163,-21.650703,-3.9275925,-9.9656846,-54.224747,29.860675,5.9377913,-10.949791,-24.784181,-14.570142,51.522704,-47.557007,-11.923718
0.058997302,-21.723145,-4.0254951,-9.8172051,-54.307712,29.78962,4.8176641,-10.819953,-22.173995,-14.909025,50.346391,-51.581067,-11.007318
0.05902844,-21.799676,-4.1140167,-9.670021,-54.301214,29.638621,3.6127181,-10.733819,-19.447027,-15.078397,49.44775,-55.319083,-10.140451
0.059059579,-21.878859,-4.1931211,-9.5241313,-54.227215,29.400942,2.3355011,-10.696624,-16.554078,-15.132587,48.880409,-58.685509,-9.3789875
0.059090718,-21.962496,-4.2615449,-9.3796204,-54.076017,29.078165,1.0232685,-10.681746,-13.474774,-15.081496,48.658466,-61.631346,-8.7887781
0.059121857,-22.051068,-4.3200206,-9.2366754,-53.841077,28.664984,-0.30718515,-10.785747,-10.305345,-14.915235,48.778171,-64.165726,-8.4646624
0.059152996,-22.142441,-4.3682669,-9.0949467,-53.541903,28.152407,-1.63391,-10.975352,-7.1587801,-14.711927,49.364713,-66.279123,-8.4209176
0.059184135,-22.236989,-4.4056667,-8.9549823,-53.182476,27.50886,-2.9624687,-11.21347,-3.95168,-14.508165,50.408384,-67.967309,-8.6680462
0.059215275,-22.336028,-4.4315162,-8.8175702,-52.733138,26.825174,-4.2299945,-11.51287,-0.67234266,-14.189007,51.801932,-69.253045,-9.184361
0.059246415,-22.439124,-4.4470068,-8.6821117,-52.220318,26.043947,-5.452465,-11.868126,2.6762117,-13.693339,53.503843,-70.16052,-9.9707226
0.059277555,-22.545676,-4.4508519,-8.5487789,-51.655054,25.186303,-6.6265069,-12.253969,6.0856868,-13.118953,55.457303,-70.72938,-10.991906
0.059308695,-22.654235,-4.4435511,-8.41698,-51.021541,24.182184,-7.7381349,-12.569622,9.5181506,-12.485339,57.563622,-71.024318,-12.193316
0.059339836,-22.770024,-4.4244646,-8.284555,-50.324741,23.088038,-8.7740533,-12.901421,12.84693,-11.649003,59.744741,-71.078318,-13.539056
0.059370977,-22.889551,-4.3946591,-8.1547105,-49.581734,21.897349,-9.7289697,-13.30707,16.134745,-10.754387,61.918845,-70.949502,-14.974771
0.059402118,-23.013592,-4.3531812,-8.0284343,-48.771275,20.603424,-10.588006,-13.729249,19.402756,-9.8418423,64.014529,-70.692937,-16.43322
0.05943326,-23.138672,-4.298188,-7.9029825,-47.952451,19.22595,-11.344776,-14.176567,22.645576,-8.9619846,65.966554,-70.289857,-17.832333
0.059464402,-23.269529,-4.2316507,-7.781948,-47.120521,17.756257,-12.003057,-14.659761,25.905856,-8.0175585,67.728816,-69.74605,-19.163537
0.059495544,-23.405879,-4.154233,-7.6641323,-46.297467,16.204775,-12.557518,-15.105205,29.097428,-7.1155551,69.27641,-69.064921,-20.398739
0.059526687,-23.547134,-4.0661666,-7.5471803,-45.447479,14.565354,-12.981232,-15.429928,32.229977,-6.306599,70.580501,-68.283733,-21.452533
0.05955783,-23.693361,-3.9661145,-7.4327022,-44.577495,12.854987,-13.237799,-15.721897,35.270419,-5.5669445,71.625809,-67.396818,-22.258298
0.059588974,-23.845014,-3.8557953,-7.3193424,-43.671804,11.082567,-13.467614,-15.9032,38.267894,-4.9634586,72.408008,-66.383265,-22.859555
0.059620118,-24.003145,-3.7347923,-7.208453,-42.746088,9.2654232,-13.685099,-15.717711,41.20556,-4.6710394,72.936022,-65.231812,-23.289383
0.059651262,-24.169799,-3.6061504,-7.0988514,-41.799774,7.3743899,-13.77711,-15.109449,44.066092,-4.6833164,73.21694,-63.914918,-23.610311
0.059682407,-24.348615,-3.4662707,-6.9875483,-40.829246,5.4358738,-13.723314,-14.142577,46.809466,-5.018767,73.253916,-62.384328,-23.886471
0.059713553,-24.535646,-3.3182216,-6.8782375,-39.833043,3.4433534,-13.551138,-12.895522,49.436891,-5.7549868,73.050532,-60.619549,-24.121463
0.059744699,-24.730342,-3.1623203,-6.7733662,-38.82577,1.4294863,-13.29094,-11.345815,51.949517,-6.8922203,72.634124,-58.615961,-24.2923
0.059775846,-24.935041,-3.0008585,-6.6679081,-37.77497,-0.54583752,-12.937916,-9.3804123,54.346646,-8.3935121,72.026504,-56.361232,-24.36721
0.059806993,-25.143239,-2.8291464,-6.561077,-36.732562,-2.4700306,-12.457935,-7.0319149,56.622701,-10.243097,71.243514,-53.876542,-24.348248
0.059838141,-25.355735,-2.6505771,-6.450336,-35.671537,-4.4202629,-11.914322,-4.3239339,58.754928,-12.43837,70.286247,-51.173051,-24.250357
0.059869289,-25.570887,-2.4639932,-6.3356211,-34.601813,-6.3599804,-11.377093,-1.3254657,60.747403,-14.84389,69.179445,-48.215138,-24.096022
0.059900438,-25.787375,-2.2747846,-6.2170042,-33.540721,-8.2242276,-10.809333,1.9830374,62.578645,-17.382998,67.980562,-45.026321,-23.868006
0.059931587,-26.012201,-2.0851974,-6.0936042,-32.499022,-10.067764,-10.138113,5.3467046,64.235915,-19.994625,66.711506,-41.5999,-23.598106
0.059962737,-26.250749,-1.8941684,-5.9654529,-31.539939,-11.85591,-9.39166,8.8102412,65.717684,-22.550638,65.385211,-37.949204,-23.318124
0.059993887,-26.490889,-1.7023227,-5.8342885,-30.677956,-13.601985,-8.6055998,12.310126,67.034137,-25.001029,64.001145,-34.100949,-23.051588
0.060025039,-26.733695,-1.503868,-5.6962908,-29.939412,-15.308333,-7.7987641,15.74201,68.10216,-27.267116,62.592483,-30.048421,-22.79167
0.06005619,-26.979157,-1.3043075,-5.5544716,-29.266997,-16.935799,-6.9657542,19.053265,68.924686,-29.283286,61.147147,-25.79428,-22.520289
0.060087342,-27.226395,-1.1034367,-5.4067064,-28.603447,-18.491082,-6.1108532,22.214451,69.510118,-31.081448,59.799381,-21.413544,-22.219867
0.060118495,-27.473986,-0.90280504,-5.2534581,-27.963669,-19.935787,-5.2548463,25.315806,69.919281,-32.692399,58.515748,-16.912432,-21.956592
0.060149648,-27.723854,-0.69981255,-5.1042452,-27.406904,-21.298615,-4.4126336,28.337695,70.204015,-33.994308,57.24362,-12.348014,-21.69399
0.060180802,-27.975401,-0.49793949,-4.9523565,-26.969003,-22.568136,-3.569554,31.265116,70.366466,-34.890583,55.969098,-7.7414379,-21.394315
0.060211956,-28.225872,-0.30004261,-4.7963832,-26.652145,-23.725105,-2.7646656,34.072984,70.374232,-35.44441,54.735978,-3.001072,-21.040662
0.060243111,-28.47964,-0.10344984,-4.6409091,-26.460819,-24.754404,-1.9861871,36.683117,70.211859,-35.715142,53.515428,1.6770922,-20.611048
0.060274266,-28.739333,0.095245771,-4.4794625,-26.371427,-25.661491,-1.2226049,39.050534,69.920562,-35.777106,52.354682,6.3581199,-20.116554
0.060305422,-29.001041,0.28201629,-4.315014,-26.393029,-26.461178,-0.51468262,41.168716,69.521329,-35.603048,51.232803,10.933971,-19.505741
0.060336578,-29.261713,0.46576131,-4.1436946,-26.500512,-27.140513,0.12449069,43.04173,68.997687,-35.156601,50.150454,15.406295,-18.764237
0.060367735,-29.517004,0.64335934,-3.9729313,-26.664318,-27.691501,0.66006155,44.640928,68.297611,-34.391861,49.154601,19.777011,-17.92054
0.060398892,-29.775589,0.81247962,-3.7999718,-26.896067,-28.129769,1.1570561,45.975277,67.396439,-33.322957,48.224675,24.042362,-16.977574
0.06043005,-30.034334,0.9704583,-3.6241854,-27.204762,-28.449879,1.6497541,47.082475,66.270723,-31.979144,47.350259,28.148433,-16.081295
0.060461208,-30.29501,1.1186587,-3.4448322,-27.59376,-28.643734,2.1154983,47.98341,64.915657,-30.402935,46.889816,32.045055,-15.217991
0.060492367,-30.555385,1.2569714,-3.2619373,-28.07088,-28.725128,2.4405501,48.691598,63.264165,-28.630276,46.75784,35.706273,-14.373993
0.060523526,-30.812868,1.3824638,-3.07532,-28.605601,-28.709153,2.6429149,49.203779,61.307777,-26.74872,46.935781,39.142038,-13.712444
0.060554686,-31.069659,1.4979498,-2.8836782,-29.179896,-28.595524,2.7645453,49.523499,59.041158,-24.819753,47.442233,42.347758,-13.306657
0.060585846,-31.325591,1.6019916,-2.6883343,-29.801267,-28.385078,2.7909285,49.671865,56.491937,-22.88503,48.24717,45.320344,-13.180082
0.060617006,-31.579389,1.6928612,-2.4891188,-30.453204,-28.080931,2.7221349,49.650598,53.719108,-20.982141,49.275044,48.052897,-13.345806
0.060648167,-31.829889,1.7714914,-2.2860115,-31.133004,-27.676625,2.554116,49.550627,50.72691,-19.053722,50.619532,50.54763,-13.870412
0.060679328,-32.076033,1.8397072,-2.0789287,-31.830701,-27.168709,2.2831077,49.383851,47.516055,-17.090152,52.30297,52.824978,-14.766953
0.06071049,-32.313472,1.8977333,-1.8661666,-32.544635,-26.568215,1.9178216,49.139076,44.087273,-15.13566,54.30145,54.881716,-15.98325
0.060741651,-32.554136,1.9392544,-1.6454659,-33.264415,-25.87712,1.4519167,48.808414,40.481464,-13.237413,56.654049,56.738847,-17.455307
0.060772813,-32.795758,1.9656494,-1.4172722,-33.977244,-25.094116,0.90088478,48.406186,36.720397,-11.496395,59.385495,58.406361,-19.110919
0.060803976,-33.035153,1.9823273,-1.1802163,-34.658874,-24.216127,0.27028835,47.960598,32.852886,-9.821056,62.438987,59.908376,-20.876626
0.060835139,-33.270346,1.9743421,-0.92998654,-35.30602,-23.241576,-0.42310997,47.594307,28.949932,-8.2353235,65.746204,61.278907,-22.652895
0.060866302,-33.50451,1.9437182,-0.66925692,-35.933174,-22.168946,-1.205306,47.309611,24.964601,-6.833009,69.22869,62.55143,-24.383969
0.060897465,-33.738173,1.8953588,-0.40269549,-36.533334,-21.003101,-2.0682847,47.034596,20.884439,-5.6385399,72.790526,63.738028,-26.026004
0.060928628,-33.96916,1.832239,-0.12773663,-37.099187,-19.73961,-2.9450805,46.772966,16.804419,-4.7096545,76.350353,64.818144,-27.476192
0.060959792,-34.197253,1.7575323,0.15174761,-37.632065,-18.386185,-3.8144123,46.515427,12.719453,-3.9889379,79.778756,65.803792,-28.682286
0.060990956,-34.421844,1.6697438,0.44219257,-38.137212,-16.945935,-4.6854225,46.27558,8.6512293,-3.470302,83.046251,66.728109,-29.587844
0.06102212,-34.643125,1.5627946,0.75327077,-38.646004,-15.424861,-5.5606058,45.987506,4.7253239,-3.1659959,86.127047,67.657193,-30.211313
0.061053284,-34.864895,1.4421999,1.095764,-39.146162,-13.802799,-6.4221432,45.61131,0.91792379,-3.0482245,88.999938,68.512295,-30.531539
0.061084449,-35.085971,1.3084581,1.4566519,-39.631736,-12.109081,-7.2652328,45.152129,-2.8069316,-3.0863262,91.659182,69.251644,-30.582047
0.061115613,-35.307208,1.1568139,1.8241862,-40.102541,-10.334275,-8.0664276,44.646424,-6.4377884,-3.2521271,94.086189,69.893027,-30.421863
0.061146778,-35.531235,0.98841159,2.1952449,-40.535767,-8.496766,-8.8044341,44.029939,-9.9592595,-3.4508398,96.246892,70.464987,-30.12479
0.061177943,-35.748026,0.80298974,2.5667837,-40.970288,-6.5883411,-9.4979937,43.260357,-13.32969,-3.7687549,98.137162,70.967717,-29.632343
0.061209108,-35.959205,0.59779299,2.9320966,-41.472001,-4.6222577,-10.126409,42.252887,-16.540403,-4.1218277,99.74946,71.358793,-28.884595
0.061240273,-36.164873,0.3676661,3.2891815,-41.991628,-2.6154236,-10.752981,41.089504,-19.612693,-4.4930373,101.10015,71.60519,-27.721917
0.061271438,-36.361354,0.1106452,3.6540865,-42.515991,-0.53283578,-11.39472,39.824454,-22.52921,-4.8991571,102.18062,71.828709,-26.152652
0.061302604,-36.554446,-0.16584767,4.0180507,-43.041021,1.5539995,-11.96305,38.473803,-25.350503,-5.3371061,102.99772,72.047497,-24.212805
0.061333769,-36.744464,-0.4609638,4.3799937,-43.566286,3.6118489,-12.455837,37.074385,-28.049051,-5.8114559,103.54745,72.192776,-21.894427
0.061364935,-36.928202,-0.77190577,4.7399383,-44.096201,5.6803857,-12.83528,35.701831,-30.59131,-6.3623222,103.84697,72.16285,-19.343354
0.061396101,-37.103054,-1.0961797,5.0968711,-44.627551,7.7665581,-13.128031,34.434009,-33.037211,-7.0567162,103.90113,71.881665,-16.738184
0.061427267,-37.269564,-1.4347939,5.4538441,-45.161993,9.8176635,-13.347854,33.263665,-35.366569,-7.8905391,103.69767,71.364589,-14.112645
0.061458433,-37.426903,-1.7865209,5.8065051,-45.67089,11.827387,-13.529859,32.120571,-37.581081,-8.8648455,103.26096,70.5569,-11.493321
0.061489599,-37.571267,-2.1465288,6.1670485,-46.153381,13.778827,-13.698377,31.031949,-39.678171,-9.9882775,102.61504,69.369082,-8.8968903
0.061520766,-37.704421,-2.5150843,6.5332301,-46.6715,15.659979,-13.877712,30.012098,-41.625894,-11.230199,101.7624,67.756715,-6.3653657
0.061551932,-37.82481,-2.8944849,6.9013068,-47.206958,17.50809,-13.991719,29.068665,-43.432366,-12.603011,100.71288,65.700331,-3.8607634
0.061583099,-37.933141,-3.2851049,7.2648028,-47.748244,19.33557,-14.017609,28.221963,-45.139642,-14.078585,99.516326,63.149852,-1.4603282
0.061614266,-38.028957,-3.6840747,7.6297924,-48.308866,21.121847,-13.995939,27.492032,-46.736371,-15.626859,98.201515,60.070122,0.75182764
0.061645433,-38.111565,-4.0876918,7.9916933,-48.862201,22.863308,-13.933022,26.879511,-48.200879,-17.206783,96.803979,56.454687,2.727876
0.061676601,-38.182357,-4.501558,8.3505969,-49.329771,24.537426,-13.852911,26.387697,-49.511731,-18.779048,95.388118,52.295838,4.5796341
0.061707768,-38.244921,-4.9240501,8.7036027,-49.739351,26.134462,-13.77142,25.95449,-50.657749,-20.320513,93.984224,47.642095,6.1350301
0.061738936,-38.280632,-5.3335406,9.0608071,-50.154457,27.662965,-13.718762,25.466165,-51.552166,-21.794127,92.660363,42.549237,7.3235504
0.061770104,-38.302075,-5.7410523,9.4130708,-50.568574,29.174723,-13.704285,24.908209,-52.183094,-23.15844,91.432272,37.156024,8.1811659
0.061801272,-38.319399,-6.1394341,9.7575882,-50.977875,30.671695,-13.727791,24.289918,-52.556713,-24.367513,90.365241,31.547202,8.7343991
0.06183244,-38.31232,-6.5383452,10.093074,-51.308144,32.113763,-13.794683,23.610361,-52.680378,-25.41975,89.535725,25.832546,8.8976689
0.061863609,-38.291191,-6.9320154,10.421978,-51.573968,33.467396,-13.921028,22.902334,-52.564476,-26.24616,88.891576,20.117156,8.6681108
0.061894778,-38.257975,-7.3160805,10.743542,-51.742152,34.736365,-14.115137,22.313613,-52.211031,-26.842906,88.442577,14.389705,8.058163
0.061925947,-38.212647,-7.6884669,11.060434,-51.817996,35.924986,-14.389442,21.833527,-51.612891,-27.273628,88.13643,8.7864718,7.1855362
0.061957116,-38.158475,-8.044442,11.375565,-51.808756,37.046525,-14.765404,21.408449,-50.773327,-27.651383,87.917201,3.328643,6.0678125
0.061988286,-38.105384,-8.3893594,11.689681,-51.739068,38.102549,-15.255959,21.014442,-49.692876,-27.951075,87.746726,-1.8316203,4.7100347
0.062019456,-38.038582,-8.7186809,11.999698,-51.637862,39.095105,-15.856468,20.653341,-48.34956,-28.178453,87.547504,-6.738339,3.2084017
0.062050626,-37.96133,-9.0294874,12.303928,-51.468277,40.039985,-16.565068,20.281141,-46.776964,-28.318499,87.326465,-11.402531,1.6411165
0.062081797,-37.872516,-9.3198555,12.602037,-51.222979,40.963418,-17.373339,19.914839,-45.000092,-28.366517,87.005413,-15.793393,0.13442138
0.062112968,-37.775269,-9.5883127,12.892344,-50.849442,41.722328,-18.267377,19.575965,-43.042166,-28.372815,86.612492,-19.961852,-1.2719907
0.062144139,-37.671999,-9.8335554,13.173202,-50.366995,42.37589,-19.227622,19.277825,-40.883317,-28.37733,86.006516,-23.851739,-2.653584
0.062175311,-37.565242,-10.057228,13.442191,-49.710056,42.914576,-20.217196,19.00031,-38.530312,-28.38297,85.280712,-27.512483,-4.0001639
0.062206483,-37.457127,-10.253027,13.698851,-48.913828,43.344043,-21.223199,18.749281,-35.976351,-28.330147,84.443901,-30.967714,-5.2858954
0.062237655,-37.350088,-10.421815,13.94162,-48.007283,43.648715,-22.220684,18.498292,-33.235555,-28.179739,83.56741,-34.229533,-6.5240479
0.062268828,-37.241476,-10.560474,14.174099,-47.010736,43.816906,-23.19592,18.206427,-30.327499,-27.932399,82.736847,-37.310347,-7.7816149
0.062300002,-37.129021,-10.669175,14.397081,-45.936197,43.820342,-24.095422,17.944735,-27.296876,-27.588869,81.93362,-40.211182,-9.0729193
0.062331175,-37.012934,-10.748323,14.611218,-44.800298,43.688615,-24.927534,17.756257,-24.126796,-27.241515,81.206706,-42.939382,-10.38655
0.06236235,-36.89407,-10.797566,14.811624,-43.600078,43.413717,-25.70705,17.643645,-20.787702,-26.923395,80.56326,-45.49938,-11.731475
0.062393524,-36.771132,-10.81933,14.989795,-42.342789,42.984322,-26.41159,17.576352,-17.253866,-26.622402,79.9986,-47.905017,-13.096037
0.062424699,-36.638592,-10.81336,15.148388,-41.038591,42.461512,-27.007049,17.523866,-13.592388,-26.366465,79.508054,-50.148665,-14.466088
0.062455875,-36.507959,-10.783225,15.286333,-39.695436,41.788658,-27.487922,17.502565,-9.90452,-26.20479,79.12111,-52.215357,-15.828774
0.062487051,-36.386827,-10.728478,15.403558,-38.322598,40.947306,-27.826278,17.393998,-6.1991797,-26.013051,78.85224,-54.081433,-17.151901
0.062518227,-36.275757,-10.646084,15.50347,-36.938918,39.952172,-28.027526,17.244972,-2.564097,-25.859917,78.716515,-55.745543,-18.417023
0.062549404,-36.171696,-10.536741,15.600838,-35.538103,38.820704,-28.093972,17.143138,1.1294044,-25.761916,78.632147,-57.168106,-19.602316
0.062580582,-36.076954,-10.402667,15.688451,-34.131725,37.554888,-28.014428,17.038223,4.9095168,-25.596946,78.619827,-58.344148,-20.700629
0.06261176,-35.995401,-10.242107,15.766148,-32.717322,36.167712,-27.793206,16.992016,8.7654833,-25.413527,78.746879,-59.288603,-21.684148
0.062642938,-35.926456,-10.057915,15.832596,-31.331043,34.647998,-27.471902,16.966761,12.677362,-25.215834,78.989002,-60.024233,-22.522298
0.062674117,-35.872112,-9.8540638,15.884804,-29.95137,33.004811,-27.062195,16.88631,16.535633,-24.992482,79.32397,-60.570853,-23.200392
0.062705296,-35.832453,-9.6277569,15.919143,-28.589605,31.244067,-26.576412,16.836031,20.407853,-24.796322,79.741233,-60.953092,-23.704134
0.062736475,-35.808474,-9.3792585,15.940962,-27.267927,29.318677,-25.977174,16.802552,24.324755,-24.683896,80.234141,-61.166776,-24.002573
0.062767655,-35.800585,-9.1100422,15.948956,-25.901023,27.297201,-25.333951,16.777712,28.220897,-24.56783,80.783485,-61.223126,-24.096142
0.062798835,-35.808235,-8.8223383,15.941709,-24.488536,25.240039,-24.577347,16.78269,32.143003,-24.571524,81.358617,-61.135511,-23.977665
0.062830016,-35.831246,-8.5163669,15.920515,-23.082618,23.104914,-23.708059,17.246479,35.991805,-24.718183,81.939443,-60.918405,-23.658298
0.062861197,-35.867803,-8.1892371,15.88615,-21.722496,20.888072,-22.768814,18.119337,39.755711,-25.007812,82.475431,-60.578847,-23.151167
0.062892378,-35.914766,-7.8392515,15.840561,-20.426113,18.640778,-21.856348,19.393226,43.371474,-25.451616,82.964046,-60.089898,-22.46129
0.06292356,-35.972688,-7.4734652,15.781339,-19.144079,16.36051,-20.974097,21.044773,46.788573,-25.97454,83.384211,-59.406175,-21.616728
0.062954742,-36.042018,-7.0956207,15.712894,-17.868112,14.024613,-20.098226,23.01566,49.975955,-26.578393,83.710704,-58.515659,-20.642016
0.062985924,-36.121365,-6.7037968,15.630193,-16.60931,11.680067,-19.256573,25.270059,52.88857,-27.230724,83.91948,-57.386858,-19.564197
0.063017106,-36.207467,-6.3008929,15.53863,-15.394956,9.3322145,-18.421646,27.74742,55.529821,-27.891084,84.005989,-56.007375,-18.443445
0.063048289,-36.302549,-5.8912599,15.439683,-14.234809,6.957906,-17.568493,30.367707,57.811778,-28.484562,83.983146,-54.356776,-17.291272
0.063079472,-36.404666,-5.4719155,15.332606,-13.189343,4.5868931,-16.777696,33.097158,59.710351,-28.963921,83.843159,-52.410397,-16.150436
0.063110655,-36.511224,-5.0473275,15.214468,-12.20934,2.2126651,-16.084346,35.882244,61.258007,-29.301077,83.592602,-50.165795,-15.024025
0.063141838,-36.622016,-4.6177548,15.086612,-11.270287,-0.13907672,-15.458151,38.704343,62.494135,-29.467568,83.243992,-47.515178,-13.978667
0.063173022,-36.735806,-4.1833599,14.947389,-10.377744,-2.3572806,-14.893962,41.554771,63.457278,-29.443845,82.826536,-44.463963,-13.064592
0.063204205,-36.853817,-3.7501374,14.800798,-9.5883063,-4.4910709,-14.379688,44.501062,64.185115,-29.207971,82.35906,-41.056087,-12.280079
0.063235389,-36.971382,-3.3204833,14.648035,-8.9292081,-6.5631243,-13.920533,47.525468,64.7333,-28.764071,81.808602,-37.330089,-11.695845
0.063266573,-37.091419,-2.8962133,14.490724,-8.4361555,-8.5360177,-13.51695,50.600454,65.181097,-28.120832,81.21088,-33.258572,-11.18682
0.063297757,-37.212749,-2.4808757,14.32729,-8.0747923,-10.325274,-13.18584,53.687091,65.53225,-27.273268,80.587472,-28.886009,-10.866299
0.063328941,-37.333488,-2.0728293,14.153629,-7.8522389,-12.010205,-12.944544,56.738638,65.776766,-26.219511,79.967346,-24.255759,-10.688076
0.063360125,-37.451973,-1.6754256,13.973747,-7.7762436,-13.543908,-12.742253,59.695028,65.925936,-24.98079,79.307253,-19.377091,-10.604624
0.063391309,-37.565088,-1.289304,13.791827,-7.8519931,-14.931353,-12.581654,62.364315,65.983291,-23.594255,78.623426,-14.366698,-10.753376
0.063422493,-37.670232,-0.91958798,13.603651,-8.0928877,-16.170072,-12.480324,64.72136,65.946276,-22.101156,77.966455,-9.1135481,-10.962745
0.063453677,-37.765422,-0.56602449,13.409155,-8.4633189,-17.233428,-12.432891,66.777556,65.800616,-20.623326,77.138809,-3.8664343,-11.229681
0.063484862,-37.85251,-0.22873145,13.209381,-9.0016031,-18.147806,-12.43374,68.558643,65.559632,-19.151576,76.268263,1.4013291,-11.518917
0.063516046,-37.930936,0.0880131,13.005941,-9.6868601,-18.919785,-12.485195,70.092015,65.200013,-17.502318,75.434514,6.6831998,-11.875911
0.06354723,-38.003662,0.38733276,12.798494,-10.505369,-19.538165,-12.600867,71.391145,64.704029,-15.612199,74.753957,11.900287,-12.300618
0.063578413,-38.066538,0.66422269,12.586611,-11.404731,-20.015563,-12.784904,72.454477,64.049011,-13.503393,74.3082,17.03977,-12.75504
0.063609597,-38.120998,0.91780515,12.368754,-12.354011,-20.338445,-13.052767,73.307404,63.201709,-11.285057,74.116979,21.948557,-13.245921
0.06364078,-38.163824,1.1475126,12.146241,-13.380351,-20.513075,-13.348142,73.950783,62.134984,-9.0372495,74.275261,26.655733,-13.756832
0.063671964,-38.20033,1.348726,11.922251,-14.46155,-20.542964,-13.690508,74.402919,60.813867,-6.7931293,74.796739,31.118366,-14.314384
0.063703147,-38.231157,1.5190223,11.704881,-15.589919,-20.431971,-14.080652,74.64245,59.211527,-4.5621834,75.630373,35.298759,-14.906318
0.06373433,-38.254839,1.6623487,11.486044,-16.744927,-20.189404,-14.515208,74.668309,57.308546,-2.3863496,76.780284,39.134633,-15.561877
0.063765513,-38.265081,1.7759475,11.269695,-17.920026,-19.831859,-14.977641,74.528822,55.077845,-0.34476256,78.188403,42.604749,-16.275706
0.063796695,-38.263778,1.868383,11.059125,-19.106377,-19.341254,-15.474164,74.197978,52.55386,1.5929515,79.919206,45.710386,-17.045125
0.063827877,-38.254367,1.9338325,10.854127,-20.287757,-18.729968,-15.998333,73.69627,49.775969,3.3697407,81.985647,48.409829,-17.828754
0.063859059,-38.237684,1.9712376,10.650511,-21.467159,-17.993226,-16.545657,73.104672,46.777893,5.0593385,84.379719,50.730754,-18.605939
0.063890241,-38.206964,1.9778924,10.451952,-22.631529,-17.113195,-17.107106,72.432436,43.592765,6.5718616,86.978663,52.713394,-19.321718
0.063921422,-38.163411,1.9513171,10.257924,-23.787587,-16.108681,-17.666241,71.681201,40.243426,7.8634148,89.769093,54.384706,-19.930834
0.063952603,-38.112435,1.8935042,10.067459,-24.88803,-14.977728,-18.220005,70.93484,36.7824,8.9594256,92.75018,55.790003,-20.372581
0.063983784,-38.057542,1.8048894,9.882547,-25.958512,-13.700042,-18.763957,70.119656,33.252362,9.8847055,95.828127,56.972506,-20.607931
0.064014964,-38.000721,1.687107,9.7002356,-26.977855,-12.291084,-19.289841,69.255988,29.713656,10.613655,99.101425,57.972043,-20.627582
0.064046144,-37.939247,1.5401222,9.5238887,-27.98938,-10.77188,-19.815029,68.476751,26.157677,11.069919,102.42794,58.829362,-20.387763
0.064077324,-37.873103,1.3649388,9.3521235,-28.974213,-9.1316378,-20.310331,67.658218,22.581425,11.255795,105.65587,59.578928,-19.881006
0.064108504,-37.798353,1.1582276,9.1881157,-29.95892,-7.3755501,-20.785623,66.825689,19.017309,11.169595,108.72347,60.290768,-19.113375
0.064139683,-37.716773,0.92410971,9.0303848,-30.899646,-5.5218212,-21.239433,65.923376,15.511566,10.838652,111.57904,60.970114,-18.119477
0.064170862,-37.628231,0.6607455,8.8810807,-31.735956,-3.5744326,-21.662516,65.014566,12.048448,10.266591,114.20096,61.596783,-16.925461
0.064202041,-37.53387,0.37290041,8.7412357,-32.472389,-1.505097,-22.025788,64.014987,8.6963474,9.4060562,116.58568,62.180391,-15.577592
0.06423322,-37.430544,0.062453329,8.6137208,-33.219413,0.63671724,-22.346498,62.866149,5.414569,8.1920334,118.74092,62.713895,-14.10828
0.064264398,-37.318543,-0.26719754,8.4984309,-33.974763,2.854004,-22.712055,61.575219,2.2179627,6.6794187,120.65355,63.190045,-12.556418
0.064295576,-37.199136,-0.61881693,8.3936736,-34.700238,5.0522652,-23.057396,60.198297,-0.92741786,4.9097338,122.34133,63.569396,-10.930498
0.064326754,-37.073109,-0.98621403,8.2969076,-35.409877,7.2449055,-23.350504,58.700519,-4.0019519,2.9181317,123.79519,63.843826,-9.24751
0.064357932,-36.942443,-1.3740332,8.2111647,-36.096572,9.4462886,-23.601402,57.057412,-6.9960435,0.76915038,125.04627,64.060978,-7.4940046
0.064389109,-36.801514,-1.7793983,8.1391244,-36.754862,11.628019,-23.821667,55.184652,-9.8923444,-1.4357457,126.10178,64.239771,-5.6970729
0.064420287,-36.648664,-2.2002408,8.0757873,-37.380774,13.836192,-24.034047,53.259113,-12.687016,-3.6098475,126.95328,64.357593,-3.841765
0.064451464,-36.483152,-2.6354224,8.0222575,-37.967382,16.013869,-24.237694,51.339685,-15.436481,-5.693869,127.61174,64.432114,-1.9512185
0.064482641,-36.306573,-3.0868804,7.9777668,-38.567762,18.115673,-24.398916,49.460768,-18.111878,-7.7013288,128.08997,64.490264,0.031214451
0.064513817,-36.121622,-3.5474287,7.9444134,-39.188964,20.137199,-24.468753,47.658583,-20.684484,-9.5416724,128.3696,64.496103,2.0786437
0.064544994,-35.924105,-4.0160143,7.9252648,-39.769827,22.079467,-24.473843,45.948891,-23.148971,-11.208832,128.45071,64.375205,4.2018097
0.06457617,-35.713369,-4.4975525,7.9098882,-40.337418,23.972699,-24.455172,44.34328,-25.462767,-12.673784,128.33438,64.024481,6.3106223
0.064607347,-35.492212,-4.9786641,7.9032243,-40.907228,25.826583,-24.422477,42.855417,-27.618605,-13.967863,128.03956,63.330967,8.4269436
0.064638523,-35.262324,-5.456486,7.9007272,-41.473312,27.603402,-24.374477,41.500999,-29.64207,-15.092397,127.5398,62.307263,10.573545
0.064669699,-35.025003,-5.9312452,7.9026625,-41.965566,29.339846,-24.347271,40.146981,-31.484527,-16.045651,126.82969,60.878454,12.660255
0.064700875,-34.776339,-6.3950392,7.9103937,-42.363851,30.992399,-24.313479,38.77224,-33.111914,-16.829607,125.97079,58.974062,14.66007
0.064732051,-34.515439,-6.8459202,7.9190949,-42.714145,32.578969,-24.274335,37.377213,-34.477131,-17.458114,124.96798,56.561914,16.506127
0.064763227,-34.240433,-7.2774784,7.9272995,-43.019844,34.084113,-24.24541,35.972792,-35.550036,-17.955127,123.87054,53.756276,18.197393
0.064794403,-33.945499,-7.6935413,7.9316466,-43.285251,35.518965,-24.236612,34.595526,-36.326727,-18.357476,122.65938,50.563333,19.664882
0.064825579,-33.639505,-8.0859117,7.9277942,-43.500672,36.892891,-24.256196,33.262971,-36.827338,-18.666844,121.36085,46.970001,20.853816
0.064856754,-33.3248,-8.4490585,7.9118128,-43.655137,38.203423,-24.308685,32.14797,-37.057599,-18.8849,120.03111,42.998338,21.704619
0.06488793,-33.007757,-8.7836254,7.8822043,-43.755637,39.419702,-24.382416,31.212494,-37.055022,-19.015531,118.68212,38.727929,22.147402
0.064919106,-32.691318,-9.0869179,7.8393669,-43.79183,40.49262,-24.476691,30.434389,-36.810173,-19.056709,117.31928,34.262441,22.27054
0.064950282,-32.372472,-9.3577336,7.7824352,-43.759989,41.434994,-24.603354,29.784594,-36.351072,-19.02329,115.96161,29.629375,21.962647
0.064981458,-32.063782,-9.5963554,7.7142293,-43.625356,42.265799,-24.752922,29.240704,-35.695269,-18.928429,114.62603,24.910864,21.189807
0.065012633,-31.767686,-9.7979608,7.6343692,-43.386871,42.955252,-24.913144,28.774076,-34.835884,-18.794616,113.29395,20.112147,19.932026
0.065043806,-31.488883,-9.958612,7.5409661,-43.021151,43.483211,-25.067011,28.35984,-33.768049,-18.635746,111.94239,15.326209,18.233517
0.065074978,-31.226344,-10.079672,7.4323969,-42.475523,43.854869,-25.206221,28.001065,-32.505806,-18.477621,110.57249,10.557666,16.152448
0.065106148,-30.976302,-10.164358,7.3094827,-41.758749,44.059753,-25.327003,27.691333,-31.068177,-18.308839,109.07977,5.8393893,13.666977
0.065137317,-30.743547,-10.207949,7.1720934,-40.894428,44.100544,-25.426465,27.413498,-29.455206,-18.137961,107.50075,1.1935908,10.863542
0.065168484,-30.521146,-10.210046,7.0212894,-39.90905,43.994947,-25.494363,27.15473,-27.660114,-18.021049,105.86459,-3.3695091,7.8602687
0.065199649,-30.308668,-10.171064,6.8584907,-38.811121,43.795116,-25.524797,26.906437,-25.663611,-17.969168,104.10958,-7.8297372,4.7651733
0.065230813,-30.103616,-10.093561,6.6821949,-37.619633,43.50749,-25.503571,26.655313,-23.467455,-17.973799,102.34213,-12.185779,1.7992865
0.065261975,-29.906094,-9.9803952,6.490646,-36.342675,43.121347,-25.424445,26.385962,-21.063927,-18.023142,100.56303,-16.407561,-0.92302273
0.065293135,-29.716702,-9.8290687,6.2840764,-34.98487,42.619945,-25.288111,26.132586,-18.537914,-18.174453,98.825449,-20.469319,-3.3353078
0.065324294,-29.540518,-9.6388199,6.0671563,-33.563517,41.988985,-25.096127,25.850963,-15.831072,-18.400485,97.122605,-24.304879,-5.4037584
0.065355451,-29.37918,-9.4153628,5.8418059,-32.088944,41.228631,-24.848418,25.542727,-12.900924,-18.712174,95.555015,-27.878854,-7.1618577
0.065386606,-29.234028,-9.1591451,5.6078241,-30.576834,40.359089,-24.53818,25.222714,-9.7844141,-19.097908,94.093584,-31.171252,-8.6538716
0.06541776,-29.105958,-8.870501,5.3656486,-29.040335,39.369062,-24.180409,24.888027,-6.4595586,-19.514398,92.804093,-34.15278,-9.9132336
0.065448912,-28.995283,-8.5504946,5.1163096,-27.5008,38.231284,-23.756003,24.563236,-2.9633071,-19.923998,91.597864,-36.801016,-10.948249
0.065480063,-28.907987,-8.1984844,4.8603407,-25.948719,36.967952,-23.271634,24.135463,0.54848049,-20.415984,90.488854,-39.073011,-11.762211
0.065511212,-28.842476,-7.8144679,4.5973207,-24.394723,35.589513,-22.72553,23.705752,4.2038021,-20.94296,89.561971,-40.956956,-12.377872
0.06554236,-28.79793,-7.4032632,4.3285795,-22.897492,34.036676,-22.149337,23.277394,8.0158248,-21.495854,88.85249,-42.496508,-12.788936
0.065573506,-28.770523,-6.964161,4.0549789,-21.434845,32.370011,-21.559352,22.878472,11.922306,-21.917328,88.333282,-43.732198,-12.98808
0.065604651,-28.761392,-6.4987147,3.7793902,-20.019119,30.569293,-20.986196,22.516236,15.937931,-22.278958,88.02877,-44.68093,-12.968821
0.065635794,-28.767881,-6.0082851,3.5031839,-18.599843,28.614884,-20.430043,22.153425,19.909998,-22.609278,88.015735,-45.389928,-12.748028
0.065666936,-28.791989,-5.492875,3.2283417,-17.155792,26.542499,-19.869932,21.829421,23.809516,-22.896983,88.241826,-45.875897,-12.339691
0.065698076,-28.828749,-4.9509039,2.9566012,-15.739781,24.386139,-19.270164,21.569358,27.618024,-23.145327,88.59715,-46.180035,-11.761062
0.065729215,-28.887286,-4.387916,2.6835562,-14.363626,22.142419,-18.608336,21.555826,31.294742,-23.309247,89.003775,-46.319015,-11.048126
0.065760353,-28.964338,-3.8072671,2.4128736,-12.969326,19.784681,-18.004946,21.911806,34.854842,-23.385928,89.447747,-46.292847,-10.238823
0.065791489,-29.052632,-3.2093112,2.1423679,-11.671106,17.356753,-17.414522,22.69371,38.233995,-23.378422,89.911464,-46.108128,-9.3589825
0.065822624,-29.147426,-2.5974801,1.8752192,-10.539038,14.88718,-16.851652,23.937589,41.332485,-23.27104,90.387831,-45.784994,-8.4408815
0.065853757,-29.255139,-1.9721182,1.6085979,-9.4777991,12.404044,-16.373502,25.536537,44.153577,-23.0562,90.858009,-45.288083,-7.4858374
0.065884889,-29.379862,-1.3407442,1.3417761,-8.4963061,9.9554488,-16.070423,27.455436,46.679988,-22.711639,91.298928,-44.617854,-6.5382421
0.06591602,-29.511153,-0.69746592,1.0758989,-7.611205,7.5062675,-15.889523,29.656384,48.845981,-22.255943,91.683315,-43.763355,-5.6168141
0.06594715,-29.647857,-0.048238824,0.82076295,-6.8023062,5.081571,-15.771188,32.088392,50.618454,-21.687309,91.986878,-42.726158,-4.7635406
0.065978279,-29.78912,0.59983539,0.5688239,-6.0924741,2.6699797,-15.70727,34.719914,52.032135,-21.021946,92.197855,-41.525723,-4.0219415
0.066009406,-29.93048,1.2442882,0.32404702,-5.4421003,0.27635667,-15.710955,37.483735,53.162171,-20.265191,92.31929,-40.151856,-3.4051441
0.066040533,-30.061422,1.8844369,0.085152464,-4.9266249,-2.1115975,-15.758419,40.355707,54.056811,-19.420095,92.330803,-38.570555,-2.9304247
0.066071658,-30.200392,2.5171774,-0.15087378,-4.5921508,-4.3360258,-15.848277,43.406643,54.755108,-18.489381,92.222675,-36.74022,-2.6044285
0.066102782,-30.336788,3.1389885,-0.37886401,-4.432591,-6.4610313,-15.997606,46.66274,55.292934,-17.491782,91.971558,-34.646548,-2.4750141
0.066133906,-30.473354,3.7506779,-0.60294715,-4.4129169,-8.4921885,-16.210439,50.084416,55.728695,-16.442358,91.60088,-32.30032,-2.5985787
0.066165028,-30.604331,4.3391908,-0.81145799,-4.5358076,-10.451412,-16.462426,53.607321,56.104388,-15.355445,91.100003,-29.665834,-2.9522182
0.06619615,-30.72701,4.9068785,-1.010496,-4.7639237,-12.261344,-16.745626,57.161831,56.400847,-14.24557,90.45067,-26.745514,-3.4967536
0.06622727,-30.846223,5.4571207,-1.2006734,-5.0890171,-13.895118,-17.045703,60.668924,56.61796,-13.116041,89.632923,-23.559849,-4.2575717
0.06625839,-30.950786,5.9859446,-1.3733752,-5.5408197,-15.350075,-17.376543,63.915514,56.732255,-11.990667,88.643871,-20.125913,-5.213967
0.066289508,-31.045264,6.4881585,-1.5437243,-6.112169,-16.61325,-17.748089,66.849908,56.749366,-10.877709,87.552458,-16.464063,-6.4185068
0.066320626,-31.129757,6.9425103,-1.7162817,-6.7657974,-17.655167,-18.118624,69.472963,56.664689,-9.7748532,86.324183,-12.578421,-7.7454605
0.066351742,-31.209296,7.3452794,-1.8889749,-7.4658257,-18.494409,-18.508705,71.789359,56.45367,-8.6805184,84.921063,-8.4864623,-9.1263585
0.066382858,-31.280885,7.7111547,-2.0578894,-8.2295003,-19.137915,-18.911659,73.81462,56.098241,-7.5880096,83.408626,-4.1984352,-10.470858
0.066413973,-31.342236,8.0377547,-2.225138,-9.0797582,-19.579112,-19.309349,75.544502,55.589834,-6.5077791,81.908588,0.21741042,-11.71141
0.066445087,-31.403058,8.3206524,-2.3889672,-9.9832002,-19.799111,-19.692882,77.002526,54.914868,-5.445682,80.506952,4.6888859,-12.848856
0.0664762,-31.46791,8.5500773,-2.5478195,-10.932858,-19.827327,-20.066209,78.193293,54.032991,-4.4278137,79.294701,9.1811924,-13.844902
0.066507311,-31.54862,8.723341,-2.7047579,-11.896028,-19.663572,-20.426437,79.119793,52.913735,-3.4516989,78.403131,13.644907,-14.641198
0.066538422,-31.631551,8.8372709,-2.859017,-12.86681,-19.30289,-20.743933,79.792003,51.550157,-2.5369079,77.952223,17.990726,-15.264491
0.066569532,-31.714408,8.8993945,-3.0098415,-13.85248,-18.761231,-21.023208,80.20423,49.970444,-1.7042352,77.905578,22.136088,-15.746369
0.066600641,-31.794915,8.910924,-3.1577276,-14.828794,-18.04418,-21.288277,80.358466,48.100635,-0.93435392,78.24262,26.010013,-15.970864
0.066631749,-31.872542,8.8699014,-3.3031719,-15.807559,-17.151335,-21.533429,80.305511,45.963268,-0.24499004,79.009666,29.632741,-15.924437
0.066662855,-31.954199,8.7734999,-3.4460265,-16.773572,-16.084668,-21.753946,80.033233,43.581678,0.34352979,80.118959,32.921669,-15.650982
0.066693961,-32.038411,8.6197437,-3.5861457,-17.706913,-14.862076,-21.964064,79.546918,40.961048,0.81422109,81.564227,35.831695,-15.167834
0.066725065,-32.123499,8.40933,-3.7227291,-18.613574,-13.466303,-22.178702,78.871058,38.058527,1.1503349,83.268543,38.365954,-14.495729
0.066756168,-32.206122,8.135239,-3.8543928,-19.539747,-11.913321,-22.386525,78.005053,34.961886,1.3020236,85.239383,40.579573,-13.659366
0.06678727,-32.290082,7.8027922,-3.9815693,-20.404119,-10.241765,-22.599906,77.051744,31.776539,1.303551,87.54107,42.488435,-12.717452
0.066818369,-32.375434,7.4240677,-4.1041225,-21.246121,-8.4450878,-22.8123,75.994963,28.506803,1.1374981,90.225589,44.114124,-11.711064
0.066849466,-32.463776,7.0066084,-4.2246714,-22.059003,-6.4738288,-22.991078,74.817529,25.154332,0.78763694,93.308609,45.495757,-10.662788
0.066880562,-32.553289,6.5428765,-4.3455448,-22.815473,-4.3513151,-23.165029,73.497374,21.771996,0.1919757,96.817701,46.68706,-9.5929842
0.066911657,-32.637674,6.0310227,-4.4739971,-23.502544,-2.2132931,-23.311844,72.055226,18.375412,-0.63047775,100.55603,47.785094,-8.5325495
0.066942749,-32.724587,5.4696656,-4.6009347,-24.158104,0.034568929,-23.435779,70.480132,14.953037,-1.6607689,104.20851,48.766376,-7.4921978
0.06697384,-32.809603,4.8568454,-4.729385,-24.802388,2.3889216,-23.547433,68.736274,11.545647,-2.8639431,107.67205,49.627807,-6.4899619
0.06700493,-32.887005,4.1978876,-4.852935,-25.458745,4.8318942,-23.617336,66.841218,8.1069199,-4.2427187,110.89059,50.35806,-5.5217218
0.067036017,-32.96247,3.488154,-4.9784015,-26.119497,7.3282329,-23.617106,64.779584,4.6869851,-5.7548727,113.84232,50.964503,-4.5771425
0.067067104,-33.029787,2.7367132,-5.110078,-26.763132,9.8911108,-23.636341,62.58681,1.2995738,-7.3147528,116.52339,51.412845,-3.638371
0.067098189,-33.085,1.9568256,-5.2275784,-27.384117,12.520349,-23.674927,60.355096,-2.073299,-8.8810992,118.92165,51.709639,-2.7265358
0.067129272,-33.122476,1.152528,-5.3207174,-27.981847,15.213907,-23.690685,58.01998,-5.3533187,-10.403032,121.04798,51.890399,-1.81841
0.067160354,-33.155755,0.29990447,-5.4433804,-28.553859,17.877504,-23.70316,55.74103,-8.5399683,-11.836482,122.91132,52.003284,-0.89808428
0.067191435,-33.158793,-0.59019455,-5.5681183,-29.101768,20.484015,-23.628603,53.589187,-11.575236,-13.189297,124.51481,52.069666,0.040923999
0.067222514,-33.135902,-1.5006938,-5.695338,-29.619097,23.017931,-23.452564,51.57705,-14.480557,-14.396873,125.89204,52.043976,0.99653855
0.067253592,-33.089402,-2.4179617,-5.8137598,-30.117903,25.514674,-23.203866,49.724392,-17.307248,-15.458827,127.04219,51.905546,1.9878887
0.067284669,-33.014868,-3.3341638,-5.9238734,-30.590718,27.974402,-22.941497,48.044846,-19.904576,-16.362736,127.95847,51.632024,3.0100385
0.067315745,-32.914226,-4.2744722,-6.0318103,-31.04052,30.389703,-22.686459,46.532773,-22.311868,-17.14611,128.64037,51.187376,4.0407775
0.06734682,-32.782732,-5.2299683,-6.1104699,-31.39531,32.740818,-22.426658,45.232587,-24.48122,-17.801891,129.09397,50.549327,5.086983
0.067377893,-32.620135,-6.1782274,-6.1806358,-31.617829,34.96851,-22.126897,44.029048,-26.434742,-18.335882,129.31642,49.755825,6.1342828
0.067408966,-32.425938,-7.1167322,-6.246462,-31.753655,37.03588,-21.808606,42.880338,-28.117785,-18.770791,129.32583,48.807402,7.1119852
0.067440037,-32.21827,-8.0281002,-6.3049497,-31.847377,38.999072,-21.520442,41.711166,-29.514328,-19.123055,129.11656,47.582776,8.0696713
0.067471106,-31.940833,-8.9119082,-6.3618691,-31.880116,40.792118,-21.250622,40.547796,-30.608984,-19.373638,128.68727,46.04933,8.9867576
0.067502172,-31.61937,-9.7649747,-6.4094409,-31.841162,42.387741,-21.008147,39.397674,-31.372108,-19.511578,128.02573,44.157074,9.785214
0.067533237,-31.265914,-10.585476,-6.4637814,-31.694797,43.778583,-20.792476,38.254977,-31.82724,-19.554326,127.13495,41.892041,10.417136
0.0675643,-30.887421,-11.363803,-6.5195937,-31.392347,44.936686,-20.594746,37.123571,-31.973564,-19.507501,126.05782,39.298847,10.862862
0.067595361,-30.491245,-12.101643,-6.5790535,-30.912478,45.872777,-20.412452,36.180575,-31.806374,-19.377395,124.7811,36.476475,11.040775
0.06762642,-30.062264,-12.790503,-6.6502599,-30.269989,46.610991,-20.24709,35.35704,-31.33201,-19.199692,123.30252,33.417619,10.921451
0.067657477,-29.614575,-13.421226,-6.7229561,-29.473887,47.175358,-20.107266,34.69362,-30.570684,-18.95211,121.61726,30.131155,10.45139
0.067688532,-29.155074,-13.996819,-6.8035131,-28.531325,47.581817,-19.983861,34.140006,-29.538408,-18.667847,119.75504,26.664455,9.663649
0.067719584,-28.698077,-14.509913,-6.8904596,-27.434507,47.839824,-19.858271,33.621702,-28.241292,-18.37461,117.72705,23.006411,8.4291827
0.067750635,-28.256238,-14.960196,-6.9834403,-26.188671,47.958471,-19.749719,33.123495,-26.675505,-18.08374,115.53735,19.177585,6.7802049
0.067781684,-27.833978,-15.341512,-7.0816351,-24.814501,48.008649,-19.663663,32.642663,-24.818218,-17.786167,113.1856,15.196258,4.8089338
0.067812731,-27.432416,-15.644533,-7.1923093,-23.319592,47.959061,-19.58964,32.201251,-22.64446,-17.49469,110.69302,11.080099,2.6150308
0.067843776,-27.05624,-15.87641,-7.315598,-21.714868,47.80138,-19.510772,31.826208,-20.209852,-17.19434,108.08725,6.8741141,0.2976322
0.067874819,-26.706833,-16.035652,-7.44818,-20.003242,47.528125,-19.421087,31.487472,-17.491995,-16.874164,105.38074,2.6059585,-1.9457291
0.06790586,-26.387338,-16.125822,-7.5895221,-18.210218,47.133391,-19.311107,31.147646,-14.482965,-16.581218,102.69018,-1.7191382,-4.0387941
0.067936899,-26.101565,-16.137381,-7.7392916,-16.360976,46.620753,-19.182549,30.828091,-11.198216,-16.276159,100.04854,-6.0256693,-5.9616824
0.067967936,-25.856166,-16.076498,-7.8991705,-14.459728,45.99498,-19.024873,30.542513,-7.6525594,-15.915559,97.497595,-10.256444,-7.7496933
0.067998971,-25.657454,-15.945138,-8.0663819,-12.533273,45.26182,-18.85162,30.355825,-3.8370883,-15.513642,95.08516,-14.350486,-9.3417854
0.068030005,-25.498006,-15.741958,-8.2405282,-10.614654,44.432252,-18.655206,30.142071,0.15606722,-15.070064,92.889183,-18.270157,-10.655076
0.068061036,-25.377139,-15.468453,-8.4164167,-8.7163784,43.49585,-18.43078,29.80672,4.2706452,-14.580781,91.011999,-21.997424,-11.677655
0.068092066,-25.299781,-15.125966,-8.5939764,-6.8179077,42.435601,-18.175803,29.486714,8.5249662,-14.055168,89.377211,-25.460333,-12.44254
0.068123095,-25.272968,-14.720275,-8.774489,-4.9156797,41.232542,-17.87809,29.206663,12.864978,-13.527395,87.995772,-28.611267,-12.977093
0.068154121,-25.290251,-14.240542,-8.9580863,-3.0865715,39.899017,-17.607676,28.981624,17.247178,-12.996903,86.916285,-31.472446,-13.3432
0.068185146,-25.346436,-13.695072,-9.1443582,-1.4145651,38.428261,-17.374785,28.862103,21.574062,-12.390542,86.066225,-34.002363,-13.534364
0.068216169,-25.445627,-13.089659,-9.3269927,0.29592923,36.801069,-17.104698,28.866264,25.648482,-11.843234,85.416773,-36.172924,-13.5617
0.06824719,-25.59353,-12.43073,-9.5123186,1.9097182,35.005895,-16.827497,29.079111,29.518328,-11.338212,84.986282,-37.982699,-13.397598
0.06827821,-25.774272,-11.705424,-9.7003397,3.4176979,33.020745,-16.494937,29.525582,33.154464,-10.886411,84.838764,-39.432622,-13.071992
0.068309228,-25.984234,-10.92191,-9.8933337,4.8035563,30.887822,-16.180704,30.228123,36.545024,-10.467737,84.922776,-40.550068,-12.629456
0.068340245,-26.228545,-10.089671,-10.084687,6.0730923,28.601697,-15.882556,31.207064,39.634618,-10.089514,85.224204,-41.322465,-12.116551
0.06837126,-26.508173,-9.2157166,-10.274331,7.3088321,26.175643,-15.635393,32.58583,42.347886,-9.8119948,85.645562,-41.77607,-11.567841
0.068402274,-26.821458,-8.3013607,-10.456775,8.4737079,23.610507,-15.446125,34.228516,44.713469,-9.6076853,86.150664,-41.948943,-11.020815
0.068433286,-27.119839,-7.3244314,-10.634027,9.4916121,20.922827,-15.27454,36.120579,46.745116,-9.4791463,86.675539,-41.838139,-10.500263
0.068464297,-27.425262,-6.288122,-10.829751,10.38652,18.106378,-15.083839,38.23496,48.453872,-9.3955058,87.175064,-41.457074,-10.028305
0.068495307,-27.73622,-5.203908,-11.018749,11.15135,15.200117,-14.912171,40.544084,49.828199,-9.3430009,87.63552,-40.805079,-9.6129345
0.068526315,-28.045405,-4.0873942,-11.206641,11.786237,12.218417,-14.818526,43.066886,50.859807,-9.3208839,88.00293,-39.887115,-9.2510325
0.068557322,-28.363697,-2.9454477,-11.355762,12.220998,9.2132307,-14.849074,45.728634,51.642017,-9.3062035,88.294801,-38.695697,-8.9542234
0.068588329,-28.68796,-1.7815393,-11.483716,12.440279,6.1561853,-15.00565,48.509115,52.225163,-9.2834263,88.456375,-37.203294,-8.7244295
0.068619334,-29.007826,-0.55989594,-11.613049,12.496155,3.0375312,-15.206654,51.435177,52.659886,-9.251612,88.469275,-35.39566,-8.5611379
0.068650338,-29.303979,0.67350334,-11.741592,12.39405,-0.12510934,-15.405325,54.597487,52.971391,-9.1789487,88.325453,-33.263855,-8.4584051
0.068681341,-29.568403,1.924415,-11.869901,12.085977,-3.2425195,-15.648336,57.984849,53.218369,-9.07028,88.008915,-30.787918,-8.4082531
0.068712343,-29.814887,3.1566046,-11.993059,11.536452,-6.3097195,-15.898573,61.558719,53.431618,-8.925759,87.536829,-27.955956,-8.4085463
0.068743344,-30.03415,4.3752952,-12.091837,10.801574,-9.3157798,-16.165835,65.26259,53.614932,-8.7454415,86.939199,-24.754093,-8.4477799
0.068774344,-30.251019,5.5375115,-12.17452,10.001333,-12.301635,-16.417788,69.025062,53.767343,-8.5341448,86.23254,-21.189131,-8.551261
0.068805344,-30.478016,6.6657602,-12.248906,9.1445868,-15.18255,-16.643541,72.614587,53.881209,-8.2859027,85.412138,-17.290259,-8.6790538
0.068836342,-30.675336,7.7705268,-12.309142,8.2425596,-17.953153,-16.81393,75.926465,53.995755,-8.000686,84.481541,-13.049984,-8.8229973
0.068867339,-30.90814,8.8209829,-12.347835,7.2631111,-20.549768,-16.947345,78.94769,54.073816,-7.6729513,83.464671,-8.514742,-8.9310941
0.068898336,-31.162982,9.8190394,-12.375508,6.2222129,-22.989867,-17.061616,81.680347,54.080052,-7.3122628,82.453601,-3.7774944,-9.0431994
0.068929331,-31.426066,10.763836,-12.385736,5.1748502,-25.261119,-17.152581,84.117925,53.983059,-6.9216383,81.402551,1.0539121,-9.0156922
0.068960326,-31.667062,11.651776,-12.379811,4.0459874,-27.28938,-17.219623,86.267006,53.757174,-6.5109736,80.464089,5.9537141,-8.952853
0.06899132,-31.903312,12.472687,-12.357713,2.9384497,-29.100924,-17.27574,88.140637,53.366932,-6.0751607,79.740052,10.790425,-8.7156984
0.069022312,-32.128228,13.228858,-12.329511,1.871523,-30.664727,-17.33491,89.727324,52.785486,-5.6132421,79.230698,15.470971,-8.3568037
0.069053304,-32.34713,13.922349,-12.28946,0.83155201,-31.971773,-17.389526,91.029161,51.991592,-5.1482924,79.015471,19.886837,-7.9027731
0.069084295,-32.565389,14.542511,-12.24055,-0.14849841,-33.039126,-17.457878,92.030672,50.95245,-4.6834814,79.120115,23.945956,-7.3850639
0.069115286,-32.786831,15.088114,-12.186298,-1.0504237,-33.829017,-17.511499,92.733111,49.68173,-4.2426025,79.497549,27.598985,-6.8377788
0.069146275,-32.999064,15.548653,-12.126176,-1.9174983,-34.306373,-17.534007,93.134836,48.151118,-3.8257214,80.280299,30.797231,-6.29684
0.069177263,-33.206005,15.927544,-12.065652,-2.7600088,-34.494743,-17.51707,93.244903,46.360289,-3.4544,81.448126,33.572007,-5.783245
0.06920825,-33.419145,16.217244,-12.005539,-3.5785606,-34.407317,-17.485125,93.143321,44.338466,-3.1410903,83.014292,35.925113,-5.3185551
0.069239236,-33.635583,16.417245,-11.946176,-4.3396535,-34.070437,-17.425616,92.793031,42.06492,-2.8883906,84.847784,37.894203,-4.9239882
0.069270222,-33.852406,16.525229,-11.889141,-5.0387556,-33.501991,-17.348165,92.196319,39.542329,-2.7015561,86.876537,39.465714,-4.6037613
0.069301206,-34.067081,16.543334,-11.835394,-5.7669653,-32.692705,-17.258119,91.336821,36.768392,-2.6068669,89.01663,40.751931,-4.3615072
0.069332188,-34.277337,16.463812,-11.784828,-6.5161429,-31.694529,-17.144643,90.244687,33.755894,-2.5834259,91.316996,41.814282,-4.1698201
0.069363169,-34.481435,16.286633,-11.740336,-7.2921549,-30.503993,-17.018728,89.113045,30.586442,-2.6621053,93.834415,42.719555,-4.033239
0.069394148,-34.683018,16.008679,-11.701883,-8.043159,-29.034059,-16.89099,87.800013,27.206857,-2.8381378,96.542854,43.514014,-3.9424724
0.069425126,-34.880973,15.626401,-11.675537,-8.7960361,-27.353664,-16.761574,86.313396,23.605824,-3.0821888,99.580667,44.244822,-3.8823708
0.069456102,-35.059401,15.143487,-11.652406,-9.5669431,-25.4767,-16.635895,84.669788,19.770844,-3.3964927,102.89991,44.950251,-3.8296819
0.069487076,-35.217327,14.564793,-11.634672,-10.329536,-23.41128,-16.531329,82.822429,15.733514,-3.8452762,106.15615,45.661248,-3.7798875
0.069518049,-35.34832,13.888691,-11.62312,-11.116596,-21.1347,-16.411607,80.769807,11.587137,-4.3161319,109.27807,46.383418,-3.7118214
0.06954902,-35.433451,13.106561,-11.616049,-11.928245,-18.655854,-16.291372,78.533999,7.2450758,-4.8215029,112.22262,47.105074,-3.6205987
0.06957999,-35.4833,12.208934,-11.614604,-12.706999,-15.890458,-16.169606,76.169983,2.7421423,-5.3706212,114.97287,47.814277,-3.503306
0.069610959,-35.492023,11.218144,-11.617374,-13.412118,-12.978709,-16.119681,73.772924,-1.8859547,-5.9590572,117.52714,48.487709,-3.3433902
0.069641926,-35.479321,10.139861,-11.629185,-14.021451,-9.8400237,-16.154511,71.166213,-6.5345925,-6.5866558,119.88244,49.095825,-3.1341723
0.069672892,-35.439819,8.9854434,-11.652702,-14.552419,-6.5298076,-16.198546,68.564992,-11.161002,-7.1393728,122.04363,49.606827,-2.8645663
0.069703857,-35.394048,7.7488848,-11.67177,-15.064351,-3.0491866,-16.245302,66.145039,-15.711564,-7.6149535,124.00347,49.987049,-2.5349303
0.069734821,-35.293319,6.415898,-11.688444,-15.572593,0.60216924,-16.281529,63.897271,-20.152638,-7.9714222,125.7587,50.199675,-2.1380527
0.069765783,-35.140666,5.021473,-11.70081,-16.024135,4.4134269,-16.314228,61.925697,-24.36614,-8.2175754,127.32276,50.216564,-1.6807817
0.069796745,-34.93019,3.5560576,-11.71423,-16.420975,8.3854944,-16.349787,60.178107,-28.355622,-8.3598797,128.66275,50.032151,-1.1613487
0.069827705,-34.680846,1.9850323,-11.75189,-16.777536,12.477262,-16.38572,58.525919,-32.060321,-8.3878859,129.78566,49.593052,-0.58054587
0.069858665,-34.406513,0.39334913,-11.818824,-17.066623,16.604893,-16.439615,56.969743,-35.389143,-8.3207829,130.68989,48.901755,0.0512041
0.069889624,-34.060097,-1.2061878,-11.914697,-17.261108,20.68969,-16.426291,55.541536,-38.393351,-8.1577507,131.36282,47.996098,0.72503074
0.069920581,-33.63844,-2.7555211,-11.989716,-17.351982,24.773591,-16.308976,54.240822,-40.944424,-7.9227629,131.8119,46.826553,1.4195048
0.069951538,-33.146439,-4.3127623,-12.016409,-17.33555,28.848217,-16.104866,52.977266,-43.050963,-7.6558285,132.01874,45.385109,2.1277981
0.069982493,-32.584649,-5.8972794,-12.047608,-17.216383,32.863804,-15.793456,51.768875,-44.700806,-7.3687597,131.97315,43.672262,2.822361
0.070013446,-31.956139,-7.5087033,-12.083892,-17.017569,36.778868,-15.381271,50.643392,-45.922426,-7.0623698,131.65124,41.686018,3.4890934
0.070044397,-31.266226,-9.1201637,-12.133458,-16.562568,40.470613,-14.870501,49.645564,-46.801821,-6.7399192,131.0737,39.44832,4.0934588
0.070075346,-30.527643,-10.714082,-12.209564,-15.892888,43.891182,-14.237621,48.952983,-47.346005,-6.4160751,130.2331,36.931397,4.5897965
0.070106294,-29.674562,-12.282884,-12.314787,-15.093135,47.043061,-13.516644,48.505545,-47.576352,-6.0830256,129.1449,34.150919,4.9649498
0.070137239,-28.714704,-13.79361,-12.421398,-14.15012,49.914044,-12.690741,48.246072,-47.538794,-5.7527275,127.79043,31.09155,5.2087856
0.070168183,-27.697115,-15.207256,-12.535986,-13.057287,52.511092,-11.770415,48.149801,-47.251791,-5.447947,126.15934,27.753422,5.2815699
0.070199125,-26.646396,-16.558953,-12.64809,-11.747878,54.836965,-10.820334,48.146204,-46.711449,-5.1487809,124.37329,24.163183,5.1594762
0.070230065,-25.590436,-17.829479,-12.777554,-10.188314,56.770956,-9.9074412,48.211331,-45.908445,-4.8570525,122.35513,20.292123,4.7867271
0.070261004,-24.55254,-19.023624,-12.912827,-8.4424893,58.350879,-9.0388897,48.293754,-44.847302,-4.5767451,120.17053,16.141433,4.2765265
0.07029194,-23.540315,-20.147435,-13.062841,-6.5350598,59.621199,-8.297198,48.386829,-43.52602,-4.313143,117.80783,11.685088,3.629641
0.070322875,-22.607338,-21.160148,-13.22597,-4.4964002,60.612505,-7.6048491,48.433134,-41.929948,-4.0661721,115.24241,7.0145445,2.8063936
0.070353808,-21.728138,-22.063695,-13.405075,-2.3053915,61.352753,-6.9649083,48.36877,-40.029692,-3.837627,112.54666,2.0714583,1.8934187
0.070384739,-20.887205,-22.860212,-13.579565,0.024654347,61.837313,-6.3914002,48.25717,-37.877305,-3.6328295,109.78369,-3.0386144,0.99864351
0.070415668,-20.103498,-23.550423,-13.755632,2.4573242,62.101095,-5.8777489,48.034204,-35.394397,-3.457364,107.0252,-8.2675403,0.06017135
0.070446596,-19.388731,-24.143648,-13.935049,4.9578195,62.157512,-5.4513591,47.728873,-32.594409,-3.3418104,104.30155,-13.540128,-0.86271743
0.070477522,-18.752592,-24.623067,-14.113437,7.5623009,62.044588,-5.0758304,47.334619,-29.450742,-3.2754428,101.77139,-18.787538,-1.671846
0.070508447,-18.214788,-24.964528,-14.288471,10.166736,61.808526,-4.7190022,46.869762,-25.896028,-3.2574554,99.479311,-23.729189,-2.3374276
0.07053937,-17.779441,-25.181778,-14.457857,12.88947,61.435946,-4.4347433,46.293821,-22.048571,-3.3068559,97.498861,-28.33005,-2.8144227
0.070570291,-17.438333,-25.297807,-14.622791,15.712187,60.915919,-4.1972719,45.67315,-17.798218,-3.4271303,95.814362,-32.29399,-3.1265349
0.070601211,-17.162123,-25.307727,-14.778582,18.564697,60.262278,-3.9767933,45.053672,-13.151047,-3.6310231,94.299253,-35.598211,-3.2847835
0.07063213,-16.954809,-25.216354,-14.914352,21.402306,59.481953,-3.7811416,44.524428,-8.1643499,-3.9378966,92.993708,-38.291847,-3.3234764
0.070663047,-16.824968,-25.008295,-15.029616,24.18409,58.57857,-3.606096,43.983156,-2.8815959,-4.2977659,91.908216,-40.47063,-3.2742801
0.070693963,-16.779709,-24.68223,-15.129252,26.893704,57.537751,-3.4473616,43.415178,2.5814296,-4.7036582,91.100693,-42.23191,-3.1282667
0.070724878,-16.817856,-24.242707,-15.208783,29.491017,56.345947,-3.3041678,42.929715,8.1811517,-5.1583695,90.498589,-43.696496,-2.9469067
0.070755791,-16.923527,-23.696186,-15.269203,31.926187,54.975795,-3.1829881,42.619192,13.876237,-5.6319079,90.184307,-44.902008,-2.7470537
0.070786703,-17.091976,-23.045733,-15.316381,34.135546,53.395116,-3.0842939,42.538365,19.546783,-6.118484,90.112815,-45.844574,-2.5299901
0.070817614,-17.314085,-22.284272,-15.361379,36.02687,51.582155,-3.0008679,42.746496,24.934897,-6.3885946,90.284577,-46.547023,-2.2947393
0.070848524,-17.598293,-21.42224,-15.403699,37.635559,49.533911,-2.9480767,43.27718,30.024475,-6.6261785,90.644544,-47.036323,-2.0519114
0.070879433,-17.940525,-20.464025,-15.440587,38.997227,47.230684,-2.923514,44.139886,34.765478,-6.7838061,91.167104,-47.343899,-1.8021529
0.07091034,-18.333657,-19.409105,-15.470518,40.086172,44.688569,-2.9426524,45.349766,39.124284,-6.7877848,91.781091,-47.483321,-1.5470739
0.070941247,-18.769976,-18.268959,-15.492656,40.888658,41.908319,-3.0045157,46.852726,43.074821,-6.6170966,92.468817,-47.474361,-1.2855937
0.070972152,-19.217643,-17.035649,-15.513785,41.410681,38.933235,-3.1091564,48.820643,46.607495,-6.2391509,93.182588,-47.34301,-1.0173147
0.071003057,-19.678351,-15.716045,-15.535243,41.65435,35.698652,-3.2584348,51.113727,49.621843,-5.7165474,93.909594,-47.067975,-0.7377067
0.071033961,-20.166807,-14.317674,-15.555096,41.787994,32.28633,-3.4423952,53.636309,52.155304,-5.0575784,94.621875,-46.619119,-0.44715195
0.071064864,-20.675825,-12.840903,-15.572963,41.845137,28.743933,-3.67921,56.363386,54.229687,-4.291415,95.252041,-45.95421,-0.14848831
0.071095767,-21.200645,-11.294093,-15.58241,41.726833,25.039762,-3.9790207,59.216544,55.878104,-3.464833,95.76164,-45.059306,0.1532441
0.071126668,-21.749215,-9.6735874,-15.577485,41.441671,21.195982,-4.3097818,62.151903,57.158654,-2.6167008,96.096979,-43.907188,0.45596905
0.07115757,-22.218543,-7.9787549,-15.582074,40.990502,17.223302,-4.6985421,65.130939,58.173423,-1.7788579,96.226775,-42.483134,0.75430279
0.07118847,-22.683721,-6.241935,-15.57684,40.386807,13.145886,-5.0854929,68.202541,58.963015,-0.96621217,96.181431,-40.769443,1.0471181
0.07121937,-23.132151,-4.4672203,-15.567934,39.580502,9.1253391,-5.4526968,71.568877,59.590585,-0.21598969,95.936212,-38.742079,1.3155028
0.071250269,-23.522952,-2.6618873,-15.570507,38.554635,5.1173438,-5.8785595,75.185651,60.061177,0.45788105,95.467533,-36.362661,1.5504108
0.071281168,-23.892923,-0.82035529,-15.591154,37.351384,1.0375704,-6.3091465,78.735527,60.46624,1.0337552,94.727355,-33.604475,1.7339185
0.071312067,-24.24659,1.0879139,-15.60804,35.963977,-3.1009002,-6.7530472,82.092678,60.840875,1.5252069,93.764965,-30.459829,1.8530822
0.071342965,-24.582637,3.0268082,-15.571548,34.44069,-7.2805544,-7.2143253,85.222014,61.181709,1.9324988,92.656939,-26.915978,1.8981468
0.071373862,-24.90074,4.906502,-15.549864,32.737608,-11.45734,-7.6696738,88.116049,61.481343,2.2701374,91.400776,-22.991215,1.8466004
0.07140476,-25.214644,6.7786181,-15.52309,30.777061,-15.514991,-8.0812322,90.767731,61.737627,2.5214159,90.044214,-18.654051,1.7031515
0.071435657,-25.522862,8.6517045,-15.512094,28.774474,-19.541943,-8.4964828,93.177353,61.970363,2.7017089,88.69093,-13.845375,1.4575506
0.071466553,-25.817878,10.498129,-15.48251,26.802495,-23.503817,-8.8873157,95.36855,62.14659,2.8235063,87.378876,-8.7848061,1.1061129
0.071497449,-26.153488,12.281521,-15.463548,24.888749,-27.34954,-9.2100288,97.338934,62.209528,2.8944607,86.196922,-3.4095547,0.66634146
0.071528345,-26.433919,13.992295,-15.426339,23.061861,-31.079882,-9.4201118,99.086392,62.148036,2.9289359,85.283515,2.1434761,0.17939222
0.07155924,-26.71622,15.690422,-15.372767,21.271266,-34.510009,-9.5535357,100.6181,61.959701,2.9491175,84.558353,7.7829851,-0.37115012
0.071590135,-26.989552,17.332135,-15.300531,19.655919,-37.687812,-9.6170569,101.92673,61.656487,2.9610952,84.090481,13.408368,-0.92984371
0.07162103,-27.303738,18.909645,-15.213153,18.213343,-40.615021,-9.627035,103.00825,61.190763,2.9671531,83.907418,18.830717,-1.501942
0.071651924,-27.645688,20.425794,-15.108798,16.979354,-43.188538,-9.5786281,103.85719,60.502747,2.9676497,84.002471,23.913596,-1.9956882
0.071682817,-27.975276,21.852899,-14.9916,15.967769,-45.411318,-9.4527477,104.47262,59.539078,2.9676336,84.445036,28.554015,-2.4031322
0.071713711,-28.284251,23.1872,-14.854339,15.017548,-47.219476,-9.2383899,104.90304,58.268328,2.9622184,85.370755,32.691998,-2.6790448
0.071744603,-28.613327,24.389657,-14.697241,14.148923,-48.645331,-8.9388519,105.13044,56.673678,2.9473375,86.706667,36.369225,-2.833743
0.071775495,-28.953382,25.480739,-14.524423,13.35354,-49.725292,-8.5835984,105.1379,54.718533,2.9141545,88.517188,39.495373,-2.8434802
0.071806385,-29.291622,26.490009,-14.337631,12.567767,-50.481352,-8.1752203,104.91261,52.412038,2.851038,90.670968,42.076784,-2.6910292
0.071837274,-29.628582,27.396188,-14.140302,11.759748,-50.928937,-7.7325183,104.44674,49.734545,2.7656219,93.09244,44.163733,-2.3791239
0.071868162,-29.946789,28.191412,-13.929817,10.921226,-51.032867,-7.266156,103.83521,46.754422,2.6373401,95.694419,45.824898,-1.9322072
0.071899048,-30.249894,28.859617,-13.709041,10.083829,-50.802641,-6.8035343,103.02722,43.479456,2.486459,98.400733,47.132427,-1.367655
0.071929933,-30.533425,29.412619,-13.477338,9.2523669,-50.250213,-6.3603018,102.02512,39.927407,2.308622,101.11702,48.166215,-0.69542984
0.071960817,-30.790649,29.785732,-13.243652,8.4331716,-49.381528,-5.9152895,100.83208,36.170958,2.0927125,103.7853,49.011631,0.037154856
0.0719917,-31.00352,30.037552,-13.010098,7.623106,-48.213193,-5.4871509,99.366368,32.07658,1.8678307,106.35762,49.723866,0.80625593
0.072022582,-31.155308,30.165957,-12.777094,6.7940132,-46.748298,-5.0762034,97.832252,27.780688,1.6190042,108.81285,50.370292,1.537403
0.072053463,-31.254132,30.137813,-12.534813,5.9706204,-45.016415,-4.7052013,96.09929,23.262232,1.3657169,111.12702,51.004462,2.2033841
0.072084342,-31.297464,29.906751,-12.287814,5.2875336,-43.011927,-4.356355,94.159205,18.502782,1.10834,113.2861,51.645157,2.773372
0.072115221,-31.283669,29.497894,-12.039928,4.7272267,-40.716146,-4.039446,92.02423,13.513918,0.83790457,115.28841,52.3135,3.2257383
0.072146099,-31.205229,28.940671,-11.79408,4.2214098,-38.151652,-3.7628262,89.644636,8.2567244,0.53519165,117.15386,53.01014,3.5550811
0.072176976,-31.06453,28.233754,-11.551186,3.7082708,-35.307747,-3.5083846,87.022818,2.8418169,0.27749041,118.88262,53.736224,3.7846963
0.072207853,-30.858917,27.378827,-11.31756,3.2998133,-32.282929,-3.3076779,84.248245,-2.7740408,0.045974384,120.48268,54.471546,3.9415082
0.072238728,-30.599676,26.387759,-11.090273,2.8998512,-29.066926,-3.1254042,81.302832,-8.5491532,-0.16782821,121.96953,55.178036,4.0406178
0.072269603,-30.287045,25.266738,-10.869881,2.4940689,-25.601804,-2.9750489,78.341228,-14.428489,-0.38291381,123.34126,55.822617,4.1055252
0.072300478,-29.925555,24.009185,-10.655208,2.0856383,-21.869793,-2.8535966,75.482078,-20.290488,-0.59212992,124.59968,56.398078,4.1527669
0.072331352,-29.50478,22.610493,-10.447512,1.6890334,-17.805067,-2.7256986,72.808494,-26.032164,-0.78804983,125.75416,56.891496,4.1914311
0.072362225,-29.039631,21.074243,-10.255546,1.3582182,-13.548712,-2.7237513,70.46459,-31.620444,-0.93709887,126.80754,57.207564,4.2326499
0.072393099,-28.509713,19.408663,-10.080894,0.93805637,-9.2560292,-2.760413,68.521869,-36.907016,-1.0592665,127.7459,57.241242,4.2875288
0.072423971,-27.91281,17.626178,-9.936697,0.40979926,-4.7773254,-2.8225813,66.842948,-41.774701,-1.1364043,128.56426,57.128219,4.3617837
0.072454844,-27.318317,15.757917,-9.8148846,-0.094338318,-0.050721062,-2.9494257,65.393744,-45.948804,-1.157868,129.2789,56.876369,4.4598203
0.072485716,-26.706175,13.804972,-9.7124969,-0.55716172,4.918684,-3.1396881,64.191122,-49.429098,-1.1168077,129.87158,56.313838,4.5882194
0.072516586,-26.093094,11.768192,-9.6165323,-0.99866578,10.101236,-3.3467294,63.27391,-52.237558,-1.0058429,130.31704,55.489005,4.7419293
0.072547455,-25.432652,9.6295713,-9.5384591,-1.5099515,15.330978,-3.5815551,62.545368,-54.442557,-0.82690659,130.60889,54.353953,4.9090405
0.072578322,-24.724999,7.393152,-9.4833114,-1.9618141,20.432236,-3.8859638,61.996285,-56.121707,-0.5838351,130.73592,52.79303,5.0891778
0.072609188,-23.980332,5.0560723,-9.4404464,-2.3106087,25.517497,-4.223957,61.670655,-57.369003,-0.2758897,130.69612,50.846634,5.2778826
0.072640052,-23.182766,2.6680912,-9.4814027,-2.5325962,30.561405,-4.5728755,61.702608,-58.288393,0.080705692,130.46925,48.568693,5.4688239
0.072670915,-22.317045,0.26027156,-9.5469594,-2.60584,35.494103,-4.8717473,62.000757,-58.8829,0.47145868,130.04907,45.953974,5.658452
0.072701776,-21.34213,-2.0846011,-9.6403765,-2.6204254,40.233525,-5.0973812,62.513543,-59.1802,0.87038678,129.40495,43.003183,5.8346111
0.072732636,-20.27643,-4.3446514,-9.7114318,-2.2790307,44.554182,-5.2051626,63.172458,-59.209291,1.2691506,128.54469,39.724051,5.9936435
0.072763494,-19.130975,-6.6054006,-9.8003361,-1.5963058,48.499785,-5.2277899,63.900658,-58.993874,1.6681701,127.45991,36.105984,6.1244816
0.072794351,-17.933478,-8.8508053,-9.9074342,-0.67847481,52.043507,-5.1360555,64.646692,-58.538636,2.0494053,126.14072,32.147716,6.223703
0.072825206,-16.700692,-11.091129,-10.013071,0.48500909,55.31645,-4.9261127,65.359474,-57.854012,2.3896007,124.56286,27.839589,6.2904548
0.07285606,-15.526186,-13.269525,-10.135003,1.8822622,58.191828,-4.5820309,66.022471,-56.944992,2.6810592,122.75876,23.238583,6.2922784
0.072886912,-14.475399,-15.318934,-10.308317,3.5122937,60.615401,-4.1744948,66.63255,-55.849726,2.9259218,120.71875,18.263388,6.2371637
0.072917763,-13.406332,-17.249798,-10.505336,5.3982352,62.561325,-3.6628041,67.173703,-54.560146,3.1270453,118.46588,12.982066,6.1413689
0.072948612,-12.342256,-19.055237,-10.69677,7.5119144,64.110766,-3.1176624,67.62168,-53.059269,3.277557,116.01161,7.4207019,5.992415
0.072979461,-11.350474,-20.763812,-10.892594,9.8418308,65.305001,-2.5470987,67.946521,-51.332523,3.3846572,113.41537,1.6308935,5.7678894
0.073010308,-10.45571,-22.360312,-11.071762,12.353739,66.20957,-1.9895266,68.113333,-49.330527,3.4587838,110.7332,-4.3244727,5.4933138
0.073041154,-9.7148934,-23.821393,-11.23771,15.031229,66.86586,-1.4545274,68.159825,-47.05528,3.4926761,107.96448,-10.378748,5.1749405
0.073071998,-9.1369752,-25.143292,-11.4027,17.845825,67.291433,-0.96060697,68.037229,-44.484436,3.5012017,105.33547,-16.409835,4.8293524
0.073102842,-8.7281602,-26.324248,-11.558095,20.758293,67.526929,-0.54293412,67.732488,-41.551635,3.4801982,102.99161,-22.298633,4.4579636
0.073133684,-8.4267999,-27.36308,-11.69806,23.91811,67.577266,-0.18723409,67.258313,-38.260529,3.4360447,100.92577,-27.930662,4.0743166
0.073164526,-8.2019009,-28.239033,-11.817311,27.299082,67.463036,0.10511617,66.584467,-34.582697,3.3861016,99.21105,-33.185805,3.6860713
0.073195366,-8.1069525,-28.939232,-11.919278,30.8513,67.205781,0.3405803,65.819151,-30.597185,3.2914103,97.946693,-37.955585,3.3105275
0.073226206,-8.1501494,-29.442087,-11.99083,34.530182,66.805313,0.51347584,64.940348,-26.345198,3.1924113,96.983761,-42.228421,2.9534823
0.073257045,-8.303266,-29.757966,-12.035146,38.266808,66.267905,0.63530579,63.92622,-21.765934,3.0702342,96.335047,-45.946528,2.6305392
0.073287882,-8.5278226,-29.900782,-12.071221,41.970341,65.57706,0.70918045,62.788125,-16.855273,2.925075,95.966102,-49.058741,2.3595614
0.073318719,-8.8300047,-29.882992,-12.102069,45.552098,64.697774,0.74011211,61.611073,-11.522299,2.7826271,95.940033,-51.502226,2.1633659
0.073349556,-9.1909658,-29.705858,-12.129775,48.77505,63.688752,0.72982118,60.313611,-5.9490672,2.5555198,96.236548,-53.43899,2.0342025
0.073380391,-9.6156141,-29.360231,-12.150309,51.646404,62.532118,0.66941269,58.936799,-0.2588771,2.3208318,96.830718,-54.907745,1.9771538
0.073411226,-10.110505,-28.846009,-12.159211,54.200504,61.211367,0.56625586,57.568243,5.6394103,2.0230784,97.661457,-55.960528,1.9956119
0.073442061,-10.659646,-28.172553,-12.153666,56.403176,59.706391,0.42829074,56.276003,11.663357,1.6608907,98.637263,-56.77977,2.0820357
0.073472895,-11.238686,-27.336163,-12.137566,58.251241,57.98957,0.26117873,55.217824,17.735532,1.2509944,99.686778,-57.352091,2.2296535
0.073503728,-11.850062,-26.34788,-12.113545,59.749084,56.028642,0.059863269,54.464543,23.632804,0.80300702,100.81432,-57.679367,2.4181262
0.073534561,-12.471362,-25.209498,-12.082037,60.888042,53.792583,-0.18303346,53.964981,29.248485,0.31372532,101.97761,-57.789374,2.6324225
0.073565394,-13.099079,-23.918317,-12.042584,61.776195,51.238401,-0.45757307,53.806388,34.52107,-0.1728674,103.08708,-57.788551,2.8566353
0.073596226,-13.733203,-22.478044,-11.991324,62.391082,48.353116,-0.7576619,54.003409,39.351945,-0.65924141,104.09516,-57.672315,3.0788509
0.073627058,-14.373609,-20.89971,-11.93134,62.708492,45.144765,-1.0893797,54.54628,43.726345,-1.030595,104.98239,-57.402256,3.2922506
0.073657889,-14.986266,-19.182267,-11.861274,62.729488,41.651316,-1.4454212,55.666475,47.551185,-1.297114,105.7215,-56.991944,3.4866736
0.073688721,-15.563039,-17.343448,-11.784489,62.448061,37.920536,-1.8331426,57.311415,50.813022,-1.4328341,106.29601,-56.455628,3.6620063
0.073719553,-16.1208,-15.37505,-11.704981,61.993074,33.928738,-2.2658866,59.342619,53.554489,-1.4519748,106.70356,-55.729495,3.8095183
0.073750384,-16.64309,-13.28486,-11.619451,61.506279,29.759303,-2.6795649,61.637647,55.787788,-1.3141003,106.94618,-54.786456,3.9268546
0.073781215,-17.159206,-11.082544,-11.539534,60.820057,25.400352,-3.0765388,64.170463,57.557936,-1.0170281,107.00742,-53.613033,4.0151782
0.073812046,-17.616294,-8.7922443,-11.461354,59.942405,20.866437,-3.4610743,66.926726,58.918616,-0.60558888,106.89484,-52.181349,4.0715742
0.073842878,-18.101288,-6.4203598,-11.379614,58.892423,16.187986,-3.8438053,69.969342,59.934412,-0.091312625,106.61508,-50.461317,4.1113976
0.073873709,-18.582757,-3.9471218,-11.306917,57.660197,11.375248,-4.2851251,73.338766,60.700764,0.46990285,106.17149,-48.434614,4.1285955
0.07390454,-19.056428,-1.3849245,-11.255707,56.128205,6.6171829,-4.6259246,77.065043,61.299427,1.0542659,105.56288,-46.049299,4.1241392
0.073935371,-19.512602,1.2303607,-11.188579,54.40674,1.7548061,-4.9113172,80.976786,61.785628,1.6318488,104.78428,-43.260936,4.1019634
0.073966202,-19.948327,3.8071819,-11.161812,52.476774,-3.1846595,-5.1666938,84.740708,62.166556,2.1616718,103.85697,-40.075616,4.0564516
0.073997034,-20.360363,6.3607173,-11.191201,50.377504,-8.1788862,-5.3976358,88.287015,62.516528,2.6135401,102.76614,-36.491396,3.9981121
0.074027865,-20.758792,8.8706414,-11.207238,48.213732,-13.244168,-5.6172823,91.565842,62.859214,2.9659338,101.52211,-32.502044,3.9201854
0.074058697,-21.088963,11.459666,-11.238272,45.758888,-18.1926,-5.8456577,94.571744,63.196434,3.2046324,100.09114,-28.095523,3.8336659
0.074089528,-21.510424,14.032887,-11.262216,43.194101,-23.117785,-6.0126895,97.308881,63.487309,3.3437314,98.560491,-23.338558,3.699582
0.07412036,-21.984294,16.597689,-11.2853,40.659126,-27.920327,-6.164516,99.777562,63.728425,3.3926961,96.914741,-18.255287,3.5475253
0.074151191,-22.511334,19.132737,-11.299457,38.204776,-32.553845,-6.2910069,101.98951,63.874062,3.3526592,95.160747,-12.904649,3.3664179
0.074182023,-22.942215,21.569618,-11.301119,35.898849,-36.981513,-6.3691334,103.95313,63.923569,3.2327767,93.376601,-7.2856868,3.1674834
0.074212854,-23.289687,23.907955,-11.288886,33.793305,-41.017973,-6.4098785,105.67751,63.854298,3.0556959,91.633656,-1.499059,2.9411396
0.074243686,-23.678301,26.142353,-11.262229,31.980192,-44.674369,-6.3621423,107.17068,63.679836,2.8470645,90.01411,4.3413057,2.6801618
0.074274518,-24.065104,28.296267,-11.223102,30.505112,-47.905538,-6.2461008,108.43629,63.437666,2.6165746,88.684467,10.160949,2.3938416
0.074305349,-24.453418,30.357436,-11.150424,29.280994,-50.704724,-6.0426572,109.46089,63.009379,2.3602011,87.729774,15.837203,2.1290954
0.07433618,-24.815171,32.268813,-11.05478,28.185427,-53.060276,-5.7641069,110.22539,62.285457,2.0889117,87.153929,21.275907,1.8615685
0.074367011,-25.105215,34.011499,-10.945832,27.192863,-54.966757,-5.4117395,110.75724,61.181811,1.8026665,86.92682,26.36578,1.5810373
0.07439784,-25.347613,35.571701,-10.816359,26.30416,-56.444118,-5.0079079,111.10141,59.61173,1.5033759,87.102289,31.035361,1.3251475
0.074428669,-25.556027,36.942207,-10.665896,25.510163,-57.509279,-4.5754736,111.22567,57.547961,1.1948157,87.544475,35.234054,1.0939704
0.074459497,-25.72349,38.095144,-10.495617,24.734146,-58.161345,-4.1060708,111.1081,55.098537,0.87540369,88.337072,38.906988,0.89732793
0.074490325,-25.821242,39.019303,-10.299224,23.98119,-58.425033,-3.6139643,110.72297,52.239843,0.54669896,89.52671,42.039612,0.74906204
0.074521151,-25.822165,39.713829,-10.077446,23.250261,-58.32871,-3.1315246,110.12642,48.987046,0.19062096,91.142308,44.697026,0.66650999
0.074551977,-25.723503,40.296836,-9.8371418,22.543156,-57.883074,-2.6714324,109.33318,45.331619,-0.16115802,93.126987,46.856322,0.65976432
0.074582803,-25.540109,40.750377,-9.5799295,21.851221,-57.066066,-2.2287287,108.32048,41.303023,-0.49162645,95.426384,48.567206,0.73163938
0.074613628,-25.279069,41.020891,-9.3090903,21.296268,-55.87629,-1.8087156,107.09643,36.932962,-0.81395255,97.960931,49.904493,0.88069219
0.074644452,-24.934568,41.106572,-9.0264264,20.930788,-54.311631,-1.4315711,105.60341,32.222366,-1.127466,100.64507,50.938059,1.0951715
0.074675277,-24.504195,41.008038,-8.7325997,20.670319,-52.397526,-1.0959108,103.96114,27.227036,-1.4375399,103.39702,51.771267,1.3625049
0.074706101,-23.980712,40.711761,-8.4303926,20.499063,-50.197516,-0.79970452,102.07682,21.861664,-1.7006786,106.14218,52.505567,1.6650141
0.074736924,-23.368489,40.188599,-8.1210811,20.361702,-47.710359,-0.54559968,99.962206,16.20847,-1.9071203,108.82444,53.200231,1.9768499
0.074767748,-22.683691,39.418603,-7.8096046,20.217583,-44.922986,-0.34249347,97.631887,10.280955,-2.0398297,111.40425,53.889573,2.2732522
0.074798571,-21.942431,38.436947,-7.5019827,20.046389,-41.828215,-0.1831811,95.066747,4.1371348,-2.221884,113.85243,54.594771,2.5394367
0.074829394,-21.143253,37.269104,-7.2034922,19.793373,-38.410664,-0.060349292,92.294217,-2.1706981,-2.3306581,116.14823,55.357198,2.762919
0.074860217,-20.291783,35.920891,-6.9219814,19.520198,-34.780599,-0.02378141,89.362918,-8.6220402,-2.39053,118.27054,56.15492,2.9374661
0.07489104,-19.410897,34.420593,-6.6551556,19.211666,-30.951072,-0.010754042,86.309951,-15.127217,-2.4142715,120.22178,56.903028,3.0649141
0.074921861,-18.519838,32.771715,-6.4029386,18.846892,-26.841839,-0.014774463,83.379785,-21.55939,-2.4175273,122.01399,57.606279,3.1495319
0.074952682,-17.619067,30.967027,-6.1761394,18.425242,-22.427558,-0.037566089,80.672009,-27.794263,-2.4127915,123.64749,58.251268,3.1962156
0.074983502,-16.702572,29.006589,-5.9797529,17.967093,-17.636383,-0.056199193,78.177518,-33.831913,-2.3900785,125.12148,58.831624,3.2121838
0.075014321,-15.779834,26.891574,-5.8114191,17.537565,-12.549377,-0.18368947,75.972317,-39.487193,-2.3540972,126.44269,59.285978,3.2068372
0.075045139,-14.853884,24.630205,-5.6723188,16.906123,-7.4737641,-0.3599177,74.29023,-44.607683,-2.2831419,127.61511,59.477114,3.1809244
0.075075956,-13.927185,22.238956,-5.5720886,16.254029,-2.1485487,-0.50275655,72.901365,-49.095457,-2.1771611,128.6389,59.513081,3.1370816
0.075106771,-13.024614,19.741201,-5.5022517,15.589202,3.4345,-0.68065482,71.798969,-52.904506,-2.0339288,129.52039,59.407426,3.0835658
0.075137586,-12.120216,17.188917,-5.4645702,14.897125,9.2785655,-0.92651475,70.989308,-55.797913,-1.8370626,130.26777,59.136483,3.0204083
0.0751684,-11.264729,14.554296,-5.4396543,14.296339,15.36845,-1.1614318,70.517637,-57.918364,-1.5674136,130.84195,58.620863,2.9491989
0.075199212,-10.400117,11.848257,-5.4342206,13.637227,21.288357,-1.4434504,70.300869,-59.470209,-1.2487012,131.21387,57.737714,2.8628392
0.075230023,-9.5156613,9.0019602,-5.4428586,13.118146,27.111604,-1.7875152,70.262178,-60.664246,-0.86727505,131.39672,56.327874,2.7658305
0.075260833,-8.6078659,6.0415587,-5.4483761,12.809555,32.816812,-2.1129234,70.532387,-61.472457,-0.43123282,131.38231,54.283558,2.6587814
0.075291642,-7.6965713,3.1199341,-5.4671533,12.753655,38.32194,-2.4053067,71.06295,-61.941284,0.041737423,131.13984,51.657006,2.5525664
0.075322449,-6.7270658,0.19088285,-5.6030054,12.941627,43.555898,-2.6487612,71.785554,-62.128007,0.5159209,130.64481,48.558725,2.4448887
0.075353256,-5.7062031,-2.6385878,-5.7883451,13.605132,48.322284,-2.7955329,72.598911,-62.058454,0.98374294,129.90433,44.973364,2.334003
0.075384061,-4.6975529,-5.3846582,-5.9472364,14.639534,52.528312,-2.869286,73.435114,-61.760842,1.428786,128.89949,40.927984,2.2133725
0.075414865,-3.6118582,-8.1319787,-6.1227619,15.997749,56.306125,-2.8279168,74.267658,-61.273257,1.8252617,127.63216,36.428011,2.0972184
0.075445669,-2.4725794,-10.834206,-6.2909981,17.670517,59.593247,-2.6888778,75.074974,-60.603255,2.1539953,126.10827,31.501287,1.9904961
0.075476471,-1.537445,-13.440602,-6.402242,19.623432,62.369449,-2.4511319,75.833283,-59.71539,2.4092451,124.34089,26.183593,1.8591727
0.075507272,-0.83868249,-15.90513,-6.5506854,21.894603,64.590178,-2.1361914,76.517705,-58.621881,2.5919242,122.3507,20.508191,1.7123622
0.075538073,-0.31831798,-18.308423,-6.7480565,24.400174,66.288597,-1.7786113,77.103863,-57.340024,2.7066795,120.15238,14.523218,1.5589763
0.075568873,0.17360324,-20.588664,-6.9724171,27.095852,67.572788,-1.4061244,77.554938,-55.842923,2.7567295,117.79049,8.2889535,1.4021312
0.075599672,0.58689042,-22.771953,-7.1926388,29.947037,68.519328,-1.0300345,77.828717,-54.091106,2.7432442,115.31019,1.8703139,1.21591
0.07563047,0.85952459,-24.79125,-7.4009684,32.896038,69.202704,-0.66465075,77.913379,-52.063939,2.6781782,112.7638,-4.6020705,0.9847848
0.075661267,0.9601739,-26.609769,-7.5967415,35.933199,69.668474,-0.34246087,77.777845,-49.696993,2.57549,110.23546,-11.049752,0.76870408
0.075692064,0.9241905,-28.241487,-7.7665252,39.231033,69.942862,-0.070781544,77.46918,-46.958433,2.4362391,107.80046,-17.367351,0.54535314
0.075722861,0.76830467,-29.665441,-7.9200135,42.746045,70.046549,0.14970672,76.966572,-43.80551,2.279249,105.47588,-23.466932,0.32506535
0.075753657,0.51508191,-30.883306,-8.0616253,46.418099,69.985951,0.32155153,76.246573,-40.231863,2.1041703,103.46741,-29.247735,0.13104238
0.075784452,0.18786367,-31.866796,-8.1798888,50.192918,69.764904,0.44312678,75.349485,-36.212644,1.9349451,101.86768,-34.60102,-0.025332198
0.075815247,-0.2430147,-32.587432,-8.2769033,53.986149,69.401532,0.51500811,74.214069,-31.764386,1.7559751,100.64634,-39.449529,-0.1341633
0.075846042,-0.77556063,-33.036057,-8.3523811,57.615431,68.882854,0.53043754,73.013896,-26.961208,1.5706508,99.876853,-43.746653,-0.18835647
0.075876836,-1.3691283,-33.254006,-8.4068299,60.874063,68.192088,0.49179355,71.678701,-21.783754,1.405272,99.538111,-47.519032,-0.17024779
0.07590763,-2.0103915,-33.259767,-8.441077,63.73887,67.319218,0.40249395,70.242311,-16.228155,1.2316753,99.512761,-50.69943,-0.069351473
0.075938424,-2.6831461,-33.061129,-8.4663121,66.201796,66.211374,0.26414397,68.763733,-10.254484,1.1107945,99.710471,-53.247661,0.10315898
0.075969217,-3.3848308,-32.648897,-8.4815285,68.309472,64.96992,0.085231193,67.283021,-3.9930909,0.8919159,100.07602,-55.258898,0.33659744
0.076000011,-4.1006695,-32.020479,-8.4886061,70.122418,63.555993,-0.1224863,65.849386,2.368465,0.69900324,100.67788,-56.782882,0.61766332
0.076030804,-4.8482352,-31.188476,-8.4777168,71.638013,61.90148,-0.3444156,64.555354,8.8767319,0.49947492,101.4736,-57.888635,0.93383769
0.076061597,-5.5732422,-30.155887,-8.4557683,72.821209,59.989994,-0.59156812,63.579962,15.431709,0.26438436,102.42612,-58.726491,1.2671995
0.076092391,-6.2706361,-28.925504,-8.4247954,73.663577,57.793807,-0.85141247,62.934111,21.863399,0.1169197,103.47001,-59.341277,1.5987884
0.076123184,-6.9367358,-27.498828,-8.3893132,74.157997,55.293602,-1.13505,62.60438,28.009084,-0.12830615,104.53856,-59.710609,1.9188608
0.076153977,-7.5842416,-25.868736,-8.3510038,74.447296,52.46512,-1.4413033,62.694075,33.769866,-0.35208627,105.63356,-59.844225,2.2098783
0.076184771,-8.2135427,-24.043273,-8.2971879,74.488839,49.254141,-1.7477596,63.069102,39.071738,-0.55778123,106.6789,-59.853536,2.4606415
0.076215565,-8.8122154,-22.056721,-8.2315801,74.260742,45.682018,-2.0621482,63.790432,43.839833,-0.72909446,107.62489,-59.779057,2.6616154
0.076246358,-9.3913581,-19.899691,-8.1628851,73.756071,41.781899,-2.3894926,65.128303,48.004412,-0.8411347,108.44888,-59.599988,2.812619
0.076277153,-9.9453777,-17.580218,-8.0911489,72.912555,37.56313,-2.7302212,66.979922,51.602126,-0.88993257,109.12854,-59.275728,2.9094557
0.076307947,-10.53485,-15.099173,-8.0279966,71.992934,33.140514,-3.1317474,69.222277,54.574366,-0.86374708,109.65247,-58.810326,2.9531325
0.076338742,-11.040255,-12.519136,-7.9710725,70.962007,28.423442,-3.4849103,71.699552,56.950431,-0.77509344,110.00725,-58.171335,2.9499558
0.076369537,-11.501548,-9.8166598,-7.9349909,69.720988,23.479371,-3.8278164,74.433622,58.792316,-0.59285881,110.17495,-57.312036,2.9006058
0.076400333,-12.06723,-7.0210176,-7.895295,68.278339,18.328841,-4.1577266,77.51333,60.154683,-0.33580918,110.14326,-56.15541,2.8112927
0.076431128,-12.653078,-4.0831403,-7.8480432,66.64798,12.955742,-4.4277535,80.797625,61.165332,-0.033202349,109.90923,-54.683501,2.6894745
0.076461924,-13.233527,-1.0450441,-7.8484281,64.794835,7.4783008,-4.8573621,84.236693,61.934847,0.29584368,109.47371,-52.879414,2.5477721
0.076492721,-13.802848,1.9321871,-7.8648643,62.727478,1.9210408,-5.1404161,87.802046,62.534675,0.6420834,108.83704,-50.697432,2.3889742
0.076523518,-14.369994,4.993171,-7.9037605,60.442746,-3.7598306,-5.3811399,91.229683,63.012165,0.97884427,107.98806,-48.059212,2.2164383
0.076554315,-14.925292,8.017432,-7.9799047,57.985533,-9.5307457,-5.5891493,94.44311,63.413276,1.2643188,106.95144,-44.9097,2.0295834
0.076585112,-15.438462,10.974081,-8.0383143,55.428982,-15.360397,-5.7569086,97.411153,63.758125,1.484351,105.73071,-41.214398,1.8384607
0.07661591,-15.930938,13.939546,-8.1323266,52.795019,-21.149924,-5.9716213,100.12218,64.037086,1.6254054,104.34227,-36.979376,1.6400732
0.076646709,-16.513927,16.889776,-8.2034087,50.027474,-26.836341,-6.1189506,102.59795,64.316534,1.6833115,102.78893,-32.221697,1.4393203
0.076677507,-17.143993,19.846466,-8.2570169,47.372121,-32.337038,-6.212107,104.8288,64.557819,1.6683358,101.12193,-27.004941,1.2322591
0.076708306,-17.80784,22.776148,-8.3030848,44.970506,-37.568875,-6.2492446,106.80976,64.745917,1.5902629,99.383309,-21.387681,1.0208974
0.076739105,-18.34649,25.592476,-8.3394966,42.934671,-42.442806,-6.2295587,108.55466,64.831464,1.4573154,97.625377,-15.437314,0.82042537
0.076769904,-18.772725,28.24267,-8.3522093,41.317057,-46.883046,-6.1682322,110.07889,64.848671,1.2777489,95.893315,-9.2292452,0.64933477
0.076800704,-19.226935,30.709102,-8.3462429,40.010927,-50.80786,-6.0195416,111.40772,64.817262,1.0653306,94.261501,-2.8293996,0.48135132
0.076831504,-19.67214,33.037511,-8.3277631,38.86749,-54.208452,-5.7955915,112.53099,64.7221,0.83899944,92.820394,3.5769638,0.29018443
0.076862304,-20.084437,35.247306,-8.2794819,37.872325,-57.065591,-5.5107334,113.4456,64.527189,0.5995667,91.718604,9.9203394,0.11936197
0.076893104,-20.421155,37.26812,-8.2054227,37.023181,-59.329374,-5.1713469,114.13322,64.04884,0.34749893,90.992106,16.069073,0.026006448
0.076923904,-20.61766,39.071223,-8.1024709,36.367144,-61.024187,-4.8082783,114.58409,63.193903,0.081528515,90.579203,21.906604,-0.051512263
0.076954704,-20.737786,40.645831,-7.9669442,35.751585,-62.216936,-4.4262723,114.81164,61.903235,-0.1916502,90.561873,27.345951,-0.11654049
0.076985505,-20.782362,41.975946,-7.8076274,35.173538,-62.97407,-4.0367236,114.82803,60.092621,-0.46866792,90.94908,32.315465,-0.16536465
0.077016305,-20.734945,43.046109,-7.6267883,34.650367,-63.31696,-3.6523405,114.61512,57.685186,-0.75019176,91.63609,36.731989,-0.1911872
0.077047105,-20.586245,43.837796,-7.4258487,34.170659,-63.269445,-3.2812587,114.12116,54.790191,-1.0389327,92.708497,40.549772,-0.18264471
0.077077905,-20.297517,44.355081,-7.2094329,33.693548,-62.828646,-2.9340206,113.38543,51.428568,-1.3448736,94.219039,43.836464,-0.13037945
0.077108705,-19.888167,44.728219,-6.9809077,33.426668,-62.02094,-2.6082057,112.40837,47.541003,-1.664021,96.083878,46.586972,-0.0384135
0.077139505,-19.392118,44.937599,-6.7446134,33.341059,-60.83606,-2.3076844,111.1862,43.13233,-1.9748878,98.240683,48.773214,0.089711128
0.077170304,-18.814732,44.939937,-6.5008587,33.374588,-59.255149,-2.0392012,109.70005,38.228986,-2.2756098,100.62571,50.476415,0.25707192
0.077201103,-18.163627,44.737521,-6.2512566,33.44667,-57.284173,-1.805188,107.93898,32.851083,-2.5992573,103.15033,51.800943,0.45072281
0.077231902,-17.432383,44.327107,-5.9958626,33.472562,-54.947774,-1.622322,105.99504,27.091696,-2.9084211,105.73712,52.831096,0.66528869
0.077262701,-16.625001,43.705465,-5.739191,33.446175,-52.321923,-1.496833,103.81662,20.877449,-3.1991157,108.31895,53.695196,0.89193061
0.077293499,-15.763776,42.814265,-5.4885182,33.385308,-49.405182,-1.4029862,101.42058,14.293143,-3.4365072,110.83777,54.469797,1.1149121
0.077324296,-14.869806,41.704073,-5.2438273,33.2514,-46.176004,-1.3491801,98.822114,7.392023,-3.5931089,113.25274,55.18155,1.310902
0.077355093,-13.944747,40.391095,-5.0094321,33.030057,-42.630452,-1.3346366,96.068809,0.29157925,-3.8228365,115.53935,55.866082,1.4743631
0.07738589,-12.999573,38.884919,-4.7921365,32.682114,-38.751148,-1.3431105,93.224833,-6.9230034,-3.9331618,117.68091,56.548887,1.6042006
0.077416686,-12.049119,37.193921,-4.601602,32.174908,-34.654237,-1.4305496,90.284708,-14.202459,-4.0019561,119.6609,57.228416,1.6944184
0.077447481,-11.130741,35.341969,-4.4338027,31.671143,-30.338992,-1.5172503,87.54102,-21.39413,-3.9907997,121.47411,57.902493,1.7444586
0.077478276,-10.214008,33.342069,-4.2843183,31.064552,-25.736798,-1.6207825,85.157683,-28.35431,-3.9388437,123.13205,58.548566,1.7544915
0.07750907,-9.3154332,31.177947,-4.1502856,30.368469,-20.831506,-1.7357082,83.037231,-34.93756,-3.8527798,124.64187,59.101639,1.7355243
0.077539863,-8.4441162,28.856332,-4.0316869,29.671718,-15.532852,-1.8437876,81.303518,-41.131625,-3.7439245,126.00613,59.588365,1.6951503
0.077570655,-7.6045467,26.386462,-3.9255365,28.797064,-9.9557985,-2.0639754,80.091106,-46.72482,-3.5843466,127.21327,59.976624,1.6324395
0.077601447,-6.769541,23.756556,-3.832511,27.822367,-4.3699966,-2.3056858,79.224385,-51.615103,-3.3745431,128.26871,60.238478,1.5511203
0.077632237,-5.9515689,21.009859,-3.7773515,26.844761,1.4394794,-2.5071425,78.630262,-55.715466,-3.1451595,129.17257,60.349876,1.4519636
0.077663027,-5.1101766,18.205965,-3.7773658,25.872574,7.456876,-2.7308122,78.271508,-58.799881,-2.8760947,129.92298,60.376756,1.3391682
0.077693815,-4.3971795,15.330743,-3.7716027,24.939517,13.690286,-3.0074396,78.245242,-60.982428,-2.5653979,130.53832,60.320952,1.2146123
0.077724603,-3.698409,12.382831,-3.7728072,24.116551,19.975492,-3.1146943,78.474215,-62.477406,-2.2316483,130.97718,60.18632,1.0808244
0.07775539,-3.0004762,9.292911,-3.7777074,23.224559,26.06447,-3.3429894,78.943536,-63.40403,-1.8855455,131.20188,59.722714,0.93032754
0.077786175,-2.3006853,6.1007034,-3.763142,22.519403,31.991841,-3.5059171,79.661137,-64.030098,-1.5200736,131.18775,58.678974,0.76123815
0.07781696,-1.5570359,2.9709288,-3.7176075,22.14887,37.68915,-3.6375104,80.551108,-64.360848,-1.1487407,130.94154,56.874176,0.56825151
0.077847744,-0.74461999,-0.1596413,-3.7762609,22.13671,43.077504,-3.7301931,81.513992,-64.460012,-0.79111313,130.46281,54.246733,0.37771002
0.077878526,0.093381858,-3.1877512,-3.9417585,22.609019,48.054664,-3.6761525,82.496395,-64.36053,-0.46559618,129.70642,50.805006,0.18179695
0.077909308,0.95288688,-6.1277131,-4.0866081,23.572085,52.487052,-3.5671468,83.458916,-64.070283,-0.18220833,128.69493,46.731057,-0.026876235
0.077940089,1.81287,-9.0657354,-4.2605671,24.918627,56.378152,-3.3492327,84.374611,-63.60421,0.058924854,127.4083,42.027201,-0.24518288
0.077970869,2.560781,-11.949346,-4.4195553,26.640992,59.746358,-3.0486849,85.2315,-62.951017,0.24657283,125.85547,36.708667,-0.45180009
0.078001648,3.0950348,-14.717873,-4.5554103,28.679887,62.565051,-2.6886714,85.984821,-62.088171,0.37739146,124.06201,30.854309,-0.66206895
0.078032426,3.480756,-17.368829,-4.6987701,31.027057,64.833558,-2.2799134,86.59372,-61.040772,0.4477398,122.11622,24.55208,-0.88904171
0.078063204,3.6937302,-19.946833,-4.8590155,33.636093,66.581212,-1.8814071,87.032025,-59.77843,0.45693805,120.03762,17.885,-1.1021948
0.078093981,3.9004502,-22.388091,-5.0364516,36.422679,67.889545,-1.4932061,87.270422,-58.292647,0.41525355,117.84081,10.923055,-1.3000917
0.078124758,4.0650026,-24.700996,-5.1921703,39.350336,68.844838,-1.1414137,87.288259,-56.548921,0.32720781,115.59152,3.7678982,-1.4514639
0.078155534,4.0846537,-26.802403,-5.3403874,42.354322,69.533219,-0.83505869,87.096985,-54.512367,0.20339327,113.36213,-3.4352279,-1.6457864
0.078186309,3.9493646,-28.670926,-5.4835862,45.553562,69.977102,-0.5733564,86.678744,-52.144631,0.052486226,111.22026,-10.566709,-1.7986384
0.078217084,3.6932575,-30.333048,-5.6130197,48.98743,70.242466,-0.36560418,86.056533,-49.384883,-0.13217444,109.24322,-17.511951,-1.9128327
0.078247859,3.333958,-31.782375,-5.7261566,52.585086,70.357492,-0.21941592,85.235351,-46.178524,-0.32854861,107.47958,-24.161961,-1.9911106
0.078278633,2.890624,-32.998842,-5.8252314,56.262451,70.346392,-0.097959721,84.216035,-42.473433,-0.54025091,106.02755,-30.391195,-2.0381164
0.078309407,2.3823609,-33.961517,-5.90547,59.939694,70.199051,-0.0056892757,83.032809,-38.278446,-0.76028222,104.94227,-36.104639,-2.028662
0.07834018,1.7874993,-34.647609,-5.9689484,63.337541,69.906004,0.034072996,81.586884,-33.59449,-0.98795216,104.27986,-41.22496,-1.9521819
0.078370953,1.0963767,-35.056383,-6.0240701,66.395444,69.476693,0.018151226,80.066978,-28.485456,-1.2482084,103.93869,-45.73295,-1.8304104
0.078401726,0.36151724,-35.221425,-6.0669328,69.088859,68.867988,-0.058274848,78.403554,-22.971106,-1.496264,103.96843,-49.57048,-1.6687062
0.078432499,-0.39987136,-35.166378,-6.0953466,71.420384,68.06413,-0.18949124,76.642615,-17.068198,-1.7511147,104.33258,-52.761321,-1.4556707
0.078463272,-1.1586283,-34.883811,-6.1172419,73.384482,66.988514,-0.36688686,74.856218,-10.803957,-1.9375009,104.87324,-55.320053,-1.1971356
0.078494045,-1.9107582,-34.360545,-6.1332223,75.033796,65.736621,-0.57640011,73.059518,-4.2153592,-2.1698641,105.5735,-57.198942,-0.91900412
0.078524817,-2.6566291,-33.602614,-6.1361689,76.390989,64.291995,-0.81400748,71.375158,2.4452027,-2.3990596,106.43482,-58.572868,-0.63984419
0.07855559,-3.3820531,-32.624439,-6.1232337,77.457818,62.582821,-1.0550346,69.98136,9.1852681,-2.5709576,107.39609,-59.536396,-0.35725264
0.078586362,-4.088813,-31.437974,-6.1286172,78.216274,60.597562,-1.2992183,68.933049,15.904099,-2.6826485,108.41875,-60.181431,-0.077747598
0.078617135,-4.7761897,-30.044826,-6.1137709,78.649998,58.298143,-1.5436406,68.219795,22.377907,-2.7220026,109.4561,-60.608343,0.17706128
0.078647908,-5.4314196,-28.437679,-6.0992669,78.770634,55.68273,-1.8054986,67.919107,28.52699,-2.773178,110.44077,-60.856077,0.40001808
0.078678681,-6.0719108,-26.608307,-6.0824116,78.690933,52.731268,-2.0842912,68.004369,34.248554,-2.7620511,111.37592,-60.928481,0.58390802
0.078709455,-6.6739761,-24.590773,-6.0680284,78.378375,49.357122,-2.3551966,68.414602,39.476855,-2.6868009,112.22652,-60.862081,0.73182404
0.078740228,-7.2772555,-22.406521,-6.0425525,77.816171,45.585073,-2.6299322,69.334131,44.124763,-2.5199828,112.96274,-60.736672,0.84032533
0.078771002,-7.8674179,-20.055999,-6.0112865,76.984166,41.442172,-2.9048614,70.839662,48.142968,-2.3017437,113.56276,-60.561157,0.90167864
0.078801776,-8.4600225,-17.544689,-5.9770361,75.811236,36.954715,-3.215396,72.839494,51.598781,-2.0140842,114.0173,-60.322562,0.9205332
0.078832551,-9.0626102,-14.880259,-5.9491248,74.647769,32.290961,-3.5455812,75.212643,54.443642,-1.6820939,114.32001,-59.923187,0.89984012
0.078863326,-9.5683806,-12.107867,-5.9425161,73.308447,27.274032,-3.8635507,77.842912,56.718162,-1.2816218,114.46139,-59.320284,0.84629849
0.078894102,-10.121873,-9.2257802,-5.9616966,71.771292,22.010186,-4.1831463,80.777644,58.475128,-0.82332434,114.41557,-58.485627,0.75853167
0.078924878,-10.764349,-6.240673,-5.9664313,70.035829,16.517192,-4.4902749,83.967742,59.776625,-0.35670913,114.17046,-57.375512,0.6355905
0.078955654,-11.42233,-3.1499307,-5.9627617,68.131319,10.772446,-4.7962629,87.273631,60.769931,0.089752369,113.72485,-55.916893,0.4775712
0.078986431,-12.075224,-0.014793872,-5.9744743,66.0335,4.9898523,-5.1774433,90.634326,61.545684,0.49765267,113.0677,-54.095762,0.29329347
0.079017208,-12.722769,3.1151968,-5.9794931,63.717136,-0.91796937,-5.490894,93.880703,62.171981,0.82872549,112.19826,-51.858152,0.092643738
0.079047986,-13.359478,6.3145724,-6.0551703,61.221563,-6.9230962,-5.78074,96.9537,62.685547,1.0504103,111.1158,-49.138158,-0.12947876
0.079078764,-13.972035,9.4224232,-6.1328117,58.589354,-12.979563,-6.0273228,99.806965,63.132485,1.1963319,109.83051,-45.869024,-0.37073335
0.079109543,-14.539407,12.496089,-6.175627,55.924483,-19.043192,-6.2375207,102.41661,63.530026,1.2761575,108.36721,-41.993017,-0.62248782
0.079140322,-15.123377,15.579719,-6.2220969,53.143321,-24.978608,-6.4310048,104.78481,63.864018,1.2813603,106.73561,-37.506153,-0.87783609
0.079171102,-15.793127,18.641478,-6.2408031,50.420582,-30.719276,-6.5416057,106.92687,64.20002,1.2344287,104.97818,-32.457847,-1.1362187
0.079201882,-16.537832,21.677215,-6.2648693,47.941573,-36.196901,-6.5984159,108.83815,64.491906,1.1278331,103.11558,-26.916592,-1.4034157
0.079232663,-17.243157,24.591401,-6.2970598,45.792419,-41.331569,-6.6012759,110.51223,64.715606,0.95187342,101.23959,-20.976334,-1.6663747
0.079263443,-17.795058,27.344674,-6.2970976,44.096312,-46.052958,-6.5430198,111.95958,64.829863,0.71986846,99.465251,-14.70576,-1.8965564
0.079294225,-18.309697,29.941498,-6.2782234,42.70199,-50.275099,-6.4000265,113.20967,64.866653,0.46280197,97.749532,-8.239501,-2.0931169
0.079325006,-18.831944,32.358906,-6.2586825,41.48713,-53.967537,-6.1666161,114.2681,64.843263,0.19578406,96.208155,-1.6472726,-2.2763211
0.079355788,-19.320224,34.660924,-6.2254587,40.438803,-57.108037,-5.8629172,115.13257,64.743979,-0.06380031,94.973393,4.9014539,-2.4470842
0.07938657,-19.781641,36.811003,-6.1759329,39.587586,-59.678848,-5.514083,115.79141,64.53502,-0.31705809,94.103392,11.306113,-2.5359793
0.079417353,-20.121349,38.747113,-6.1068195,38.987205,-61.59924,-5.1480925,116.22458,64.039625,-0.5675915,93.562699,17.431057,-2.5414517
0.079448135,-20.334007,40.469051,-6.0157388,38.445084,-62.977549,-4.776496,116.4415,63.142389,-0.81770153,93.3505,23.175942,-2.5235187
0.079478918,-20.464871,41.951644,-5.9102231,37.96437,-63.891126,-4.4004553,116.42532,61.766833,-1.0680665,93.511239,28.475264,-2.4461872
0.079509701,-20.50368,43.179733,-5.7958819,37.54158,-64.365039,-4.0265801,116.18779,59.81863,-1.3141277,94.002927,33.24586,-2.3008772
0.079540484,-20.440473,44.152313,-5.681457,37.179913,-64.436839,-3.6878015,115.70879,57.213252,-1.5668722,94.815246,37.430528,-2.0715223
0.079571266,-20.252018,44.830984,-5.5584345,36.834961,-64.134059,-3.3694647,114.96542,54.078472,-1.8439866,96.041054,41.016942,-1.7686639
0.079602049,-19.926357,45.259925,-5.4303638,36.678365,-63.466315,-3.0620754,113.9874,50.433312,-2.1375503,97.633186,44.074174,-1.4130169
0.079632832,-19.506497,45.528447,-5.3041288,36.712112,-62.461996,-2.7715645,112.7552,46.219193,-2.4525925,99.530523,46.541475,-1.0299243
0.079663615,-19.004999,45.617032,-5.1821735,36.86178,-61.094356,-2.5004615,111.26035,41.430392,-2.7877823,101.67008,48.531092,-0.6224307
0.079694398,-18.43013,45.498045,-5.0643643,37.049685,-59.346462,-2.2605556,109.486,36.107939,-3.1410991,103.97374,50.126202,-0.19741729
0.07972518,-17.785664,45.170156,-4.9475054,37.215014,-57.23547,-2.0714448,107.50656,30.32086,-3.5285712,106.36666,51.409288,0.19710991
0.079755962,-17.053952,44.62384,-4.8264201,37.273233,-54.78824,-1.9288776,105.32481,24.13107,-3.9231142,108.78822,52.467397,0.54320718
0.079786744,-16.262307,43.859205,-4.7074542,37.26614,-52.041508,-1.8265574,102.94547,17.509956,-4.3158891,111.1807,53.360689,0.83500831
0.079817526,-15.430324,42.843084,-4.5879493,37.199696,-49.002492,-1.7598532,100.37888,10.563682,-4.6164565,113.49155,54.18295,1.0576573
0.079848307,-14.565688,41.607429,-4.4699725,37.034035,-45.64886,-1.7285505,97.683676,3.356798,-4.9472049,115.69765,54.975844,1.1990539
0.079879087,-13.681374,40.180356,-4.3589389,36.768153,-41.965876,-1.7308959,94.913136,-3.9060238,-5.1957095,117.7762,55.741111,1.2813082
0.079909867,-12.789301,38.564798,-4.2566797,36.336637,-37.978063,-1.7663221,92.092089,-11.217297,-5.3710812,119.7079,56.487345,1.3279162
0.079940647,-11.910377,36.771364,-4.1630093,35.724848,-33.761369,-1.8398151,89.332538,-18.466544,-5.4568996,121.48599,57.224149,1.343721
0.079971426,-11.053076,34.815528,-4.0671663,35.127679,-29.319636,-1.9217918,86.921908,-25.508543,-5.4837898,123.10783,57.930386,1.3257012
0.080002204,-10.192387,32.707027,-3.9775317,34.420602,-24.593869,-2.0158833,84.822203,-32.202376,-5.4651374,124.57965,58.571889,1.2769541
0.080032982,-9.3516981,30.440213,-3.8898875,33.631486,-19.55976,-2.1215205,83.040521,-38.457853,-5.3774335,125.90929,59.11076,1.193383
0.080063759,-8.5339601,28.017136,-3.8016283,32.827706,-14.217555,-2.2226613,81.739544,-44.213543,-5.2018269,127.09345,59.592981,1.0714978
0.080094535,-7.7381163,25.44363,-3.7222192,31.783827,-8.5804321,-2.3715407,80.855324,-49.320004,-4.930325,128.12237,59.949845,0.92565467
0.08012531,-6.9647357,22.718768,-3.6749839,30.71885,-2.9277177,-2.4932147,80.269173,-53.699322,-4.6004324,128.99514,60.160741,0.76918133
0.080156085,-6.18308,19.93352,-3.6520053,29.650442,2.9403977,-2.6092243,79.912038,-57.279717,-4.2014297,129.70724,60.247991,0.6065012
0.080186858,-5.4459008,17.067285,-3.6161505,28.588835,8.9846957,-2.7343107,79.841086,-59.911029,-3.7435311,130.27735,60.224673,0.44114835
0.080217631,-4.7553971,14.128353,-3.6107451,27.580458,15.222184,-2.8138398,80.032272,-61.759845,-3.2552479,130.69232,60.116827,0.26889379
0.080248402,-4.0654037,11.083213,-3.5975549,26.688806,21.35191,-2.9289467,80.442272,-63.006079,-2.7596892,130.9019,59.904063,0.086504752
0.080279173,-3.3806375,7.9142931,-3.5822313,25.708189,27.31952,-3.0155245,81.121837,-63.82971,-2.2560162,130.8823,59.222348,-0.10990087
0.080309942,-2.6901147,4.7132666,-3.4767423,24.839832,33.11308,-3.072479,81.99692,-64.347279,-1.7675035,130.61931,57.859715,-0.33564142
0.080340711,-1.9937435,1.58445,-3.4332145,24.304593,38.64468,-3.1125017,82.971815,-64.577581,-1.3098382,130.12769,55.658662,-0.57290444
0.080371478,-1.2007391,-1.5344463,-3.5405167,24.0825,43.865243,-3.0961852,83.999371,-64.594778,-0.9064642,129.39263,52.584216,-0.83267203
0.080402245,-0.3956142,-4.5134177,-3.6350195,24.484253,48.599251,-3.0442424,85.026191,-64.439108,-0.5828264,128.40406,48.74596,-1.1231103
0.08043301,0.44724624,-7.4681502,-3.7346764,25.305187,52.822644,-2.9459388,86.024531,-64.10538,-0.33601977,127.17552,44.270634,-1.4394025
0.080463774,1.2854647,-10.408744,-3.8349001,26.491546,56.52957,-2.8051491,86.982504,-63.609787,-0.16777569,125.6765,39.134986,-1.7809177
0.080494538,1.9313445,-13.25577,-3.9108643,28.024174,59.728494,-2.6383171,87.856819,-62.913846,-0.05657893,123.9499,33.414189,-2.1202032
0.0805253,2.3560147,-15.985241,-3.9855653,29.845507,62.406181,-2.44708,88.596011,-62.013293,-0.019022773,122.05411,27.210422,-2.4960585
0.080556062,2.6277297,-18.613796,-4.0527015,31.994533,64.537432,-2.2640587,89.162903,-60.916729,-0.04257576,120.05891,20.631866,-2.8820682
0.080586823,2.7631864,-21.151706,-4.1434981,34.375613,66.194714,-2.0869515,89.532487,-59.595687,-0.11055729,117.97239,13.762647,-3.2651447
0.080617583,2.9135041,-23.545208,-4.2203496,36.942633,67.441817,-1.9251156,89.679994,-58.038431,-0.24252729,115.83042,6.682641,-3.5710544
0.080648343,2.9900305,-25.781174,-4.2847101,39.697428,68.361996,-1.7883076,89.59849,-56.208113,-0.41606418,113.71111,-0.48639596,-3.8644007
0.080679102,2.9108968,-27.785022,-4.3517511,42.612998,69.02303,-1.6692614,89.295547,-54.067564,-0.61394873,111.66914,-7.559077,-4.0964289
0.080709861,2.6874346,-29.560278,-4.4212352,45.798735,69.435284,-1.5635627,88.75404,-51.588697,-0.83735161,109.77716,-14.455342,-4.2242148
0.080740619,2.3524042,-31.124225,-4.4920074,49.205482,69.679152,-1.4697776,88.012322,-48.703623,-1.0751273,108.10436,-21.065738,-4.3154731
0.080771377,1.9229763,-32.473698,-4.5455366,52.766711,69.786872,-1.390034,87.065942,-45.342687,-1.3241848,106.6689,-27.297602,-4.3374661
0.080802134,1.4304394,-33.577665,-4.5932307,56.408201,69.765455,-1.320265,85.930855,-41.471139,-1.580017,105.542,-33.0539,-4.2628609
0.080832891,0.84318443,-34.426078,-4.6256747,60.058448,69.629528,-1.2695256,84.611164,-37.136232,-1.8269779,104.81561,-38.259874,-4.0828378
0.080863647,0.16736038,-35.005761,-4.6767712,63.478691,69.384131,-1.2503543,83.075616,-32.318214,-2.0847142,104.43326,-42.867812,-3.8215744
0.080894403,-0.57143296,-35.320675,-4.7303395,66.562878,69.010392,-1.2656511,81.475795,-27.105157,-2.3228688,104.34792,-46.882134,-3.4942098
0.080925159,-1.3451551,-35.40054,-4.78249,69.27842,68.474652,-1.3187649,79.773624,-21.501375,-2.5596981,104.60271,-50.307272,-3.1122714
0.080955915,-2.1409966,-35.260815,-4.8247167,71.624318,67.716879,-1.3972678,78.003168,-15.546452,-2.7363856,105.12519,-53.144663,-2.6829834
0.08098667,-2.930367,-34.892684,-4.8503699,73.604959,66.725938,-1.4917535,76.108533,-9.3464381,-2.892554,105.76289,-55.4028,-2.2277826
0.081017426,-3.7115034,-34.284081,-4.8796751,75.273991,65.562663,-1.6048241,74.253169,-2.8558153,-3.0779577,106.57392,-57.141779,-1.7778027
0.081048181,-4.5025802,-33.450806,-4.9120949,76.652477,64.158971,-1.729431,72.52507,3.6335091,-3.160786,107.51477,-58.391765,-1.3415234
0.081078937,-5.2798719,-32.402808,-4.9309643,77.72457,62.461215,-1.8578913,71.033004,10.158561,-3.2182168,108.53035,-59.267916,-0.92097133
0.081109692,-6.0199029,-31.148565,-4.943882,78.480616,60.471433,-1.9916139,69.929258,16.609134,-3.1227054,109.57629,-59.862519,-0.53980501
0.081140448,-6.7226138,-29.690146,-4.9525482,78.905294,58.15714,-2.1299436,69.243803,22.768006,-3.0709392,110.61366,-60.270829,-0.21397196
0.081171203,-7.3946099,-28.017285,-4.9604799,79.036715,55.52457,-2.2767794,68.969791,28.58909,-2.9887533,111.60031,-60.487901,0.06076066
0.081201959,-8.04219,-26.130711,-4.9648045,78.955025,52.527437,-2.4317609,69.105872,33.988746,-2.8530415,112.51107,-60.541428,0.27518065
0.081232715,-8.6619937,-24.066986,-4.9703458,78.629285,49.094261,-2.6014374,69.53724,38.933701,-2.6618771,113.32203,-60.482758,0.41537236
0.081263471,-9.2767297,-21.840325,-4.9646992,78.046612,45.253627,-2.7851465,70.327047,43.324284,-2.4328497,114.01089,-60.376934,0.49658645
0.081294228,-9.8829763,-19.458949,-4.9550709,77.18418,41.03059,-2.9766169,71.51068,47.129056,-2.1630911,114.56386,-60.211746,0.5176551
0.081324985,-10.4915,-16.922383,-4.9403872,76.015917,36.485361,-3.1831283,73.051067,50.417665,-1.8718796,114.96601,-59.950174,0.4751867
0.081355742,-11.098048,-14.24622,-4.9282331,74.839644,31.743929,-3.3995494,74.898458,53.16796,-1.5591397,115.20862,-59.510048,0.37449973
0.0813865,-11.615544,-11.46117,-4.9544656,73.480838,26.651389,-3.6279473,77.085304,55.387683,-1.2046238,115.27638,-58.832885,0.23534771
0.081417258,-12.241833,-8.5848076,-4.9909654,71.920191,21.319727,-3.8709681,79.693961,57.112824,-0.84882131,115.15099,-57.892789,0.048762228
0.081448016,-12.910543,-5.5978547,-5.0096915,70.16579,15.76628,-4.1159905,82.67388,58.429549,-0.5130838,114.82322,-56.616818,-0.17295323
0.081478775,-13.595711,-2.5047904,-5.0174744,68.244757,9.9856939,-4.3725124,85.903904,59.44887,-0.20703117,114.29262,-54.975545,-0.42339517
0.081509535,-14.272636,0.60012477,-4.9719034,66.139203,4.2153463,-4.6028073,89.356444,60.266472,0.047833513,113.55375,-52.941078,-0.69105985
0.081540295,-14.940016,3.7151909,-4.9579562,63.811838,-1.684714,-4.8086314,92.810222,60.929475,0.2423438,112.59881,-50.470642,-0.97464718
0.081571056,-15.592539,6.8513791,-5.0450436,61.319631,-7.6535784,-4.9912115,96.106324,61.50272,0.3567313,111.43815,-47.495028,-1.2695725
0.081601817,-16.225621,9.9060299,-5.103969,58.704572,-13.644547,-5.1377382,99.177979,62.032506,0.39621996,110.09567,-43.949952,-1.575018
0.081632578,-16.806088,12.953065,-5.1285798,56.106249,-19.617955,-5.2507024,101.99284,62.490796,0.36549491,108.58022,-39.801367,-1.8795175
0.08166334,-17.426023,16.000976,-5.118544,53.35147,-25.408498,-5.3145588,104.55479,62.915175,0.28414215,106.91593,-35.122462,-2.175708
0.081694103,-18.129027,19.015605,-5.095331,50.705492,-31.002342,-5.3249973,106.87308,63.345861,0.16388599,105.14851,-29.954395,-2.4641671
0.081724866,-18.895304,22.013835,-5.0947528,48.354179,-36.323254,-5.287702,108.93201,63.744193,0.020832842,103.31634,-24.374689,-2.7462775
0.08175563,-19.582587,24.893889,-5.1050773,46.322072,-41.29802,-5.2139235,110.72761,64.050075,-0.13531867,101.49587,-18.47621,-2.9943627
0.081786394,-20.132307,27.611585,-5.0837027,44.714123,-45.864391,-5.1047094,112.27137,64.242358,-0.29658797,99.743774,-12.359518,-3.1699201
0.081817158,-20.665302,30.17073,-5.0476075,43.407819,-49.929268,-4.9562762,113.59372,64.333994,-0.45227422,98.118956,-6.1229893,-3.3312271
0.081847923,-21.208532,32.565705,-5.0178866,42.255902,-53.49604,-4.7807914,114.70165,64.340426,-0.59936592,96.697765,0.17868792,-3.4474596
0.081878688,-21.71976,34.844501,-4.9858649,41.208098,-56.526662,-4.5830303,115.58754,64.228857,-0.73663364,95.562468,6.3428956,-3.5131761
0.081909454,-22.200718,36.96044,-4.9645472,40.330735,-59.017151,-4.3764687,116.25499,63.993425,-0.86703816,94.758355,12.344612,-3.4603553
0.081940219,-22.564694,38.8634,-4.9387658,39.660916,-60.91747,-4.1796578,116.68483,63.451732,-0.99651573,94.30041,18.043465,-3.4001873
0.081970985,-22.820298,40.553962,-4.8999711,39.056939,-62.28619,-3.9858766,116.88774,62.519741,-1.1224208,94.154428,23.375306,-3.2730566
0.082001751,-23.001721,42.00514,-4.8587259,38.506408,-63.186463,-3.8091953,116.85764,61.083586,-1.2536703,94.330679,28.271304,-3.0825901
0.082032518,-23.091236,43.199838,-4.8232321,38.006399,-63.651781,-3.6448003,116.60347,59.03863,-1.397176,94.684741,32.688781,-2.8157882
0.082063284,-23.07601,44.145797,-4.7979783,37.566043,-63.719366,-3.5025152,116.10628,56.322537,-1.5590727,95.278666,36.57102,-2.4883118
0.08209405,-22.933152,44.802581,-4.7737702,37.143757,-63.406601,-3.3676313,115.35753,53.087839,-1.7422043,96.145176,39.925863,-2.1187487
0.082124817,-22.655342,45.215378,-4.7514826,36.869168,-62.729407,-3.2367344,114.356,49.317691,-1.953106,97.309463,42.778457,-1.7322768
0.082155583,-22.275409,45.484046,-4.7331023,36.796208,-61.722753,-3.1167073,113.11096,44.967873,-2.1841286,98.857353,45.163413,-1.3316126
0.082186349,-21.803877,45.580947,-4.7161643,36.856176,-60.367069,-3.0036221,111.60583,40.053761,-2.4351437,100.82307,47.125618,-0.93636
0.082217115,-21.255421,45.478394,-4.7017097,36.97239,-58.65688,-2.9037809,109.80837,34.616925,-2.7171582,103.02207,48.725533,-0.56641712
0.082247881,-20.634729,45.167215,-4.6887462,37.074688,-56.598096,-2.822,107.85959,28.769657,-3.0105432,105.37127,50.054048,-0.2380922
0.082278646,-19.932385,44.646057,-4.6694334,37.096117,-54.221714,-2.7525755,105.70456,22.552032,-3.3123585,107.79544,51.178497,0.034699956
0.082309412,-19.163508,43.922685,-4.6431748,37.067409,-51.559064,-2.6944953,103.36401,15.947803,-3.5951565,110.2279,52.156359,0.24548769
0.082340176,-18.34891,42.953379,-4.6120153,36.980731,-48.592774,-2.6575075,100.85111,9.0762901,-3.8537909,112.6149,53.065536,0.39652797
0.082370941,-17.49499,41.757325,-4.5798556,36.803387,-45.317435,-2.6321874,98.207712,2.0220123,-4.1212957,114.91652,53.930606,0.48967822
0.082401705,-16.616631,40.371274,-4.5485539,36.52533,-41.725832,-2.6259534,95.490929,-5.0503391,-4.3155292,117.11054,54.779677,0.53058519
0.082432468,-15.730538,38.798027,-4.5197134,36.086265,-37.83216,-2.6403093,92.7767,-12.09881,-4.4553278,119.16739,55.615582,0.52837391
0.082463231,-14.852937,37.053395,-4.4890158,35.494641,-33.707498,-2.627507,90.122529,-19.04041,-4.5098889,121.0663,56.452382,0.49343878
0.082493993,-13.984376,35.148604,-4.4489552,34.908681,-29.346527,-2.6448152,87.772987,-25.773505,-4.5148462,122.79677,57.257841,0.43440651
0.082524755,-13.101583,33.089823,-4.4096886,34.214597,-24.700727,-2.6630195,85.675685,-32.143755,-4.4517717,124.36811,57.948354,0.36030726
0.082555516,-12.231707,30.87274,-4.3644426,33.434424,-19.759426,-2.6832963,83.911197,-38.036519,-4.3368668,125.78065,58.53094,0.28280788
0.082586276,-11.384412,28.499724,-4.3139187,32.644971,-14.474611,-2.7270305,82.576478,-43.49285,-4.1554045,127.02862,59.059466,0.20469885
0.082617035,-10.555705,25.980307,-4.2566878,31.625254,-8.9151198,-2.7105734,81.678031,-48.362694,-3.9207623,128.10079,59.43529,0.12686374
0.082647793,-9.7426356,23.312421,-4.2128718,30.587147,-3.3247212,-2.7075387,80.986104,-52.577379,-3.6565394,129.0038,59.639313,0.050930253
0.082678551,-8.9290058,20.574918,-4.1731444,29.552638,2.4866342,-2.6907764,80.485345,-56.027202,-3.365093,129.74052,59.704864,-0.023100124
0.082709308,-8.1608171,17.762897,-4.1526478,28.52113,8.4756523,-2.6398172,80.255738,-58.71898,-3.0600482,130.33639,59.624136,-0.10030789
0.082740063,-7.3716662,14.863267,-4.1224281,27.542397,14.645956,-2.6033584,80.27016,-60.639173,-2.7572337,130.75232,59.46036,-0.18538183
0.082770818,-6.5997795,11.866835,-4.079241,26.676432,20.740268,-2.5588881,80.510359,-61.965553,-2.4708275,130.95004,59.079467,-0.28664979
0.082801571,-5.8875972,8.7418579,-4.0381015,25.728723,26.677737,-2.504783,80.999502,-62.851423,-2.2044264,130.92001,58.179481,-0.40769165
0.082832323,-5.1774195,5.563511,-3.8816574,24.878805,32.445798,-2.4514406,81.731233,-63.452314,-1.9611556,130.65238,56.525433,-0.56099515
0.082863074,-4.4577618,2.4471259,-3.7715664,24.345187,37.957112,-2.393795,82.61533,-63.742907,-1.7509778,130.1638,54.043767,-0.73709018
0.082893824,-3.6885815,-0.67673311,-3.812343,24.130186,43.151869,-2.3405643,83.585969,-63.812021,-1.5847861,129.41893,50.686455,-0.94768958
0.082924573,-2.8827919,-3.6681673,-3.8544889,24.474348,47.878939,-2.2993094,84.57908,-63.703049,-1.4599518,128.44309,46.685034,-1.1912864
0.08295532,-2.0491743,-6.6186585,-3.8299787,25.261478,52.101945,-2.2703461,85.567385,-63.409375,-1.3724513,127.21554,42.048547,-1.4693713
0.082986067,-1.2007589,-9.5520509,-3.8065651,26.404546,55.813725,-2.2682217,86.542912,-62.958206,-1.3192394,125.73844,36.802875,-1.7634277
0.083016813,-0.44957683,-12.41149,-3.7847339,27.846133,59.020224,-2.2961585,87.457115,-62.318197,-1.2999556,124.05336,31.038955,-2.0698884
0.083047557,0.085932388,-15.163235,-3.7930851,29.568406,61.708967,-2.3429072,88.257175,-61.487727,-1.30869,122.22834,24.877685,-2.4028436
0.083078301,0.45224294,-17.801693,-3.809636,31.603896,63.859733,-2.3949559,88.89757,-60.444264,-1.346382,120.29493,18.40656,-2.7360002
0.083109044,0.63016427,-20.367077,-3.8479916,33.873091,65.546519,-2.4576607,89.342065,-59.180857,-1.4044318,118.26362,11.723662,-3.0535531
0.083139786,0.80177841,-22.790886,-3.8748566,36.358662,66.833935,-2.5356531,89.565776,-57.677113,-1.4827818,116.19542,4.8993776,-3.3337781
0.083170527,0.90103742,-25.073877,-3.8821322,39.051404,67.799056,-2.62434,89.559104,-55.900716,-1.5783306,114.15006,-1.9383746,-3.5998552
0.083201267,0.85193418,-27.1517,-3.8945074,41.895425,68.487564,-2.7149225,89.329678,-53.817956,-1.6870441,112.16539,-8.6457219,-3.795644
0.083232007,0.64752921,-29.005873,-3.9154231,44.997073,68.918085,-2.8002223,88.854186,-51.401906,-1.8098976,110.2961,-15.144306,-3.9230255
0.083262747,0.3270785,-30.647339,-3.9362357,48.318754,69.164488,-2.8776851,88.175694,-48.582012,-1.9378355,108.61409,-21.342949,-3.9732395
0.083293486,-0.098038307,-32.07235,-3.9737891,51.805095,69.277335,-2.9386172,87.293109,-45.286144,-2.0733207,107.18533,-27.17972,-3.9612489
0.083324224,-0.60731526,-33.25239,-4.0157901,55.393098,69.264221,-2.9747587,86.215664,-41.484227,-2.2115727,105.92712,-32.560304,-3.8645577
0.083354962,-1.1761582,-34.173067,-4.0559731,59.005895,69.127852,-2.997312,84.957989,-37.220556,-2.3450652,104.94247,-37.448453,-3.6937071
0.0833857,-1.8313213,-34.832165,-4.0979318,62.491713,68.926926,-3.0006358,83.46695,-32.472691,-2.4724744,104.33454,-41.792866,-3.4697638
0.083416437,-2.5577459,-35.224037,-4.1447542,65.667236,68.624924,-2.9973029,81.911309,-27.338039,-2.580394,104.06702,-45.586156,-3.2079714
0.083447174,-3.3182983,-35.373833,-4.1863817,68.490146,68.205608,-2.9815217,80.245657,-21.822908,-2.6621355,104.13164,-48.844517,-2.9120181
0.08347791,-4.0985633,-35.306671,-4.2606883,70.952718,67.580199,-2.9479705,78.512666,-15.95675,-2.715692,104.49746,-51.594339,-2.5943008
0.083508646,-4.9310622,-35.01462,-4.3316319,73.069935,66.754376,-2.9048623,76.64946,-9.85529,-2.7381608,105.10427,-53.857652,-2.2772695
0.083539383,-5.7639771,-34.489902,-4.4068997,74.873395,65.767744,-2.8573129,74.794405,-3.4609536,-2.7038759,105.77553,-55.660029,-1.9693271
0.083570119,-6.5924937,-33.738964,-4.4544885,76.389767,64.581062,-2.8171334,73.086217,2.9344122,-2.6470681,106.50567,-57.017538,-1.6810167
0.083600855,-7.3953673,-32.774609,-4.499602,77.601871,63.107055,-2.7908849,71.607236,9.3718802,-2.5484244,107.31167,-58.000242,-1.4134224
0.083631591,-8.1623693,-31.602102,-4.5379669,78.511194,61.325405,-2.7713667,70.447679,15.759431,-2.4254499,108.17746,-58.709419,-1.1841658
0.083662327,-8.8860091,-30.222709,-4.5719113,79.107508,59.231857,-2.76339,69.729007,21.862551,-2.2802041,109.08935,-59.205103,-0.99219063
0.083693063,-9.5747597,-28.634792,-4.5969477,79.375607,56.804938,-2.7631477,69.446123,27.642634,-2.1212478,110.06535,-59.507676,-0.83820885
0.0837238,-10.232694,-26.836068,-4.6188381,79.433062,54.032789,-2.7756014,69.545693,33.015777,-1.9551859,111.05379,-59.665017,-0.72355412
0.083754536,-10.873269,-24.841057,-4.6453213,79.248715,50.820754,-2.8107615,69.982235,37.962814,-1.7931048,112.00213,-59.721207,-0.64902271
0.083785273,-11.495492,-22.694092,-4.6604117,78.800747,47.186344,-2.8644379,70.749561,42.364915,-1.6460584,112.8468,-59.706056,-0.61370496
0.08381601,-12.102117,-20.380033,-4.6665337,78.080238,43.160729,-2.9367182,71.860516,46.200299,-1.5159369,113.5604,-59.596662,-0.61646786
0.083846748,-12.706631,-17.915519,-4.6670062,77.053583,38.784439,-3.0085998,73.301612,49.494532,-1.4181315,114.11658,-59.361785,-0.65229446
0.083877486,-13.330104,-15.300208,-4.665775,75.915344,34.178599,-3.0749317,75.056345,52.26848,-1.3430675,114.50431,-58.94378,-0.7167442
0.083908224,-13.87998,-12.579855,-4.6827498,74.656699,29.227594,-3.1763357,77.162847,54.51553,-1.305346,114.70571,-58.306658,-0.80535429
0.083938963,-14.441296,-9.7472636,-4.7266781,73.204711,24.026079,-3.3060941,79.664215,56.269696,-1.2858304,114.70475,-57.399029,-0.91540642
0.083969702,-15.102913,-6.8230021,-4.7458918,71.550618,18.604079,-3.4646664,82.551441,57.624443,-1.2904067,114.49367,-56.138215,-1.0457839
0.084000441,-15.784821,-3.7878684,-4.770138,69.717594,12.976524,-3.6591036,85.7222,58.666641,-1.3144209,114.07425,-54.508554,-1.1942511
0.084031181,-16.464064,-0.64367235,-4.7234107,67.715565,7.2142775,-3.75563,89.114933,59.492489,-1.3585821,113.44179,-52.480156,-1.3565257
0.084061922,-17.131207,2.4276243,-4.6901439,65.485473,1.4120645,-3.8967773,92.580814,60.169304,-1.4142909,112.58856,-50.010732,-1.530923
0.084092663,-17.782467,5.5732434,-4.7403496,63.064463,-4.4871428,-4.0332535,95.904425,60.760764,-1.4741098,111.52992,-47.035227,-1.7137672
0.084123405,-18.404364,8.6489844,-4.8206754,60.489699,-10.431788,-4.1493673,99.013646,61.317495,-1.5276418,110.29355,-43.49236,-1.9012782
0.084154148,-18.992399,11.658988,-4.834842,57.852562,-16.367463,-4.2374415,101.86766,61.804262,-1.568443,108.88935,-39.35793,-2.0889058
0.084184891,-19.543715,14.703542,-4.8163106,55.178195,-22.213955,-4.2657421,104.47231,62.276111,-1.5970364,107.32238,-34.717445,-2.272932
0.084215634,-20.190168,17.708327,-4.7717128,52.450484,-27.865757,-4.2715797,106.83554,62.74916,-1.6101948,105.64811,-29.608357,-2.4455316
0.084246378,-20.890177,20.702297,-4.7287984,49.973478,-33.281706,-4.2486425,108.9547,63.204031,-1.6089057,103.91692,-24.112137,-2.5986428
0.084277123,-21.611177,23.644662,-4.7301803,47.805598,-38.38395,-4.1939049,110.81474,63.58114,-1.595969,102.17046,-18.310225,-2.722192
0.084307868,-22.217365,26.457693,-4.7176384,46.01525,-43.105814,-4.1210114,112.4276,63.862336,-1.5722739,100.46859,-12.308605,-2.8139868
0.084338614,-22.70875,29.12118,-4.6753051,44.579987,-47.373069,-4.0374834,113.81838,64.000154,-1.5398628,98.877234,-6.2021808,-2.869215
0.08436936,-23.232846,31.612823,-4.6372463,43.335596,-51.152293,-3.9459888,114.99466,64.061749,-1.5003816,97.476054,-0.035341385,-2.8793011
0.084400107,-23.754221,33.981574,-4.6099717,42.217528,-54.422813,-3.8540488,115.96275,64.007257,-1.4624106,96.31988,5.990421,-2.8472897
0.084430853,-24.246699,36.215376,-4.5861799,41.234483,-57.167479,-3.7749855,116.72117,63.827279,-1.4289589,95.485469,11.854279,-2.7626426
0.084461601,-24.680041,38.263408,-4.5744041,40.46168,-59.373001,-3.6948908,117.25775,63.425427,-1.400412,94.988347,17.441638,-2.6441693
0.084492348,-24.996499,40.099416,-4.5651906,39.793729,-61.008495,-3.6244113,117.57158,62.668348,-1.3817259,94.812445,22.692719,-2.4934007
0.084523096,-25.24201,41.697544,-4.5459175,39.183423,-62.150218,-3.5707047,117.65409,61.43777,-1.3779375,94.945472,27.527476,-2.3164966
0.084553843,-25.413034,43.051692,-4.5309994,38.615365,-62.840988,-3.5387028,117.51628,59.62759,-1.3969503,95.234853,31.914972,-2.1206043
0.084584591,-25.479404,44.144885,-4.5289178,38.10617,-63.114681,-3.5173194,117.15358,57.159345,-1.4444298,95.769206,35.785196,-1.9324672
0.084615339,-25.428883,44.975756,-4.5394399,37.637466,-63.001116,-3.5025026,116.51889,54.11176,-1.5067356,96.54814,39.146849,-1.7534616
0.084646087,-25.237378,45.544237,-4.5528781,37.244261,-62.505185,-3.4949093,115.66914,50.546543,-1.6068682,97.609712,42.015662,-1.5918078
0.084676835,-24.916353,45.921985,-4.5662706,37.056551,-61.676945,-3.4903603,114.5711,46.419122,-1.7369087,99.029657,44.432824,-1.4509313
0.084707583,-24.493685,46.158265,-4.5828452,37.033017,-60.532092,-3.492401,113.22306,41.726579,-1.8963952,100.86825,46.416005,-1.3366063
0.08473833,-23.982517,46.205346,-4.6036656,37.094621,-59.036537,-3.4976975,111.61548,36.520435,-2.0685823,102.99871,48.033688,-1.2471066
0.084769078,-23.393737,46.060335,-4.6214129,37.173298,-57.19665,-3.500833,109.77719,30.868991,-2.2501289,105.29569,49.374509,-1.1829032
0.084799825,-22.733512,45.727445,-4.6353762,37.208763,-55.02427,-3.499646,107.75514,24.849222,-2.4480896,107.68087,50.510666,-1.1369503
0.084830572,-21.989185,45.179686,-4.635472,37.170285,-52.577359,-3.4847833,105.53287,18.435004,-2.6429675,110.08808,51.500009,-1.1057595
0.084861319,-21.182108,44.413712,-4.6251124,37.094534,-49.85217,-3.4727527,103.12998,11.736586,-2.8406236,112.46018,52.40398,-1.0798866
0.084892065,-20.323061,43.397783,-4.6091574,36.937913,-46.800937,-3.4548572,100.56457,4.7849723,-3.0170409,114.75546,53.267118,-1.0599742
0.084922811,-19.422537,42.166074,-4.5886282,36.681787,-43.445524,-3.4333695,97.877849,-2.1753812,-3.1686781,116.95047,54.127895,-1.0391297
0.084953556,-18.494724,40.744964,-4.5646114,36.313064,-39.77803,-3.4042131,95.169258,-9.1405407,-3.273451,119.0202,54.981874,-1.0156757
0.084984301,-17.556512,39.14068,-4.5412667,35.763177,-35.830136,-3.3572423,92.452531,-16.043236,-3.3316873,120.94189,55.846652,-0.98677441
0.085015045,-16.631451,37.369254,-4.5082489,35.202569,-31.68814,-3.3046214,89.90815,-22.784466,-3.3522266,122.70082,56.708174,-0.95237466
0.085045788,-15.691894,35.460575,-4.4653406,34.548356,-27.261251,-3.2689096,87.678684,-29.22793,-3.3234993,124.30399,57.463878,-0.91155468
0.085076531,-14.749153,33.390846,-4.4196725,33.795276,-22.547985,-3.2318291,85.762612,-35.264259,-3.246528,125.7596,58.101101,-0.86576652
0.085107273,-13.819704,31.156229,-4.3622937,32.986577,-17.549635,-3.1923967,84.180353,-40.864524,-3.1311055,127.06097,58.680798,-0.81592825
0.085138014,-12.916801,28.767206,-4.2973232,32.127141,-12.1252,-3.2125092,83.07345,-45.934522,-2.9962587,128.19916,59.105583,-0.765007
0.085168754,-12.027408,26.226193,-4.2322058,31.085655,-6.6482345,-3.0830525,82.259338,-50.39948,-2.8435456,129.17501,59.356695,-0.71584968
0.085199494,-11.164162,23.544369,-4.1701087,30.047916,-0.98197127,-3.0381895,81.626881,-54.141421,-2.6833857,129.99469,59.449898,-0.67311231
0.085230232,-10.266999,20.805663,-4.134864,29.028067,4.8821596,-2.9604594,81.245417,-57.153358,-2.533227,130.68012,59.402924,-0.64317123
0.085260969,-9.4219228,17.980845,-4.0855046,28.034446,10.927037,-2.8208382,81.143454,-59.320669,-2.4037467,131.20281,59.258229,-0.62889144
0.085291706,-8.581795,15.08921,-4.0411493,27.101041,17.10796,-2.8060673,81.275232,-60.848934,-2.2914463,131.52614,58.957395,-0.63287314
0.085322441,-7.7221813,12.044955,-4.0181374,26.2553,23.142029,-2.6634991,81.62648,-61.851166,-2.2065418,131.63107,58.192235,-0.65875762
0.085353175,-6.9330928,8.8944816,-3.965022,25.355605,29.009808,-2.5415566,82.233939,-62.532146,-2.1480942,131.50284,56.728608,-0.71041807
0.085383908,-6.1732108,5.7209082,-3.8318609,24.642476,34.669364,-2.4191381,83.03322,-62.935287,-2.1170356,131.16486,54.430942,-0.79467824
0.08541464,-5.4298929,2.60189,-3.737876,24.261787,40.042174,-2.294616,83.945245,-63.111597,-2.1097909,130.58546,51.259011,-0.91139589
0.08544537,-4.6508698,-0.55501943,-3.76758,24.195456,45.053141,-2.2080272,84.908267,-63.108713,-2.120492,129.76025,47.42128,-1.0588098
0.0854761,-3.8676776,-3.5880773,-3.8118982,24.74087,49.569806,-2.1216927,85.867829,-62.915422,-2.1432192,128.69004,42.964857,-1.2349652
0.085506828,-3.0037581,-6.5701267,-3.7833376,25.677627,53.563079,-2.0803334,86.821802,-62.563586,-2.1701002,127.35703,37.906519,-1.436244
0.085537555,-2.1557052,-9.5342263,-3.7440778,26.946863,57.04119,-2.0872176,87.727129,-62.042148,-2.1953301,125.80989,32.327369,-1.6537458
0.085568281,-1.453217,-12.408716,-3.7036815,28.497777,60.011686,-2.1304427,88.539581,-61.334576,-2.2181482,124.06169,26.320447,-1.874588
0.085599006,-0.94963136,-15.182647,-3.6797465,30.317258,62.461507,-2.214072,89.222625,-60.429487,-2.2401918,122.2145,20.000256,-2.0992753
0.08562973,-0.61641412,-17.849985,-3.6725412,32.438442,64.3945,-2.3103495,89.713078,-59.313757,-2.2575437,120.24162,13.437465,-2.3156145
0.085660453,-0.44803462,-20.443865,-3.690997,34.766461,65.892181,-2.4280173,90.004298,-57.978985,-2.276044,118.19062,6.7261305,-2.5040544
0.085691175,-0.31767373,-22.90395,-3.7068237,37.308071,67.023547,-2.5591186,90.076548,-56.397143,-2.2944614,116.13256,-0.060371374,-2.6524261
0.085721897,-0.25327117,-25.206542,-3.7081215,40.044065,67.857351,-2.7010291,89.926535,-54.528503,-2.3149683,114.10018,-6.7162909,-2.7836901
0.085752617,-0.34514097,-27.296705,-3.7208208,42.946396,68.426141,-2.843985,89.563687,-52.356278,-2.34195,112.14991,-13.201549,-2.870737
0.085783337,-0.59512373,-29.163038,-3.7438771,46.111708,68.768618,-2.9785849,88.956136,-49.79828,-2.369158,110.35083,-19.418348,-2.9104973
0.085814057,-0.95283807,-30.823346,-3.7727418,49.486969,68.95209,-3.1016871,88.169737,-46.807389,-2.4089095,108.76705,-25.299632,-2.9178177
0.085844776,-1.4076299,-32.264514,-3.8043626,53.017229,69.014871,-3.1941522,87.184431,-43.32376,-2.450862,107.38268,-30.764166,-2.8791001
0.085875495,-1.9428544,-33.454407,-3.8362761,56.633929,68.964658,-3.268692,86.01898,-39.354278,-2.4964196,106.26899,-35.762732,-2.8086915
0.085906213,-2.538069,-34.379562,-3.8706209,60.270969,68.805458,-3.3147792,84.660691,-34.91674,-2.5458551,105.53804,-40.242509,-2.715343
0.08593693,-3.2184683,-35.040575,-3.9026375,63.704653,68.604736,-3.328034,83.130656,-30.021963,-2.5690238,105.13965,-44.179704,-2.6005876
0.085967648,-3.9535867,-35.424891,-3.9342179,66.826171,68.30916,-3.313722,81.511993,-24.745755,-2.5956113,105.03077,-47.589798,-2.4653773
0.085998365,-4.7197175,-35.571349,-4.0063867,69.594158,67.874836,-3.2692042,79.782652,-19.10506,-2.5905254,105.23997,-50.480303,-2.3215175
0.086029082,-5.5676838,-35.491978,-4.0881402,72.016636,67.249111,-3.2002178,78.03418,-13.151318,-2.5862094,105.68593,-52.873085,-2.1870086
0.086059798,-6.4214997,-35.186813,-4.1412096,74.112566,66.47157,-3.1106783,76.142958,-6.9226161,-2.5835313,106.24407,-54.809419,-2.062539
0.086090515,-7.269006,-34.646763,-4.1880917,75.906995,65.538587,-3.0095337,74.34926,-0.57005728,-2.4987284,106.93364,-56.299769,-1.9482183
0.086121231,-8.1015366,-33.87831,-4.2300854,77.426104,64.394838,-2.9097382,72.753605,5.8503989,-2.4067153,107.75015,-57.379419,-1.8474558
0.086151947,-8.9023075,-32.893721,-4.2695835,78.630656,62.956141,-2.8143824,71.420355,12.287812,-2.2707815,108.63578,-58.164771,-1.7720308
0.086182664,-9.6617055,-31.696484,-4.3054552,79.537174,61.182887,-2.725483,70.475184,18.543713,-2.155767,109.53142,-58.736659,-1.7107028
0.086213381,-10.375149,-30.288604,-4.3368,80.131851,59.094737,-2.6533339,70.002337,24.549886,-2.0117,110.47132,-59.110025,-1.663091
0.086244098,-11.053497,-28.668394,-4.3630794,80.406756,56.670024,-2.5910319,69.885575,30.15908,-1.8571061,111.43346,-59.336987,-1.6272461
0.086274815,-11.710771,-26.834605,-4.3913236,80.486906,53.870358,-2.5527143,70.161027,35.339643,-1.7080113,112.35107,-59.435303,-1.6002761
0.086305533,-12.339966,-24.81019,-4.4162313,80.309735,50.638927,-2.551989,70.705883,40.04839,-1.5878579,113.18284,-59.460553,-1.5792449
0.08633625,-12.968915,-22.6306,-4.4240655,79.865918,46.994362,-2.5783419,71.638564,44.178418,-1.4721381,113.89689,-59.39641,-1.5628844
0.086366969,-13.583713,-20.281335,-4.4230291,79.147071,42.978887,-2.6361523,72.940411,47.719226,-1.3992947,114.46941,-59.233606,-1.5514953
0.086397687,-14.200683,-17.776618,-4.4168678,78.102451,38.597381,-2.6947031,74.581041,50.746185,-1.3485206,114.88573,-58.898534,-1.5439985
0.086428406,-14.837862,-15.115998,-4.4056691,77.011486,33.998937,-2.7601404,76.495987,53.239181,-1.3250133,115.1399,-58.367721,-1.5445753
0.086459126,-15.384283,-12.361916,-4.4179932,75.754535,29.05063,-2.8628392,78.771402,55.199505,-1.355748,115.20524,-57.602699,-1.5547848
0.086489846,-15.954833,-9.4905427,-4.4542621,74.296913,23.859602,-2.9847862,81.445883,56.711962,-1.431431,115.07537,-56.541496,-1.5779183
0.086520567,-16.632095,-6.5228443,-4.4694535,72.6339,18.452998,-3.1304043,84.440221,57.855113,-1.5295281,114.74465,-55.101663,-1.6120636
0.086551288,-17.326925,-3.4280591,-4.4950615,70.781933,12.826991,-3.2857014,87.63915,58.743166,-1.642938,114.20477,-53.280123,-1.6588971
0.08658201,-18.006319,-0.25804636,-4.4303451,68.740085,7.109878,-3.3609077,91.091792,59.451301,-1.7660646,113.45973,-51.039086,-1.7184653
0.086612732,-18.666624,2.8619636,-4.388469,66.454216,1.289686,-3.4799147,94.45952,60.049305,-1.8781869,112.50845,-48.31389,-1.7902333
0.086643455,-19.298913,6.0528393,-4.4408229,63.98401,-4.6250764,-3.5976834,97.663558,60.596798,-1.9690886,111.37181,-45.049239,-1.8716176
0.086674179,-19.910053,9.1876306,-4.5062689,61.361099,-10.585334,-3.709117,100.64712,61.122548,-2.0310185,110.06024,-41.20063,-1.9605124
0.086704904,-20.462405,12.267051,-4.5134316,58.670359,-16.545978,-3.7923666,103.383,61.608499,-2.0578531,108.59722,-36.798277,-2.05493
0.086735629,-21.012917,15.333969,-4.4844067,55.916611,-22.400172,-3.8276571,105.87926,62.098904,-2.0537824,106.9883,-31.913754,-2.1472593
0.086766355,-21.658932,18.384377,-4.4365699,53.191807,-28.077487,-3.8464285,108.15312,62.59274,-2.0185974,105.27789,-26.587598,-2.2322186
0.086797081,-22.357882,21.421495,-4.3911312,50.74888,-33.503695,-3.8383033,110.18279,63.056618,-1.9601405,103.54798,-20.925859,-2.3039984
0.086827808,-23.056768,24.40503,-4.3827306,48.612466,-38.611694,-3.8065095,111.97003,63.433265,-1.8854408,101.86754,-14.98414,-2.3678831
0.086858536,-23.627466,27.266489,-4.3632207,46.874787,-43.328044,-3.7550746,113.52903,63.711233,-1.795742,100.19813,-8.9133765,-2.4091843
0.086889264,-24.08219,29.968935,-4.31146,45.481901,-47.574577,-3.6988997,114.87507,63.842591,-1.6973026,98.678347,-2.7661671,-2.4289937
0.086919992,-24.572497,32.495867,-4.26673,44.236218,-51.328426,-3.6330288,116.0261,63.885008,-1.5976458,97.348256,3.3406223,-2.4094657
0.086950721,-25.064039,34.902108,-4.2323245,43.103314,-54.5648,-3.5578974,116.97313,63.80881,-1.5047448,96.323194,9.3285458,-2.3458785
0.086981451,-25.525982,37.172255,-4.2053436,42.133133,-57.264178,-3.4871531,117.72138,63.605096,-1.4216899,95.646919,15.077967,-2.2868846
0.08701218,-25.923917,39.256312,-4.1922106,41.378739,-59.394631,-3.4143295,118.24787,63.125653,-1.3473005,95.291433,20.523491,-2.2015027
0.087042911,-26.204873,41.123339,-4.1744686,40.698838,-60.959864,-3.3504577,118.55415,62.269247,-1.2914512,95.224796,25.582794,-2.0960185
0.087073641,-26.417023,42.739188,-4.1529301,40.067744,-62.044681,-3.3019529,118.63914,60.919621,-1.2591914,95.483093,30.19246,-1.9814164
0.087104371,-26.552018,44.119938,-4.1343097,39.48102,-62.677761,-3.2690055,118.51199,58.97659,-1.2539324,95.958261,34.307286,-1.8720455
0.087135102,-26.575766,45.223681,-4.12327,38.95244,-62.901666,-3.244667,118.1572,56.372156,-1.2797157,96.668258,37.900415,-1.7828218
0.087165833,-26.477751,46.046115,-4.1269667,38.459887,-62.741086,-3.2290993,117.53068,53.242085,-1.32143,97.714496,40.975061,-1.7093544
0.087196563,-26.233091,46.603367,-4.1359084,38.102033,-62.1966,-3.2209366,116.67019,49.600556,-1.4031745,99.058802,43.574689,-1.6477668
0.087227294,-25.856653,46.978772,-4.145341,37.940662,-61.330359,-3.2174879,115.57308,45.383498,-1.5235232,100.76247,45.702052,-1.6057789
0.087258025,-25.368807,47.215866,-4.158182,37.923833,-60.150595,-3.223678,114.22189,40.622652,-1.6714703,102.77146,47.421392,-1.5862872
0.087288756,-24.787311,47.264029,-4.1741088,37.978158,-58.629893,-3.2292883,112.59695,35.356985,-1.8475554,104.95941,48.818555,-1.5770484
0.087319486,-24.13509,47.140851,-4.1896146,38.036469,-56.7682,-3.227246,110.76681,29.659752,-2.0227535,107.26083,49.980429,-1.5748825
0.087350216,-23.405905,46.814305,-4.2014833,38.048747,-54.589493,-3.2245549,108.71829,23.593679,-2.1910543,109.60446,50.974361,-1.5779518
0.087380946,-22.593567,46.278192,-4.1978905,37.993922,-52.149277,-3.2098981,106.46225,17.145039,-2.3616624,111.93418,51.856176,-1.5729217
0.087411675,-21.718241,45.516921,-4.1817208,37.898672,-49.432796,-3.1977165,104.01447,10.413734,-2.5272825,114.2059,52.691549,-1.5574188
0.087442403,-20.787007,44.505876,-4.1575397,37.714078,-46.381125,-3.1775836,101.4036,3.4513126,-2.62015,116.39173,53.507512,-1.5307333
0.087473129,-19.814996,43.275885,-4.1263595,37.422828,-43.016896,-3.1538525,98.681085,-3.5308008,-2.7430343,118.47259,54.336065,-1.4922743
0.087503854,-18.815386,41.854329,-4.090792,37.021062,-39.332125,-3.1321829,95.934641,-10.528619,-2.8356235,120.42929,55.17544,-1.4400725
0.087534578,-17.800806,40.247933,-4.0564926,36.452077,-35.380192,-3.0911609,93.178538,-17.455484,-2.9084035,122.23964,56.039444,-1.372652
0.0875653,-16.800079,38.478242,-4.0148498,35.874317,-31.233885,-3.0563,90.700963,-24.209616,-2.9562064,123.90495,56.867017,-1.2935488
0.087596022,-15.7941,36.570076,-3.9635501,35.188521,-26.793416,-3.0248773,88.503774,-30.622461,-2.960654,125.43394,57.575792,-1.2057043
0.087626742,-14.783103,34.502842,-3.909004,34.405823,-22.067705,-2.9895056,86.627176,-36.602896,-2.9220388,126.82828,58.177644,-1.1137344
0.087657461,-13.790846,32.272466,-3.8538551,33.573532,-16.997011,-2.9496623,85.141376,-42.151384,-2.8545078,128.08157,58.727965,-1.0195151
0.08768818,-12.829412,29.885198,-3.7886917,32.689762,-11.51758,-2.9345272,84.110763,-47.108449,-2.7648972,129.18702,59.109681,-0.92607085
0.087718897,-11.891183,27.33718,-3.7230181,31.634912,-6.0497537,-2.8704777,83.320391,-51.421298,-2.648581,130.14624,59.306911,-0.83625904
0.087749614,-10.984429,24.636846,-3.6645843,30.591097,-0.34243073,-2.8332206,82.740939,-54.959774,-2.5227067,130.96059,59.363017,-0.75713979
0.08778033,-9.991082,21.853256,-3.6295187,29.565473,5.5646222,-2.7650567,82.437061,-57.667995,-2.4026468,131.65375,59.268974,-0.69400652
0.087811046,-9.053321,18.998992,-3.5947262,28.567004,11.659842,-2.6333231,82.41854,-59.600365,-2.2901888,132.18061,59.092413,-0.64955106
0.087841761,-8.1469267,16.087498,-3.5714117,27.666313,17.891149,-2.6293547,82.610766,-60.938937,-2.1878699,132.50163,58.65964,-0.62428865
0.087872475,-7.263603,13.012457,-3.5585768,26.772258,23.919547,-2.4881351,83.059639,-61.806343,-2.1030574,132.60526,57.691175,-0.62488341
0.087903189,-6.457701,9.8311003,-3.5430916,25.901393,29.794155,-2.3638235,83.730806,-62.367294,-2.0399712,132.48339,55.965698,-0.6500101
0.087933903,-5.6809965,6.6145413,-3.4431913,25.257039,35.437459,-2.2255847,84.556026,-62.684697,-1.9991942,132.14335,53.410483,-0.70608209
0.087964617,-4.9282189,3.4506957,-3.3586787,24.949781,40.778666,-2.0774254,85.471973,-62.805226,-1.9757778,131.5395,50.02459,-0.79517765
0.08799533,-4.1897345,0.26442344,-3.350978,24.969817,45.741445,-1.966399,86.412372,-62.750448,-1.9670442,130.69544,46.014954,-0.91512975
0.088026042,-3.4235462,-2.9035515,-3.4186195,25.591166,50.18295,-1.8502579,87.339612,-62.515581,-1.963319,129.58346,41.382717,-1.0578846
0.088056754,-2.6249301,-5.9470166,-3.4441474,26.60685,54.092151,-1.7713401,88.239612,-62.128004,-1.9680995,128.21536,36.170282,-1.2256361
0.088087465,-1.8165765,-8.9777328,-3.4523383,27.945309,57.477832,-1.7375859,89.07242,-61.570019,-1.9703081,126.62099,30.460081,-1.4149024
0.088118175,-1.1197308,-11.930708,-3.446316,29.5636,60.356004,-1.7409914,89.797173,-60.829357,-1.9741717,124.85942,24.353115,-1.6127902
0.088148883,-0.63039118,-14.767962,-3.443199,31.442687,62.712209,-1.7785409,90.381353,-59.890874,-1.9793014,122.96115,17.931936,-1.8154392
0.088179591,-0.32492999,-17.52825,-3.4461381,33.613378,64.558124,-1.8306212,90.772346,-58.745749,-1.9821653,120.93252,11.288759,-2.007646
0.088210298,-0.16794532,-20.192326,-3.4565993,35.985156,65.975398,-1.9069167,90.966917,-57.386789,-1.9886973,118.83435,4.5068515,-2.1949243
0.088241005,-0.13706713,-22.749915,-3.4775838,38.574001,67.038413,-2.0041414,90.949539,-55.775919,-1.9954996,116.73198,-2.2925914,-2.3427405
0.08827171,-0.12382723,-25.134299,-3.4791889,41.350845,67.824244,-2.1116864,90.71905,-53.876301,-2.0052249,114.67764,-8.982709,-2.4747601
0.088302415,-0.26004193,-27.305976,-3.4891672,44.315426,68.355191,-2.2273843,90.277594,-51.666028,-2.0256458,112.73237,-15.471371,-2.5740436
0.088333119,-0.55799515,-29.243195,-3.5081328,47.544719,68.673204,-2.3432719,89.619614,-49.060962,-2.04695,110.9651,-21.666286,-2.6419717
0.088363823,-0.96193489,-30.972652,-3.5295956,50.985222,68.833522,-2.4567672,88.775121,-46.005792,-2.0808373,109.4475,-27.505916,-2.6686475
0.088394527,-1.4550752,-32.482831,-3.5559123,54.578618,68.878989,-2.5474048,87.734668,-42.450456,-2.1168172,108.13532,-32.887581,-2.6723303
0.08842523,-2.0243384,-33.754086,-3.5792331,58.24728,68.821783,-2.6308848,86.531232,-38.402859,-2.1570391,107.16731,-37.762445,-2.6410692
0.088455933,-2.6584555,-34.748025,-3.6016263,61.932189,68.666916,-2.6898646,85.09797,-33.877634,-2.2124774,106.57511,-42.085672,-2.5815112
0.088486635,-3.3731186,-35.472255,-3.6210682,65.337663,68.447131,-2.7186145,83.553487,-28.925439,-2.2477862,106.29082,-45.865754,-2.5021897
0.088517337,-4.1414758,-35.908873,-3.6346211,68.426458,68.157537,-2.7237669,81.877667,-23.578752,-2.279521,106.31231,-49.091093,-2.4047069
0.088548039,-4.9189522,-36.094197,-3.6720124,71.162861,67.737197,-2.6979783,80.105653,-17.871356,-2.2889674,106.6427,-51.768515,-2.2973745
0.088578741,-5.7786941,-36.048107,-3.7483964,73.564876,67.155075,-2.6495889,78.302184,-11.830308,-2.298931,107.12284,-53.936332,-2.1824813
0.088609443,-6.6421133,-35.77376,-3.7913883,75.652114,66.422,-2.5815762,76.435493,-5.4765485,-2.2960334,107.72926,-55.652982,-2.0685415
0.088640145,-7.4996141,-35.255796,-3.827497,77.43996,65.531441,-2.4996587,74.696827,0.90162704,-2.2492905,108.47078,-56.897297,-1.9547039
0.088670847,-8.3362298,-34.500249,-3.863244,78.95418,64.428139,-2.4183986,73.171757,7.3574452,-2.1802909,109.31553,-57.776822,-1.8484229
0.088701549,-9.1385413,-33.522478,-3.8980141,80.150274,63.026559,-2.337282,71.930799,13.824304,-2.0907581,110.20849,-58.407599,-1.7537859
0.088732251,-9.897575,-32.325428,-3.9289173,81.054033,61.288719,-2.2581127,71.107775,20.059295,-2.0035976,111.08895,-58.853716,-1.6680441
0.088762953,-10.607393,-30.913176,-3.9579827,81.653472,59.228253,-2.192426,70.736055,26.017115,-1.8872035,111.99131,-59.117239,-1.5922775
0.088793656,-11.277649,-29.283994,-3.9831245,81.92566,56.831608,-2.1323044,70.741616,31.55884,-1.767638,112.87603,-59.268255,-1.5256866
0.08882436,-11.934961,-27.434896,-3.9994317,82.018075,54.055718,-2.1000374,71.12888,36.652071,-1.641804,113.69015,-59.319784,-1.4691283
0.088855063,-12.580253,-25.395168,-4.0204096,81.846256,50.848958,-2.0962031,71.79907,41.227471,-1.5282763,114.40317,-59.306617,-1.4215047
0.088885767,-13.220001,-23.191644,-4.0229377,81.409987,47.234773,-2.1201963,72.819369,45.222415,-1.4226912,114.99835,-59.202507,-1.3838689
0.088916472,-13.847921,-20.815363,-4.0185155,80.699593,43.24951,-2.1728568,74.200478,48.641054,-1.3416045,115.45476,-58.998376,-1.3558259
0.088947177,-14.478618,-18.275787,-4.0100525,79.663213,38.898461,-2.2310075,75.896255,51.508619,-1.2774735,115.76507,-58.621636,-1.3362386
0.088977883,-15.12192,-15.575679,-3.9872213,78.561856,34.318644,-2.3088681,77.896974,53.831689,-1.2394047,115.92132,-58.036742,-1.3279003
0.089008589,-15.68198,-12.772375,-3.9804532,77.3052,29.386943,-2.424107,80.275798,55.626474,-1.2423472,115.89771,-57.212534,-1.3295742
0.089039296,-16.258539,-9.8502111,-4.0081883,75.841806,24.213727,-2.5575178,83.037289,56.987878,-1.2736693,115.686,-56.071297,-1.343557
0.089070004,-16.950528,-6.8197078,-4.0183607,74.170519,18.817173,-2.7092575,86.082021,58.008437,-1.3222147,115.28376,-54.552676,-1.3690363
0.089100712,-17.657503,-3.6625519,-4.027529,72.298523,13.189732,-2.8635078,89.304283,58.803276,-1.3828537,114.68156,-52.64156,-1.4060283
0.089131421,-18.350742,-0.45194442,-3.9560456,70.227565,7.463246,-2.9476037,92.700176,59.437692,-1.4593354,113.87358,-50.300176,-1.4546383
0.089162131,-19.018248,2.7361628,-3.9118524,67.910776,1.6189331,-3.0677377,95.990318,59.986633,-1.5296977,112.86515,-47.454521,-1.5140574
0.089192842,-19.657289,6.0179003,-3.9458151,65.403877,-4.3261463,-3.1847256,99.100348,60.50219,-1.5861424,111.68114,-44.054154,-1.5807919
0.089223553,-20.269182,9.2547777,-4.0121936,62.740488,-10.327606,-3.2911561,101.98878,61.008527,-1.6204484,110.31974,-40.055612,-1.6524124
0.089254265,-20.827267,12.444373,-4.0116951,60.001861,-16.335946,-3.3797789,104.64057,61.487431,-1.634371,108.8025,-35.522221,-1.7316225
0.089284979,-21.387943,15.579329,-3.9802976,57.199211,-22.24131,-3.4169494,107.06323,61.97872,-1.6247565,107.15997,-30.494141,-1.8119046
0.089315693,-22.046218,18.70403,-3.9456067,54.439138,-27.973622,-3.4398835,109.2711,62.475198,-1.5927108,105.44718,-25.044978,-1.8828871
0.089346407,-22.749575,21.827416,-3.8950189,51.968529,-33.453896,-3.4380078,111.24437,62.939865,-1.5425912,103.69245,-19.266084,-1.9506784
0.089377122,-23.460873,24.902445,-3.8839513,49.808246,-38.611149,-3.414425,112.98815,63.314358,-1.4779596,101.98961,-13.234422,-2.0207978
0.089407838,-24.03052,27.860091,-3.8676608,48.055015,-43.365394,-3.3669633,114.5154,63.58793,-1.4007205,100.3537,-7.0744527,-2.0777258
0.089438554,-24.474122,30.649608,-3.8136223,46.63804,-47.641528,-3.3072502,115.83831,63.713952,-1.3158531,98.882807,-0.80855418,-2.1320118
0.089469271,-24.946157,33.255314,-3.7642161,45.36829,-51.417792,-3.2305775,116.97785,63.747748,-1.2297635,97.640365,5.3374809,-2.154339
0.089499989,-25.416377,35.727797,-3.7256487,44.205382,-54.66408,-3.1418316,117.9207,63.667348,-1.1495137,96.726833,11.380535,-2.1776773
0.089530707,-25.853191,38.065588,-3.6988983,43.222763,-57.363268,-3.0516534,118.67176,63.460182,-1.0757643,96.152608,17.12942,-2.1714012
0.089561425,-26.224631,40.219856,-3.6829485,42.465988,-59.45266,-2.9574251,119.20094,62.954774,-1.0097202,95.892224,22.529548,-2.1520423
0.089592143,-26.471779,42.153618,-3.6655658,41.769379,-60.979091,-2.8705449,119.5127,62.061816,-0.95921563,95.967832,27.50195,-2.1215329
0.089622859,-26.628532,43.830203,-3.6464708,41.128212,-62.029502,-2.7972131,119.60873,60.670994,-0.93071368,96.29678,32.007512,-2.0680629
0.089653575,-26.701915,45.268748,-3.6268317,40.534676,-62.635774,-2.7414442,119.49592,58.684314,-0.92361653,96.848884,35.975912,-2.0020593
0.089684291,-26.660553,46.438639,-3.617588,40.002524,-62.840457,-2.6936148,119.15171,56.051646,-0.94287929,97.690575,39.390406,-1.9315438
0.089715005,-26.490822,47.314005,-3.6210995,39.509172,-62.664308,-2.6600935,118.54194,52.892587,-0.98008261,98.854145,42.281836,-1.8617358
0.089745718,-26.168512,47.888388,-3.6339788,39.198525,-62.105052,-2.6364726,117.68802,49.21654,-1.0531161,100.3244,44.697427,-1.7821992
0.089776431,-25.706947,48.258342,-3.6523294,39.079786,-61.229271,-2.61483,116.59407,44.966318,-1.1561015,102.17705,46.618994,-1.7023152
0.089807142,-25.122357,48.495984,-3.6711434,39.097295,-60.042323,-2.6053556,115.24157,40.179905,-1.2872988,104.2537,48.151557,-1.6308509
0.089837853,-24.436106,48.548672,-3.6930135,39.176376,-58.529132,-2.5994244,113.60367,34.891946,-1.4496302,106.47265,49.391903,-1.5609162
0.089868562,-23.677974,48.431198,-3.7104135,39.252656,-56.678257,-2.5905433,111.77006,29.177638,-1.6243635,108.76887,50.414371,-1.495747
0.08989927,-22.842218,48.10677,-3.7185081,39.280908,-54.512611,-2.5846232,109.70503,23.064548,-1.8049995,111.07815,51.297428,-1.4371955
0.089929978,-21.92808,47.57549,-3.7090429,39.24774,-52.092833,-2.57099,107.42581,16.592624,-1.9980685,113.34942,52.099083,-1.3854939
0.089960684,-20.952272,46.82915,-3.6861882,39.163811,-49.389565,-2.5630571,104.94973,9.8361416,-2.1910585,115.54886,52.878831,-1.3332787
0.089991389,-19.920414,45.828205,-3.6596725,38.981889,-46.35498,-2.5500886,102.30027,2.8640422,-2.3258882,117.6535,53.652144,-1.2777636
0.090022094,-18.849522,44.602466,-3.6297531,38.685691,-43.000071,-2.5339214,99.551438,-4.1479131,-2.4600658,119.65198,54.450165,-1.2191534
0.090052797,-17.7521,43.181855,-3.5974561,38.279031,-39.321136,-2.5279537,96.774132,-11.182525,-2.5663954,121.52618,55.269888,-1.1557629
0.090083499,-16.638919,41.571233,-3.5656099,37.70715,-35.371086,-2.4979391,94.010187,-18.139064,-2.6489571,123.25933,56.119492,-1.0856698
0.090114201,-15.536819,39.792232,-3.5254992,37.118599,-31.225655,-2.4748722,91.57542,-24.921573,-2.6945186,124.85784,56.917815,-1.0088838
0.090144901,-14.437731,37.871114,-3.4810915,36.415765,-26.78066,-2.4524297,89.38125,-31.330031,-2.7203122,126.3341,57.601314,-0.92785976
0.090175602,-13.352526,35.798787,-3.4373907,35.611597,-22.048169,-2.4272951,87.517569,-37.318691,-2.711876,127.68835,58.187687,-0.84458939
0.090206301,-12.296452,33.559973,-3.3935855,34.7559,-16.952317,-2.3914032,86.084403,-42.822583,-2.6752296,128.90997,58.699883,-0.76060356
0.090237,-11.281811,31.169215,-3.3406798,33.854306,-11.444454,-2.373593,85.095767,-47.712001,-2.6090608,129.99512,59.047425,-0.67537792
0.090267698,-10.290177,28.598048,-3.2906978,32.776861,-5.9558741,-2.3325002,84.316378,-51.919127,-2.5100647,130.94185,59.201982,-0.59179915
0.090298396,-9.3398452,25.8589,-3.2341692,31.713684,-0.21102525,-2.2951654,83.752561,-55.342017,-2.3922302,131.75108,59.238529,-0.51489108
0.090329094,-8.3005258,23.022052,-3.2020608,30.668227,5.7363001,-2.2319335,83.470544,-57.857346,-2.2681278,132.44691,59.132571,-0.45010112
0.090359792,-7.2242794,20.113404,-3.1948757,29.65075,11.872403,-2.110009,83.466322,-59.646905,-2.1382431,132.97571,58.943148,-0.39823608
0.090390489,-6.3136037,17.154592,-3.1716746,28.753922,18.15301,-2.1067458,83.681641,-60.862809,-2.0135295,133.29978,58.452715,-0.36115326
0.090421187,-5.4684314,14.030807,-3.1740606,27.834003,24.194219,-1.9787619,84.154566,-61.611596,-1.8947231,133.40113,57.390711,-0.34474576
0.090451884,-4.6601465,10.796335,-3.1869759,26.962591,30.08229,-1.8570711,84.840144,-62.110014,-1.7927783,133.28488,55.545248,-0.35035687
0.090482581,-3.8963373,7.5163645,-3.1152826,26.331578,35.726861,-1.7280922,85.671714,-62.389093,-1.7068384,132.94005,52.866666,-0.38587823
0.090513279,-3.1848631,4.2735208,-3.0496942,26.04456,41.059669,-1.593575,86.583826,-62.485951,-1.6387613,132.31254,49.382793,-0.4502607
0.090543976,-2.4650719,1.06708,-3.0336782,26.099526,46.00926,-1.4957463,87.512928,-62.406994,-1.5866063,131.45042,45.285204,-0.54640335
0.090574674,-1.7267395,-2.2227706,-3.1210579,26.754562,50.409828,-1.3983761,88.432181,-62.163399,-1.545893,130.31272,40.566814,-0.66654883
0.090605372,-0.9771757,-5.3630484,-3.16416,27.811796,54.274775,-1.3320378,89.310715,-61.771919,-1.5184123,128.92176,35.274971,-0.81303401
0.09063607,-0.21475059,-8.4774631,-3.1792783,29.190409,57.609611,-1.3074626,90.116547,-61.210428,-1.4972596,127.29168,29.487402,-0.98968851
0.090666769,0.45408332,-11.526489,-3.1670251,30.859124,60.44007,-1.3151475,90.811778,-60.460619,-1.484395,125.51027,23.317473,-1.1787437
0.090697468,0.90630586,-14.455322,-3.1541557,32.792335,62.749946,-1.3568863,91.359449,-59.519594,-1.4814116,123.57809,16.834212,-1.3810994
0.090728167,1.1436173,-17.311506,-3.1460011,35.015018,64.554922,-1.4149655,91.717341,-58.376837,-1.482823,121.51751,10.12726,-1.5867337
0.090758866,1.2359036,-20.059798,-3.1408089,37.440608,65.936236,-1.4955906,91.877992,-57.020811,-1.4926442,119.39712,3.2987224,-1.7902061
0.090789564,1.1690993,-22.714504,-3.1485609,40.0955,66.964743,-1.5958655,91.827492,-55.410468,-1.5074804,117.27513,-3.5274053,-1.9759061
0.090820261,1.082885,-25.188675,-3.1356675,42.937984,67.731074,-1.7077541,91.569551,-53.508203,-1.5286506,115.20282,-10.242338,-2.1545748
0.090850958,0.85404071,-27.44588,-3.1259462,45.986207,68.254161,-1.8302181,91.092179,-51.284978,-1.5601199,113.25146,-16.732651,-2.2996969
0.090881655,0.46368654,-29.459257,-3.1263736,49.306062,68.568136,-1.9536272,90.415864,-48.666099,-1.5931705,111.4983,-22.917801,-2.4043835
0.090912351,-0.023730572,-31.257191,-3.1327611,52.844068,68.714757,-2.0749401,89.545862,-45.582459,-1.6348608,109.96248,-28.71621,-2.475917
0.090943047,-0.58682904,-32.839856,-3.1385704,56.527315,68.753727,-2.175718,88.479731,-41.991984,-1.6771714,108.67987,-34.041284,-2.5179655
0.090973743,-1.2281752,-34.191152,-3.1421571,60.276661,68.69841,-2.2717166,87.260752,-37.895557,-1.7227728,107.73064,-38.830226,-2.518454
0.091004439,-1.9253056,-35.255951,-3.1503191,63.973615,68.546377,-2.3406136,85.778164,-33.313914,-1.771092,107.17786,-43.044364,-2.4937927
0.091035134,-2.6973084,-36.034633,-3.163907,67.366761,68.326568,-2.380009,84.203072,-28.317817,-1.808611,106.95481,-46.715756,-2.4496459
0.091065829,-3.5250868,-36.515481,-3.183042,70.436876,68.040148,-2.3945904,82.493712,-22.920926,-1.8386944,107.04768,-49.809408,-2.3756641
0.091096525,-4.3632626,-36.72656,-3.202069,73.153318,67.640805,-2.3778281,80.695432,-17.167474,-1.8457676,107.43755,-52.339468,-2.2594628
0.09112722,-5.157917,-36.701831,-3.2439042,75.537526,67.093935,-2.3392967,78.845547,-11.085429,-1.8525643,107.97577,-54.355112,-2.130488
0.091157915,-6.019677,-36.437645,-3.2834588,77.609599,66.390712,-2.2803102,76.987427,-4.6862885,-1.8338011,108.58792,-55.940561,-1.9915439
0.091188611,-6.8730212,-35.918851,-3.3138397,79.382462,65.522016,-2.2035313,75.280746,1.7172721,-1.8034427,109.31821,-57.050204,-1.8438022
0.091219307,-7.7062577,-35.152589,-3.3433678,80.878414,64.431311,-2.1282898,73.797779,8.1887891,-1.7548637,110.10571,-57.823748,-1.6974169
0.091250003,-8.5009865,-34.156279,-3.3731295,82.054237,63.038134,-2.0528498,72.617171,14.675893,-1.714001,110.91459,-58.378129,-1.5617206
0.091280699,-9.2495978,-32.934568,-3.3993982,82.938252,61.30008,-1.9753011,71.859148,20.879999,-1.6473186,111.76824,-58.756295,-1.435926
0.091311396,-9.9467587,-31.489844,-3.4236301,83.516333,59.223725,-1.9042264,71.531129,26.778105,-1.5588541,112.65246,-58.964635,-1.3218731
0.091342093,-10.607488,-29.823065,-3.4480523,83.766829,56.808189,-1.836799,71.58811,32.257864,-1.4678178,113.52213,-59.070108,-1.2220905
0.091372791,-11.266596,-27.927761,-3.4692707,83.839911,54.010517,-1.8010073,72.025183,37.275687,-1.3780321,114.32,-59.108473,-1.1412301
0.09140349,-11.910145,-25.844896,-3.4880597,83.644417,50.778868,-1.7830401,72.741031,41.7557,-1.2985472,115.01484,-59.075557,-1.076468
0.091434188,-12.561246,-23.586405,-3.5000281,83.182545,47.141333,-1.7840552,73.801937,45.653081,-1.2261452,115.58772,-58.957844,-1.0305523
0.091464888,-13.200086,-21.151131,-3.5055965,82.44582,43.130502,-1.8090962,75.18783,48.981701,-1.1734939,116.02118,-58.739669,-1.0022746
0.091495588,-13.849686,-18.54381,-3.5068231,81.371159,38.752745,-1.8332489,76.891353,51.746829,-1.1362288,116.31155,-58.344347,-0.98771319
0.091526289,-14.49886,-15.777887,-3.4865745,80.251042,34.139341,-1.8890075,78.924843,53.966715,-1.1234196,116.44348,-57.734672,-0.98656309
0.091556991,-15.076107,-12.888352,-3.4834163,78.958654,29.175032,-1.9772064,81.346467,55.670597,-1.1432114,116.39657,-56.879107,-0.99553643
0.091587693,-15.673054,-9.8683949,-3.5101672,77.45406,23.964544,-2.0883389,84.144616,56.947253,-1.1820928,116.16314,-55.696038,-1.0163463
0.091618396,-16.375454,-6.7575871,-3.531604,75.734218,18.526463,-2.2217616,87.225016,57.910983,-1.2342565,115.73671,-54.137065,-1.0470155
0.0916491,-17.100355,-3.5148931,-3.5246942,73.8096,12.842605,-2.3474493,90.471489,58.667126,-1.2968392,115.11291,-52.1753,-1.0865414
0.091679805,-17.81195,-0.2378658,-3.4508699,71.673529,7.0711031,-2.4279237,93.844176,59.275181,-1.3643664,114.27882,-49.772544,-1.1323708
0.09171051,-18.497182,3.0712758,-3.3989439,69.292879,1.1592901,-2.5298661,97.102159,59.811774,-1.4231029,113.23594,-46.846026,-1.1856479
0.091741217,-19.158898,6.4824168,-3.4479156,66.719648,-4.8547772,-2.6244999,100.17361,60.324507,-1.4648,112.02792,-43.357276,-1.2430376
0.091771924,-19.777221,9.8297239,-3.5220854,63.99371,-10.921722,-2.7087895,103.02637,60.831901,-1.4885107,110.64369,-39.266122,-1.3035258
0.091802632,-20.326381,13.132463,-3.5088987,61.201637,-16.998361,-2.7703306,105.65257,61.31881,-1.4922085,109.10215,-34.643427,-1.3680167
0.091833341,-20.933599,16.362043,-3.4695988,58.333451,-22.949126,-2.7975304,108.05424,61.820905,-1.4746504,107.44105,-29.523389,-1.4343729
0.091864051,-21.617431,19.567993,-3.4434033,55.565181,-28.716322,-2.8165655,110.24234,62.327335,-1.437957,105.72516,-23.997462,-1.4959284
0.091894762,-22.337743,22.798253,-3.3990602,53.100735,-34.21616,-2.8155367,112.19767,62.794975,-1.3856957,103.97132,-18.145902,-1.5550801
0.091925472,-23.052002,25.984839,-3.3974498,50.962387,-39.374225,-2.7915881,113.92709,63.168597,-1.3198703,102.26265,-12.06715,-1.6175667
0.091956183,-23.618586,29.027858,-3.3869847,49.239303,-44.115905,-2.7471002,115.44163,63.428296,-1.2415055,100.64999,-5.8513359,-1.6728284
0.091986894,-24.060237,31.87971,-3.3371117,47.818474,-48.357778,-2.6966948,116.75563,63.546923,-1.1545473,99.212043,0.4101648,-1.7066533
0.092017606,-24.517687,34.545695,-3.2908542,46.545113,-52.091189,-2.6312916,117.88732,63.573212,-1.066391,98.028055,6.5640448,-1.7462081
0.092048318,-24.956702,37.072279,-3.2572654,45.373011,-55.277772,-2.5624217,118.82268,63.484156,-0.98165308,97.171274,12.572737,-1.7888893
0.09207903,-25.354001,39.452046,-3.2425721,44.411593,-57.896646,-2.4933866,119.56465,63.271724,-0.89965468,96.652904,18.291584,-1.8093738
0.092109743,-25.663676,41.639961,-3.2417407,43.660879,-59.862371,-2.4246344,120.08367,62.737884,-0.82346221,96.479966,23.642076,-1.8245271
0.092140456,-25.837173,43.595538,-3.2414368,42.977451,-61.28968,-2.3660452,120.37977,61.786084,-0.75636481,96.629941,28.537159,-1.8248263
0.092171169,-25.910353,45.284223,-3.2386841,42.351595,-62.246709,-2.3238806,120.46015,60.322035,-0.70708546,96.944663,32.957945,-1.8104616
0.092201881,-25.865237,46.725898,-3.2418719,41.790236,-62.769072,-2.296291,120.32955,58.24837,-0.67408657,97.52296,36.812407,-1.7776577
0.092232593,-25.696273,47.895454,-3.2592937,41.293594,-62.897943,-2.2811249,119.95707,55.53256,-0.66356913,98.38329,40.103935,-1.7390136
0.092263304,-25.395306,48.765028,-3.2910617,40.871116,-62.649707,-2.2795861,119.33384,52.289015,-0.67581618,99.519366,42.892766,-1.6957105
0.092294013,-24.938653,49.320987,-3.3303703,40.653997,-62.024933,-2.2853553,118.4514,48.501185,-0.7096279,101.00947,45.17818,-1.6399459
0.092324722,-24.336068,49.65358,-3.3748333,40.61871,-61.083808,-2.297958,117.31485,44.142051,-0.77691572,102.9037,46.982345,-1.5821257
0.09235543,-23.605749,49.845464,-3.4205004,40.698587,-59.830141,-2.3259301,115.91088,39.246294,-0.87327928,105.00623,48.417865,-1.5278591
0.092386138,-22.77779,49.852713,-3.4577721,40.822098,-58.26078,-2.3510935,114.17804,33.834901,-0.97854576,107.24121,49.578304,-1.4702466
0.092416844,-21.867574,49.652313,-3.497258,40.924381,-56.353216,-2.3687419,112.3053,28.033924,-1.1136898,109.54079,50.542087,-1.4144969
0.092447549,-20.888287,49.263032,-3.5345901,40.959942,-54.137029,-2.3860219,110.19041,21.819094,-1.2665021,111.84326,51.380749,-1.3653573
0.092478254,-19.841856,48.663498,-3.5568398,40.949988,-51.676091,-2.3932714,107.86362,15.258164,-1.4370874,114.10461,52.154512,-1.3199295
0.092508958,-18.744625,47.845622,-3.566306,40.865094,-48.914367,-2.4045652,105.33294,8.4136473,-1.6287686,116.2906,52.915099,-1.2711925
0.09253966,-17.596904,46.779963,-3.570096,40.670651,-45.812125,-2.4084043,102.63225,1.4072063,-1.7809591,118.38044,53.680496,-1.2202544
0.092570362,-16.419815,45.491086,-3.5673227,40.348275,-42.388581,-2.4055682,99.859345,-5.6519927,-1.9258245,120.3634,54.470165,-1.1664799
0.092601063,-15.230959,44.006568,-3.5614329,39.907578,-38.624916,-2.4133762,97.059364,-12.715741,-2.0525664,122.21973,55.283233,-1.1083565
0.092631763,-14.034846,42.330432,-3.5497737,39.310177,-34.621985,-2.3793724,94.317275,-19.6771,-2.1596285,123.93712,56.127168,-1.0421594
0.092662462,-12.852403,40.481155,-3.5319513,38.687089,-30.388647,-2.3631422,91.945027,-26.415045,-2.2197507,125.52186,56.905297,-0.96749992
0.092693161,-11.691024,38.485737,-3.5092289,37.9405,-25.847807,-2.3433707,89.820365,-32.750105,-2.2578677,126.98599,57.569877,-0.88901491
0.092723859,-10.562266,36.342887,-3.4854393,37.091749,-21.025114,-2.3118995,88.026604,-38.654383,-2.2695899,128.32816,58.148023,-0.80830274
0.092754557,-9.4791253,34.03547,-3.4612326,36.198556,-15.792491,-2.2815593,86.708351,-44.017185,-2.2624663,129.53456,58.614814,-0.72321072
0.092785254,-8.4309674,31.562014,-3.4254677,35.23564,-10.192088,-2.228864,85.795773,-48.751352,-2.2260298,130.60259,58.915021,-0.632341
0.092815951,-7.3925757,28.898919,-3.4011712,34.128513,-4.5857342,-2.1755892,85.074776,-52.765125,-2.1611901,131.53535,59.037671,-0.53953326
0.092846648,-6.3930451,26.06952,-3.3409197,33.026766,1.2760839,-2.1100121,84.576698,-55.958608,-2.0812052,132.32964,59.053245,-0.44920453
0.092877345,-5.3641862,23.143502,-3.3201005,31.948713,7.3346995,-2.0097415,84.362788,-58.247608,-1.9933543,133.00707,58.948446,-0.36523381
0.092908041,-4.3692243,20.15095,-3.3234612,30.908677,13.57672,-1.8406796,84.40327,-59.862341,-1.9004651,133.50966,58.752062,-0.28686929
0.092938738,-3.5270002,17.090026,-3.3182042,30.021088,19.895596,-1.8139585,84.685089,-60.934683,-1.8144854,133.80154,58.191257,-0.21891285
0.092969434,-2.7745698,13.870562,-3.3118941,29.082259,25.945238,-1.6703621,85.214896,-61.594652,-1.7335835,133.86278,56.99815,-0.16279558
0.093000131,-1.9849663,10.540157,-3.3141859,28.239966,31.815219,-1.5340016,85.945133,-62.029997,-1.6670017,133.7132,54.972332,-0.1289048
0.093030828,-1.153961,7.1988817,-3.2587285,27.727333,37.411846,-1.3946689,86.80212,-62.257158,-1.6119747,133.32091,52.096025,-0.1219764
0.093061524,-0.35519945,3.9165689,-3.1938446,27.571724,42.663563,-1.2553819,87.725797,-62.308374,-1.5694851,132.65242,48.454127,-0.14225331
0.093092222,0.38180996,0.63663844,-3.1403377,27.888825,47.472425,-1.1833897,88.652983,-62.187874,-1.5400558,131.73243,44.190621,-0.19153832
0.093122919,1.0694525,-2.7320097,-3.1944497,28.727648,51.713976,-1.1200483,89.573595,-61.913939,-1.5173687,130.5287,39.306894,-0.26264149
0.093153617,1.7444841,-5.9512248,-3.2109977,29.944267,55.41987,-1.1089333,90.441723,-61.488728,-1.5019394,129.07703,33.867035,-0.36705418
0.093184315,2.4115562,-9.144498,-3.171981,31.470973,58.597308,-1.1446059,91.228542,-60.888913,-1.4897521,127.36297,27.938904,-0.48514216
0.093215014,2.880951,-12.253342,-3.1002456,33.29149,61.258746,-1.2204164,91.896978,-60.098274,-1.4831524,125.54636,21.663009,-0.64425904
0.093245712,3.0811018,-15.239643,-3.0546116,35.405566,63.399893,-1.3282567,92.393195,-59.117541,-1.4822324,123.57722,15.094753,-0.82290254
0.09327641,3.1317966,-18.146713,-3.0121457,37.755064,65.063869,-1.4570467,92.703491,-57.932402,-1.4851882,121.49553,8.3239213,-1.0156601
0.093307107,3.0788455,-20.940825,-2.9677655,40.331701,66.322803,-1.6054273,92.808253,-56.524849,-1.4932039,119.37031,1.4438232,-1.228359
0.093337803,2.900461,-23.627911,-2.9346258,43.119666,67.253264,-1.7679465,92.697866,-54.849824,-1.5032998,117.25676,-5.377893,-1.4244497
0.0933685,2.7266922,-26.113789,-2.8843977,46.059672,67.947636,-1.9367938,92.383928,-52.869634,-1.5188131,115.20785,-12.057063,-1.6186594
0.093399195,2.3726475,-28.363067,-2.8347261,49.284571,68.410177,-2.1089614,91.82292,-50.54404,-1.539818,113.29921,-18.479893,-1.7900605
0.093429891,1.8390709,-30.373152,-2.7999137,52.766468,68.671934,-2.2838113,91.087904,-47.809164,-1.5642715,111.60871,-24.587545,-1.9299606
0.093460586,1.2298025,-32.164588,-2.7788956,56.438949,68.777939,-2.437835,90.150693,-44.5838,-1.5902857,110.12322,-30.263097,-2.0355082
0.093491281,0.56023635,-33.730993,-2.7604638,60.214584,68.78405,-2.567707,89.013778,-40.83505,-1.6148132,108.90301,-35.440018,-2.1114439
0.093521976,-0.17031209,-35.055742,-2.7424768,64.017188,68.69906,-2.6808771,87.715077,-36.578872,-1.6404373,108.02422,-40.062113,-2.1458342
0.09355267,-0.95250608,-36.090329,-2.7256874,67.550214,68.527445,-2.7526114,86.143788,-31.825609,-1.6464998,107.54635,-44.109343,-2.149059
0.093583365,-1.8063171,-36.828635,-2.7164839,70.763907,68.299707,-2.7894236,84.496468,-26.671166,-1.6583169,107.40605,-47.609033,-2.1268791
0.09361406,-2.6887963,-37.255293,-2.7219939,73.645206,68.002367,-2.7832521,82.722051,-21.119929,-1.6559022,107.57662,-50.518782,-2.0793172
0.093644755,-3.5504927,-37.41023,-2.738523,76.178569,67.571959,-2.7405012,80.893098,-15.237291,-1.6301313,108.03056,-52.880156,-2.0038235
0.09367545,-4.3694713,-37.318583,-2.7642988,78.391526,66.978647,-2.6707301,78.978328,-9.0268018,-1.6147502,108.61832,-54.747268,-1.915057
0.093706145,-5.1343851,-36.984114,-2.8093916,80.288741,66.213679,-2.572015,77.165602,-2.5926437,-1.5371321,109.26636,-56.17727,-1.8140951
0.093736841,-5.9647708,-36.374005,-2.8485881,81.906886,65.267427,-2.4570136,75.53811,3.9009855,-1.4862529,109.98884,-57.151678,-1.7019048
0.093767537,-6.7709118,-35.512178,-2.8907646,83.232665,64.073985,-2.3466288,74.169102,10.425289,-1.4175642,110.76311,-57.848264,-1.5902762
0.093798233,-7.5362859,-34.416996,-2.9359688,84.249372,62.548152,-2.2335852,73.163775,16.87841,-1.4175123,111.56548,-58.343011,-1.4858592
0.093828929,-8.248025,-33.086043,-2.9842579,84.97201,60.660753,-2.1197089,72.608941,23.031589,-1.3493727,112.41828,-58.663116,-1.3878698
0.093859626,-8.920914,-31.526017,-3.0356467,85.381958,58.429427,-2.0079479,72.446361,28.808693,-1.2673471,113.29363,-58.834634,-1.2975958
0.093890324,-9.5861125,-29.732133,-3.0869589,85.502557,55.856832,-1.8974714,72.673373,34.144782,-1.1935367,114.14225,-58.91277,-1.2195593
0.093921022,-10.245002,-27.722559,-3.1396631,85.433243,52.873941,-1.8252776,73.180229,39.007091,-1.1396697,114.91342,-58.929322,-1.1563635
0.093951721,-10.883329,-25.525842,-3.194835,85.09155,49.45667,-1.7679605,74.030294,43.274544,-1.0994574,115.5775,-58.869143,-1.1052747
0.093982421,-11.536774,-23.148474,-3.2400715,84.483143,45.636331,-1.7285012,75.224848,46.945749,-1.0809762,116.11462,-58.732185,-1.0668829
0.094013121,-12.186247,-20.585231,-3.2819821,83.588587,41.440968,-1.7135561,76.739042,50.071373,-1.0944093,116.51074,-58.473801,-1.0427644
0.094043823,-12.878362,-17.836372,-3.2983694,82.40861,36.937166,-1.6661075,78.582017,52.621851,-1.1291361,116.75959,-58.022955,-1.0271604
0.094074525,-13.49703,-14.962579,-3.3046617,81.189744,32.103027,-1.6795266,80.780443,54.631484,-1.2095544,116.83933,-57.351585,-1.0190486
0.094105227,-14.073572,-11.944112,-3.3362634,79.767258,26.983478,-1.7184306,83.388152,56.167103,-1.3241006,116.73619,-56.415919,-1.0178164
0.094135931,-14.736516,-8.8167989,-3.3904147,78.12174,21.614378,-1.7785719,86.339865,57.306841,-1.4528828,116.44166,-55.120983,-1.0235507
0.094166636,-15.478636,-5.5530522,-3.4418444,76.263644,16.011355,-1.8702787,89.52437,58.182578,-1.58533,115.94576,-53.448572,-1.0330263
0.094197341,-16.219776,-2.1514601,-3.3808664,74.213103,10.15873,-1.8603333,92.881171,58.869248,-1.7166435,115.24443,-51.358381,-1.0483939
0.094228047,-16.922212,1.1705073,-3.3394396,71.914018,4.2559911,-1.9248725,96.172424,59.444742,-1.8320273,114.3339,-48.794827,-1.0663087
0.094258754,-17.599714,4.5889206,-3.315414,69.39008,-1.7940985,-1.9955843,99.310859,59.965285,-1.9148004,113.22755,-45.690319,-1.0875751
0.09428946,-18.257292,8.0700243,-3.4034272,66.683686,-7.9289147,-2.0614505,102.24713,60.478831,-1.965845,111.9437,-41.997394,-1.1116571
0.094320167,-18.878143,11.529258,-3.4685588,63.857998,-14.089097,-2.1133504,104.96228,60.966909,-1.9848487,110.50515,-37.700187,-1.1399326
0.094350874,-19.464626,14.944205,-3.4259329,61.032216,-20.225721,-2.1083092,107.45841,61.448369,-1.9685883,108.89812,-32.88508,-1.1675547
0.094381581,-20.156851,18.237917,-3.3973964,58.120584,-26.175232,-2.1185345,109.73759,61.944785,-1.922271,107.17268,-27.57746,-1.1990295
0.094412288,-20.881918,21.546218,-3.3693658,55.494015,-31.889483,-2.1211569,111.79831,62.439544,-1.8511497,105.42891,-21.898981,-1.2249046
0.094442996,-21.643196,24.816993,-3.3418393,53.161335,-37.286059,-2.106275,113.62952,62.870137,-1.760829,103.69165,-15.916677,-1.2468473
0.094473704,-22.311005,27.989651,-3.3515645,51.22991,-42.28792,-2.0800934,115.24081,63.20517,-1.6537,102.00302,-9.7519072,-1.2771125
0.094504412,-22.795503,31.013598,-3.3325932,49.718443,-46.834639,-2.0574225,116.64415,63.388711,-1.5315984,100.45385,-3.4762858,-1.3094987
0.094535121,-23.250805,33.831605,-3.2872003,48.365143,-50.857096,-2.0419972,117.85854,63.473191,-1.4019228,99.101307,2.7752997,-1.3282236
0.09456583,-23.683535,36.474465,-3.2557848,47.162055,-54.337185,-2.0305509,118.88663,63.453278,-1.2760304,98.049647,8.9076381,-1.3463791
0.09459654,-24.078646,38.983002,-3.244174,46.130119,-57.24161,-2.0324643,119.72218,63.317665,-1.1531437,97.332077,14.827756,-1.3766041
0.09462725,-24.402135,41.330613,-3.2599153,45.336411,-59.480472,-2.0383129,120.35064,63.003338,-1.0316388,96.957377,20.432113,-1.4001043
0.094657961,-24.588486,43.476682,-3.2836251,44.651046,-61.122969,-2.0545124,120.76002,62.352965,-0.91371303,96.920858,25.626992,-1.4245793
0.094688672,-24.641976,45.363694,-3.2973185,44.035306,-62.277622,-2.0828285,120.94812,61.20194,-0.80307103,97.152612,30.351065,-1.4425182
0.094719385,-24.583082,46.966917,-3.316172,43.48886,-62.976672,-2.144241,120.91339,59.47904,-0.70863965,97.587059,34.55121,-1.4639544
0.094750097,-24.39495,48.308024,-3.3527921,43.019153,-63.266127,-2.2152672,120.65541,57.104099,-0.63220382,98.271923,38.190791,-1.4898564
0.094780811,-24.071051,49.350389,-3.4072396,42.597514,-63.173885,-2.3009299,120.11977,54.106975,-0.56933518,99.250684,41.271093,-1.5193665
0.094811524,-23.599668,50.070425,-3.4747951,42.39875,-62.702438,-2.3984403,119.35586,50.591014,-0.53422468,100.53046,43.874668,-1.5454713
0.094842236,-22.971607,50.490623,-3.5406228,42.372137,-61.876463,-2.5009851,118.32743,46.486269,-0.52211868,102.18602,45.95108,-1.5719244
0.094872948,-22.221533,50.747648,-3.6069252,42.474017,-60.743431,-2.6164521,117.02906,41.81337,-0.53143488,104.16468,47.59948,-1.5992932
0.094903659,-21.352095,50.836803,-3.6778331,42.640104,-59.303399,-2.7273113,115.44858,36.603902,-0.57741399,106.31735,48.916697,-1.6231338
0.094934368,-20.387102,50.713764,-3.746003,42.797211,-57.533202,-2.8252892,113.62049,30.921878,-0.62644514,108.57368,49.983155,-1.6391186
0.094965077,-19.342404,50.369935,-3.8150245,42.899479,-55.429675,-2.9076596,111.57567,24.852183,-0.70128913,110.8615,50.898013,-1.65033
0.094995785,-18.234538,49.834096,-3.8773816,42.920954,-53.046768,-2.9698727,109.31198,18.355969,-0.80878861,113.13591,51.704135,-1.6543394
0.095026492,-17.081378,49.092315,-3.9187779,42.885163,-50.408551,-3.0209932,106.84996,11.546999,-0.94355824,115.35388,52.465533,-1.6461881
0.095057198,-15.886049,48.105046,-3.9494307,42.742293,-47.442339,-3.0610167,104.21322,4.4707693,-1.0252959,117.48366,53.220154,-1.6239082
0.095087903,-14.66025,46.889616,-3.9706407,42.47219,-44.120252,-3.0848278,101.45663,-2.6447806,-1.1711918,119.5155,54.000807,-1.5888604
0.095118607,-13.422606,45.466395,-3.982992,42.068876,-40.47551,-3.0945862,98.679458,-9.7958834,-1.303093,121.43372,54.795074,-1.5415424
0.09514931,-12.187649,43.849153,-3.9874109,41.488732,-36.509616,-3.0966265,95.900808,-16.882269,-1.4306304,123.21429,55.610936,-1.479513
0.095180012,-10.961697,42.039275,-3.986977,40.867773,-32.349895,-3.0764825,93.364844,-23.786807,-1.552684,124.85768,56.422076,-1.4050635
0.095210714,-9.7641644,40.066677,-3.9749867,40.132065,-27.886861,-3.0667708,91.148439,-30.346211,-1.6397553,126.37449,57.131448,-1.3176194
0.095241415,-8.6000043,37.95477,-3.9680112,39.279351,-23.115604,-3.0433496,89.296723,-36.462366,-1.6953364,127.76583,57.72258,-1.2234174
0.095272116,-7.4861459,35.683999,-3.9508115,38.355349,-18.032864,-2.9865344,87.802899,-42.110871,-1.7316317,129.02812,58.271829,-1.1226017
0.095302816,-6.4033943,33.24563,-3.9278555,37.40913,-12.471878,-3.0097331,86.798511,-47.109315,-1.7592435,130.15347,58.663336,-1.0120365
0.095333516,-5.3197739,30.608712,-3.886179,36.262096,-6.8419991,-2.862054,86.057421,-51.440131,-1.7680583,131.13998,58.884649,-0.89152491
0.095364215,-4.3874368,27.791727,-3.8554803,35.100209,-1.0028337,-2.7870566,85.520254,-54.976427,-1.7685734,131.98432,58.964019,-0.7677587
0.095394914,-3.4692093,24.856054,-3.8183247,33.959308,5.0496944,-2.6747351,85.229045,-57.616565,-1.7689132,132.70665,58.909215,-0.64861109
0.095425613,-2.5155129,21.831111,-3.782488,32.864926,11.278966,-2.4867073,85.206485,-59.491961,-1.7760308,133.27799,58.781712,-0.52682763
0.095456312,-1.636386,18.749958,-3.7356947,31.85653,17.643897,-2.4150831,85.44145,-60.77319,-1.7868289,133.64658,58.473566,-0.40422853
0.095487011,-0.75411224,15.528826,-3.7420045,30.936416,23.842612,-2.2297807,85.925264,-61.58641,-1.8057703,133.7969,57.642431,-0.29106867
0.09551771,0.096137439,12.192109,-3.768473,30.009439,29.837154,-2.0562229,86.62177,-62.108307,-1.8359319,133.70691,56.074773,-0.17913695
0.095548409,0.94749892,8.781922,-3.7175448,29.372124,35.578998,-1.8840414,87.469792,-62.408257,-1.875666,133.40495,53.633941,-0.093386899
0.095579108,1.8054459,5.4341305,-3.5828868,29.116459,40.991364,-1.7151839,88.395147,-62.517985,-1.9211162,132.83727,50.290306,-0.036243247
0.095609807,2.5166578,2.1272825,-3.5015767,29.250511,45.997097,-1.615242,89.345241,-62.467313,-1.9683544,132.0147,46.300915,-0.0042171142
0.095640507,3.0921613,-1.2303034,-3.4430883,30.011111,50.456752,-1.5347309,90.286751,-62.246216,-2.0080483,130.92469,41.673972,0.0094148664
0.095671206,3.6237519,-4.6305501,-3.4882874,31.153795,54.361098,-1.5160652,91.190099,-61.877939,-2.0436905,129.56545,36.437467,-0.0096852809
0.095701906,4.1208814,-7.8942906,-3.4536718,32.623949,57.726362,-1.5593234,92.018885,-61.345971,-2.0689514,127.9689,30.680741,-0.069376146
0.095732607,4.528557,-11.117782,-3.3663703,34.40825,60.575044,-1.6592131,92.736102,-60.622327,-2.0863526,126.20177,24.509122,-0.15022204
0.095763308,4.7216169,-14.224702,-3.2755126,36.458962,62.899624,-1.7988162,93.302878,-59.709197,-2.0971009,124.29543,18.00568,-0.26184423
0.095794008,4.6989549,-17.204395,-3.2109508,38.799655,64.726624,-1.9602384,93.671641,-58.601651,-2.0946944,122.2616,11.259535,-0.39824414
0.095824708,4.5781927,-20.106578,-3.1383767,41.367901,66.111317,-2.1478022,93.841092,-57.279658,-2.0891257,120.16566,4.3778155,-0.56150967
0.095855407,4.3557578,-22.87422,-3.0627386,44.153986,67.134765,-2.3531081,93.794957,-55.705978,-2.0781276,118.07097,-2.5246709,-0.72021487
0.095886106,4.0634818,-25.493252,-2.9887414,47.104198,67.88563,-2.5634993,93.528071,-53.841727,-2.0646155,116.02556,-9.3144943,-0.90475963
0.095916804,3.6848926,-27.872871,-2.9044145,50.300894,68.419641,-2.777959,93.047433,-51.661263,-2.0582869,114.09989,-15.884854,-1.0914587
0.095947502,3.1699262,-30.004474,-2.8390084,53.772379,68.741993,-2.9898418,92.347113,-49.084206,-2.0425554,112.35599,-22.150944,-1.2691281
0.0959782,2.6009589,-31.911703,-2.7810712,57.447246,68.886905,-3.1803507,91.45079,-46.03984,-2.0354678,110.86082,-28.036591,-1.4171587
0.096008897,1.9014634,-33.59636,-2.7226794,61.233435,68.924226,-3.3374599,90.352952,-42.471283,-2.0252531,109.57245,-33.439944,-1.5572506
0.096039594,1.1381609,-35.04233,-2.6809043,65.045737,68.871299,-3.4653391,89.076419,-38.366998,-2.0123817,108.59754,-38.304561,-1.667588
0.096070291,0.33434136,-36.224738,-2.637139,68.583527,68.72594,-3.5463376,87.561161,-33.757346,-2.0082791,107.99352,-42.594474,-1.7503052
0.096100988,-0.5266103,-37.099961,-2.6097468,71.802475,68.528378,-3.5770424,85.910447,-28.696534,-1.9847717,107.7602,-46.328129,-1.8091906
0.096131685,-1.4291454,-37.658537,-2.602783,74.693431,68.279976,-3.5575526,84.124097,-23.215539,-1.9601215,107.81759,-49.476769,-1.8461478
0.096162382,-2.3050233,-37.928481,-2.6133059,77.243933,67.921331,-3.4922558,82.253534,-17.359286,-1.9081342,108.17557,-52.057069,-1.8584267
0.09619308,-3.1436569,-37.937407,-2.6418625,79.468591,67.376012,-3.3916121,80.338575,-11.175757,-1.8902146,108.75966,-54.114162,-1.8581494
0.096223777,-3.9379607,-37.689256,-2.6881612,81.387599,66.648117,-3.2563796,78.448812,-4.6974765,-1.8233284,109.39777,-55.731145,-1.8450983
0.096254475,-4.68165,-37.171458,-2.7409863,83.007435,65.737551,-3.0913351,76.732765,1.8092227,-1.7550603,110.1067,-56.864089,-1.8184952
0.096285174,-5.4580485,-36.381852,-2.8164175,84.35343,64.601044,-2.9317257,75.267594,8.3741268,-1.6719582,110.87065,-57.656746,-1.7828676
0.096315872,-6.2085353,-35.343947,-2.8944912,85.388148,63.164385,-2.773224,74.154604,14.916857,-1.6314842,111.67541,-58.21574,-1.747979
0.096346571,-6.9080466,-34.06946,-2.9770581,86.136831,61.361218,-2.6130985,73.471955,21.180087,-1.5633377,112.50244,-58.596705,-1.7130447
0.09637727,-7.5829251,-32.555227,-3.0618601,86.57906,59.203005,-2.4542335,73.221153,27.118237,-1.4717428,113.36226,-58.813858,-1.6754529
0.09640797,-8.2476919,-30.80773,-3.1424863,86.705066,56.698244,-2.2902777,73.361989,32.616655,-1.3988019,114.21327,-58.921267,-1.641771
0.096438671,-8.9076014,-28.830622,-3.2282093,86.64538,53.810408,-2.157025,73.847696,37.640155,-1.3389754,115.00587,-58.946862,-1.6091459
0.096469372,-9.5398893,-26.656622,-3.3249786,86.327091,50.48084,-2.052275,74.601758,42.106686,-1.3162293,115.70168,-58.912867,-1.5791944
0.096500074,-10.186762,-24.293486,-3.4128599,85.746285,46.731449,-1.961389,75.70324,45.965233,-1.3175266,116.27807,-58.797105,-1.5514279
0.096530777,-10.831266,-21.739238,-3.4855778,84.886786,42.598885,-1.8921989,77.146962,49.276298,-1.3579075,116.71548,-58.60608,-1.525462
0.096561481,-11.53593,-18.994323,-3.5294139,83.687136,38.078417,-1.8101238,78.904645,52.006385,-1.4285421,117.00689,-58.24837,-1.4984237
0.096592185,-12.185754,-16.122789,-3.5597518,82.465664,33.328913,-1.7478211,81.017762,54.189173,-1.5530061,117.14128,-57.668102,-1.4712905
0.09662289,-12.790005,-13.094129,-3.6093806,81.047311,28.212036,-1.7339872,83.564473,55.862884,-1.717794,117.09042,-56.840201,-1.4407089
0.096653596,-13.434356,-9.910921,-3.6742813,79.408133,22.829724,-1.746376,86.480731,57.10913,-1.9045654,116.84544,-55.69652,-1.4120926
0.096684303,-14.154031,-6.6226938,-3.7413772,77.548578,17.201328,-1.7899201,89.650514,58.059105,-2.1005711,116.40104,-54.166463,-1.3822529
0.096715009,-14.876686,-3.2274827,-3.7470773,75.492672,11.288497,-1.8022672,92.951265,58.806308,-2.2907845,115.74589,-52.235393,-1.3544692
0.096745715,-15.593706,0.12723396,-3.7064889,73.206851,5.3230941,-1.7996245,96.22675,59.411512,-2.4586223,114.87784,-49.855386,-1.3260391
0.096776421,-16.290228,3.5960465,-3.664501,70.677923,-0.8071398,-1.8361259,99.357071,59.946638,-2.5816437,113.79564,-46.945391,-1.2998461
0.096807127,-16.966359,7.1770177,-3.7367436,67.964417,-7.0305183,-1.8783829,102.29596,60.455174,-2.6608246,112.53943,-43.46258,-1.2755899
0.096837833,-17.6334,10.718691,-3.8440024,65.11867,-13.295209,-1.9130588,105.0203,60.960785,-2.6980253,111.10833,-39.357793,-1.2517351
0.096868539,-18.253517,14.192071,-3.8426701,62.27267,-19.552473,-1.9066735,107.52476,61.419558,-2.6882818,109.51689,-34.699818,-1.2318528
0.096899245,-18.967365,17.559112,-3.8084851,59.346082,-25.622218,-1.9046804,109.80705,61.890902,-2.6347391,107.81566,-29.53048,-1.2158513
0.096929952,-19.713014,20.891905,-3.7859608,56.684772,-31.462438,-1.8983757,111.87473,62.372914,-2.5463106,106.06426,-23.939868,-1.1937417
0.096960659,-20.472329,24.232928,-3.763344,54.312992,-36.988738,-1.8770125,113.71616,62.809712,-2.4306659,104.29337,-18.022111,-1.1785055
0.096991366,-21.189907,27.504309,-3.7784257,52.35439,-42.115748,-1.8531633,115.33755,63.148109,-2.2939742,102.58461,-11.876852,-1.1809862
0.097022073,-21.719486,30.627371,-3.7762441,50.833672,-46.793796,-1.8429864,116.74583,63.361467,-2.1345822,100.99432,-5.5980439,-1.1822264
0.097052781,-22.165421,33.55094,-3.7368886,49.480045,-50.947221,-1.854321,117.96267,63.467528,-1.9630882,99.593347,0.71779468,-1.1660592
0.09708349,-22.595045,36.271929,-3.7079689,48.290386,-54.545496,-1.8819707,119.00047,63.480173,-1.7907669,98.460619,6.9206577,-1.1714245
0.097114199,-22.982244,38.844966,-3.6988324,47.275964,-57.549032,-1.9313462,119.84581,63.386895,-1.6231041,97.663281,12.954979,-1.2313327
0.097144908,-23.306414,41.264266,-3.7120158,46.509381,-59.851248,-1.9907675,120.49246,63.180133,-1.4547212,97.211887,18.681332,-1.2554816
0.097175618,-23.499051,43.485376,-3.7355058,45.863483,-61.54648,-2.0602131,120.92043,62.649046,-1.2846065,97.092315,24.024381,-1.2876354
0.097206329,-23.543676,45.46413,-3.7494151,45.289621,-62.739049,-2.1467531,121.12279,61.649862,-1.1184967,97.270242,28.901936,-1.3236825
0.097237041,-23.468982,47.166131,-3.763845,44.794086,-63.474084,-2.2739207,121.09931,60.087817,-0.97131355,97.618154,33.285066,-1.3774839
0.097267753,-23.255338,48.60045,-3.7851747,44.381115,-63.796772,-2.4164268,120.85576,57.88209,-0.83357536,98.24771,37.097929,-1.4408514
0.097298465,-22.911042,49.71776,-3.8239001,44.043109,-63.73428,-2.5710433,120.35621,54.994275,-0.71657214,99.15607,40.350627,-1.5176035
0.097329179,-22.420509,50.520324,-3.873725,43.92283,-63.299712,-2.7372006,119.61996,51.558467,-0.61891811,100.35353,43.106722,-1.6007751
0.097359893,-21.767231,51.004037,-3.9229127,43.963605,-62.501807,-2.9069689,118.61036,47.535638,-0.5417599,101.91533,45.337566,-1.6877433
0.097390607,-20.981267,51.292378,-3.9717106,44.129874,-61.393446,-3.0869249,117.32546,42.924157,-0.48880772,103.84055,47.130379,-1.783048
0.097421321,-20.078908,51.40878,-4.0230775,44.347434,-59.980863,-3.2595767,115.76058,37.748258,-0.46552023,105.95361,48.564585,-1.8766143
0.097452034,-19.084047,51.322473,-4.0735925,44.548119,-58.243813,-3.4129602,113.89606,32.051036,-0.43490075,108.18394,49.728966,-1.961241
0.097482745,-18.004384,51.015941,-4.1257811,44.681211,-56.170455,-3.5420566,111.86278,25.953335,-0.45893394,110.46177,50.705506,-2.0345554
0.097513456,-16.853185,50.489458,-4.1721241,44.721119,-53.794303,-3.6446872,109.60895,19.426247,-0.51389086,112.73096,51.551604,-2.090932
0.097544166,-15.655912,49.764682,-4.2040886,44.696003,-51.16236,-3.7213856,107.15896,12.563755,-0.60337674,114.95147,52.337461,-2.1263221
0.097574875,-14.428115,48.801616,-4.224346,44.564075,-48.224027,-3.7898117,104.53425,5.4258765,-0.69491861,117.08794,53.101945,-2.1390918
0.097605583,-13.172979,47.610487,-4.2380253,44.301936,-44.926868,-3.8323846,101.79411,-1.7833675,-0.80338961,119.12547,53.875274,-2.1296133
0.09763629,-11.909474,46.210544,-4.2431608,43.897568,-41.310761,-3.8602477,99.040328,-9.0295102,-0.9169218,121.05125,54.658362,-2.0977413
0.097666996,-10.654378,44.617758,-4.242325,43.313144,-37.345789,-3.8897206,96.284226,-16.214753,-1.0431582,122.84102,55.45155,-2.0426474
0.097697701,-9.4126979,42.825992,-4.2366341,42.657231,-33.171587,-3.8649022,93.751052,-23.220699,-1.1860436,124.48926,56.252942,-1.9671015
0.097728406,-8.2004689,40.856815,-4.2304025,41.908404,-28.712985,-3.864411,91.570781,-29.895546,-1.2930907,126.00512,56.981227,-1.8717355
0.09775911,-7.0207825,38.74763,-4.2178682,41.038514,-23.940907,-3.8510593,89.741309,-36.11274,-1.3841877,127.39601,57.598379,-1.7631256
0.097789813,-5.8982806,36.488067,-4.2026102,40.081135,-18.874441,-3.8154807,88.275856,-41.870089,-1.4631463,128.65998,58.149916,-1.645891
0.097820516,-4.7906344,34.059676,-4.1768826,39.095687,-13.357351,-3.8417476,87.299132,-46.982457,-1.5391243,129.78309,58.566909,-1.5164406
0.097851218,-3.769851,31.430567,-4.1541189,37.915194,-7.5967609,-3.7042087,86.6375,-51.40686,-1.594715,130.76198,58.828252,-1.3705799
0.09788192,-2.8781314,28.621808,-4.1280616,36.71087,-1.7510902,-3.6366948,86.158485,-55.041381,-1.6531196,131.60049,58.932923,-1.2161292
0.097912622,-2.0713897,25.676398,-4.076174,35.520709,4.3206845,-3.5374327,85.904401,-57.785692,-1.7197255,132.30331,58.931107,-1.0616345
0.097943324,-1.0618641,22.637139,-4.0556217,34.375801,10.565886,-3.3725714,85.912111,-59.735041,-1.798327,132.87188,58.843684,-0.90136293
0.097974025,-0.047566176,19.529664,-4.0551491,33.309564,16.953827,-3.2652408,86.195577,-61.071794,-1.8839377,133.24786,58.659506,-0.73606846
0.098004727,0.84105229,16.299862,-4.0643962,32.372956,23.225322,-3.1256601,86.725657,-61.917772,-1.9791802,133.4043,57.996607,-0.57148134
0.098035428,1.6898484,12.955343,-4.0887601,31.405319,29.281325,-2.9559611,87.463137,-62.485879,-2.0843859,133.32067,56.633876,-0.40109637
0.098066129,2.5663759,9.5206788,-4.0361068,30.699806,35.083408,-2.7831394,88.343351,-62.795239,-2.1995009,133.02183,54.389427,-0.25612912
0.098096831,3.3270681,6.1275736,-3.9467494,30.383637,40.556641,-2.6127981,89.293053,-62.912855,-2.314456,132.46694,51.235538,-0.13772883
0.098127532,3.9303546,2.7882594,-3.8800259,30.469266,45.624085,-2.4909904,90.264629,-62.868239,-2.4241309,131.65414,47.331383,-0.04266889
0.098158234,4.4155857,-0.5965999,-3.8182195,31.187809,50.159841,-2.3994606,91.225721,-62.66507,-2.5191487,130.58351,42.781478,0.029121919
0.098188936,4.8753528,-4.0497724,-3.863285,32.300147,54.139835,-2.3540483,92.1461,-62.311792,-2.599128,129.23756,37.593283,0.074959949
0.098219639,5.307825,-7.3561048,-3.8344092,33.751596,57.566457,-2.3622955,92.986574,-61.801144,-2.6618278,127.66224,31.857547,0.081402302
0.098250341,5.6811797,-10.630694,-3.7483395,35.523519,60.460106,-2.4236148,93.714462,-61.098136,-2.7053612,125.90281,25.671235,0.065098397
0.098281044,5.81661,-13.785848,-3.6594729,37.568092,62.843338,-2.5245241,94.286443,-60.202408,-2.7323522,124.02249,19.14351,0.003909757
0.098311748,5.7434274,-16.810979,-3.5884497,39.903968,64.720878,-2.639898,94.65638,-59.112641,-2.737427,122.02981,12.369335,-0.088803459
0.098342451,5.5629659,-19.745975,-3.5164559,42.480458,66.144425,-2.7795251,94.823787,-57.802113,-2.7301449,119.97533,5.4291616,-0.22117057
0.098373153,5.2883776,-22.554597,-3.4431356,45.277932,67.194924,-2.9348346,94.774582,-56.249402,-2.710716,117.92883,-1.5623546,-0.33129073
0.098403855,4.9132178,-25.246656,-3.3710915,48.236504,67.957625,-3.0960973,94.499774,-54.408792,-2.6844027,115.9337,-8.4297972,-0.51109599
0.098434556,4.4918169,-27.696618,-3.2820947,51.447812,68.499438,-3.261254,94.011384,-52.251479,-2.660748,114.05975,-15.088802,-0.70571328
0.098465257,3.9300531,-29.894684,-3.2059115,54.93617,68.829273,-3.42427,93.283362,-49.704187,-2.6288362,112.36331,-21.442896,-0.90126215
0.098495958,3.2895635,-31.861766,-3.1538197,58.626282,68.986026,-3.5688602,92.368773,-46.702114,-2.60459,110.94077,-27.421294,-1.0862707
0.098526658,2.621904,-33.597655,-3.1006562,62.421576,69.041161,-3.6850075,91.250284,-43.173425,-2.579668,109.70522,-32.917219,-1.2670837
0.098557358,1.8389126,-35.097993,-3.0234019,66.226095,69.008727,-3.770259,89.941162,-39.09995,-2.5560069,108.76685,-37.877432,-1.4271346
0.098588057,1.0059009,-36.343036,-2.971922,69.728378,68.89352,-3.8171379,88.419494,-34.513802,-2.5449566,108.18134,-42.260678,-1.5611332
0.098618757,0.12046644,-37.275639,-2.9324576,72.914236,68.721801,-3.8163721,86.734693,-29.450447,-2.5071876,107.96065,-46.077919,-1.674835
0.098649457,-0.79516144,-37.889477,-2.9164697,75.774488,68.509724,-3.7729403,84.920471,-23.965295,-2.4809804,108.01767,-49.314646,-1.7673229
0.098680157,-1.6822562,-38.206264,-2.9201944,78.300696,68.193813,-3.696832,83.017419,-18.09457,-2.437704,108.37548,-51.972342,-1.838401
0.098710857,-2.5270444,-38.253909,-2.9402762,80.503578,67.681501,-3.5909456,81.086303,-11.898536,-2.4267555,108.95709,-54.105691,-1.8948462
0.098741557,-3.3273964,-38.045809,-2.9768566,82.394527,66.94824,-3.453473,79.14779,-5.4203248,-2.399999,109.62808,-55.777943,-1.9378629
0.098772257,-4.0879389,-37.566223,-3.0230774,83.984414,66.02795,-3.2863162,77.389892,1.1262405,-2.3351554,110.35136,-56.961352,-1.9668675
0.098802958,-4.8058727,-36.810143,-3.0861829,85.301094,64.884913,-3.1233921,75.892302,7.7262873,-2.2610614,111.15042,-57.784426,-1.987191
0.098833659,-5.5409469,-35.798125,-3.1669772,86.31222,63.449887,-2.9677573,74.749815,14.308485,-2.2141959,111.9807,-58.35505,-2.0031542
0.098864361,-6.2304704,-34.545836,-3.247192,87.041434,61.655911,-2.8104903,74.045535,20.619698,-2.1578495,112.80861,-58.744179,-2.0162306
0.098895063,-6.9096029,-33.051425,-3.327607,87.466831,59.503368,-2.6509029,73.793683,26.615014,-2.0736792,113.65391,-58.969593,-2.0226601
0.098925765,-7.5747202,-31.326788,-3.4055652,87.565709,56.992472,-2.4890051,73.920097,32.165437,-1.9966758,114.48893,-59.089602,-2.0264505
0.098956468,-8.234409,-29.365298,-3.4896817,87.473761,54.127081,-2.3425576,74.394565,37.242702,-1.927108,115.26987,-59.098986,-2.0239367
0.098987172,-8.8573171,-27.197698,-3.5860557,87.140142,50.809507,-2.2314546,75.126456,41.772866,-1.898475,115.95669,-59.058458,-2.0155836
0.099017877,-9.4979153,-24.839074,-3.6777019,86.542235,47.071154,-2.1353906,76.192743,45.689517,-1.8810037,116.52649,-58.947803,-2.0009846
0.099048582,-10.149284,-22.289313,-3.7500091,85.670686,42.938465,-2.0593841,77.595465,49.062959,-1.8978062,116.95961,-58.781209,-1.9787618
0.099079288,-10.858295,-19.552648,-3.802172,84.451369,38.406872,-1.9711258,79.318105,51.85016,-1.9414745,117.24627,-58.453839,-1.9507356
0.099109994,-11.530541,-16.675447,-3.8431168,83.204834,33.651465,-1.8973549,81.407394,54.088265,-2.0338246,117.37916,-57.908743,-1.9163786
0.099140701,-12.138316,-13.616275,-3.8886334,81.76603,28.510698,-1.8707526,83.950099,55.802219,-2.1616817,117.32697,-57.119595,-1.8721537
0.099171407,-12.748478,-10.450427,-3.9683098,80.108809,23.096993,-1.8716806,86.871889,57.080452,-2.3125971,117.07932,-56.022899,-1.8254875
0.099202112,-13.450201,-7.1800711,-4.0507706,78.228491,17.429931,-1.9025357,90.058085,58.054067,-2.4755714,116.63197,-54.539028,-1.7750233
0.099232818,-14.17833,-3.7617323,-4.0810794,76.149045,11.479095,-1.9153287,93.373973,58.819693,-2.6315698,115.97187,-52.658397,-1.7248236
0.099263523,-14.90235,-0.37563127,-4.0446421,73.848528,5.4464706,-1.9048531,96.620425,59.436956,-2.7669883,115.09802,-50.334574,-1.677855
0.099294228,-15.607207,3.1302516,-4.0102969,71.304568,-0.75034315,-1.9342743,99.719202,59.975277,-2.8636036,114.01793,-47.489739,-1.6343502
0.099324933,-16.305975,6.7368771,-4.0897801,68.576956,-7.040002,-1.9703366,102.62332,60.482896,-2.9216682,112.75476,-44.074581,-1.594382
0.099355639,-17.000575,10.285038,-4.2230138,65.714214,-13.367749,-2.0025748,105.3172,60.993596,-2.9445515,111.31569,-40.035847,-1.5603329
0.099386344,-17.632964,13.790677,-4.2499086,62.849325,-19.689824,-2.0015123,107.7931,61.456176,-2.9247484,109.71567,-35.425496,-1.5317615
0.09941705,-18.351258,17.213701,-4.2315268,59.924389,-25.819285,-1.9978805,110.04838,61.905197,-2.8650169,108.00711,-30.297251,-1.5094937
0.099447756,-19.106308,20.582867,-4.2287171,57.268005,-31.713212,-1.9829146,112.08819,62.36898,-2.7731564,106.24164,-24.731779,-1.4831577
0.099478462,-19.881894,23.966217,-4.224334,54.909772,-37.286593,-1.9522593,113.90562,62.797393,-2.6538294,104.46034,-18.827309,-1.4669056
0.099509168,-20.62989,27.288825,-4.2601424,52.970892,-42.453356,-1.9215198,115.50489,63.135075,-2.5145199,102.7512,-12.676869,-1.4781175
0.099539875,-21.19132,30.466806,-4.2808095,51.475454,-47.170303,-1.9054122,116.89044,63.343815,-2.3513259,101.15744,-6.4015959,-1.4838236
0.099570582,-21.618429,33.445627,-4.2562261,50.139346,-51.353562,-1.911773,118.08418,63.452421,-2.173267,99.762308,-0.051328328,-1.4853214
0.099601289,-22.040158,36.214203,-4.2398079,48.95831,-54.974889,-1.9330594,119.10155,63.476297,-1.9903278,98.629357,6.1705071,-1.4892254
0.099631998,-22.421812,38.818985,-4.2357208,47.959377,-57.968853,-1.9763602,119.92987,63.401904,-1.8103861,97.829384,12.241002,-1.5494469
0.099662706,-22.743806,41.274954,-4.2493809,47.212629,-60.254292,-2.0323076,120.56234,63.215984,-1.6264954,97.376439,17.998856,-1.5702654
0.099693415,-22.94031,43.536004,-4.2671137,46.588553,-61.932015,-2.1015966,120.97597,62.742386,-1.4374535,97.25157,23.3824,-1.5975937
0.099724123,-22.98134,45.556792,-4.2724256,46.041416,-63.104785,-2.1981592,121.16545,61.808275,-1.2472203,97.415175,28.308362,-1.6216075
0.09975483,-22.909371,47.297169,-4.2769226,45.579949,-63.822967,-2.3342277,121.13111,60.29831,-1.0749469,97.748625,32.741955,-1.6592207
0.099785537,-22.689433,48.770881,-4.2860305,45.203859,-64.133944,-2.4870037,120.8727,58.144327,-0.91295771,98.349994,36.614114,-1.7149505
0.099816243,-22.32798,49.939503,-4.299366,44.922785,-64.061701,-2.6524322,120.36165,55.270852,-0.77017283,99.221047,39.931224,-1.7816062
0.099846948,-21.823641,50.77901,-4.3236956,44.852628,-63.618163,-2.8313988,119.61815,51.84541,-0.64599432,100.38245,42.746272,-1.854802
0.099877653,-21.152615,51.300226,-4.3423799,44.936787,-62.824489,-3.0123724,118.60065,47.828063,-0.54189361,101.90744,45.041872,-1.93236
0.099908357,-20.344296,51.609037,-4.3573687,45.141276,-61.722787,-3.1989479,117.30565,43.205726,-0.46571591,103.80327,46.899105,-2.0219074
0.099939061,-19.419512,51.746335,-4.3755454,45.393112,-60.317021,-3.3780004,115.73303,38.002982,-0.42012741,105.89174,48.38745,-2.1105785
0.099969765,-18.39817,51.683635,-4.391115,45.624386,-58.595736,-3.5385798,113.84852,32.264078,-0.36826308,108.10157,49.596864,-2.1935934
0.10000047,-17.291394,51.40267,-4.4040006,45.781467,-56.534849,-3.6778032,111.80905,26.103529,-0.3830598,110.36181,50.608345,-2.2667636
0.10003117,-16.110813,50.902686,-4.4099079,45.841253,-54.163399,-3.7871697,109.55021,19.522204,-0.42791901,112.61499,51.482513,-2.3245102
0.10006188,-14.878842,50.175033,-4.4089239,45.82451,-51.529823,-3.8659535,107.09935,12.599502,-0.51385709,114.82191,52.283569,-2.3626219
0.10009258,-13.62454,49.233502,-4.4039473,45.700556,-48.591979,-3.9377178,104.47818,5.397359,-0.61252058,116.94413,53.059764,-2.3793575
0.10012329,-12.344471,48.063862,-4.3962879,45.443835,-45.303337,-3.984818,101.74761,-1.8725388,-0.72237234,118.96713,53.835767,-2.3737953
0.10015399,-11.057652,46.685514,-4.3841947,45.043871,-41.689409,-4.015382,99.012861,-9.1680679,-0.84449584,120.87841,54.617885,-2.3446444
0.10018469,-9.7833792,45.112757,-4.36725,44.478225,-37.728867,-4.0534363,96.286764,-16.393125,-0.98227871,122.65375,55.403646,-2.2908367
0.1002154,-8.5215208,43.341588,-4.3488136,43.782461,-33.532003,-4.033714,93.783181,-23.427661,-1.1384032,124.28446,56.193869,-2.2146531
0.1002461,-7.286056,41.385461,-4.3372564,43.02662,-29.06707,-4.0394217,91.639042,-30.125059,-1.2582739,125.78052,56.922421,-2.1175652
0.10027681,-6.090067,39.289574,-4.3230395,42.144392,-24.285839,-4.0368102,89.845608,-36.355435,-1.3647872,127.15141,57.542912,-2.0029868
0.10030751,-4.9493412,37.043075,-4.3109755,41.168242,-19.221035,-4.017802,88.439422,-42.121771,-1.4592557,128.39488,58.085487,-1.8779137
0.10033822,-3.8342708,34.627118,-4.295802,40.164268,-13.708509,-4.0580395,87.506417,-47.232767,-1.5511565,129.49682,58.505099,-1.7372291
0.10036893,-2.8271086,32.010098,-4.2609541,38.958148,-7.9240619,-3.9309647,86.89999,-51.653002,-1.6255033,130.45229,58.773852,-1.5755028
0.10039963,-1.9560008,29.211055,-4.3029559,37.729153,-2.0624501,-3.8786136,86.471498,-55.276162,-1.7060533,131.26786,58.887839,-1.401517
0.10043034,-1.0740908,26.265265,-4.2870948,36.510678,4.0274214,-3.8048969,86.262085,-58.004936,-1.7945266,131.94458,58.900275,-1.2223068
0.10046105,-0.026406157,23.226383,-4.2808492,35.337087,10.286553,-3.6741499,86.30022,-59.942324,-1.8956281,132.49274,58.823974,-1.0381156
0.10049175,1.0189584,20.111878,-4.2934705,34.245752,16.691508,-3.597435,86.619114,-61.269805,-2.0039521,132.85107,58.651301,-0.84697218
0.10052246,1.9231015,16.880108,-4.3125347,33.285948,22.977455,-3.4960075,87.178897,-62.107128,-2.1197652,132.99332,58.047603,-0.65441505
0.10055316,2.7834764,13.539969,-4.3577004,32.294569,29.051876,-3.3706278,87.943877,-62.654288,-2.2458416,132.89605,56.744975,-0.45487774
0.10058387,3.6064813,10.099116,-4.364172,31.536321,34.873576,-3.2466781,88.844945,-62.962559,-2.3774323,132.58242,54.556926,-0.2809778
0.10061457,4.2897599,6.6761923,-4.314763,31.167229,40.361792,-3.1236379,89.809026,-63.078231,-2.5041557,132.01504,51.455435,-0.1358355
0.10064528,4.8696642,3.3253309,-4.2796389,31.197177,45.449648,-3.0459885,90.790564,-63.032582,-2.6249312,131.19294,47.561866,-0.016541859
0.10067598,5.3335083,-0.060380207,-4.2484438,31.868848,50.002332,-2.9832775,91.764035,-62.837751,-2.7303052,130.11735,43.013565,0.075062183
0.10070669,5.7490494,-3.5424544,-4.2808271,32.948989,54.003363,-2.9516568,92.694492,-62.492899,-2.8179136,128.76826,37.814243,0.13897261
0.1007374,6.1382567,-6.8731833,-4.2718962,34.370839,57.447797,-2.9589424,93.542729,-61.993931,-2.8863548,127.1937,32.055761,0.15828686
0.1007681,6.4867232,-10.175789,-4.2149879,36.117859,60.349996,-3.0029017,94.276912,-61.302804,-2.931163,125.43614,25.835984,0.15184558
0.10079881,6.5884692,-13.353563,-4.154531,38.140425,62.759907,-3.0764211,94.850123,-60.410068,-2.9600928,123.567,19.275833,0.092295487
0.10082951,6.4720642,-16.400247,-4.1048841,40.463543,64.657679,-3.1558193,95.21814,-59.325032,-2.9664947,121.59518,12.469268,-0.0040748043
0.10086022,6.2457296,-19.348815,-4.058676,43.03296,66.098095,-3.2484464,95.379752,-58.019045,-2.9576756,119.56832,5.4971869,-0.14514594
0.10089092,5.9291707,-22.180347,-4.0148149,45.825722,67.161168,-3.3493071,95.32463,-56.470831,-2.9356669,117.55788,-1.5258055,-0.27011067
0.10092162,5.507981,-24.902859,-3.9617798,48.782349,67.932898,-3.4512831,95.043146,-54.633148,-2.9074001,115.60498,-8.4126666,-0.46717484
0.10095232,5.041786,-27.406614,-3.8861746,51.997902,68.484169,-3.5538975,94.544062,-52.474321,-2.8830072,113.77969,-15.088385,-0.68203589
0.10098302,4.4369725,-29.657157,-3.8213444,55.497931,68.826899,-3.6448142,93.801734,-49.926687,-2.8515364,112.13426,-21.453374,-0.8948891
0.10101372,3.7499599,-31.673766,-3.7741487,59.202833,68.990389,-3.7202315,92.874051,-46.927471,-2.8280544,110.76404,-27.4376,-1.099892
0.10104442,3.0247637,-33.457293,-3.7362842,63.01636,69.054526,-3.7722864,91.742103,-43.40077,-2.8062335,109.58346,-32.939286,-1.2978612
0.10107512,2.2491859,-35.000623,-3.664732,66.827921,69.035549,-3.7975956,90.421176,-39.319142,-2.7923302,108.69699,-37.903908,-1.476258
0.10110581,1.3930993,-36.291319,-3.5955838,70.335924,68.93674,-3.7963807,88.887323,-34.726899,-2.7919387,108.15707,-42.291614,-1.6265619
0.10113651,0.47860514,-37.257071,-3.5498209,73.53073,68.781914,-3.7592384,87.192004,-29.649154,-2.7669545,107.97179,-46.118615,-1.7506053
0.10116721,-0.45955632,-37.914058,-3.5233173,76.401188,68.592745,-3.6918011,85.366874,-24.149092,-2.7551939,108.05501,-49.366974,-1.8499862
0.10119791,-1.3678247,-38.266293,-3.5157482,78.939754,68.294137,-3.6103901,83.451758,-18.263857,-2.7308655,108.42732,-52.034632,-1.9298653
0.1012286,-2.2296662,-38.346993,-3.5226169,81.153975,67.805056,-3.5090374,81.506797,-12.060557,-2.7467259,109.01938,-54.181174,-1.9952838
0.1012593,-3.0422356,-38.169517,-3.5407432,83.052306,67.073084,-3.3837567,79.536048,-5.592785,-2.7510376,109.71116,-55.86224,-2.0461521
0.10129,-3.8125503,-37.720052,-3.564245,84.647186,66.152066,-3.2390518,77.753719,0.96412073,-2.7043614,110.44623,-57.063278,-2.0868428
0.1013207,-4.5535973,-36.989735,-3.5897328,85.963944,65.008017,-3.098657,76.236186,7.5648971,-2.6498902,111.26555,-57.88971,-2.1237363
0.1013514,-5.2679528,-36.004608,-3.6528182,86.975804,63.573653,-2.9689014,75.070645,14.149055,-2.6240194,112.11591,-58.462862,-2.1543644
0.1013821,-5.9655849,-34.775619,-3.7013362,87.704217,61.776183,-2.8383055,74.348511,20.450114,-2.5789412,112.95575,-58.850678,-2.1794499
0.10141279,-6.649224,-33.301955,-3.7483849,88.13052,59.622996,-2.7059257,74.089339,26.439036,-2.5136694,113.79289,-59.07583,-2.1977607
0.10144349,-7.3152057,-31.598487,-3.7949927,88.226256,57.111829,-2.5743131,74.199055,31.980336,-2.4492687,114.61494,-59.194402,-2.2114526
0.10147419,-7.9771369,-29.658894,-3.8502009,88.12864,54.250368,-2.4522898,74.66188,37.050573,-2.3848835,115.38168,-59.187405,-2.2165215
0.10150489,-8.5949938,-27.511015,-3.9191537,87.78956,50.937315,-2.3620043,75.38209,41.576293,-2.3539291,116.05608,-59.134236,-2.2114392
0.1015356,-9.2297473,-25.169083,-3.9858225,87.187264,47.200486,-2.2876856,76.419348,45.496318,-2.3369474,116.61333,-59.020077,-2.1968458
0.1015663,-9.8904886,-22.629547,-4.0378186,86.313628,43.067712,-2.2306112,77.79151,48.87921,-2.3482348,117.03613,-58.850974,-2.1723864
0.101597,-10.602847,-19.918665,-4.0776085,85.091665,38.531153,-2.1580316,79.478794,51.678169,-2.3770732,117.31333,-58.524486,-2.1407677
0.1016277,-11.286019,-17.038965,-4.1076719,83.83407,33.767952,-2.1060374,81.535734,53.933122,-2.4428444,117.43705,-57.990537,-2.1018495
0.10165841,-11.887189,-14.009036,-4.151855,82.382841,28.610571,-2.0895443,84.047223,55.662354,-2.5308422,117.37629,-57.206806,-2.0519115
0.10168911,-12.475995,-10.865315,-4.2269411,80.716492,23.174394,-2.0974641,86.945401,56.955364,-2.6322515,117.12042,-56.113639,-1.9988361
0.10171981,-13.177538,-7.5999615,-4.2989231,78.825383,17.481357,-2.1292721,90.117205,57.944487,-2.7395077,116.66474,-54.632027,-1.9441678
0.10175052,-13.906878,-4.179357,-4.3335211,76.731777,11.497342,-2.1330443,93.4272,58.727164,-2.838014,115.99707,-52.752119,-1.8922572
0.10178122,-14.6335,-0.78743275,-4.3111313,74.41906,5.4271648,-2.1374829,96.671299,59.359818,-2.9181845,115.11522,-50.427779,-1.8475501
0.10181191,-15.343244,2.7212329,-4.3030637,71.860859,-0.81040572,-2.1599423,99.772251,59.907031,-2.9660659,114.02639,-47.584859,-1.8099593
0.10184261,-16.052588,6.3185252,-4.387741,69.118167,-7.1417566,-2.1877589,102.68015,60.421151,-2.9854961,112.75456,-44.172937,-1.7793294
0.10187331,-16.745673,9.8878366,-4.5290491,66.240346,-13.508968,-2.2120302,105.37909,60.93348,-2.9796027,111.30751,-40.139457,-1.7593293
0.101904,-17.377206,13.419569,-4.5806135,63.363274,-19.871996,-2.1990229,107.86025,61.410925,-2.9396707,109.70044,-35.535089,-1.7481483
0.10193469,-18.093473,16.877912,-4.5935812,60.422791,-26.033313,-2.184877,110.12209,61.856427,-2.8664112,107.98755,-30.415545,-1.7449239
0.10196539,-18.848835,20.270098,-4.6274382,57.748726,-31.953015,-2.1607421,112.16507,62.313628,-2.768663,106.21516,-24.859473,-1.7385152
0.10199608,-19.628129,23.685913,-4.6506137,55.391583,-37.54529,-2.1245916,113.9841,62.738965,-2.6476984,104.43636,-18.967315,-1.7439472
0.10202676,-20.399442,27.045135,-4.7183434,53.450395,-42.728499,-2.0893374,115.58073,63.076142,-2.5103472,102.73113,-12.83218,-1.7772363
0.10205745,-20.974826,30.258638,-4.7687117,51.954768,-47.459027,-2.0606514,116.96217,63.281906,-2.3511936,101.14276,-6.5846844,-1.8008817
0.10208814,-21.399551,33.282328,-4.7709358,50.628659,-51.645688,-2.0449953,118.14956,63.387202,-2.1769565,99.756826,-0.26233828,-1.8175708
0.10211882,-21.805788,36.092245,-4.7779388,49.429602,-55.263164,-2.039846,119.16026,63.4174,-1.9969962,98.635864,5.9349701,-1.8242296
0.10214951,-22.175849,38.72184,-4.7871572,48.416323,-58.231366,-2.0577511,119.98239,63.351774,-1.8189815,97.840257,11.980118,-1.8807159
0.10218019,-22.494709,41.201728,-4.8058929,47.656848,-60.494904,-2.0891769,120.60815,63.177388,-1.6357455,97.389421,17.709467,-1.8881525
0.10221087,-22.691066,43.496163,-4.817551,47.025187,-62.15042,-2.1407471,121.01836,62.729073,-1.4472248,97.262632,23.073054,-1.8986431
0.10224155,-22.728509,45.543962,-4.8086311,46.476254,-63.293986,-2.2199041,121.2037,61.820579,-1.254679,97.412953,27.985797,-1.9023639
0.10227223,-22.652621,47.330256,-4.7942184,46.019225,-63.990567,-2.33139,121.16752,60.329713,-1.0773538,97.728436,32.409152,-1.9202169
0.10230291,-22.433618,48.842433,-4.7774676,45.652769,-64.286996,-2.4569229,120.90633,58.194295,-0.91233925,98.300632,36.282255,-1.962229
0.10233359,-22.065246,50.060722,-4.7553116,45.38427,-64.204641,-2.5945204,120.39249,55.317555,-0.76276395,99.135484,39.613993,-2.0147719
0.10236426,-21.554376,50.964911,-4.7356512,45.328614,-63.756495,-2.7434504,119.65094,51.886453,-0.63836298,100.25668,42.441542,-2.0721142
0.10239494,-20.873944,51.544459,-4.7066102,45.428909,-62.972605,-2.8903769,118.63517,47.859817,-0.53530161,101.73561,44.766969,-2.1400239
0.10242562,-20.045763,51.864572,-4.6718548,45.651727,-61.882539,-3.0384363,117.34152,43.216454,-0.46301959,103.59732,46.658452,-2.222683
0.10245629,-19.102419,52.025982,-4.6374849,45.925677,-60.494333,-3.1809873,115.76964,37.982022,-0.42188479,105.65692,48.179278,-2.304458
0.10248697,-18.058998,51.994877,-4.6015923,46.180409,-58.793167,-3.3106055,113.89019,32.208954,-0.38687517,107.84583,49.419969,-2.3830066
0.10251764,-16.928538,51.74437,-4.5604364,46.363844,-56.755461,-3.4241881,111.84993,26.000624,-0.41332692,110.08999,50.459423,-2.451956
0.10254832,-15.722036,51.26996,-4.5117044,46.448981,-54.404992,-3.5120562,109.58958,19.372427,-0.47058566,112.33322,51.357897,-2.5048235
0.102579,-14.463808,50.566624,-4.4621254,46.453271,-51.790826,-3.5751081,107.13918,12.403322,-0.57112302,114.53439,52.169555,-2.5355273
0.10260967,-13.181751,49.657246,-4.4146162,46.350693,-48.873431,-3.635879,104.51807,5.148293,-0.67715689,116.65558,52.963013,-2.5457304
0.10264035,-11.873274,48.517741,-4.3691372,46.112877,-45.60535,-3.6809986,101.78703,-2.1518575,-0.80753935,118.67943,53.750036,-2.5330246
0.10267102,-10.558217,47.167513,-4.3237785,45.732566,-42.010541,-3.7110323,99.054439,-9.4645749,-0.95020158,120.59245,54.540955,-2.4952595
0.1027017,-9.2554935,45.621488,-4.2812447,45.196885,-38.069031,-3.740834,96.346254,-16.69219,-1.1053843,122.37116,55.33302,-2.4306283
0.10273238,-7.9706444,43.876552,-4.2414894,44.483475,-33.872909,-3.7137299,93.848088,-23.714455,-1.2662357,124.00399,56.122158,-2.3423879
0.10276306,-6.7088893,41.94253,-4.2228936,43.738813,-29.4219,-3.7152639,91.710015,-30.389288,-1.3951295,125.49967,56.856179,-2.2329333
0.10279373,-5.4859087,39.860271,-4.1995856,42.862995,-24.653492,-3.7163171,89.923322,-36.587799,-1.5074491,126.86859,57.483405,-2.1029535
0.10282441,-4.3106488,37.633011,-4.205151,41.884271,-19.595133,-3.7081815,88.546841,-42.306757,-1.6021607,128.10874,58.021874,-1.961113
0.10285509,-3.211434,35.237072,-4.1875498,40.890783,-14.095422,-3.7517781,87.627707,-47.37393,-1.6883424,129.20683,58.442533,-1.8018868
0.10288577,-2.1761084,32.638082,-4.2222094,39.673252,-8.3181861,-3.6392123,87.044928,-51.759582,-1.7574067,130.15502,58.720866,-1.6213463
0.10291645,-1.2604989,29.856305,-4.2872994,38.432941,-2.4604511,-3.6048215,86.63332,-55.356953,-1.8367197,130.9643,58.84229,-1.4275254
0.10294713,-0.30761453,26.917956,-4.2933356,37.197792,3.6289877,-3.5636033,86.435231,-58.073665,-1.9213962,131.63436,58.858525,-1.2276383
0.10297781,0.71979276,23.888907,-4.3150323,36.010305,9.8884531,-3.4856168,86.473398,-60.016595,-2.0155138,132.17805,58.78456,-1.0249953
0.1030085,1.7887947,20.781141,-4.3498897,34.896823,16.314908,-3.456903,86.784824,-61.37136,-2.1143243,132.53217,58.611284,-0.81823074
0.10303918,2.7229672,17.547878,-4.3926357,33.919663,22.605264,-3.4122072,87.335511,-62.242319,-2.2193299,132.67476,58.011444,-0.61357702
0.10306986,3.5913439,14.215577,-4.4717504,32.911447,28.694393,-3.3601658,88.096279,-62.840385,-2.3308402,132.57919,56.712497,-0.40586186
0.10310055,4.3555596,10.765584,-4.5286268,32.104153,34.53368,-3.319029,88.998021,-63.197467,-2.4411625,132.2663,54.529886,-0.22676288
0.10313123,5.022275,7.3236835,-4.5243784,31.681979,40.040349,-3.2810413,89.96545,-63.318538,-2.5466056,131.69952,51.428052,-0.081029037
0.10316192,5.5926024,3.9579563,-4.5351881,31.642763,45.158176,-3.2862427,90.951438,-63.265491,-2.6472117,130.88114,47.525225,0.032318922
0.1031926,6.046693,0.56730395,-4.5511327,32.263698,49.732352,-3.2832666,91.933816,-63.05876,-2.7343139,129.8094,42.962264,0.11230426
0.10322329,6.4241653,-2.8863308,-4.5900288,33.303825,53.757127,-3.2936192,92.877054,-62.689376,-2.8073521,128.46306,37.74291,0.16048435
0.10325398,6.7880004,-6.3012204,-4.6049294,34.688185,57.223132,-3.3238765,93.742664,-62.1673,-2.8647483,126.89303,31.960276,0.15924637
0.10328467,7.1137089,-9.6295862,-4.5891697,36.401448,60.149259,-3.3658728,94.49579,-61.472512,-2.9024336,125.14088,25.716917,0.12485862
0.10331536,7.2074649,-12.838989,-4.5735096,38.39582,62.584165,-3.4207832,95.087135,-60.572578,-2.9267589,123.27839,19.134895,0.036998335
0.10334605,7.0581568,-15.917917,-4.559476,40.697058,64.500947,-3.4656204,95.471646,-59.476896,-2.9305715,121.31571,12.306246,-0.089438731
0.10337674,6.7938975,-18.894616,-4.5435005,43.245798,65.959915,-3.5063048,95.650071,-58.166717,-2.922236,119.30093,5.3245854,-0.26068494
0.10340743,6.4407967,-21.763346,-4.5236257,46.023449,67.042012,-3.5392824,95.611065,-56.620157,-2.9041747,117.30557,-1.6983734,-0.41139437
0.10343813,5.9941029,-24.519142,-4.484438,48.970573,67.835614,-3.5655374,95.345893,-54.783824,-2.8840815,115.37161,-8.5713248,-0.63283347
0.10346882,5.4868884,-27.08469,-4.4293531,52.175368,68.411932,-3.5824315,94.857716,-52.621622,-2.8688273,113.56814,-15.225033,-0.86222574
0.10349951,4.844533,-29.397545,-4.3780728,55.670783,68.773145,-3.5769254,94.125467,-50.076541,-2.8509204,111.94699,-21.561852,-1.0857768
0.1035302,4.1159888,-31.473281,-4.3383707,59.381452,68.940332,-3.5616708,93.206396,-47.085835,-2.8434736,110.60182,-27.512138,-1.2957192
0.1035609,3.350989,-33.316873,-4.3103372,63.209766,69.002727,-3.5307257,92.079586,-43.568188,-2.840261,109.44405,-32.977188,-1.4861659
0.10359159,2.5512205,-34.914363,-4.2476956,67.047338,68.979019,-3.4811241,90.766747,-39.489305,-2.850764,108.58172,-37.913682,-1.65162
0.10362228,1.6665833,-36.252205,-4.1685514,70.582774,68.87085,-3.4206521,89.235815,-34.906088,-2.8733835,108.06458,-42.282981,-1.7866213
0.10365297,0.72630034,-37.271955,-4.1142297,73.80582,68.694472,-3.3429255,87.532234,-29.831101,-2.8733366,107.89544,-46.088481,-1.8957812
0.10368366,-0.24135529,-37.996982,-4.0753556,76.705686,68.493791,-3.259852,85.70815,-24.33387,-2.8861124,108.00297,-49.320092,-1.980508
0.10371435,-1.175649,-38.405791,-4.0488939,79.271677,68.20995,-3.1795057,83.786914,-18.452503,-2.8946264,108.37781,-51.99299,-2.0439984
0.10374504,-2.0596528,-38.538648,-4.0321928,81.510284,67.747287,-3.0933704,81.837626,-12.264981,-2.9346208,108.9704,-54.162615,-2.1007033
0.10377573,-2.8893304,-38.412427,-4.0209342,83.429413,67.038212,-2.9982908,79.842567,-5.8153144,-2.9713767,109.67129,-55.867785,-2.1441805
0.10380642,-3.6715105,-38.015537,-4.0130874,85.039193,66.138955,-2.8984306,78.035287,0.73570553,-2.9501734,110.41002,-57.091132,-2.1746309
0.10383711,-4.4241155,-37.334447,-4.0077361,86.364831,65.018114,-2.8021314,76.493837,7.3244262,-2.9196401,111.23552,-57.967685,-2.2056972
0.1038678,-5.1281167,-36.395584,-4.0194356,87.386655,63.609028,-2.7210327,75.2955,13.899041,-2.9242456,112.10233,-58.570017,-2.2357425
0.10389849,-5.8292601,-35.20973,-4.0348265,88.121821,61.838728,-2.6428348,74.543233,20.186347,-2.8934588,112.95566,-58.967086,-2.255568
0.10392918,-6.5154258,-33.777709,-4.0425008,88.555261,59.710857,-2.564578,74.251943,26.162905,-2.8519284,113.79442,-59.220187,-2.2689385
0.10395987,-7.1810101,-32.113937,-4.0489436,88.656389,57.225708,-2.4865112,74.334193,31.696292,-2.8097844,114.6167,-59.365647,-2.2765392
0.10399056,-7.8429055,-30.212328,-4.0640768,88.559547,54.391497,-2.4138692,74.776307,36.763748,-2.7651481,115.38565,-59.369329,-2.2759112
0.10402124,-8.45705,-28.103331,-4.0936069,88.221897,51.103553,-2.3657191,75.475165,41.289318,-2.7452383,116.062,-59.284783,-2.2665781
0.10405193,-9.073534,-25.79293,-4.1241007,87.621172,47.389116,-2.330934,76.476104,45.218381,-2.7315755,116.61994,-59.146247,-2.2455875
0.10408262,-9.7271659,-23.290287,-4.1480676,86.750802,43.273698,-2.3070167,77.807176,48.611136,-2.7341878,117.04442,-58.955452,-2.216574
0.1041133,-10.431306,-20.607224,-4.1684804,85.549514,38.75763,-2.2683219,79.452912,51.429409,-2.7409356,117.32405,-58.615861,-2.1826295
0.10414399,-11.130927,-17.742301,-4.1834162,84.274609,34.001559,-2.2417763,81.462311,53.707469,-2.7673701,117.4492,-58.082944,-2.1446239
0.10417467,-11.722023,-14.768207,-4.2063407,82.815629,28.847461,-2.2406814,83.916715,55.458976,-2.7985403,117.39071,-57.295387,-2.0987275
0.10420535,-12.281332,-11.641173,-4.263578,81.145751,23.410737,-2.2562852,86.766165,56.774964,-2.8327472,117.13558,-56.198843,-2.0517475
0.10423603,-12.951035,-8.3969634,-4.3165408,79.24926,17.70952,-2.284293,89.907921,57.782986,-2.8663527,116.67978,-54.712312,-2.0081873
0.10426671,-13.676429,-5.0103154,-4.3648484,77.14683,11.716054,-2.275533,93.213445,58.582477,-2.8915283,116.01249,-52.827224,-1.9729213
0.10429739,-14.4005,-1.5856129,-4.336587,74.826797,5.6236137,-2.2804451,96.470841,59.229538,-2.9005802,115.13159,-50.499996,-1.9504449
0.10432807,-15.115484,1.8931145,-4.3407052,72.259041,-0.6350582,-2.2944151,99.593322,59.789008,-2.8901206,114.04356,-47.657048,-1.9396893
0.10435874,-15.819211,5.4869245,-4.4104333,69.504182,-6.9918095,-2.3101203,102.52954,60.312218,-2.8605767,112.77211,-44.248157,-1.9389818
0.10438942,-16.50901,9.0898329,-4.5361285,66.614844,-13.389128,-2.3252929,105.25616,60.835913,-2.81665,111.32537,-40.219532,-1.951408
0.10442009,-17.156672,12.642409,-4.6169289,63.7086,-19.776209,-2.3107869,107.76158,61.335278,-2.7533469,109.71832,-35.62269,-1.9748196
0.10445076,-17.827547,16.149598,-4.6543631,60.747843,-25.970957,-2.2891115,110.04702,61.784073,-2.6688907,108.00556,-30.515588,-2.0060541
0.10448143,-18.574239,19.56911,-4.7185327,58.037947,-31.927647,-2.2559295,112.11038,62.246483,-2.5680843,106.22995,-24.973693,-2.0287683
0.1045121,-19.345153,23.009648,-4.7687478,55.647966,-37.560057,-2.2144404,113.94377,62.685161,-2.450949,104.44978,-19.098852,-2.0572957
0.10454277,-20.143435,26.417229,-4.8572826,53.676196,-42.781633,-2.1734737,115.5453,63.041855,-2.3228561,102.73969,-12.986852,-2.1043342
0.10457344,-20.735644,29.675472,-4.9311723,52.152425,-47.552291,-2.1280054,116.9284,63.270376,-2.1773051,101.14674,-6.7573769,-2.1423888
0.10460411,-21.165161,32.763153,-4.9657033,50.809586,-51.782531,-2.0841442,118.11489,63.386009,-2.0167045,99.754404,-0.48015432,-2.1723436
0.10463477,-21.558085,35.638684,-4.9971125,49.603533,-55.442013,-2.0504951,119.1206,63.416769,-1.849293,98.627271,5.6887398,-2.1903621
0.10466544,-21.921744,38.312018,-5.0293783,48.579358,-58.425424,-2.0380862,119.93515,63.350609,-1.6833961,97.82172,11.706945,-2.256683
0.1046961,-22.240394,40.83508,-5.0629422,47.813217,-60.702822,-2.04451,120.55179,63.17195,-1.5133445,97.3544,17.405351,-2.2680449
0.10472676,-22.451969,43.181751,-5.0824741,47.182139,-62.369401,-2.070332,120.95578,62.714873,-1.3361623,97.208133,22.742425,-2.2745105
0.10475742,-22.501464,45.281796,-5.0778164,46.635056,-63.529769,-2.12002,121.13641,61.81592,-1.155673,97.343172,27.635937,-2.2667657
0.10478808,-22.430994,47.141411,-5.0594947,46.185411,-64.250811,-2.1941148,121.09608,60.346512,-0.98998935,97.638397,32.047589,-2.26375
0.10481874,-22.22597,48.727621,-5.0310364,45.831656,-64.577119,-2.2785969,120.82877,58.236247,-0.83750867,98.170618,35.918944,-2.2747514
0.1048494,-21.868486,50.037044,-4.9906794,45.57699,-64.522099,-2.3717623,120.31018,55.378923,-0.69664533,98.962046,39.260252,-2.294741
0.10488006,-21.361542,51.053282,-4.9425375,45.54279,-64.100796,-2.4737039,119.5662,51.96555,-0.58655277,100.03247,42.091917,-2.3203131
0.10491072,-20.68784,51.722808,-4.8827324,45.668462,-63.338232,-2.5703929,118.54711,47.95924,-0.49798791,101.45369,44.445695,-2.357518
0.10494138,-19.859611,52.089004,-4.8128332,45.919149,-62.247,-2.6631155,117.2545,43.32765,-0.44289591,103.26336,46.370578,-2.411564
0.10497204,-18.912819,52.285433,-4.7412382,46.228409,-60.8626,-2.7557048,115.68426,38.095629,-0.41797773,105.28693,47.923021,-2.4681582
0.1050027,-17.861421,52.303894,-4.6669277,46.523098,-59.177632,-2.8408988,113.79615,32.316907,-0.41413967,107.45063,49.192243,-2.5244376
0.10503336,-16.721922,52.100446,-4.590508,46.751969,-57.163886,-2.9178124,111.75388,26.096463,-0.46291163,109.67996,50.260254,-2.5745607
0.10506401,-15.502646,51.668158,-4.5102061,46.880855,-54.839973,-2.978185,109.49292,19.45278,-0.54384299,111.91476,51.186062,-2.6116162
0.10509467,-14.227128,51.002964,-4.4258652,46.917823,-52.253465,-3.0199704,107.04078,12.462497,-0.66667158,114.11524,52.015552,-2.627198
0.10512533,-12.922875,50.126072,-4.3509719,46.856339,-49.375077,-3.0672161,104.41451,5.1822311,-0.79625525,116.24437,52.825835,-2.6241598
0.10515599,-11.597373,49.031107,-4.2814466,46.656596,-46.154424,-3.1089504,101.6777,-2.139482,-0.95681381,118.27859,53.632512,-2.5993132
0.10518665,-10.265392,47.722094,-4.2152076,46.310019,-42.608357,-3.1443196,98.939755,-9.4636185,-1.1281939,120.20392,54.442356,-2.5498929
0.10521731,-8.9411348,46.217285,-4.165623,45.828387,-38.712338,-3.1838581,96.23868,-16.691079,-1.3040482,121.99691,55.248979,-2.4720635
0.10524797,-7.636678,44.507873,-4.1279044,45.123578,-34.550992,-3.1596132,93.735657,-23.70731,-1.4738005,123.64475,56.049739,-2.3691722
0.10527863,-6.3560399,42.606734,-4.102896,44.398166,-30.139917,-3.1546035,91.601568,-30.371317,-1.6115055,125.15046,56.798784,-2.2432609
0.1053093,-5.1196816,40.550973,-4.0864874,43.538212,-25.413817,-3.1539157,89.818144,-36.55711,-1.7275213,126.52501,57.441549,-2.0963344
0.10533996,-3.9141705,38.352141,-4.078292,42.567498,-20.385428,-3.149668,88.4607,-42.231616,-1.8201716,127.76928,57.981446,-1.9372558
0.10537062,-2.7958136,35.985891,-4.112409,41.574116,-14.954619,-3.1750687,87.551667,-47.30273,-1.8973793,128.86931,58.414895,-1.7610482
0.10540129,-1.7675006,33.425878,-4.1621625,40.368513,-9.2025383,-3.1144958,86.985728,-51.714722,-1.9565855,129.81466,58.712178,-1.5644149
0.10543196,-0.80584129,30.677728,-4.2543416,39.118911,-3.3687906,-3.0658583,86.589988,-55.316627,-2.0181191,130.61996,58.836969,-1.3545922
0.10546262,0.14806899,27.760794,-4.3017617,37.865665,2.697788,-3.0418324,86.405018,-58.140453,-2.0820124,131.28389,58.857495,-1.1390814
0.10549329,1.1589848,24.749448,-4.3431265,36.652841,8.9395041,-2.9967916,86.437198,-60.195875,-2.148039,131.82101,58.788284,-0.92388585
0.10552396,2.2238453,21.655225,-4.3973625,35.508756,15.34233,-2.9863195,86.737616,-61.633981,-2.2185438,132.17003,58.613001,-0.71021782
0.10555463,3.1984098,18.44919,-4.4475124,34.512774,21.669478,-3.0066792,87.284471,-62.598499,-2.2897752,132.31062,58.026611,-0.50305712
0.1055853,4.0666339,15.131179,-4.5415613,33.484301,27.796957,-3.0092756,88.049092,-63.330893,-2.3675335,132.21385,56.747561,-0.29952827
0.10561597,4.8226455,11.692949,-4.6316084,32.597633,33.682971,-3.0436976,88.962607,-63.726676,-2.4423739,131.89626,54.593287,-0.127541
0.10564664,5.4935491,8.2255604,-4.661909,32.076322,39.246089,-3.0871399,89.946529,-63.801821,-2.5143244,131.32662,51.520353,0.0040725852
0.10567732,6.0792445,4.8249058,-4.7102136,31.939144,44.429114,-3.1671761,90.953011,-63.713574,-2.5830922,130.50531,47.633262,0.095896246
0.10570799,6.5483458,1.4388455,-4.7484896,32.446208,49.082002,-3.2487788,91.963648,-63.497242,-2.6421655,129.43157,43.083245,0.14694659
0.10573867,6.9080137,-1.9979081,-4.7945505,33.405475,53.189361,-3.3286896,92.941832,-63.101257,-2.6892614,128.08176,37.873562,0.16295244
0.10576935,7.255257,-5.4605003,-4.8177487,34.716031,56.739825,-3.4107828,93.84742,-62.551656,-2.7265074,126.5073,32.088137,0.12356937
0.10580003,7.5640332,-8.8129401,-4.8236868,36.364147,59.746744,-3.488727,94.640841,-61.853307,-2.7502013,124.74902,25.838752,0.047760789
0.10583071,7.6923421,-12.065839,-4.82748,38.295863,62.256467,-3.5607899,95.271506,-60.951033,-2.76758,122.88442,19.25178,-0.084330378
0.10586139,7.5574115,-15.182184,-4.8158175,40.552101,64.23993,-3.6098981,95.693308,-59.857238,-2.7686494,120.92324,12.414261,-0.25394016
0.10589207,7.2768441,-18.192767,-4.7989707,43.055147,65.761879,-3.6343664,95.903211,-58.553037,-2.7605059,118.911,5.4288147,-0.46450614
0.10592275,6.9035763,-21.117313,-4.7828288,45.801683,66.897376,-3.6458287,95.893208,-57.010753,-2.7489932,116.9232,-1.600898,-0.65233018
0.10595344,6.4402488,-23.915192,-4.7499393,48.726862,67.733453,-3.6432407,95.65511,-55.186493,-2.7393199,114.99852,-8.4653171,-0.9014972
0.10598412,5.9205346,-26.563013,-4.7020805,51.889972,68.347283,-3.62239,95.196354,-53.034383,-2.7385277,113.20775,-15.10913,-1.1465526
0.1060148,5.2763695,-28.958164,-4.6518696,55.354799,68.751641,-3.5695389,94.488436,-50.516138,-2.7394558,111.60182,-21.435606,-1.3768236
0.10604548,4.5277752,-31.111483,-4.6103193,59.057516,68.94413,-3.5021353,93.589666,-47.560643,-2.7500292,110.27423,-27.372746,-1.5857787
0.10607616,3.7414372,-33.026061,-4.5840678,62.892247,69.013788,-3.4227311,92.480669,-44.083306,-2.7672807,109.13805,-32.827889,-1.7620689
0.10610684,2.9239441,-34.699625,-4.5319391,66.779225,68.993263,-3.326963,91.184056,-40.045917,-2.797967,108.30126,-37.762597,-1.9098229
0.10613752,2.0395863,-36.116799,-4.4579013,70.375258,68.885718,-3.2284592,89.672748,-35.508226,-2.8334985,107.80528,-42.140695,-2.0272701
0.1061682,1.0983764,-37.235872,-4.3899024,73.658495,68.698037,-3.1255538,87.949124,-30.461212,-2.8530807,107.65143,-45.942448,-2.1189812
0.10619888,0.1193233,-38.047172,-4.3349675,76.6196,68.483696,-3.0276684,86.145518,-25.002125,-2.8838813,107.77548,-49.186335,-2.1841741
0.10622956,-0.83078051,-38.546347,-4.2926405,79.247109,68.214426,-2.9430103,84.231302,-19.156309,-2.9095465,108.15088,-51.89335,-2.2266034
0.10626024,-1.7305934,-38.757973,-4.2569807,81.542679,67.801832,-2.8631045,82.310554,-12.994505,-2.9638638,108.74583,-54.102674,-2.2613728
0.10629091,-2.5723882,-38.711019,-4.2241856,83.5161,67.149922,-2.7833415,80.287705,-6.588514,-3.0206124,109.4566,-55.851028,-2.2874448
0.10632159,-3.3608678,-38.396121,-4.194581,85.173298,66.291964,-2.7050604,78.42178,-0.052000792,-3.003099,110.21068,-57.133372,-2.301824
0.10635227,-4.1195204,-37.793895,-4.1655621,86.539178,65.223208,-2.6262625,76.815724,6.5153545,-2.9931571,111.05196,-58.074087,-2.3124597
0.10638295,-4.8195462,-36.924633,-4.1358153,87.604291,63.87371,-2.562468,75.531662,13.064293,-2.9745447,111.94329,-58.726262,-2.3260717
0.10641363,-5.5219323,-35.808229,-4.1274562,88.375911,62.17825,-2.5040536,74.693338,19.36175,-2.9755066,112.82949,-59.151866,-2.330621
0.1064443,-6.2096628,-34.440932,-4.1101826,88.851646,60.12326,-2.4433228,74.316216,25.356374,-2.9648997,113.67802,-59.438495,-2.3295719
0.10647498,-6.8759103,-32.837217,-4.0904643,88.997056,57.710445,-2.3849714,74.321827,30.917861,-2.9519542,114.51275,-59.608189,-2.3222967
0.10650566,-7.5360744,-30.995853,-4.0809985,88.91782,54.958046,-2.3302837,74.702344,36.020043,-2.9356545,115.29813,-59.635682,-2.3091795
0.10653634,-8.1464156,-28.938853,-4.0870292,88.612393,51.757307,-2.2930398,75.33489,40.603442,-2.9390973,115.99304,-59.523837,-2.2880387
0.10656702,-8.7493667,-26.677105,-4.0989124,88.043355,48.122978,-2.2666484,76.26276,44.598407,-2.9407235,116.56847,-59.371002,-2.2580408
0.1065977,-9.3971043,-24.220483,-4.1056788,87.21079,44.075182,-2.2475526,77.517192,48.057983,-2.9510111,117.01014,-59.16056,-2.2195541
0.10662839,-10.082538,-21.582388,-4.1192496,86.062929,39.623762,-2.2151466,79.087105,50.953968,-2.9629452,117.30847,-58.830051,-2.181217
0.10665907,-10.79372,-18.747052,-4.1270348,84.753818,34.905231,-2.1878813,81.012386,53.309905,-2.9856987,117.45214,-58.313257,-2.1423315
0.10668975,-11.394224,-15.813761,-4.1405173,83.314451,29.795523,-2.1687535,83.364659,55.134975,-3.0041347,117.41325,-57.550525,-2.0990686
0.10672044,-11.933327,-12.700084,-4.1787598,81.66605,24.388951,-2.16434,86.130283,56.514819,-3.0211843,117.17941,-56.482152,-2.0569437
0.10675112,-12.578969,-9.4737943,-4.2219938,79.790468,18.711759,-2.1676599,89.220368,57.569757,-3.0334764,116.74323,-55.023284,-2.0209391
0.1067818,-13.297878,-6.1126188,-4.2856715,77.699626,12.747998,-2.1683771,92.514046,58.403323,-3.0339246,116.09622,-53.170518,-1.9960201
0.10681248,-14.018962,-2.6402274,-4.2564496,75.396598,6.6244256,-2.1553863,95.80496,59.075669,-3.0195195,115.23478,-50.880161,-1.9896911
0.10684316,-14.736552,0.82640464,-4.2652018,72.850595,0.36144763,-2.1445702,98.973913,59.651189,-2.9837954,114.1675,-48.082379,-1.9969635
0.10687384,-15.439361,4.4218286,-4.3014318,70.10487,-6.0170297,-2.1424542,101.97148,60.184785,-2.9289125,112.91029,-44.725283,-2.0187581
0.10690452,-16.131437,8.0701173,-4.4315772,67.218723,-12.444817,-2.146443,104.76283,60.722021,-2.8596626,111.4766,-40.755513,-2.0524479
0.1069352,-16.792789,11.676333,-4.5426689,64.274044,-18.873983,-2.1298296,107.3297,61.237755,-2.7746679,109.88223,-36.209908,-2.0971018
0.10696588,-17.441559,15.238023,-4.5991955,61.301615,-25.139788,-2.1011309,109.67473,61.705182,-2.6725338,108.17121,-31.156936,-2.1534173
0.10699655,-18.178128,18.711603,-4.6809691,58.531634,-31.177736,-2.0595066,111.79048,62.181711,-2.5571274,106.38605,-25.657876,-2.2110462
0.10702723,-18.934067,22.16872,-4.7557385,56.082779,-36.901147,-2.0172985,113.6753,62.654324,-2.4297088,104.6013,-19.822192,-2.2706499
0.1070579,-19.716498,25.634234,-4.8496861,54.043441,-42.226768,-1.9790052,115.32042,63.048394,-2.2930016,102.88513,-13.738371,-2.3627162
0.10708858,-20.362055,28.979584,-4.9386378,52.451011,-47.109498,-1.9349525,116.73732,63.325466,-2.1442356,101.26154,-7.5418893,-2.4358336
0.10711925,-20.794213,32.154341,-5.0107317,51.083116,-51.461005,-1.8974312,117.95451,63.464466,-1.9813714,99.833438,-1.3050089,-2.5002832
0.10714992,-21.173889,35.130218,-5.0669201,49.871317,-55.24266,-1.8705531,118.98127,63.511018,-1.8089719,98.660501,4.8464601,-2.5333265
0.10718059,-21.521039,37.892635,-5.118191,48.82334,-58.351579,-1.8656161,119.81395,63.451619,-1.6380169,97.801217,10.854401,-2.5772968
0.10721126,-21.823463,40.482448,-5.1654582,48.032872,-60.737813,-1.8846322,120.44799,63.27903,-1.4646577,97.274925,16.548318,-2.5845564
0.10724193,-22.040581,42.908206,-5.1985952,47.409854,-62.499486,-1.9229965,120.87159,62.856096,-1.2822969,97.062755,21.890788,-2.5771977
0.1072726,-22.097007,45.093102,-5.2042154,46.866904,-63.744763,-1.9827255,121.07967,62.031269,-1.0972984,97.149465,26.810827,-2.5466779
0.10730327,-22.01146,47.035046,-5.1862134,46.425305,-64.54396,-2.0590588,121.06403,60.653539,-0.92047031,97.422278,31.250852,-2.5169623
0.10733393,-21.795067,48.719859,-5.1574499,46.08813,-64.947613,-2.145163,120.8163,58.64459,-0.75891642,97.89872,35.172376,-2.5037803
0.1073646,-21.423224,50.127596,-5.1140815,45.835549,-64.962336,-2.2349283,120.32402,55.903715,-0.60926479,98.613344,38.57491,-2.5018218
0.10739527,-20.898411,51.248805,-5.0566009,45.816439,-64.610421,-2.3291477,119.59849,52.565605,-0.4874749,99.618828,41.470214,-2.5094342
0.10742593,-20.212376,52.029048,-4.982912,45.961543,-63.907095,-2.4163963,118.603,48.64553,-0.38813038,100.94512,43.893487,-2.5308808
0.1074566,-19.363493,52.47619,-4.8958436,46.234393,-62.859267,-2.4936733,117.33749,44.095831,-0.32324587,102.64892,45.889544,-2.5750201
0.10748726,-18.396166,52.709697,-4.8072878,46.579534,-61.510219,-2.5717659,115.79401,38.93289,-0.29112396,104.61307,47.509739,-2.6299743
0.10751793,-17.323275,52.768175,-4.7156442,46.916523,-59.870036,-2.6441743,113.90968,33.198565,-0.27294203,106.7307,48.831403,-2.6890937
0.1075486,-16.160771,52.606035,-4.620509,47.191621,-57.914724,-2.7101437,111.88366,27.018419,-0.3080688,108.93731,49.943196,-2.7468896
0.10757926,-14.920394,52.21461,-4.5259174,47.379396,-55.641071,-2.7657497,109.63418,20.410765,-0.38028059,111.16569,50.907648,-2.7939676
0.10760993,-13.618747,51.585739,-4.4252876,47.447412,-53.100994,-2.8005386,107.19562,13.434895,-0.50214234,113.37202,51.767446,-2.8183566
0.1076406,-12.292518,50.743542,-4.3349686,47.429056,-50.280308,-2.8411009,104.57499,6.1722798,-0.6703564,115.51934,52.578136,-2.820266
0.10767127,-10.94444,49.680325,-4.2598979,47.273258,-47.130696,-2.882966,101.8385,-1.1793154,-0.83208317,117.57932,53.410324,-2.7965866
0.10770193,-9.5938002,48.401536,-4.1916728,46.969614,-43.644505,-2.9198023,99.093055,-8.5383915,-1.0199819,119.53555,54.245795,-2.7442475
0.1077326,-8.2520498,46.922419,-4.1494298,46.532073,-39.818212,-2.9641559,96.384439,-15.805156,-1.2137706,121.36699,55.074933,-2.6602682
0.10776327,-6.9354929,45.238837,-4.116482,45.848964,-35.699441,-2.9640507,93.84565,-22.870708,-1.4030577,123.05534,55.89871,-2.5454695
0.10779395,-5.6416513,43.361059,-4.0867546,45.133593,-31.329491,-2.9477011,91.70643,-29.608357,-1.5573748,124.59588,56.679729,-2.4039229
0.10782462,-4.4095403,41.311144,-4.0663668,44.291772,-26.653913,-2.9482531,89.88841,-35.870474,-1.6993902,125.99998,57.360281,-2.2367891
0.10785529,-3.170546,39.123296,-4.1124642,43.328675,-21.668692,-2.9485864,88.502363,-41.593593,-1.8154561,127.27142,57.917865,-2.0544216
0.10788596,-2.0593814,36.769907,-4.1733019,42.303817,-16.346516,-2.957667,87.556509,-46.765472,-1.9163464,128.39724,58.379949,-1.8554823
0.10791664,-1.0506675,34.231474,-4.2525797,41.160616,-10.589762,-2.9696743,86.99843,-51.295325,-1.9986271,129.36573,58.709904,-1.6360668
0.10794732,-0.0067505174,31.498605,-4.379898,39.889942,-4.7516797,-2.8599519,86.606614,-55.02909,-2.0813898,130.1901,58.867959,-1.4023783
0.10797799,0.96136592,28.588045,-4.4255865,38.609463,1.2997069,-2.8450238,86.426312,-58.003655,-2.1640673,130.86681,58.910992,-1.1618019
0.10800867,1.9249115,25.572539,-4.478712,37.359502,7.5397525,-2.8208089,86.444231,-60.229686,-2.2406211,131.41709,58.854579,-0.9244203
0.10803935,2.9591952,22.46952,-4.5511613,36.182354,13.939997,-2.7896082,86.72624,-61.790548,-2.3200737,131.78774,58.700499,-0.69270811
0.10807003,3.9431938,19.264594,-4.6080149,35.114589,20.340548,-2.8618719,87.266699,-62.866796,-2.3949875,131.95093,58.200069,-0.46890383
0.10810071,4.7743257,15.94097,-4.7190589,34.095686,26.565443,-2.8816745,88.032645,-63.696389,-2.4677254,131.87707,57.04261,-0.25508692
0.10813139,5.5048724,12.501183,-4.8142216,33.166336,32.550861,-2.9480767,88.959181,-64.195612,-2.5389039,131.57563,55.030167,-0.065767227
0.10816208,6.1600267,8.986655,-4.8753418,32.572111,38.226803,-3.0310539,89.964116,-64.353778,-2.6059708,131.02898,52.110021,0.0772443
0.10819276,6.7263943,5.5435633,-4.9402692,32.38795,43.52504,-3.1466369,90.99468,-64.247755,-2.6689169,130.22292,48.320379,0.17638532
0.10822345,7.1861903,2.1386602,-4.9880329,32.783576,48.322152,-3.2810845,92.037536,-64.020561,-2.7219077,129.16799,43.863118,0.22953321
0.10825413,7.5268296,-1.3126372,-5.0535977,33.69584,52.586926,-3.3990341,93.05089,-63.637683,-2.7605105,127.8376,38.736354,0.24365813
0.10828482,7.8358424,-4.8306698,-5.0537813,34.964653,56.285349,-3.5166544,93.996766,-63.085053,-2.7882798,126.27516,33.005077,0.19894923
0.1083155,8.106902,-8.2203755,-5.0629688,36.580484,59.42869,-3.6199844,94.832899,-62.390902,-2.8014291,124.50051,26.781352,0.12394684
0.10834618,8.2528715,-11.5359,-5.064059,38.492603,62.063443,-3.703991,95.507339,-61.51586,-2.8080574,122.64576,20.217351,-0.017333769
0.10837686,8.1327222,-14.712069,-5.0547371,40.725845,64.159002,-3.7612636,95.977468,-60.463284,-2.8024827,120.69925,13.387424,-0.20266761
0.10840754,7.8365642,-17.777103,-5.032633,43.219365,65.780968,-3.7908848,96.229535,-59.1978,-2.7850331,118.6931,6.3990619,-0.42599219
0.10843822,7.4374357,-20.75124,-5.0083189,45.964682,66.991693,-3.8043782,96.260858,-57.697318,-2.7663001,116.71142,-0.64498247,-0.66553861
0.10846889,6.9569295,-23.602196,-4.9854898,48.894953,67.885596,-3.7976862,96.063858,-55.92431,-2.7494251,114.79061,-7.5413592,-0.92403117
0.10849957,6.4140325,-26.328065,-4.9343024,52.043096,68.546995,-3.7702366,95.645224,-53.827136,-2.7450106,113.00253,-14.238836,-1.1916253
0.10853024,5.7699695,-28.825763,-4.8790459,55.498533,69.001737,-3.702194,94.982795,-51.38529,-2.7459775,111.39766,-20.613557,-1.4368544
0.10856092,5.0138651,-31.068135,-4.8205268,59.202371,69.233174,-3.6118998,94.114068,-48.516766,-2.7512626,110.04594,-26.600332,-1.6657752
0.10859159,4.210184,-33.070116,-4.7763379,63.043299,69.31113,-3.5101118,93.033354,-45.140635,-2.7679483,108.92117,-32.119879,-1.8494308
0.10862226,3.3802819,-34.831216,-4.739459,66.939627,69.295097,-3.3928303,91.755629,-41.211822,-2.7979857,108.08287,-37.127535,-2.0028377
0.10865293,2.5293237,-36.340243,-4.6659938,70.550065,69.187272,-3.2748547,90.275691,-36.763449,-2.8373159,107.5876,-41.58708,-2.1306204
0.1086836,1.6001952,-37.56969,-4.5732801,73.843382,68.99619,-3.1608553,88.567799,-31.79928,-2.8722193,107.42313,-45.475334,-2.2287774
0.10871428,0.62349602,-38.484486,-4.507298,76.813541,68.753154,-3.0564355,86.784516,-26.403313,-2.9102488,107.53366,-48.802037,-2.3022374
0.10874495,-0.32473289,-39.085319,-4.4486809,79.454954,68.481156,-2.9694916,84.871276,-20.605901,-2.9404928,107.88627,-51.591521,-2.3557287
0.10877562,-1.2255436,-39.391664,-4.3977637,81.7661,68.108605,-2.8948089,82.948463,-14.448556,-3.0062708,108.46496,-53.887363,-2.4017637
0.10880629,-2.0670104,-39.42802,-4.3493159,83.757501,67.516393,-2.8242274,80.89704,-8.0728299,-3.0608732,109.18035,-55.732173,-2.4415432
0.10883696,-2.8478458,-39.199657,-4.3042978,85.426992,66.681736,-2.7534486,78.967993,-1.4956984,-3.0465188,109.95497,-57.118681,-2.4712106
0.10886763,-3.5941787,-38.682279,-4.2577631,86.8002,65.648565,-2.6819005,77.293488,5.0874949,-3.0593721,110.81031,-58.131696,-2.4959069
0.1088983,-4.2997054,-37.885764,-4.2151175,87.884935,64.347519,-2.6207462,75.929374,11.657433,-3.0273916,111.71676,-58.854567,-2.5206592
0.10892897,-4.9645795,-36.835735,-4.1852335,88.671715,62.724025,-2.567515,75.009387,18.04117,-3.0654732,112.64443,-59.33087,-2.5321872
0.10895965,-5.641385,-35.531046,-4.1667668,89.171961,60.743958,-2.5129181,74.529129,24.124137,-3.0832264,113.52174,-59.63559,-2.5369668
0.10899032,-6.2984274,-33.987442,-4.1411032,89.348405,58.405337,-2.4561577,74.468946,29.803443,-3.0910331,114.36483,-59.848746,-2.5336316
0.10902099,-6.9442341,-32.199735,-4.1172362,89.260332,55.732979,-2.4020299,74.791601,35.030869,-3.0959221,115.16625,-59.909364,-2.5212617
0.10905167,-7.5628025,-30.185032,-4.1065813,88.97055,52.630794,-2.3496735,75.322365,39.772861,-3.1296114,115.88144,-59.829602,-2.4986718
0.10908234,-8.1471893,-27.956486,-4.1102307,88.423037,49.07817,-2.3157063,76.202418,43.909153,-3.1505519,116.47814,-59.672409,-2.4629723
0.10911302,-8.7826662,-25.542517,-4.1157351,87.620116,45.11046,-2.2818149,77.407004,47.504366,-3.1815948,116.94149,-59.456148,-2.4150083
0.10914369,-9.4580214,-22.931258,-4.129798,86.529914,40.741183,-2.243849,78.923737,50.538941,-3.2121482,117.26322,-59.155166,-2.3633563
0.10917437,-10.176564,-20.126782,-4.1303354,85.17012,36.026034,-2.2073952,80.800838,53.017398,-3.2405276,117.43208,-58.685336,-2.3087566
0.10920505,-10.787572,-17.225409,-4.1386891,83.746415,30.99929,-2.1531234,83.089343,54.959969,-3.2698717,117.42492,-57.989913,-2.2515808
0.10923573,-11.346526,-14.135155,-4.1683055,82.115223,25.620399,-2.1311341,85.804277,56.42687,-3.2942404,117.22508,-57.007136,-2.1933061
0.10926641,-11.943998,-10.903108,-4.203463,80.257885,19.958492,-2.1181004,88.863595,57.533297,-3.3091926,116.82224,-55.660349,-2.1391267
0.10929709,-12.650882,-7.5605445,-4.2561472,78.182306,14.015857,-2.1074754,92.153707,58.410334,-3.308943,116.21104,-53.901214,-2.0965266
0.10932778,-13.373063,-4.0443063,-4.2565931,75.906317,7.8227986,-2.083142,95.435447,59.120107,-3.2925899,115.38465,-51.712798,-2.0775809
0.10935846,-14.09828,-0.56941068,-4.2672356,73.398588,1.5415321,-2.0595377,98.602878,59.713759,-3.2511428,114.3498,-49.035407,-2.0776588
0.10938915,-14.810028,3.0246499,-4.2982955,70.666482,-4.888727,-2.0514278,101.60704,60.257397,-3.1897308,113.1182,-45.81362,-2.0924248
0.10941984,-15.513434,6.7268566,-4.4056593,67.790329,-11.383394,-2.0507765,104.41376,60.797468,-3.1106149,111.70737,-41.985059,-2.1210423
0.10945052,-16.199923,10.383123,-4.525776,64.816989,-17.888468,-2.052317,107.00132,61.337133,-3.0165531,110.14115,-37.553438,-2.1744679
0.10948121,-16.838729,14.006198,-4.5952636,61.875139,-24.283414,-2.0240863,109.36516,61.824775,-2.9033182,108.43971,-32.603813,-2.2383404
0.1095119,-17.565719,17.557527,-4.6562593,59.054942,-30.444572,-1.9861221,111.49947,62.302236,-2.7754754,106.67157,-27.194222,-2.3101415
0.10954259,-18.320315,21.061302,-4.7267015,56.553979,-36.305636,-1.9545314,113.40923,62.784608,-2.6368017,104.87035,-21.416197,-2.3870841
0.10957329,-19.102287,24.592934,-4.8006135,54.452764,-41.780582,-1.9344458,115.08268,63.205687,-2.4861358,103.15338,-15.358834,-2.4837314
0.10960398,-19.815932,28.035335,-4.9036431,52.794886,-46.8243,-1.9172103,116.52487,63.516944,-2.327492,101.48862,-9.1686451,-2.5738895
0.10963467,-20.302739,31.314953,-4.9924127,51.411918,-51.342519,-1.9095659,117.75753,63.706251,-2.1552713,100.0147,-2.9207238,-2.6625264
0.10966537,-20.670669,34.409296,-5.0635561,50.209717,-55.291522,-1.9078049,118.79654,63.772903,-1.9701262,98.786485,3.2770796,-2.695695
0.10969606,-21.019276,37.280709,-5.1203776,49.155412,-58.559623,-1.9277865,119.6456,63.73007,-1.783847,97.866897,9.3222961,-2.7184148
0.10972675,-21.321641,39.946565,-5.166688,48.36356,-61.078889,-1.9726412,120.29494,63.584112,-1.5983322,97.272129,15.097799,-2.7445471
0.10975744,-21.555142,42.464116,-5.2014909,47.770923,-62.959637,-2.0352834,120.73181,63.235654,-1.4035374,96.998963,20.537449,-2.7434526
0.10978813,-21.634106,44.759227,-5.2106838,47.255215,-64.303299,-2.1158728,120.9658,62.50868,-1.2022846,97.025431,25.570984,-2.7226587
0.10981881,-21.54965,46.809627,-5.188657,46.848602,-65.19036,-2.2070404,120.97062,61.263463,-0.9993094,97.255281,30.129436,-2.6846491
0.1098495,-21.342717,48.611705,-5.1597523,46.554829,-65.673195,-2.303547,120.73777,59.411602,-0.81196283,97.680273,34.18418,-2.6712706
0.10988019,-20.974931,50.132979,-5.1137058,46.34696,-65.768591,-2.3981066,120.27224,56.85485,-0.63810356,98.335845,37.721,-2.6670584
0.10991087,-20.449692,51.358526,-5.0528794,46.383374,-65.496241,-2.4900808,119.55356,53.625522,-0.486805,99.269745,40.748366,-2.6750111
0.10994156,-19.765154,52.282481,-4.9753223,46.586807,-64.867394,-2.5793843,118.58654,49.815537,-0.36398313,100.50656,43.294577,-2.6995989
0.10997225,-18.9146,52.83532,-4.8853647,46.908141,-63.882669,-2.6491712,117.343,45.376952,-0.26959681,102.10521,45.406943,-2.7514641
0.11000293,-17.93559,53.116374,-4.7916126,47.306087,-62.572391,-2.7149969,115.82171,40.316251,-0.20479608,104.00301,47.129428,-2.8203488
0.11003362,-16.852655,53.219358,-4.6947502,47.702476,-60.967528,-2.7801536,113.95555,34.648406,-0.16707746,106.0691,48.529787,-2.8971414
0.11006431,-15.676309,53.11,-4.5935614,48.036547,-59.067245,-2.8437625,111.94407,28.522194,-0.17912476,108.24013,49.698293,-2.9718328
0.11009499,-14.4239,52.768576,-4.4967932,48.286874,-56.852959,-2.9024055,109.70915,21.968104,-0.23244642,110.44794,50.706983,-3.0376652
0.11012568,-13.105449,52.184238,-4.3954008,48.400937,-54.354636,-2.9444462,107.28847,14.996297,-0.34352434,112.64253,51.600375,-3.0843149
0.11015637,-11.753135,51.378735,-4.3085675,48.418966,-51.580124,-2.9805403,104.68975,7.7306069,-0.50945609,114.78763,52.432516,-3.1093451
0.11018705,-10.386944,50.354198,-4.2443763,48.305561,-48.496789,-3.0276205,101.97192,0.30439356,-0.66516294,116.85379,53.262543,-3.1046834
0.11021774,-9.0187745,49.108626,-4.1916952,48.04431,-45.079864,-3.0723578,99.231412,-7.1380064,-0.87302249,118.82091,54.111163,-3.0718466
0.11024843,-7.6617057,47.656274,-4.1597877,47.631615,-41.347654,-3.1163638,96.531709,-14.506471,-1.0965436,120.67021,54.954441,-3.0052905
0.11027912,-6.3354962,46.004567,-4.1451893,47.023285,-37.279393,-3.1513836,93.990084,-21.691825,-1.3259496,122.37976,55.785182,-2.904193
0.11030981,-5.0396779,44.151215,-4.1299599,46.278113,-32.947883,-3.1342149,91.85471,-28.593181,-1.5193053,123.93899,56.588535,-2.7590628
0.1103405,-3.8020376,42.107715,-4.1378219,45.451849,-28.333173,-3.1453925,90.000581,-35.019185,-1.7113351,125.36007,57.318691,-2.5790665
0.1103712,-2.5619317,39.928349,-4.2143409,44.495298,-23.402444,-3.1597913,88.587402,-40.887746,-1.8762946,126.64607,57.912874,-2.3772308
0.11040189,-1.4587046,37.585529,-4.2998036,43.448939,-18.17907,-3.1664765,87.61222,-46.22824,-2.020349,127.7892,58.406971,-2.1586761
0.11043258,-0.43665031,35.066615,-4.4259767,42.352487,-12.525288,-3.2499654,87.056265,-50.925108,-2.149578,128.77745,58.775182,-1.9197793
0.11046328,0.64649736,32.349109,-4.5339699,41.051237,-6.5989391,-3.1463956,86.704451,-54.86113,-2.2584042,129.61376,58.977086,-1.6619651
0.11049398,1.6441355,29.449251,-4.5933688,39.730548,-0.58866511,-3.1349528,86.566826,-57.999623,-2.3652695,130.29653,59.051739,-1.3955377
0.11052468,2.5707756,26.414686,-4.6505151,38.421018,5.6257824,-3.1248543,86.59766,-60.40516,-2.4587685,130.849,59.014552,-1.13206
0.11055538,3.5583484,23.29677,-4.7283709,37.181549,12.00108,-3.0919602,86.902378,-62.109472,-2.5445132,131.23323,58.89251,-0.87204918
0.11058608,4.5285805,20.07964,-4.8076337,36.036179,18.485582,-3.2088197,87.476179,-63.274901,-2.6216509,131.41367,58.526706,-0.61870437
0.11061678,5.3596783,16.743584,-4.9108214,35.022276,24.799848,-3.2153841,88.272728,-64.172512,-2.693876,131.36181,57.570008,-0.3782922
0.11064748,6.0680187,13.296936,-5.0246679,34.006515,30.880083,-3.2625323,89.22904,-64.760427,-2.7585326,131.07338,55.803751,-0.146509
0.11067818,6.6972899,9.7432646,-5.0992209,33.247282,36.679455,-3.3319994,90.268339,-65.018806,-2.8221496,130.55099,53.132696,0.032010894
0.11070888,7.238478,6.2331707,-5.1683629,32.909711,42.112776,-3.4199769,91.336606,-64.990093,-2.885483,129.75564,49.512717,0.16827548
0.11073958,7.681937,2.7960647,-5.2298483,33.052469,47.114995,-3.5582795,92.42168,-64.752867,-2.9415378,128.72792,45.214199,0.25050974
0.11077027,8.0072274,-0.68629414,-5.2847864,33.845934,51.572802,-3.6595354,93.473067,-64.385585,-2.9840839,127.44237,40.233802,0.28986011
0.11080097,8.2778515,-4.2489099,-5.3088373,35.019785,55.469847,-3.757368,94.459267,-63.85185,-3.0126035,125.91104,34.61716,0.27401621
0.11083167,8.5153761,-7.6899363,-5.3170178,36.557618,58.801351,-3.8451945,95.336069,-63.168136,-3.0286257,124.15081,28.470696,0.20105466
0.11086236,8.6850105,-11.085985,-5.3076655,38.418055,61.610559,-3.9120179,96.051782,-62.319775,-3.0338502,122.32125,21.95075,0.075297315
0.11089306,8.6034482,-14.342823,-5.2904602,40.591033,63.885471,-3.9677792,96.561419,-61.296666,-3.0315237,120.40615,15.136869,-0.10144884
0.11092375,8.2982923,-17.46936,-5.2559146,43.044732,65.666532,-3.990806,96.849942,-60.088386,-3.0162328,118.4307,8.137141,-0.32131921
0.11095444,7.8892414,-20.489883,-5.2183816,45.76999,67.00286,-3.9966444,96.917983,-58.651601,-2.9984387,116.46682,1.0653535,-0.60601075
0.11098514,7.3916262,-23.405876,-5.181386,48.69928,67.991474,-3.9833718,96.757372,-56.958932,-2.9797562,114.56717,-5.9167573,-0.85961891
0.11101583,6.8144181,-26.206025,-5.1223686,51.822595,68.725971,-3.9481683,96.369516,-54.956854,-2.9717512,112.79829,-12.706872,-1.1264324
0.11104652,6.1861061,-28.808564,-5.0593684,55.259707,69.258393,-3.8763194,95.743264,-52.608256,-2.9752941,111.21599,-19.204228,-1.3861829
0.11107721,5.4362781,-31.14737,-4.9926528,58.969365,69.564224,-3.782781,94.889822,-49.852565,-2.9812557,109.86676,-25.328587,-1.6333135
0.1111079,4.6293557,-33.242116,-4.9319367,62.831561,69.671174,-3.6788294,93.837189,-46.616079,-3.0014002,108.7752,-31.003614,-1.835821
0.11113859,3.7981594,-35.095332,-4.8835595,66.757392,69.671097,-3.5622137,92.579591,-42.83373,-3.0345545,107.94638,-36.165773,-2.0141538
0.11116928,2.9483462,-36.695882,-4.8323204,70.430878,69.582667,-3.441626,91.150006,-38.499563,-3.085907,107.44902,-40.785067,-2.1648244
0.11119997,2.0742468,-38.029093,-4.7460524,73.778654,69.39543,-3.3292669,89.495675,-33.665304,-3.1450176,107.27978,-44.835514,-2.2878727
0.11123066,1.1252702,-39.04458,-4.6527078,76.802329,69.144669,-3.2257583,87.703161,-28.359184,-3.1924375,107.40072,-48.317686,-2.3877818
0.11126135,0.19383409,-39.745455,-4.58407,79.492614,68.86172,-3.1388312,85.796623,-22.634387,-3.2435626,107.72875,-51.246134,-2.4697953
0.11129204,-0.69306807,-40.138966,-4.5215108,81.854784,68.510074,-3.0706361,83.827715,-16.54169,-3.2985416,108.28547,-53.666623,-2.5407584
0.11132273,-1.5232781,-40.251509,-4.4651968,83.892953,67.983048,-3.0082556,81.766259,-10.208383,-3.3742965,109.01195,-55.622286,-2.6057443
0.11135342,-2.2895955,-40.096814,-4.4128889,85.606734,67.196392,-2.9442214,79.769134,-3.6233481,-3.4265541,109.81585,-57.132841,-2.664891
0.11138411,-3.0089742,-39.657784,-4.3615842,87.009391,66.20105,-2.8789445,77.986424,2.9886279,-3.4611463,110.69526,-58.243922,-2.7162049
0.1114148,-3.6958612,-38.926444,-4.3146378,88.125135,64.956846,-2.8120594,76.505367,9.5982339,-3.4713106,111.62032,-59.035214,-2.7662637
0.11144549,-4.3414149,-37.927172,-4.2699563,88.941762,63.406797,-2.7599081,75.434552,16.117871,-3.5685531,112.56745,-59.572114,-2.80655
0.11147618,-5.0015671,-36.670475,-4.2454747,89.47806,61.50606,-2.7072421,74.812988,22.311464,-3.578547,113.50228,-59.916089,-2.8274726
0.11150688,-5.6448122,-35.166479,-4.2218395,89.706965,59.257339,-2.6502931,74.638305,28.141316,-3.5812519,114.35036,-60.141865,-2.8366108
0.11153757,-6.270469,-33.422929,-4.1948865,89.626314,56.643857,-2.5922874,74.848007,33.519797,-3.5796999,115.15188,-60.232517,-2.8377738
0.11156827,-6.8864755,-31.434463,-4.1771522,89.34982,53.660932,-2.5232455,75.307827,38.425985,-3.581513,115.87709,-60.18664,-2.8275183
0.11159896,-7.4577341,-29.229568,-4.1759157,88.832235,50.212846,-2.4684608,76.0956,42.75429,-3.5870224,116.49128,-60.041139,-2.798731
0.11162966,-8.0678976,-26.835959,-4.1832675,88.057694,46.335471,-2.4136547,77.185911,46.52195,-3.5969212,116.9732,-59.820669,-2.7531965
0.11166036,-8.7353474,-24.227894,-4.1971758,87.013907,42.048297,-2.3634134,78.59456,49.745965,-3.6034066,117.31418,-59.535598,-2.6965306
0.11169106,-9.425969,-21.467628,-4.2093495,85.630784,37.350683,-2.2947604,80.342302,52.403491,-3.6063027,117.50751,-59.123085,-2.632508
0.11172176,-10.069167,-18.558717,-4.2159541,84.211266,32.404758,-2.2221228,82.498061,54.52046,-3.6081022,117.53342,-58.502273,-2.5667699
0.11175246,-10.646246,-15.475276,-4.2356624,82.582968,27.049208,-2.1740564,85.107971,56.12669,-3.6041084,117.37237,-57.62718,-2.4958385
0.11178316,-11.216386,-12.228604,-4.2738041,80.736107,21.394998,-2.1427576,88.101233,57.323455,-3.5885374,117.01111,-56.42418,-2.4270606
0.11181387,-11.903438,-8.8752266,-4.3181277,78.664765,15.461138,-2.1314525,91.372181,58.259102,-3.5629271,116.44246,-54.792474,-2.3659738
0.11184457,-12.621576,-5.3496626,-4.375088,76.397668,9.2069643,-2.0910338,94.661991,59.030884,-3.5271295,115.66012,-52.742667,-2.3299183
0.11187528,-13.355265,-1.798259,-4.3484108,73.907391,2.8939312,-2.0712527,97.863773,59.6743,-3.4760409,114.66618,-50.227303,-2.3182005
0.11190599,-14.080172,1.8103825,-4.3659884,71.189002,-3.5904307,-2.0574545,100.91197,60.245883,-3.4101089,113.47305,-47.183312,-2.3277998
0.1119367,-14.798403,5.5547707,-4.4432782,68.320127,-10.153041,-2.0606597,103.772,60.799968,-3.3302796,112.09868,-43.545337,-2.3541574
0.11196741,-15.506165,9.2834278,-4.5194462,65.334114,-16.732253,-2.0785073,106.42102,61.364005,-3.2377309,110.56902,-39.28009,-2.4050625
0.11199813,-16.175603,12.962396,-4.5905797,62.426133,-23.263515,-2.0596854,108.84437,61.890315,-3.1294697,108.88649,-34.476995,-2.4754315
0.11202884,-16.857223,16.614171,-4.6317098,59.54152,-29.545122,-2.0482471,111.04034,62.364452,-3.0086002,107.12425,-29.189174,-2.5641329
0.11205955,-17.613181,20.171126,-4.6915485,56.984254,-35.542261,-2.0360239,113.00612,62.841905,-2.8751756,105.31725,-23.502523,-2.6515505
0.11209027,-18.384779,23.766184,-4.7567641,54.815565,-41.176565,-2.0383636,114.73846,63.290848,-2.7292446,103.55868,-17.512313,-2.7475592
0.11212098,-19.147487,27.307987,-4.8476127,53.080188,-46.37191,-2.0504261,116.23574,63.645357,-2.5742145,101.86927,-11.343367,-2.8645107
0.1121517,-19.685791,30.693149,-4.9309272,51.693095,-51.067608,-2.0653353,117.51056,63.872671,-2.4047218,100.34425,-5.0937262,-2.9741905
0.11218241,-20.040667,33.892387,-4.9984337,50.490452,-55.186404,-2.0928084,118.58523,63.960321,-2.2181236,99.053184,1.1662287,-3.0576411
0.11221313,-20.374685,36.858046,-5.0457382,49.427685,-58.633217,-2.1366455,119.47059,63.950811,-2.0202766,98.049017,7.2660324,-3.0898603
0.11224384,-20.659609,39.598779,-5.0808171,48.627191,-61.308853,-2.2010584,120.15485,63.841147,-1.8218956,97.360882,13.139055,-3.1666525
0.11227455,-20.877345,42.185368,-5.0984257,48.051219,-63.31949,-2.2788996,120.6278,63.609086,-1.6160492,96.999592,18.687582,-3.1789668
0.11230527,-20.954305,44.575944,-5.0943014,47.572902,-64.765475,-2.3716153,120.893,63.002304,-1.3984506,96.937823,23.853149,-3.1680111
0.11233598,-20.848238,46.714191,-5.0640357,47.200259,-65.743452,-2.4726307,120.92349,61.916284,-1.1700052,97.109541,28.563368,-3.1331715
0.11236669,-20.605303,48.605209,-5.0193691,46.950163,-66.306125,-2.578338,120.71767,60.247517,-0.95566811,97.449838,32.788339,-3.1049267
0.1123974,-20.204227,50.198846,-4.9651359,46.794207,-66.49093,-2.6826395,120.27835,57.9007,-0.75890667,98.0059,36.496613,-3.0770937
0.11242811,-19.635734,51.488826,-4.8942364,46.882628,-66.300147,-2.7808124,119.56197,54.810754,-0.5766525,98.80564,39.697615,-3.0577548
0.11245882,-18.909835,52.480258,-4.8155598,47.14168,-65.750326,-2.8760906,118.62675,51.145778,-0.42547526,99.886356,42.408306,-3.0477914
0.11248953,-18.010407,53.097937,-4.7198884,47.513085,-64.847164,-2.95414,117.40765,46.857355,-0.29891763,101.31537,44.67262,-3.0596669
0.11252025,-16.98418,53.41137,-4.6113252,47.963009,-63.601794,-3.0229998,115.91113,41.93196,-0.21245652,103.11156,46.531883,-3.0941519
0.11255096,-15.86696,53.536093,-4.5002739,48.420663,-62.044417,-3.0924135,114.11705,36.38795,-0.1792513,105.10384,48.045393,-3.1411018
0.11258167,-14.669486,53.446585,-4.3903578,48.82195,-60.198247,-3.1614274,112.09809,30.325215,-0.16808463,107.2267,49.289993,-3.1945641
0.11261238,-13.40959,53.119414,-4.2950977,49.131657,-58.044668,-3.2289681,109.87147,23.800563,-0.21593448,109.41056,50.354302,-3.2471594
0.11264309,-12.090639,52.549093,-4.220957,49.315696,-55.591996,-3.2888824,107.4613,16.860753,-0.3161121,111.59909,51.291569,-3.286824
0.1126738,-10.733647,51.752116,-4.1648839,49.359983,-52.85697,-3.3334561,104.88327,9.5988774,-0.4836997,113.75368,52.151523,-3.3077629
0.11270451,-9.3702599,50.732033,-4.1300563,49.291002,-49.825405,-3.3855799,102.1925,2.0901141,-0.61660653,115.84086,52.976392,-3.3065549
0.11273522,-8.0044934,49.482429,-4.1114673,49.068847,-46.46246,-3.4400582,99.460296,-5.3997732,-0.85762313,117.83955,53.830899,-3.2787384
0.11276594,-6.657559,48.025985,-4.1059689,48.690022,-42.783799,-3.4858299,96.768248,-12.839457,-1.1200395,119.73134,54.695197,-3.218059
0.11279665,-5.3515208,46.371973,-4.1149698,48.149005,-38.761552,-3.5361573,94.2132,-20.123017,-1.3919153,121.49166,55.543135,-3.1251254
0.11282737,-4.0859038,44.512872,-4.1276494,47.365018,-34.444216,-3.5325965,91.985972,-27.139673,-1.658775,123.1035,56.368172,-2.9984639
0.11285808,-2.8598744,42.456883,-4.1691497,46.553408,-29.864897,-3.5499392,90.093371,-33.729979,-1.8897384,124.57092,57.14898,-2.8365334
0.1128888,-1.7149287,40.249559,-4.2757831,45.606039,-24.966423,-3.5777117,88.623848,-39.778105,-2.0942477,125.89919,57.792238,-2.6465218
0.11291952,-0.66999481,37.891177,-4.3916401,44.548759,-19.753015,-3.6069551,87.595488,-45.279481,-2.2706462,127.08399,58.326425,-2.4386422
0.11295024,0.40196239,35.353225,-4.5478564,43.475233,-14.179213,-3.6704319,86.994941,-50.158009,-2.4220207,128.11353,58.741354,-2.2091382
0.11298096,1.4523751,32.624843,-4.6507294,42.159147,-8.2436266,-3.6542595,86.675901,-54.333536,-2.5416844,128.98019,59.015307,-1.9545035
0.11301169,2.4232103,29.714278,-4.7329155,40.808787,-2.2176117,-3.6091472,86.56141,-57.686076,-2.6504207,129.6874,59.123721,-1.6841272
0.11304241,3.2838398,26.645637,-4.806816,39.457981,4.0208704,-3.6049545,86.602678,-60.307426,-2.7483265,130.2497,59.120741,-1.4102387
0.11307313,4.1620967,23.486233,-4.8843276,38.16385,10.416659,-3.5830433,86.901593,-62.199067,-2.830846,130.65643,59.033485,-1.1330717
0.11310386,5.0973216,20.232844,-4.9800304,36.965585,16.964049,-3.6228866,87.490204,-63.533249,-2.9016727,130.85985,58.81357,-0.85745505
0.11313459,5.8804849,16.875885,-5.0614213,35.90338,23.368538,-3.6529587,88.297134,-64.503008,-2.9648086,130.83981,58.064618,-0.59375961
0.11316532,6.5332273,13.410663,-5.1818428,34.850516,29.57461,-3.6674468,89.27005,-65.187428,-3.0230966,130.57452,56.568909,-0.33084298
0.11319605,7.1023136,9.8310907,-5.2874002,34.028452,35.51144,-3.7089669,90.33338,-65.561589,-3.0800516,130.08184,54.178067,-0.11307684
0.11322678,7.5822936,6.254494,-5.3552963,33.643026,41.093567,-3.7574289,91.434847,-65.619265,-3.1365869,129.3238,50.821044,0.05095243
0.11325751,7.9827821,2.7638536,-5.4263486,33.723277,46.27234,-3.8473446,92.561012,-65.457695,-3.1915253,128.33101,46.702248,0.16083332
0.11328824,8.2764973,-0.7540376,-5.4755386,34.475053,50.91086,-3.9183268,93.666761,-65.11102,-3.2354768,127.09397,41.908208,0.22090783
0.11331897,8.5039041,-4.3714555,-5.5227542,35.637393,54.996788,-3.9760332,94.710863,-64.587658,-3.2656246,125.60353,36.448085,0.22879891
0.1133497,8.6941181,-7.859788,-5.5233892,37.175576,58.501923,-4.0255115,95.650672,-63.908624,-3.2868872,123.91054,30.428363,0.15899
0.11338043,8.8485362,-11.316962,-5.5032251,39.05411,61.470159,-4.0681182,96.433909,-63.081216,-3.2972898,122.09233,23.983444,0.047331275
0.11341116,8.7545949,-14.649527,-5.4705785,41.219987,63.909808,-4.1161241,97.012237,-62.061382,-3.302687,120.1996,17.219934,-0.12496179
0.11344189,8.4363453,-17.834389,-5.4270427,43.696448,65.817751,-4.1335487,97.364006,-60.887676,-3.2962927,118.25013,10.245744,-0.34665613
0.11347262,8.0207631,-20.9114,-5.3781657,46.455338,67.256022,-4.1317844,97.489123,-59.512206,-3.2832236,116.30406,3.1671288,-0.62219377
0.11350335,7.5212353,-23.88363,-5.3274213,49.422721,68.317628,-4.1193966,97.38075,-57.888931,-3.2697468,114.41928,-3.8809208,-0.86648708
0.11353407,6.9345033,-26.741828,-5.2636737,52.587444,69.101625,-4.0956962,97.035691,-55.971731,-3.2622146,112.65497,-10.750963,-1.1591151
0.1135648,6.3318434,-29.423538,-5.1902308,56.057269,69.669025,-4.0500233,96.457862,-53.715688,-3.2699933,111.06919,-17.354918,-1.4511566
0.11359553,5.6118759,-31.842835,-5.1125888,59.800509,70.026253,-3.9857851,95.637507,-51.069605,-3.2847938,109.70942,-23.605343,-1.7267749
0.11362625,4.8390659,-34.017057,-5.0383731,63.688383,70.174353,-3.9108398,94.615117,-47.961516,-3.3089624,108.62744,-29.427522,-1.9648649
0.11365698,4.0412854,-35.94231,-4.9727758,67.62069,70.19158,-3.8248778,93.381231,-44.310127,-3.3453034,107.77122,-34.748234,-2.169104
0.11368771,3.2333711,-37.611237,-4.9252311,71.25719,70.116387,-3.7346602,91.973445,-40.077346,-3.4056024,107.2181,-39.536457,-2.3389162
0.11371843,2.4238199,-39.013012,-4.8418481,74.554453,69.939215,-3.6467365,90.338083,-35.341832,-3.4768939,107.00359,-43.764761,-2.4765916
0.11374916,1.5501966,-40.097913,-4.7367255,77.520549,69.669547,-3.5633371,88.510348,-30.090421,-3.5380975,107.0997,-47.419821,-2.586779
0.11377988,0.68653247,-40.844462,-4.6527702,80.153368,69.35137,-3.4913575,86.616391,-24.413485,-3.610294,107.38056,-50.520099,-2.6770763
0.11381061,-0.13897376,-41.282423,-4.5785728,82.460278,68.973397,-3.4348041,84.621978,-18.353023,-3.6779664,107.90264,-53.100017,-2.7522541
0.11384133,-0.91026428,-41.428767,-4.5110885,84.446584,68.464997,-3.3820595,82.568863,-11.999331,-3.7860107,108.60086,-55.207334,-2.818115
0.11387206,-1.620911,-41.298967,-4.4507478,86.115898,67.70747,-3.3258801,80.535796,-5.4251805,-3.9006621,109.40563,-56.878204,-2.8793874
0.11390279,-2.2753879,-40.888854,-4.3942645,87.463735,66.703029,-3.261661,78.672979,1.2519805,-3.9424032,110.30829,-58.131079,-2.9350784
0.11393352,-2.9045064,-40.17738,-4.3418763,88.526304,65.469395,-3.1894617,77.118146,7.9321264,-3.9791687,111.25558,-59.034902,-2.9846163
0.11396424,-3.509184,-39.183209,-4.3014902,89.301134,63.938736,-3.1244257,75.96957,14.566123,-4.0561885,112.22616,-59.65062,-3.0323772
0.11399497,-4.1228787,-37.925311,-4.2644821,89.795969,62.0726,-3.0712223,75.275056,20.882539,-4.0872409,113.19052,-60.052313,-3.0669084
0.1140257,-4.7350267,-36.413879,-4.2410762,89.994379,59.871319,-3.0088523,75.046199,26.862763,-4.0951029,114.10948,-60.302518,-3.087451
0.11405643,-5.3300513,-34.66007,-4.2191554,89.874445,57.297724,-2.9250696,75.199707,32.39349,-4.0877719,114.94058,-60.450744,-3.098097
0.11408716,-5.9223812,-32.650304,-4.2048041,89.556477,54.374857,-2.8265187,75.651817,37.454476,-4.0578976,115.69779,-60.453011,-3.1003491
0.11411789,-6.4700581,-30.418485,-4.2117989,89.001094,50.988748,-2.7288641,76.375056,41.962805,-4.0475921,116.35081,-60.346152,-3.0880344
0.11414862,-7.0621061,-27.978366,-4.2344994,88.190027,47.156377,-2.6331885,77.401189,45.892898,-4.0306513,116.87221,-60.135983,-3.0552191
0.11417935,-7.7019782,-25.386171,-4.2580422,87.117184,42.896743,-2.5444845,78.751108,49.281532,-4.0057368,117.25008,-59.828288,-3.0053607
0.11421008,-8.3661985,-22.616963,-4.288123,85.68726,38.202737,-2.4492478,80.433941,52.091509,-3.979832,117.4804,-59.454448,-2.9451188
0.1142408,-9.0329432,-19.660284,-4.3013372,84.215153,33.250789,-2.3599719,82.545256,54.339558,-3.9552525,117.54999,-58.909249,-2.8801729
0.11427153,-9.61969,-16.553546,-4.3245142,82.535883,27.880009,-2.2759866,85.141609,56.054826,-3.926609,117.43337,-58.116073,-2.8130284
0.11430226,-10.16949,-13.270359,-4.3675989,80.640769,22.183088,-2.2303054,88.139003,57.330668,-3.8938136,117.1164,-57.031727,-2.742168
0.11433298,-10.823192,-9.8527735,-4.4115167,78.521001,16.192143,-2.211989,91.387258,58.318964,-3.8569193,116.59215,-55.552617,-2.674094
0.11436371,-11.545812,-6.307957,-4.5023456,76.213063,9.8537823,-2.1875197,94.648409,59.124947,-3.8161563,115.85153,-53.626535,-2.6248752
0.11439443,-12.276235,-2.6543934,-4.4826347,73.680383,3.4339599,-2.1743785,97.828979,59.799793,-3.7655891,114.89403,-51.248843,-2.6064164
0.11442516,-13.019778,0.99541391,-4.4963429,70.937955,-3.1549184,-2.1673607,100.85729,60.401008,-3.7086398,113.7318,-48.355418,-2.6147171
0.11445589,-13.757229,4.7727466,-4.5157904,68.04078,-9.8397075,-2.1875506,103.70263,60.964365,-3.6410307,112.3826,-44.890206,-2.6445971
0.11448661,-14.489979,8.5664993,-4.6011294,65.03466,-16.542417,-2.2219066,106.3422,61.521043,-3.5615594,110.86728,-40.800323,-2.7008837
0.11451734,-15.194141,12.303356,-4.6678208,62.14181,-23.21951,-2.2398141,108.7588,62.065941,-3.4662612,109.20041,-36.135164,-2.780922
0.11454806,-15.872638,16.035135,-4.6956896,59.292069,-29.648914,-2.2530811,110.94912,62.551572,-3.3546292,107.44152,-30.966017,-2.8797648
0.11457879,-16.632594,19.657014,-4.7345091,56.78479,-35.790038,-2.2655193,112.90744,63.002325,-3.2286012,105.61148,-25.359068,-2.9902549
0.11460952,-17.400238,23.315594,-4.7695534,54.690722,-41.56542,-2.2878775,114.63616,63.441937,-3.0881525,103.83046,-19.423616,-3.1054457
0.11464024,-18.182784,26.941199,-4.8270885,53.028988,-46.906399,-2.3199196,116.13,63.797079,-2.9328075,102.13171,-13.266695,-3.2569366
0.11467097,-18.734572,30.41354,-4.8874549,51.713643,-51.750259,-2.3575224,117.39931,64.028444,-2.7626862,100.57092,-7.0102217,-3.3959693
0.1147017,-19.09885,33.694473,-4.9291852,50.568993,-55.993694,-2.4107423,118.46468,64.136558,-2.5737482,99.234751,-0.74303274,-3.516708
0.11473243,-19.436082,36.747585,-4.9401475,49.587255,-59.534136,-2.4681798,119.33823,64.147056,-2.3677461,98.181429,5.4234327,-3.5933874
0.11476315,-19.70661,39.554217,-4.9306653,48.872885,-62.273981,-2.5437028,120.01594,64.059129,-2.1551649,97.434509,11.397531,-3.6769261
0.11479388,-19.895056,42.197784,-4.901813,48.371693,-64.331476,-2.6380077,120.48245,63.872364,-1.9353644,97.014741,17.055933,-3.7094821
0.11482461,-19.950353,44.658425,-4.8582855,47.989412,-65.797063,-2.7380502,120.7356,63.39715,-1.7007143,96.898328,22.350825,-3.7106191
0.11485534,-19.790705,46.861257,-4.7911503,47.713079,-66.783035,-2.8442552,120.75705,62.473506,-1.4557494,97.028759,27.206778,-3.6764941
0.11488608,-19.451574,48.803182,-4.7186328,47.568445,-67.354919,-2.9557873,120.5373,60.969672,-1.2103342,97.303374,31.584888,-3.6270751
0.11491681,-18.939839,50.434899,-4.6436449,47.551379,-67.553941,-3.0712907,120.07211,58.799778,-0.98573398,97.799431,35.448486,-3.577432
0.11494754,-18.262772,51.754938,-4.5604929,47.785818,-67.375035,-3.1772646,119.32646,55.851675,-0.77873678,98.538223,38.802435,-3.5268631
0.11497827,-17.437099,52.764362,-4.4743175,48.179578,-66.837592,-3.2763498,118.36294,52.285794,-0.59887431,99.53711,41.660399,-3.4842395
0.11500901,-16.441416,53.418223,-4.3742919,48.664553,-65.971692,-3.3603884,117.11579,48.098895,-0.44671715,100.87002,44.053899,-3.4563506
0.11503974,-15.322892,53.748755,-4.2654999,49.200226,-64.7538,-3.4336462,115.5879,43.254095,-0.33791309,102.57395,46.030283,-3.449855
0.11507048,-14.124805,53.867158,-4.1641645,49.729171,-63.202684,-3.5123407,113.77498,37.763666,-0.27650593,104.5076,47.643858,-3.4584061
0.11510122,-12.854184,53.757474,-4.0820637,50.190296,-61.352675,-3.5973895,111.68893,31.692621,-0.23469948,106.58268,48.962823,-3.4794617
0.11513196,-11.526284,53.400928,-4.0299316,50.545092,-59.199188,-3.6862893,109.4299,25.15045,-0.2628552,108.73211,50.073017,-3.5074077
0.1151627,-10.167637,52.799509,-4.0013574,50.771861,-56.738851,-3.772874,106.99078,18.178166,-0.35261189,110.89897,51.041844,-3.5285211
0.11519344,-8.7977314,51.969334,-3.990029,50.828569,-53.986274,-3.8438432,104.40531,10.849912,-0.52211453,113.04193,51.92187,-3.5384011
0.11522418,-7.4559281,50.911574,-3.9995874,50.767588,-50.933002,-3.9137541,101.71946,3.2448133,-0.73928624,115.12516,52.753695,-3.5397643
0.11525492,-6.1425225,49.629694,-4.0274785,50.5459,-47.557505,-3.9822957,99.002574,-4.3740832,-0.9832811,117.12217,53.586893,-3.5284548
0.11528566,-4.8558629,48.14355,-4.0713862,50.162278,-43.865563,-4.0434259,96.323325,-11.970014,-1.2703496,119.01957,54.454137,-3.4949238
0.11531641,-3.6100445,46.463061,-4.1292414,49.623961,-39.843649,-4.1130235,93.807572,-19.431635,-1.5869035,120.79262,55.316681,-3.4336224
0.11534715,-2.4035869,44.580171,-4.1791096,48.809728,-35.496164,-4.1680554,91.605265,-26.617551,-1.8919506,122.4191,56.153917,-3.3395831
0.11537789,-1.3036044,42.501706,-4.2419544,47.958047,-30.88025,-4.1976048,89.784495,-33.404185,-2.1475633,123.89494,56.953817,-3.1975104
0.11540863,-0.25194477,40.253746,-4.3729928,46.981331,-25.954051,-4.25113,88.38247,-39.644937,-2.3826887,125.2293,57.655462,-3.0131999
0.11543936,0.84529814,37.853036,-4.5204709,45.884941,-20.70873,-4.304404,87.430446,-45.342135,-2.5811631,126.41665,58.217128,-2.8062553
0.1154701,1.869547,35.287278,-4.6966848,44.777252,-15.137763,-4.3721878,86.903012,-50.369163,-2.751024,127.44758,58.666226,-2.5773581
0.11550084,2.8463768,32.542472,-4.8256394,43.4219,-9.1962538,-4.4420057,86.707653,-54.702765,-2.8849936,128.31058,58.992903,-2.321874
0.11553157,3.7397034,29.612875,-4.9291565,42.014309,-3.0758965,-4.3744935,86.693797,-58.216384,-2.9990611,129.01003,59.145444,-2.0447474
0.11556231,4.4962707,26.512447,-5.0181052,40.598286,3.2158964,-4.3843714,86.85217,-60.876007,-3.0953867,129.54531,59.184355,-1.7581657
0.11559304,5.301507,23.324204,-5.0925275,39.235976,9.6663329,-4.3796826,87.258035,-62.834842,-3.1749495,129.93104,59.130209,-1.4687563
0.11562378,6.1497665,20.033629,-5.1770786,37.980046,16.261472,-4.3620281,87.953022,-64.253866,-3.2521701,130.11953,58.967546,-1.1801363
0.11565451,6.8610251,16.672468,-5.2596768,36.835929,22.73927,-4.414592,88.857426,-65.20606,-3.3170051,130.08748,58.424477,-0.89825462
0.11568525,7.427155,13.192019,-5.3715698,35.806546,29.062023,-4.4039105,89.889451,-65.906085,-3.3739937,129.80944,57.189443,-0.61993117
0.11571598,7.9176857,9.5958135,-5.4946565,34.996983,35.11149,-4.4020389,91.001015,-66.32095,-3.4305505,129.29719,55.084624,-0.36994562
0.11574671,8.3413459,5.96812,-5.5623961,34.63833,40.810847,-4.3918129,92.148161,-66.433743,-3.4855151,128.53695,52.034894,-0.18029269
0.11577745,8.6872819,2.4275467,-5.6150443,34.760487,46.106672,-4.3884588,93.323766,-66.324745,-3.534684,127.53676,48.098081,-0.041369353
0.11580818,8.9295308,-1.1193571,-5.6653679,35.536075,50.882094,-4.3983158,94.479993,-65.99785,-3.5846498,126.30247,43.47091,0.040312027
0.11583892,9.1031417,-4.7860123,-5.7206421,36.77521,55.10631,-4.3832498,95.563652,-65.477002,-3.6278647,124.81733,38.153582,0.070207463
0.11586965,9.2267757,-8.3150748,-5.7076537,38.417075,58.731501,-4.3640087,96.535111,-64.800989,-3.6614255,123.13595,32.230719,0.030950995
0.11590038,9.3264798,-11.812511,-5.7060689,40.427662,61.804092,-4.3401878,97.341174,-63.973741,-3.684419,121.30912,25.829922,-0.053101544
0.11593112,9.1706806,-15.193503,-5.6623669,42.73069,64.347567,-4.3268579,97.9423,-62.953689,-3.7022539,119.42681,19.085815,-0.21237259
0.11596185,8.802892,-18.428762,-5.6103325,45.349108,66.333439,-4.3105041,98.309103,-61.773713,-3.7110177,117.50624,12.090469,-0.4295201
0.11599259,8.3583423,-21.55254,-5.5488113,48.170517,67.831255,-4.2869924,98.441969,-60.425603,-3.7084644,115.59411,4.960422,-0.69843413
0.11602332,7.8380964,-24.574494,-5.4839109,51.178008,68.929797,-4.2644186,98.340475,-58.838422,-3.702171,113.75872,-2.1914875,-0.98216707
0.11605406,7.2234007,-27.481306,-5.4196079,54.443402,69.732969,-4.2426823,97.998505,-56.971323,-3.696194,112.04196,-9.1722397,-1.282013
0.1160848,6.6307258,-30.210356,-5.3317955,58.012329,70.299474,-4.2200208,97.420473,-54.774917,-3.7065874,110.50825,-15.91464,-1.5928878
0.11611553,5.9196897,-32.700607,-5.2291908,61.829099,70.680614,-4.1924367,96.602954,-52.198047,-3.7269048,109.20528,-22.320113,-1.8823808
0.11614627,5.1459781,-34.940816,-5.1244992,65.761028,70.862859,-4.1633934,95.569706,-49.172226,-3.7543281,108.19023,-28.312519,-2.1445775
0.11617701,4.3415814,-36.93054,-5.0262242,69.586248,70.895085,-4.1316235,94.31994,-45.616001,-3.795669,107.39966,-33.811724,-2.3666453
0.11620775,3.5261899,-38.655459,-4.9359051,73.076265,70.833176,-4.0971901,92.892591,-41.47645,-3.8558708,106.88884,-38.774691,-2.5578214
0.11623849,2.7303219,-40.109377,-4.8526564,76.213361,70.675274,-4.0580816,91.24024,-36.80449,-3.9373613,106.71558,-43.17076,-2.7158529
0.11626923,1.9379211,-41.250158,-4.7311907,79.011111,70.435146,-4.0187319,89.383839,-31.592403,-4.0239153,106.84611,-46.988203,-2.8434503
0.11629997,1.1372245,-42.047115,-4.6003864,81.485784,70.091957,-3.9802719,87.465143,-25.933687,-4.1161641,107.16373,-50.255457,-2.9467926
0.11633071,0.37807207,-42.531799,-4.5014359,83.654707,69.66255,-3.9428959,85.43688,-19.868869,-4.2067871,107.71041,-52.977683,-3.0344076
0.11636146,-0.3199735,-42.719337,-4.414758,85.516362,69.133106,-3.9044654,83.402425,-13.465874,-4.3440978,108.44093,-55.19231,-3.1090828
0.1163922,-0.94537013,-42.619237,-4.3414468,87.074047,68.379575,-3.8535106,81.353621,-6.8460156,-4.4701759,109.277,-56.95776,-3.1758332
0.11642295,-1.5184538,-42.236093,-4.2794215,88.312232,67.340104,-3.7819028,79.431294,-0.063667487,-4.5433685,110.22193,-58.31688,-3.2397626
0.11645369,-2.0710646,-41.546117,-4.2259343,89.271683,66.071669,-3.69277,77.833793,6.7178665,-4.6131797,111.22343,-59.278391,-3.2971207
0.11648444,-2.6157606,-40.561566,-4.1902012,89.957683,64.527858,-3.5954949,76.654163,13.478152,-4.6297468,112.23627,-59.933666,-3.3516376
0.11651519,-3.1832615,-39.305447,-4.1667867,90.371691,62.679486,-3.5021263,75.910667,19.946352,-4.6996056,113.23301,-60.357593,-3.3974
0.11654593,-3.7546366,-37.789394,-4.157726,90.507746,60.51674,-3.406585,75.595125,26.071792,-4.719768,114.17606,-60.617577,-3.4297794
0.11657668,-4.3108924,-36.027573,-4.1574337,90.32507,57.989124,-3.2949273,75.728326,31.755164,-4.7002112,115.04202,-60.762783,-3.4508146
0.11660743,-4.8749526,-33.996494,-4.1627597,89.942793,55.120365,-3.1627925,76.152006,36.963277,-4.6450415,115.80986,-60.788182,-3.4580699
0.11663817,-5.4079634,-31.753691,-4.1870284,89.327402,51.805819,-3.0252083,76.822568,41.625355,-4.5995311,116.472,-60.691137,-3.4517009
0.11666892,-5.9723739,-29.297772,-4.2378693,88.4619,48.02886,-2.9053009,77.912217,45.690881,-4.5310777,117.0058,-60.506182,-3.427459
0.11669966,-6.5912691,-26.706661,-4.2868959,87.343961,43.816744,-2.7921227,79.36767,49.209475,-4.4560661,117.39484,-60.217473,-3.3839038
0.1167304,-7.2336817,-23.925677,-4.3469777,85.88069,39.15619,-2.700569,81.122219,52.130596,-4.3825216,117.63524,-59.843219,-3.3263978
0.11676115,-7.9160349,-20.949926,-4.394604,84.329804,34.178798,-2.5725046,83.332028,54.446019,-4.3146082,117.7179,-59.351192,-3.2598378
0.11679189,-8.5114174,-17.830036,-4.4379837,82.590523,28.834414,-2.462144,86.04358,56.214168,-4.2571125,117.62012,-58.628995,-3.1911531
0.11682263,-9.0370896,-14.493794,-4.4973682,80.639217,23.113085,-2.3995374,89.124253,57.53302,-4.2070743,117.32235,-57.627813,-3.1194988
0.11685337,-9.6735962,-11.032581,-4.5671174,78.469821,17.082332,-2.3730323,92.319525,58.559134,-4.1683955,116.81817,-56.281702,-3.0491079
0.11688411,-10.396409,-7.4782714,-4.6485108,76.10711,10.710969,-2.4275782,95.502968,59.381388,-4.1387448,116.09956,-54.48465,-2.9907721
0.11691485,-11.143468,-3.7564018,-4.690041,73.531452,4.1746957,-2.3686422,98.589415,60.060376,-4.1050187,115.15764,-52.240893,-2.9642241
0.11694559,-11.897684,-0.079173989,-4.7101664,70.76808,-2.5134985,-2.3787393,101.5222,60.654214,-4.0708929,114.00717,-49.499597,-2.9658058
0.11697633,-12.655368,3.7082393,-4.7252388,67.838925,-9.3149901,-2.4221051,104.2683,61.224657,-4.0315376,112.66268,-46.207473,-2.9916927
0.11700708,-13.414944,7.5574083,-4.7972596,64.812912,-16.14297,-2.4819648,106.81,61.768482,-3.9810685,111.14675,-42.292744,-3.0496092
0.11703782,-14.157032,11.34218,-4.8799017,61.899802,-22.952142,-2.566771,109.13786,62.294515,-3.913393,109.47883,-37.765578,-3.1452822
0.11706856,-14.849158,15.131864,-4.923131,59.086731,-29.539346,-2.5938703,111.24558,62.79941,-3.8223691,107.70079,-32.713995,-3.2537352
0.1170993,-15.618268,18.81748,-4.9395143,56.616742,-35.834979,-2.6227552,113.12728,63.237422,-3.7107354,105.86062,-27.197912,-3.3749324
0.11713004,-16.398345,22.521503,-4.9610841,54.580762,-41.771075,-2.6534203,114.79072,63.642808,-3.5808991,104.04048,-21.310824,-3.4999447
0.11716078,-17.1995,26.205184,-4.9798348,52.975069,-47.270979,-2.688135,116.2369,63.975891,-3.4298554,102.33224,-15.157567,-3.6442164
0.11719153,-17.802891,29.756112,-5.0160597,51.70646,-52.266363,-2.724016,117.46636,64.213084,-3.2598403,100.74402,-8.8696043,-3.7884389
0.11722227,-18.212612,33.114594,-5.0202999,50.625196,-56.653426,-2.7618354,118.49454,64.332279,-3.0676482,99.387493,-2.5427676,-3.9321792
0.11725301,-18.558404,36.262869,-4.9893635,49.718641,-60.308035,-2.8028304,119.33504,64.354517,-2.8531169,98.313323,3.7175742,-4.0389871
0.11728376,-18.846388,39.150637,-4.9322154,49.083818,-63.129048,-2.861203,119.98945,64.303738,-2.6241591,97.541006,9.8259929,-4.1280911
0.1173145,-19.037013,41.857878,-4.8534869,48.654016,-65.252009,-2.9388618,120.44155,64.178341,-2.3880445,97.09611,15.622979,-4.199862
0.11734525,-19.072705,44.396911,-4.7637169,48.368113,-66.776406,-3.0275491,120.67544,63.86634,-2.1339601,96.950761,21.070548,-4.2257098
0.11737599,-18.878867,46.680252,-4.6594873,48.194055,-67.774857,-3.1288853,120.68738,63.117175,-1.8652275,97.076296,26.094491,-4.2093517
0.11740674,-18.492765,48.689002,-4.5486684,48.148699,-68.359251,-3.2461953,120.45417,61.790285,-1.5846295,97.353783,30.629011,-4.1578661
0.11743749,-17.93208,50.379033,-4.4438442,48.264547,-68.576675,-3.3763938,119.96543,59.816934,-1.3211045,97.811952,34.652931,-4.1044064
0.11746824,-17.206472,51.75315,-4.3295673,48.624404,-68.419465,-3.5057049,119.21566,57.099543,-1.0840458,98.528151,38.154543,-4.0371155
0.11749899,-16.333198,52.808048,-4.213907,49.13643,-67.910245,-3.6354362,118.22455,53.665301,-0.86678037,99.499488,41.146507,-3.9692966
0.11752974,-15.301376,53.523812,-4.1157917,49.72231,-67.069362,-3.7648887,116.95845,49.604129,-0.68372102,100.80077,43.658592,-3.9068271
0.11756049,-14.141897,53.895535,-4.0348833,50.334895,-65.907347,-3.8983291,115.41055,44.880168,-0.54059365,102.46405,45.728241,-3.8652301
0.11759124,-12.908221,54.040184,-3.971546,50.924619,-64.409175,-4.0358096,113.5725,39.485706,-0.44373383,104.35667,47.413442,-3.8393055
0.117622,-11.604006,53.94295,-3.9323265,51.437568,-62.598985,-4.173832,111.40535,33.448014,-0.38121211,106.39159,48.784843,-3.8285085
0.11765275,-10.247453,53.595989,-3.9171997,51.832859,-60.483805,-4.3115871,109.12381,26.920894,-0.38441019,108.50171,49.921377,-3.8307765
0.1176835,-8.8634887,52.9991,-3.9294286,52.09599,-58.059054,-4.4477933,106.66326,19.951181,-0.46114185,110.62853,50.89158,-3.8394954
0.11771425,-7.4706737,52.166648,-3.9679748,52.16515,-55.326166,-4.5660025,104.07356,12.574606,-0.61845781,112.73078,51.76629,-3.8433661
0.117745,-6.1101146,51.100367,-4.0284934,52.102329,-52.289564,-4.6700517,101.38113,4.9069505,-0.88452291,114.77421,52.589566,-3.8390323
0.11777575,-4.7920476,49.8062,-4.1083952,51.881387,-48.933107,-4.777255,98.665922,-2.8536216,-1.1107409,116.73324,53.393423,-3.8216547
0.1178065,-3.532733,48.312386,-4.2065412,51.494382,-45.25684,-4.8826455,95.989148,-10.610865,-1.4131228,118.59314,54.217904,-3.7844054
0.11783724,-2.3468063,46.626067,-4.3174051,50.959263,-41.250859,-4.9874103,93.493417,-18.269244,-1.7353913,120.33607,55.067484,-3.7218966
0.11786799,-1.2128547,44.746062,-4.4250514,50.165914,-36.929377,-5.0940258,91.300721,-25.650892,-2.0743128,121.93675,55.911931,-3.6316048
0.11789873,-0.19559039,42.676173,-4.5408492,49.216826,-32.294456,-5.1581651,89.539053,-32.679937,-2.3700735,123.38853,56.714907,-3.5087527
0.11792948,0.89407207,40.416439,-4.7034918,48.218264,-27.378099,-5.2435181,88.178399,-39.149326,-2.6441857,124.69738,57.469256,-3.3519371
0.11796022,1.9441752,38.010078,-4.8856503,47.095086,-22.142668,-5.3306784,87.286598,-45.094006,-2.8788436,125.86385,58.082233,-3.1677086
0.11799096,2.9170056,35.442085,-5.0906088,45.918891,-16.576569,-5.4099451,86.811228,-50.323914,-3.0704683,126.87445,58.563182,-2.9620832
0.11802171,3.8022153,32.702189,-5.2431643,44.574031,-10.715459,-5.551947,86.708581,-54.820668,-3.2232209,127.72229,58.92224,-2.7291511
0.11805245,4.6776862,29.786447,-5.3666272,43.130383,-4.5025578,-5.542853,86.765665,-58.562678,-3.3347699,128.4053,59.13305,-2.4663868
0.11808319,5.4055552,26.698511,-5.4878666,41.658858,1.773948,-5.5854738,87.028258,-61.342283,-3.4272293,128.9163,59.209381,-2.183067
0.11811393,6.1232362,23.507905,-5.5697808,40.222319,8.2275635,-5.6208226,87.531506,-63.348115,-3.5018404,129.27894,59.186116,-1.8937817
0.11814467,6.9006977,20.218915,-5.6516256,38.886832,14.811119,-5.5820913,88.321702,-64.828861,-3.5721802,129.45744,59.078046,-1.5968897
0.11817541,7.5796101,16.862601,-5.7424881,37.665104,21.356026,-5.6979824,89.297465,-65.843474,-3.6324659,129.42173,58.753024,-1.2973837
0.11820615,8.1048208,13.392231,-5.8359501,36.63582,27.780952,-5.6861199,90.376468,-66.513036,-3.6938905,129.14525,57.821936,-1.0016515
0.11823689,8.5685105,9.8098926,-5.9541172,35.744191,33.932515,-5.6410214,91.524567,-66.904566,-3.7657126,128.62778,56.062971,-0.70792477
0.11826763,8.9646639,6.1517233,-6.0276165,35.29828,39.75021,-5.5684833,92.704869,-67.038697,-3.8465359,127.87513,53.389035,-0.46880091
0.11829837,9.2697658,2.5669565,-6.0641391,35.375759,45.168495,-5.4693018,93.916959,-66.981524,-3.9325663,126.87397,49.703835,-0.28297275
0.11832911,9.4804865,-0.98935618,-6.0917807,36.016538,50.112451,-5.3873029,95.115979,-66.707919,-4.0124892,125.64885,45.308274,-0.1584089
0.11835985,9.6154499,-4.6376421,-6.1096042,37.209556,54.522245,-5.262706,96.23762,-66.235931,-4.0834401,124.18916,40.199966,-0.087884566
0.11839059,9.6990438,-8.2215754,-6.1201704,38.828654,58.326929,-5.1222899,97.241147,-65.603371,-4.1410787,122.51723,34.433465,-0.083138753
0.11842133,9.7466678,-11.729393,-6.1195054,40.85102,61.566614,-4.9732742,98.077404,-64.804549,-4.1848853,120.66711,28.129703,-0.14571556
0.11845207,9.6124166,-15.159638,-6.0661887,43.193863,64.264508,-4.8390956,98.70983,-63.81947,-4.2179099,118.79771,21.442546,-0.2737817
0.11848281,9.253542,-18.441861,-5.9808681,45.866583,66.395877,-4.7298886,99.108235,-62.652224,-4.244968,116.90167,14.454972,-0.47086517
0.11851355,8.7975295,-21.607594,-5.8885116,48.76167,68.017839,-4.6294645,99.264334,-61.327338,-4.2606686,115.01677,7.2920524,-0.72564611
0.11854429,8.2517077,-24.677343,-5.7936991,51.794656,69.210718,-4.5511456,99.184958,-59.800569,-4.2686811,113.2073,0.070747545,-1.0334351
0.11857504,7.6263132,-27.619459,-5.6935519,55.096725,70.082076,-4.4942768,98.867006,-58.016769,-4.2728606,111.52052,-7.0454974,-1.3358655
0.11860578,7.0240591,-30.396978,-5.5764343,58.701964,70.693506,-4.4523389,98.312531,-55.922767,-4.2886424,110.02207,-13.958073,-1.6603143
0.11863652,6.3187784,-32.966093,-5.4362123,62.551471,71.109522,-4.4305346,97.517103,-53.467135,-4.3178153,108.75864,-20.557115,-1.9809125
0.11866727,5.5386185,-35.27749,-5.2862799,66.516953,71.342968,-4.4247922,96.48736,-50.579149,-4.3547787,107.7669,-26.758623,-2.282016
0.11869801,4.7248321,-37.340206,-5.1383766,70.303034,71.411495,-4.4283565,95.244177,-47.183334,-4.4097305,107.04034,-32.488538,-2.5344266
0.11872876,3.8991667,-39.140026,-5.0006229,73.743765,71.380025,-4.4370968,93.807187,-43.216872,-4.4870323,106.56072,-37.684165,-2.7613654
0.11875951,3.1047708,-40.664283,-4.8776552,76.826136,71.262338,-4.4457296,92.17095,-38.675513,-4.5964193,106.42291,-42.301368,-2.9508588
0.11879025,2.3588182,-41.89062,-4.7361586,79.563067,71.060203,-4.4532193,90.340131,-33.598253,-4.7226588,106.59061,-46.332114,-3.1044676
0.118821,1.5808953,-42.787039,-4.581712,81.980903,70.738098,-4.4624021,88.394693,-28.034469,-4.8390672,106.94935,-49.811102,-3.2300651
0.11885175,0.85289643,-43.360572,-4.4337523,84.100391,70.299635,-4.4604841,86.369941,-22.038686,-4.9675069,107.52871,-52.718081,-3.3322182
0.1188825,0.17397396,-43.634185,-4.3251105,85.925425,69.754673,-4.4532008,84.352377,-15.656517,-5.1099585,108.29785,-55.081077,-3.4109351
0.11891325,-0.4345907,-43.614525,-4.2380749,87.452837,69.045339,-4.4297662,82.261776,-9.0404776,-5.27181,109.17815,-56.968922,-3.475185
0.11894401,-0.96816792,-43.309383,-4.1717097,88.667461,68.055847,-4.380739,80.270929,-2.1886481,-5.4190426,110.16466,-58.441598,-3.536417
0.11897476,-1.4533581,-42.698579,-4.1207997,89.599966,66.799265,-4.297605,78.549561,4.6533904,-5.5319274,111.20478,-59.475053,-3.5909377
0.11900551,-1.9377259,-41.783394,-4.0927099,90.263994,65.277057,-4.1919207,77.25318,11.480107,-5.5770067,112.25313,-60.180193,-3.6452566
0.11903627,-2.4514794,-40.585782,-4.0873284,90.660242,63.477185,-4.0801747,76.360573,18.114549,-5.7207124,113.28216,-60.625802,-3.6978065
0.11906702,-2.9847753,-39.119851,-4.0952989,90.796133,61.384747,-3.9637162,75.887437,24.408865,-5.7604547,114.25061,-60.899271,-3.7398393
0.11909778,-3.5117416,-37.400753,-4.1217828,90.630425,58.951019,-3.8350222,75.888722,30.291221,-5.741853,115.13912,-61.047686,-3.7688234
0.11912854,-4.0440948,-35.416988,-4.1574883,90.23275,56.172346,-3.6763593,76.205546,35.698071,-5.6715409,115.92417,-61.087992,-3.7864078
0.1191593,-4.5659283,-33.19469,-4.2065903,89.604847,52.995469,-3.505365,76.781312,40.569907,-5.5731138,116.60152,-61.014566,-3.7910453
0.11919006,-5.0966114,-30.797042,-4.2780537,88.739509,49.344496,-3.3485251,77.840818,44.813777,-5.4482062,117.15335,-60.859988,-3.7814749
0.11922082,-5.6917993,-28.231898,-4.3601617,87.626277,45.252502,-3.2031428,79.336314,48.519786,-5.2983511,117.56207,-60.608689,-3.7541643
0.11925158,-6.3226551,-25.484322,-4.4499769,86.230226,40.716118,-3.0790077,81.19142,51.609074,-5.1385807,117.81941,-60.266835,-3.7104607
0.11928234,-7.0040026,-22.542886,-4.5380413,84.594008,35.784621,-2.9290703,83.433413,54.06367,-4.9719394,117.92086,-59.825472,-3.6550412
0.11931309,-7.6113149,-19.419755,-4.6036802,82.839298,30.534211,-2.788962,86.159317,55.952064,-4.8225363,117.84845,-59.189158,-3.5969697
0.11934385,-8.1669189,-16.114563,-4.6701565,80.877478,24.865266,-2.6816895,89.183218,57.36499,-4.6881696,117.5822,-58.288433,-3.5357994
0.11937461,-8.7611975,-12.656375,-4.7655191,78.706719,18.867493,-2.6281678,92.317648,58.466396,-4.5736887,117.10919,-57.069637,-3.4749951
0.11940537,-9.4705528,-9.1201123,-4.8603393,76.328089,12.55182,-2.629207,95.455704,59.340513,-4.4857749,116.42532,-55.451329,-3.4204515
0.11943612,-10.20668,-5.4259806,-4.9737462,73.760694,5.9557983,-2.5647899,98.499626,60.051962,-4.4142539,115.51671,-53.373941,-3.3926071
0.11946688,-10.968478,-1.6742018,-4.9850155,71.013943,-0.76493125,-2.5681333,101.40446,60.665377,-4.3577047,114.39688,-50.828379,-3.3986836
0.11949764,-11.734374,2.0951216,-5.0028119,68.093902,-7.6261464,-2.6029794,104.13182,61.234801,-4.3133915,113.07758,-47.757294,-3.4319974
0.11952839,-12.5016,5.9764154,-5.0519905,65.058572,-14.537887,-2.6658573,106.65127,61.802645,-4.2715431,111.5771,-44.089587,-3.4952129
0.11955915,-13.26477,9.8127765,-5.1449206,62.076266,-21.454803,-2.7405483,108.95985,62.338528,-4.2224646,109.93325,-39.78912,-3.599245
0.1195899,-14.018236,13.61082,-5.2252851,59.274499,-28.197872,-2.7770805,111.05492,62.863789,-4.1557061,108.15681,-34.930208,-3.7299126
0.11962066,-14.737366,17.387172,-5.2407782,56.752441,-34.664134,-2.8142686,112.92921,63.338867,-4.0694452,106.2913,-29.573448,-3.8810775
0.11965142,-15.527152,21.092107,-5.2476017,54.66362,-40.78537,-2.8477038,114.59059,63.754715,-3.9644514,104.43225,-23.800293,-4.0462276
0.11968218,-16.318393,24.815682,-5.2310863,53.009113,-46.493791,-2.8820039,116.04448,64.097704,-3.8388964,102.67546,-17.70496,-4.2201231
0.11971293,-17.023427,28.453839,-5.2231616,51.69922,-51.709617,-2.9229548,117.28982,64.365038,-3.6911985,101.0348,-11.4255,-4.3999184
0.11974369,-17.50141,31.908655,-5.21081,50.639463,-56.330848,-2.9549386,118.33337,64.522445,-3.5184093,99.624956,-5.0607479,-4.5606119
0.11977445,-17.875122,35.171829,-5.154709,49.744654,-60.254891,-2.9990738,119.18594,64.568759,-3.3184619,98.478475,1.3158624,-4.6943475
0.11980521,-18.188568,38.171534,-5.0685344,49.127066,-63.292799,-3.0556231,119.85917,64.54229,-3.0936463,97.639378,7.5263459,-4.770083
0.11983597,-18.390762,40.967345,-4.9611855,48.728226,-65.589911,-3.1366173,120.33957,64.462418,-2.8544242,97.125058,13.496387,-4.8945798
0.11986673,-18.452861,43.60514,-4.8431017,48.489462,-67.272142,-3.2363609,120.60145,64.282149,-2.597501,96.900888,19.129774,-4.9467069
0.11989749,-18.302539,46.011048,-4.726543,48.373886,-68.411781,-3.3490042,120.64852,63.754913,-2.3167504,96.972289,24.355504,-4.9631735
0.11992825,-17.924268,48.143343,-4.594019,48.388539,-69.079624,-3.4856365,120.44923,62.699761,-2.0165119,97.227605,29.109636,-4.9336647
0.11995901,-17.381995,49.956043,-4.464356,48.554633,-69.384093,-3.6450506,119.99499,61.004983,-1.7157612,97.637251,33.350956,-4.8752031
0.11998977,-16.670357,51.449678,-4.359123,48.978908,-69.318265,-3.8173143,119.28517,58.60167,-1.4386254,98.3023,37.062408,-4.7933981
0.12002054,-15.804992,52.609663,-4.2782604,49.571723,-68.902197,-3.9987821,118.30674,55.393843,-1.1795007,99.207334,40.248971,-4.6943534
0.1200513,-14.800219,53.438017,-4.2199731,50.243789,-68.150822,-4.1883625,117.07305,51.557115,-0.95378011,100.43866,42.93369,-4.580945
0.12008207,-13.651996,53.92692,-4.1747311,50.932256,-67.091616,-4.3889268,115.55576,47.063576,-0.76501028,102.02135,45.157118,-4.4701143
0.12011283,-12.426865,54.150663,-4.1488076,51.588032,-65.70446,-4.5860942,113.75232,41.897829,-0.62375585,103.86707,46.965659,-4.3719861
0.1201436,-11.134996,54.121148,-4.1514121,52.172552,-64.00653,-4.782417,111.6174,36.05244,-0.54870397,105.86279,48.429442,-4.2874318
0.12017436,-9.7902246,53.840706,-4.1827404,52.636215,-62.002015,-4.9752666,109.33374,29.658426,-0.50914131,107.94386,49.631536,-4.2202042
0.12020512,-8.415505,53.310369,-4.2437414,52.973198,-59.689988,-5.1650684,106.87498,22.783783,-0.54684103,110.04692,50.635002,-4.168611
0.12023588,-7.0281047,52.534655,-4.3358689,53.118205,-57.07069,-5.3411137,104.28406,15.469053,-0.65622934,112.129,51.517006,-4.1256982
0.12026664,-5.6658279,51.524755,-4.4505895,53.085581,-54.126238,-5.4908971,101.58989,7.8276653,-0.87329805,114.15869,52.335455,-4.0861997
0.1202974,-4.350605,50.280219,-4.5788405,52.90883,-50.863789,-5.6317767,98.872811,-0.014527749,-1.086366,116.10911,53.129631,-4.046241
0.12032816,-3.0925052,48.831079,-4.723341,52.56391,-47.281039,-5.7701024,96.179876,-7.8847687,-1.3826485,117.96384,53.922139,-3.9988492
0.12035892,-1.9085769,47.183328,-4.8793934,52.053226,-43.372422,-5.9023644,93.650393,-15.684081,-1.7235669,119.70866,54.745457,-3.938272
0.12038968,-0.80136659,45.347349,-5.0267477,51.355603,-39.145183,-6.0463999,91.388226,-23.283941,-2.0921489,121.3212,55.585882,-3.860689
0.12042043,0.19209436,43.32559,-5.1729955,50.394989,-34.579858,-6.1650263,89.599931,-30.560636,-2.4518278,122.78931,56.420253,-3.7591371
0.12045119,1.2585929,41.109381,-5.3708338,49.397933,-29.745856,-6.25677,88.162652,-37.334569,-2.7666726,124.11434,57.208185,-3.6316226
0.12048194,2.2876843,38.737361,-5.5692035,48.281726,-24.591951,-6.3650625,87.201754,-43.599917,-3.0486597,125.29783,57.90279,-3.4765368
0.1205127,3.2114485,36.210555,-5.7967561,47.065535,-19.127683,-6.4659079,86.678404,-49.170569,-3.2866065,126.33086,58.456229,-3.3003352
0.12054345,4.0919092,33.5181,-5.9724556,45.815236,-13.352704,-6.6013111,86.542491,-53.970557,-3.473426,127.20365,58.875099,-3.1003109
0.1205742,4.9555604,30.659207,-6.1000974,44.3477,-7.2125427,-6.7174463,86.631388,-58.007647,-3.6023308,127.90922,59.172177,-2.8664509
0.12060495,5.7072777,27.630259,-6.2274855,42.83497,-0.96487455,-6.7094283,86.930363,-61.203081,-3.7028767,128.44272,59.296498,-2.6033961
0.12063571,6.3604182,24.463503,-6.3200802,41.334433,5.459033,-6.7517476,87.477289,-63.456559,-3.784627,128.81199,59.316336,-2.3227935
0.12066646,7.0573961,21.215109,-6.3776634,39.909029,12.010244,-6.7497605,88.277236,-65.087696,-3.8530306,129.01612,59.252587,-2.0262527
0.12069721,7.7417633,17.858216,-6.4667368,38.598191,18.644361,-6.7640258,89.279619,-66.248576,-3.9270506,129.01173,59.073303,-1.7161281
0.12072796,8.2882268,14.445227,-6.5440226,37.458317,25.128126,-6.7639852,90.381215,-66.978622,-4.0014053,128.77468,58.466524,-1.4034987
0.12075871,8.7469047,10.896489,-6.639448,36.474362,31.420846,-6.6816824,91.556318,-67.402352,-4.0906035,128.29039,57.125557,-1.0759252
0.12078946,9.141668,7.2360308,-6.7508076,35.829893,37.412468,-6.562623,92.767388,-67.580396,-4.1986671,127.57238,54.904785,-0.77974299
0.12082021,9.4525847,3.6114732,-6.742286,35.703842,43.026038,-6.4016087,94.010853,-67.569777,-4.3135577,126.59978,51.718057,-0.54131065
0.12085096,9.6689428,0.041493124,-6.6880156,36.035418,48.221382,-6.2355918,95.258277,-67.376811,-4.4287571,125.41357,47.648806,-0.36069417
0.12088171,9.8028096,-3.5576512,-6.6589663,37.032795,52.892279,-6.0474853,96.442693,-66.990971,-4.5377007,124.01305,42.865381,-0.2379206
0.12091247,9.8918362,-7.2223334,-6.6235612,38.499254,56.98884,-5.8392392,97.512826,-66.426906,-4.6331991,122.38792,37.380674,-0.17676824
0.12094322,9.9269407,-10.731157,-6.5988245,40.392422,60.505459,-5.6337428,98.424519,-65.695597,-4.7128318,120.59295,31.291296,-0.20096705
0.12097397,9.878317,-14.21146,-6.5341561,42.654411,63.454468,-5.4425429,99.13436,-64.774776,-4.7743103,118.71276,24.738663,-0.27456057
0.12100472,9.5937281,-17.564409,-6.4050448,45.236254,65.854549,-5.3026761,99.622135,-63.664598,-4.8265831,116.81537,17.836486,-0.43271391
0.12103548,9.1729038,-20.788673,-6.2578309,48.087242,67.707051,-5.1909848,99.863767,-62.392172,-4.8682361,114.92648,10.690681,-0.66101684
0.12106623,8.6622813,-23.901948,-6.1015931,51.112595,69.085866,-5.1004472,99.863322,-60.948835,-4.8948613,113.10256,3.4316146,-0.9590514
0.12109698,8.0504052,-26.891496,-5.9433138,54.348067,70.100868,-5.0458321,99.622298,-59.280085,-4.9122993,111.39914,-3.8076696,-1.2696462
0.12112774,7.4371886,-29.742751,-5.7889065,57.88563,70.822484,-5.0214895,99.145473,-57.330178,-4.9292435,109.87318,-10.891518,-1.6063457
0.12115849,6.7760589,-32.41907,-5.6039349,61.689305,71.302594,-5.0220851,98.424395,-55.050112,-4.9626727,108.57769,-17.710624,-1.9598234
0.12118925,6.0190136,-34.84683,-5.4023488,65.646194,71.612079,-5.0529073,97.455616,-52.366803,-5.0093666,107.54722,-24.167109,-2.290012
0.12122001,5.219708,-37.029367,-5.2025156,69.50052,71.74814,-5.1066413,96.273354,-49.221566,-5.0700397,106.82753,-30.19298,-2.5899862
0.12125076,4.3986577,-38.955503,-5.0143197,73.025197,71.771333,-5.1664261,94.883588,-45.530232,-5.1505147,106.32409,-35.694392,-2.8540751
0.12128152,3.5959014,-40.605759,-4.8436005,76.189259,71.711763,-5.2277337,93.317308,-41.243989,-5.2599041,106.141,-40.625191,-3.0856428
0.12131228,2.8388627,-41.974645,-4.6917907,78.997085,71.562837,-5.2792467,91.541964,-36.417733,-5.3896981,106.29109,-44.9622,-3.2777748
0.12134304,2.1117896,-43.021685,-4.5131684,81.479114,71.353024,-5.3239679,89.588241,-31.052679,-5.5247005,106.6378,-48.72191,-3.4338554
0.1213738,1.3864733,-43.746572,-4.3369353,83.660962,71.00189,-5.3445399,87.585804,-25.236857,-5.6645336,107.20562,-51.911645,-3.5621319
0.12140456,0.70483258,-44.167665,-4.2096374,85.555386,70.516304,-5.3442542,85.548322,-19.003877,-5.7944951,107.97338,-54.518997,-3.6673919
0.12143533,0.086230456,-44.292014,-4.1137223,87.161673,69.897143,-5.3222349,83.480735,-12.453214,-5.9715942,108.87606,-56.610624,-3.7505011
0.12146609,-0.45987536,-44.124367,-4.051656,88.466312,69.050369,-5.2714841,81.423818,-5.6831198,-6.1408454,109.88241,-58.248245,-3.8217443
0.12149685,-0.94070037,-43.663484,-4.0151748,89.471775,67.898148,-5.1758366,79.543878,1.2099967,-6.2579923,110.95059,-59.448405,-3.8892567
0.12152762,-1.3809454,-42.889133,-4.0040653,90.209961,66.481024,-5.0454337,78.04854,8.1088165,-6.3511202,112.03878,-60.268261,-3.9501577
0.12155839,-1.8516118,-41.821069,-4.0219404,90.684387,64.774323,-4.8901607,76.939716,14.929103,-6.4286947,113.10511,-60.798575,-4.0158862
0.12158915,-2.3539135,-40.474312,-4.0628738,90.897407,62.797668,-4.7310427,76.246677,21.426072,-6.5006077,114.11819,-61.107443,-4.079392
0.12161992,-2.8666442,-38.866614,-4.1221316,90.845828,60.521361,-4.5640069,76.037031,27.556256,-6.5087974,115.0465,-61.290763,-4.1318264
0.12165069,-3.3766116,-37.004373,-4.1967095,90.503219,57.896255,-4.3799271,76.182948,33.233063,-6.462724,115.87672,-61.358965,-4.1732978
0.12168146,-3.9041829,-34.877857,-4.2801669,89.94898,54.921553,-4.1691781,76.646951,38.400538,-6.3530484,116.5868,-61.328697,-4.2019255
0.12171223,-4.4246253,-32.547955,-4.3750915,89.164492,51.504178,-3.9539758,77.517922,42.963708,-6.2242399,117.18327,-61.206463,-4.2162106
0.121743,-4.9738687,-30.049862,-4.4930776,88.133167,47.628804,-3.7574356,78.859532,46.962879,-6.0524475,117.64229,-61.011551,-4.2141039
0.12177377,-5.5899199,-27.385177,-4.6114409,86.854256,43.314302,-3.5750567,80.61595,50.366418,-5.8562495,117.95077,-60.730732,-4.1919318
0.12180454,-6.2253762,-24.541401,-4.7364679,85.24311,38.547688,-3.424757,82.735427,53.098981,-5.6504627,118.10424,-60.352108,-4.1520166
0.12183531,-6.8894949,-21.471969,-4.8439902,83.544485,33.454923,-3.2383084,85.293908,55.240172,-5.4527879,118.09283,-59.820286,-4.1008338
0.12186608,-7.4778764,-18.251524,-4.9328887,81.655951,27.988789,-3.0647511,88.221,56.865795,-5.2766281,117.89655,-59.050468,-4.045194
0.12189685,-8.0213644,-14.844969,-5.0297998,79.562158,22.140578,-2.9466216,91.300603,58.108761,-5.1269513,117.49833,-57.99432,-3.9851105
0.12192761,-8.6632942,-11.346157,-5.1493104,77.261776,15.977227,-2.885296,94.421247,59.087154,-5.0105753,116.8909,-56.585551,-3.9243113
0.12195838,-9.3927554,-7.7374596,-5.2641298,74.788011,9.4578915,-2.9108593,97.480443,59.867787,-4.932175,116.07005,-54.739634,-3.8751487
0.12198915,-10.151089,-3.953975,-5.3631313,72.117442,2.7922406,-2.7987884,100.41927,60.517742,-4.8808412,115.02545,-52.448617,-3.8570895
0.12201991,-10.923039,-0.20642781,-5.3601577,69.283088,-4.0286851,-2.7886355,103.19921,61.096892,-4.8520749,113.77888,-49.668126,-3.8709724
0.12205068,-11.697931,3.630497,-5.356348,66.290161,-10.952146,-2.8207153,105.77856,61.655438,-4.8312961,112.34202,-46.336709,-3.9110679
0.12208144,-12.470442,7.5159242,-5.44878,63.266445,-17.885611,-2.8733842,108.14597,62.212036,-4.8070491,110.74167,-42.386673,-3.9834692
0.12211221,-13.241894,11.335102,-5.5492428,60.424454,-24.778376,-2.9459555,110.30392,62.738814,-4.7690964,108.99999,-37.825224,-4.093698
0.12214297,-13.983589,15.157722,-5.5741226,57.748307,-31.435577,-2.9729182,112.24588,63.256351,-4.7068564,107.1676,-32.732735,-4.2299996
0.12217374,-14.745523,18.913035,-5.5375886,55.444984,-37.78434,-3.0083678,113.97488,63.710498,-4.6182489,105.27359,-27.169369,-4.3832673
0.12220451,-15.535594,22.664677,-5.4916522,53.594349,-43.753974,-3.038411,115.49834,64.095707,-4.5043688,103.43867,-21.234085,-4.5514097
0.12223527,-16.337824,26.383808,-5.4239271,52.160909,-49.276246,-3.0816567,116.82246,64.401371,-4.3626823,101.73904,-15.030073,-4.7447773
0.12226604,-16.943907,29.962362,-5.3739369,51.014479,-54.259346,-3.1381768,117.94218,64.624875,-4.1932656,100.20255,-8.6809295,-4.9382572
0.12229681,-17.374028,33.347836,-5.3024727,50.069098,-58.616997,-3.2012922,118.86912,64.734439,-3.9930876,98.939057,-2.2809084,-5.1226776
0.12232758,-17.712829,36.51176,-5.1900341,49.343877,-62.150907,-3.278741,119.612,64.754688,-3.7619401,97.957851,4.0521719,-5.2582667
0.12235834,-17.961464,39.420234,-5.0518087,48.891452,-64.839085,-3.3790995,120.17328,64.714933,-3.5064167,97.292853,10.223379,-5.3744254
0.12238911,-18.074612,42.158466,-4.9050924,48.599056,-66.85375,-3.5043556,120.53362,64.609246,-3.2348714,96.938212,16.074924,-5.4699573
0.12241988,-18.024145,44.715903,-4.7480887,48.451965,-68.280547,-3.6422923,120.67725,64.351784,-2.9380121,96.85843,21.55894,-5.5194497
0.12245065,-17.746467,47.02421,-4.6113867,48.436016,-69.202007,-3.8043054,120.58931,63.64421,-2.6174896,97.046878,26.6037,-5.519067
0.12248142,-17.263542,49.028272,-4.5008216,48.553141,-69.692304,-4.0012365,120.25058,62.341924,-2.2809633,97.388184,31.147144,-5.4789867
0.12251219,-16.631111,50.709269,-4.4106993,48.894645,-69.81302,-4.2216004,119.64831,60.376901,-1.9520042,97.940983,35.166665,-5.417805
0.12254297,-15.836973,52.065187,-4.3473582,49.452409,-69.578723,-4.4590318,118.77472,57.663548,-1.6490346,98.746574,38.650395,-5.3260458
0.12257374,-14.903392,53.084086,-4.3076499,50.129986,-69.006338,-4.7112317,117.65624,54.196299,-1.3653014,99.834408,41.60994,-5.2103631
0.12260451,-13.827757,53.762883,-4.3044538,50.851233,-68.114714,-4.9720981,116.26387,50.092625,-1.1184664,101.26196,44.083354,-5.0784947
0.12263529,-12.635272,54.131404,-4.3270323,51.560387,-66.914981,-5.2395968,114.58986,45.322349,-0.91647295,103.00667,46.11193,-4.9509811
0.12266606,-11.388644,54.234374,-4.3808512,52.214557,-65.411179,-5.5013013,112.62713,39.871711,-0.76590499,104.92923,47.75591,-4.8329894
0.12269683,-10.083311,54.082705,-4.4657854,52.766906,-63.602648,-5.753488,110.36207,33.772825,-0.6589798,106.96408,49.092441,-4.7282091
0.12272761,-8.737658,53.676433,-4.5814861,53.190079,-61.490204,-5.9955225,107.98189,27.157157,-0.62128829,109.04923,50.191234,-4.643904
0.12275838,-7.3786209,53.021992,-4.7271188,53.461043,-59.070168,-6.2253077,105.44223,20.089681,-0.65781244,111.12687,51.12746,-4.5779762
0.12278915,-6.0267392,52.131547,-4.8972397,53.530445,-56.332402,-6.426191,102.79679,12.607703,-0.78204684,113.16769,51.967278,-4.5234564
0.12281992,-4.7177462,51.006137,-5.0809791,53.43082,-53.262944,-6.5983435,100.09324,4.8264761,-1.0362586,115.13914,52.762691,-4.4747742
0.12285068,-3.4602412,49.658965,-5.2714745,53.180092,-49.870121,-6.7588524,97.388244,-3.0629572,-1.2299786,117.02479,53.547058,-4.4280101
0.12288145,-2.2726853,48.113512,-5.4714401,52.758216,-46.151533,-6.9102268,94.764839,-10.956886,-1.538443,118.80671,54.336145,-4.3756754
0.12291222,-1.1502607,46.37884,-5.6752872,52.183463,-42.101438,-7.0595079,92.35694,-18.766979,-1.8910659,120.47004,55.158363,-4.3122041
0.12294298,-0.18138282,44.456579,-5.8584922,51.356498,-37.740084,-7.2139054,90.30559,-26.27675,-2.2738106,121.99563,55.991148,-4.2316122
0.12297375,0.83704955,42.348303,-6.0371476,50.344623,-33.045307,-7.3196087,88.680725,-33.398833,-2.6337336,123.38046,56.814614,-4.1267921
0.12300451,1.8315283,40.060992,-6.2381545,49.293104,-28.07365,-7.4324244,87.493239,-40.001152,-2.9600406,124.62407,57.587577,-3.9944592
0.12303527,2.7676323,37.624076,-6.4728521,48.12117,-22.77703,-7.5437761,86.761672,-46.064878,-3.2545057,125.72506,58.236449,-3.8362037
0.12306603,3.6363206,35.021412,-6.6521396,46.887719,-17.161182,-7.6425878,86.442441,-51.374698,-3.5121013,126.67096,58.748058,-3.6564137
0.12309679,4.482003,32.2657,-6.8098821,45.508049,-11.291814,-7.8100007,86.470113,-55.898354,-3.7203897,127.45425,59.125064,-3.4464502
0.12312755,5.2583576,29.341524,-6.9589965,44.015019,-5.0381558,-7.8764141,86.668697,-59.628624,-3.8773477,128.06833,59.359433,-3.1993678
0.12315831,5.8987931,26.250086,-7.076261,42.491298,1.2937699,-7.8763736,87.099527,-62.420207,-4.0123895,128.50534,59.439783,-2.9225104
0.12318907,6.5117338,23.055698,-7.1314835,40.998927,7.7939442,-7.8896808,87.769704,-64.404281,-4.1315149,128.78574,59.423107,-2.627878
0.12321983,7.2086858,19.758247,-7.1864135,39.594073,14.403147,-7.8064686,88.705872,-65.813361,-4.241255,128.87886,59.32443,-2.3118087
0.12325059,7.7955395,16.40765,-7.2530531,38.324639,20.984365,-7.8513252,89.774213,-66.771961,-4.3555177,128.75592,59.066508,-1.9778923
0.12328135,8.2775313,12.933243,-7.3084367,37.270876,27.451749,-7.7568082,90.927654,-67.330022,-4.4748987,128.39095,58.223634,-1.6339927
0.12331211,8.6811439,9.349878,-7.3879501,36.36738,33.666679,-7.5882716,92.13753,-67.625906,-4.6106204,127.78461,56.577865,-1.279402
0.12334287,9.0210942,5.7026538,-7.4353667,35.900598,39.548568,-7.373104,93.379005,-67.717267,-4.7599307,126.94452,54.040543,-0.9683896
0.12337363,9.2768233,2.1074236,-7.3491954,35.970758,45.034128,-7.1117395,94.64429,-67.663189,-4.9144599,125.86341,50.508042,-0.71201028
0.12340439,9.442533,-1.4740862,-7.2608438,36.580003,50.063564,-6.8634086,95.8922,-67.430371,-5.063491,124.56758,46.200563,-0.51377718
0.12343514,9.5655463,-5.1451088,-7.1621366,37.768533,54.558768,-6.5788004,97.052721,-67.013083,-5.1997859,123.05444,41.17677,-0.37126449
0.1234659,9.6275783,-8.7058052,-7.1187477,39.403005,58.455065,-6.3020971,98.080084,-66.421329,-5.3186078,121.34414,35.472356,-0.29617536
0.12349666,9.6557963,-12.213767,-7.0521457,41.450781,61.783313,-6.0574503,98.935236,-65.648546,-5.4139043,119.46721,29.20221,-0.29320563
0.12352742,9.5324758,-15.653298,-6.9213842,43.837721,64.548489,-5.8603457,99.57753,-64.668115,-5.4879782,117.58508,22.522012,-0.36186351
0.12355818,9.1967807,-18.960113,-6.7291052,46.543371,66.750564,-5.720859,99.985474,-63.498698,-5.5465992,115.70066,15.516362,-0.51450763
0.12358894,8.7623453,-22.152275,-6.5330181,49.477148,68.427543,-5.6170145,100.14459,-62.16584,-5.5870706,113.8503,8.3177399,-0.74108636
0.12361971,8.2443828,-25.247968,-6.3297929,52.553208,69.667193,-5.5569297,100.05985,-60.64814,-5.6097887,112.09241,1.0344968,-1.0363343
0.12365047,7.6021526,-28.209066,-6.1169832,55.91595,70.572488,-5.5476712,99.733733,-58.891979,-5.6217979,110.47736,-6.1838048,-1.3232448
0.12368123,7.007349,-31.002685,-5.9289122,59.577426,71.198378,-5.5783011,99.167091,-56.83966,-5.6386056,109.0662,-13.231026,-1.6724941
0.12371199,6.329405,-33.594629,-5.6928447,63.458908,71.58973,-5.6497866,98.35632,-54.44129,-5.6757733,107.90382,-19.952093,-2.03438
0.12374275,5.5837791,-35.939789,-5.4527442,67.432595,71.813575,-5.7523917,97.300187,-51.615274,-5.7285948,107.02096,-26.283924,-2.3876833
0.12377352,4.8005359,-38.037692,-5.2183277,71.144976,71.906944,-5.8735349,96.034188,-48.299194,-5.79681,106.40376,-32.149499,-2.7012094
0.12380428,4.0204144,-39.869195,-5.0028989,74.506216,71.911543,-5.9984047,94.568836,-44.418904,-5.883727,106.05602,-37.479864,-2.9853521
0.12383505,3.2670744,-41.42255,-4.8105792,77.506328,71.837046,-6.1120292,92.906468,-39.945049,-6.0009533,106.03261,-42.226381,-3.2375938
0.12386581,2.553588,-42.676838,-4.6188621,80.158051,71.692154,-6.2011948,91.064236,-34.931256,-6.1377227,106.28396,-46.367407,-3.4532071
0.12389658,1.87403,-43.605156,-4.413953,82.49685,71.490936,-6.2634779,89.095232,-29.410495,-6.2729036,106.74703,-49.957745,-3.6351745
0.12392735,1.1961786,-44.221035,-4.2461616,84.54189,71.14424,-6.284634,87.061532,-23.436577,-6.4118921,107.41257,-52.960927,-3.7930761
0.12395812,0.57013417,-44.53723,-4.124525,86.306969,70.645043,-6.2724363,85.066772,-17.05658,-6.5496275,108.25573,-55.392568,-3.9293695
0.12398889,0.0070839185,-44.557432,-4.0491374,87.785309,69.970845,-6.2243804,82.974092,-10.406001,-6.7181472,109.20708,-57.331552,-4.0375002
0.12401966,-0.4864451,-44.287253,-4.0110743,88.961928,69.031865,-6.1322508,80.946434,-3.5502767,-6.8653219,110.25758,-58.814665,-4.1393421
0.12405043,-0.92859262,-43.711512,-4.0048224,89.858938,67.780594,-5.988366,79.18478,3.3758146,-6.9422684,111.35005,-59.875429,-4.2348438
0.1240812,-1.3510221,-42.826918,-4.0307636,90.48872,66.259631,-5.8049229,77.823825,10.281577,-6.9915497,112.44409,-60.587069,-4.3207567
0.12411197,-1.8082543,-41.653711,-4.0886083,90.851212,64.44566,-5.6004281,76.833554,17.022453,-7.0741499,113.5073,-61.025774,-4.4105337
0.12414275,-2.2964801,-40.206092,-4.1691092,90.961255,62.355986,-5.3895936,76.291124,23.441076,-7.111733,114.49687,-61.279544,-4.4953383
0.12417352,-2.7909933,-38.501231,-4.2697164,90.794685,59.958992,-5.1706487,76.224882,29.474486,-7.095403,115.39633,-61.410143,-4.5660808
0.1242043,-3.2930663,-36.532626,-4.3858982,90.369475,57.22668,-4.927437,76.473577,35.0226,-7.0274403,116.19328,-61.440845,-4.623316
0.12423507,-3.8037346,-34.320951,-4.5055834,89.717021,54.126529,-4.6692037,77.03414,40.031271,-6.9034737,116.86845,-61.374844,-4.6650523
0.12426585,-4.3164141,-31.929004,-4.6402548,88.834318,50.571186,-4.4128771,78.086517,44.406173,-6.7419676,117.41836,-61.23905,-4.6885636
0.12429662,-4.8863161,-29.363891,-4.7871356,87.706603,46.567259,-4.1786214,79.608923,48.245953,-6.5394759,117.82698,-61.026043,-4.691015
0.1243274,-5.5013797,-26.62203,-4.9345209,86.319032,42.120228,-3.9717369,81.529227,51.436554,-6.3130405,118.08383,-60.727905,-4.6701909
0.12435817,-6.1552158,-23.683772,-5.0816587,84.63493,37.252673,-3.7785424,83.813561,53.982123,-6.0780409,118.18284,-60.325073,-4.6284357
0.12438894,-6.7991365,-20.549737,-5.1995544,82.858624,32.071371,-3.5639597,86.574503,55.96085,-5.8689615,118.10991,-59.745244,-4.5740454
0.12441971,-7.3717341,-17.250455,-5.3007555,80.88714,26.464389,-3.3751921,89.576195,57.45234,-5.6875374,117.84569,-58.906566,-4.5111051
0.12445048,-7.9470997,-13.790393,-5.4176183,78.713893,20.513896,-3.2527992,92.68387,58.613048,-5.5405531,117.37376,-57.756004,-4.4419536
0.12448125,-8.6375208,-10.267729,-5.5517375,76.335021,14.245377,-3.2039121,95.789188,59.524248,-5.4400938,116.69305,-56.228101,-4.3718931
0.12451202,-9.3721682,-6.5960439,-5.6814289,73.787691,7.6545045,-3.1836406,98.799186,60.254918,-5.3834818,115.79231,-54.243623,-4.3175834
0.12454279,-10.136176,-2.7935129,-5.7394343,71.058177,0.91981334,-3.0706784,101.66987,60.868651,-5.3616432,114.67479,-51.812869,-4.2934089
0.12457356,-10.911529,0.99349616,-5.7076086,68.161903,-5.9645748,-3.065473,104.36361,61.42428,-5.3584743,113.35928,-48.873373,-4.2990491
0.12460433,-11.688618,4.8750391,-5.6843052,65.144244,-12.922613,-3.1041871,106.84719,61.966299,-5.3563963,111.8629,-45.360973,-4.3311624
0.1246351,-12.456447,8.7510358,-5.7826368,62.147058,-19.882096,-3.1620662,109.12041,62.502369,-5.3455616,110.21709,-41.223976,-4.4009817
0.12466587,-13.236685,12.574151,-5.8497225,59.382577,-26.747741,-3.2227075,111.18283,63.011443,-5.3126425,108.44184,-36.498058,-4.504522
0.12469664,-13.958737,16.395264,-5.8207921,56.830002,-33.362365,-3.2546892,113.0299,63.499046,-5.2487112,106.58401,-31.255229,-4.6309178
0.12472741,-14.745385,20.144392,-5.7368991,54.697113,-39.647593,-3.2940871,114.66999,63.925364,-5.1527929,104.68408,-25.557935,-4.7810669
0.12475818,-15.530391,23.896206,-5.6233476,52.993557,-45.536159,-3.3289985,116.1091,64.284695,-5.0257013,102.89791,-19.516511,-4.9465258
0.12478895,-16.27176,27.579718,-5.5039838,51.627038,-50.949543,-3.3874084,117.35116,64.561754,-4.8659459,101.24693,-13.246247,-5.1489847
0.12481972,-16.822676,31.097244,-5.4100201,50.535405,-55.786883,-3.4556812,118.39813,64.744123,-4.6732643,99.808802,-6.8524041,-5.3506812
0.12485049,-17.225819,34.419923,-5.276866,49.680278,-59.989168,-3.5413808,119.25323,64.82083,-4.4465642,98.640024,-0.43572994,-5.5406145
0.12488126,-17.522707,37.486933,-5.1071462,49.09007,-63.26844,-3.6436576,119.9303,64.821886,-4.1859642,97.771962,5.881387,-5.6743879
0.12491203,-17.707443,40.337445,-4.9225481,48.723945,-65.76033,-3.7708573,120.42261,64.766106,-3.9029412,97.221158,11.980205,-5.8144956
0.12494281,-17.748521,43.030762,-4.7505987,48.51778,-67.601895,-3.9202065,120.70779,64.635783,-3.6031078,96.953829,17.760352,-5.9140144
0.12497358,-17.602834,45.516244,-4.6109487,48.453709,-68.881997,-4.0854289,120.7741,64.296035,-3.2751814,96.970154,23.146372,-5.9725975
0.12500435,-17.228652,47.724189,-4.4976409,48.525036,-69.669064,-4.2861228,120.60062,63.473271,-2.9222251,97.209767,28.06521,-5.9830657
0.12503513,-16.673459,49.617561,-4.4064042,48.745116,-70.048929,-4.5233931,120.17348,62.01776,-2.556606,97.580372,32.479873,-5.9418967
0.1250659,-15.98189,51.187991,-4.3492186,49.230584,-70.058674,-4.7854306,119.4808,59.892583,-2.2053913,98.246107,36.35132,-5.8679421
0.12509667,-15.137836,52.42729,-4.3275855,49.895237,-69.718668,-5.0686825,118.50912,56.997523,-1.8776193,99.169733,39.687553,-5.7702138
0.12512745,-14.161872,53.330148,-4.3491779,50.639495,-69.040783,-5.3715502,117.29381,53.385261,-1.5778404,100.39652,42.505628,-5.6431528
0.12515823,-13.054383,53.890354,-4.4179453,51.395801,-68.048203,-5.6866461,115.80258,49.131955,-1.3134327,101.96653,44.842674,-5.4986403
0.125189,-11.861828,54.169568,-4.5219497,52.113552,-66.745919,-6.0023993,114.03397,44.206429,-1.0937468,103.78681,46.751955,-5.3564564
0.12521978,-10.619019,54.17481,-4.6609743,52.756797,-65.151329,-6.312559,111.96535,38.588574,-0.93943087,105.75821,48.294751,-5.2213721
0.12525056,-9.3288948,53.929327,-4.8307529,53.278018,-63.259732,-6.6075696,109.67166,32.36094,-0.81877661,107.81673,49.553037,-5.0996569
0.12528133,-8.0109192,53.433384,-5.0286544,53.663324,-61.063908,-6.8858665,107.21932,25.616169,-0.7767911,109.90035,50.590966,-4.9998158
0.12531211,-6.6889224,52.695553,-5.2560894,53.87046,-58.56038,-7.1444536,104.62714,18.41098,-0.81625535,111.96479,51.486363,-4.9205554
0.12534288,-5.3885206,51.722729,-5.4999052,53.875283,-55.725191,-7.3658598,101.94443,10.830284,-0.95250635,113.97792,52.301264,-4.8554014
0.12537365,-4.1387229,50.52088,-5.7453416,53.73005,-52.558783,-7.5557633,99.247634,2.9656139,-1.1610996,115.91313,53.084029,-4.8000793
0.12540442,-2.9483203,49.111319,-5.992316,53.416432,-49.062972,-7.7299471,96.560831,-4.9619881,-1.3658994,117.75358,53.861338,-4.7491632
0.12543519,-1.8294655,47.509976,-6.2414575,52.930339,-45.24187,-7.8918097,93.99573,-12.877338,-1.684325,119.48618,54.644417,-4.6940874
0.12546596,-0.78065128,45.719743,-6.4788065,52.277439,-41.090264,-8.0512342,91.678366,-20.653083,-2.0460698,121.09289,55.461481,-4.6301053
0.12549672,0.15155417,43.743989,-6.7060888,51.368816,-36.608849,-8.2037233,89.78223,-28.138371,-2.4400207,122.56099,56.284069,-4.5493214
0.12552749,1.1295138,41.578206,-6.9292511,50.334798,-31.823079,-8.3089018,88.298925,-35.18346,-2.8034175,123.8894,57.093587,-4.4444384
0.12555826,2.0530218,39.256445,-7.1250999,49.231154,-26.740555,-8.4274715,87.254722,-41.732522,-3.1384423,125.07746,57.837857,-4.3120119
0.12558902,2.9146692,36.779119,-7.3264578,48.012455,-21.341892,-8.5334029,86.661446,-47.666332,-3.4428911,126.12233,58.451722,-4.1550625
0.12561978,3.7253268,34.13646,-7.4858887,46.773495,-15.617576,-8.6435326,86.492516,-52.812321,-3.7118425,127.01083,58.929555,-3.9740362
0.12565055,4.5147434,31.337517,-7.6214332,45.317419,-9.6368203,-8.8170476,86.598923,-57.156875,-3.9379648,127.73457,59.275184,-3.7581548
0.12568131,5.2174903,28.373828,-7.7430475,43.792655,-3.3279378,-8.8268217,86.909787,-60.671126,-4.1229998,128.28726,59.46688,-3.5032915
0.12571207,5.8115274,25.261971,-7.8524371,42.259591,3.0622234,-8.8268409,87.475544,-63.198931,-4.2872991,128.66438,59.529559,-3.219298
0.12574284,6.4201892,22.056594,-7.9041929,40.776236,9.6033985,-8.7846689,88.27989,-65.012729,-4.4343191,128.87804,59.496068,-2.9127117
0.1257736,7.0485441,18.746016,-7.9416064,39.387731,16.262477,-8.6615883,89.295213,-66.26116,-4.576882,128.89668,59.373803,-2.5783096
0.12580436,7.5525497,15.383674,-7.9935421,38.153978,22.807368,-8.6455479,90.417771,-67.064683,-4.7208931,128.68984,59.008551,-2.2236871
0.12583512,7.9816591,11.88473,-8.0381087,37.138,29.222545,-8.4510092,91.612679,-67.514491,-4.8761636,128.2394,58.020834,-1.8492771
0.12586588,8.3445706,8.278939,-8.1107418,36.347892,35.364486,-8.1968033,92.847435,-67.714258,-5.0470902,127.55007,56.199008,-1.4697005
0.12589664,8.6440767,4.6599169,-8.0732411,36.041176,41.154258,-7.8807095,94.104008,-67.771238,-5.2294684,126.62679,53.463109,-1.1390954
0.1259274,8.8553804,1.0883194,-7.9105821,36.201464,46.54238,-7.5240729,95.374273,-67.708246,-5.4127278,125.47615,49.729883,-0.86245468
0.12595816,8.9887306,-2.5098243,-7.7652482,37.009775,51.435582,-7.1867799,96.601851,-67.488269,-5.5839556,124.11252,45.274972,-0.64152367
0.12598893,9.089911,-6.1775122,-7.6150337,38.338402,55.777067,-6.8393069,97.721008,-67.069574,-5.7389305,122.53306,40.097243,-0.47616069
0.12601969,9.1477769,-9.7062471,-7.573224,40.097779,59.524635,-6.5276712,98.691782,-66.468424,-5.873787,120.77604,34.260484,-0.38387512
0.12605045,9.1813735,-13.205159,-7.4744202,42.246375,62.703722,-6.2775481,99.475562,-65.649423,-5.981507,118.88585,27.887934,-0.36531777
0.12608121,9.0247006,-16.610491,-7.2904127,44.71435,65.318784,-6.0933117,100.04148,-64.61433,-6.0653794,117.00108,21.119491,-0.42095931
0.12611198,8.6897482,-19.893482,-7.0543291,47.478629,67.371026,-5.9762592,100.3678,-63.383587,-6.1297555,115.125,14.045169,-0.5653168
0.12614274,8.2618894,-23.06794,-6.8157606,50.445164,68.917855,-5.910427,100.44417,-61.991067,-6.1711012,113.3042,6.7900155,-0.78691236
0.1261735,7.7402294,-26.134482,-6.5730871,53.576122,70.056602,-5.9082135,100.27713,-60.403782,-6.1942323,111.59906,-0.52819135,-1.0668558
0.12620427,7.1470458,-29.056473,-6.3322399,57.014795,70.879924,-5.9678278,99.868373,-58.566253,-6.207123,110.05342,-7.7432925,-1.3514767
0.12623503,6.5590496,-31.812325,-6.0962009,60.733752,71.432417,-6.0810876,99.21508,-56.43066,-6.2316191,108.73026,-14.746804,-1.7037968
0.1262658,5.8891729,-34.338299,-5.8167315,64.634963,71.767033,-6.2396698,98.321843,-53.929279,-6.2738982,107.66608,-21.430696,-2.0771303
0.12629656,5.1615835,-36.624088,-5.5433776,68.559599,71.939945,-6.4263579,97.199091,-50.98752,-6.3273945,106.88328,-27.703633,-2.4424407
0.12632733,4.4122261,-38.659321,-5.2802558,72.169816,72.00365,-6.6265229,95.861089,-47.533188,-6.396551,106.36403,-33.494927,-2.7765312
0.1263581,3.6772514,-40.4239,-5.0391132,75.423596,71.985106,-6.8233988,94.333365,-43.500326,-6.4847251,106.13776,-38.732966,-3.078594
0.12638887,2.9687035,-41.907678,-4.8271977,78.315163,71.885125,-6.9936971,92.604726,-38.885085,-6.6041372,106.24051,-43.376515,-3.3451348
0.12641963,2.2906221,-43.072263,-4.5970768,80.869423,71.726606,-7.1200273,90.701474,-33.732884,-6.7369421,106.55713,-47.418858,-3.5771419
0.1264504,1.6501622,-43.914961,-4.3801312,83.112869,71.481831,-7.1928549,88.703148,-28.08491,-6.8603395,107.1042,-50.890946,-3.7773229
0.12648118,1.0162429,-44.447748,-4.2183005,85.067687,71.106249,-7.2105901,86.658532,-21.994568,-6.9862764,107.84992,-53.769665,-3.9559896
0.12651195,0.44098621,-44.680974,-4.1128685,86.743058,70.577188,-7.1821612,84.651652,-15.519855,-7.1169155,108.75478,-56.082831,-4.1139142
0.12654272,-0.068779851,-44.613099,-4.0581828,88.130164,69.846073,-7.1035994,82.565505,-8.7918953,-7.2634488,109.75607,-57.907256,-4.2444778
0.12657349,-0.51610541,-44.245362,-4.0451292,89.221492,68.834924,-6.9674563,80.578892,-1.8431569,-7.3705219,110.8355,-59.261176,-4.3717577
0.12660427,-0.92045867,-43.56696,-4.070207,90.036551,67.52279,-6.7739336,78.921417,5.1135321,-7.4126183,111.9371,-60.219008,-4.4946443
0.12663504,-1.332739,-42.580937,-4.1303644,90.586757,65.93979,-6.5438135,77.664271,12.026279,-7.41554,113.02727,-60.850565,-4.6035194
0.12666582,-1.7676044,-41.308599,-4.22364,90.866571,64.070756,-6.2920416,76.800722,18.716497,-7.4790728,114.07381,-61.223266,-4.716189
0.1266966,-2.2258264,-39.767303,-4.339433,90.897584,61.91651,-6.0338928,76.400805,25.072816,-7.4925189,115.034,-61.429708,-4.8210675
0.12672737,-2.6951012,-37.963333,-4.4730316,90.635477,59.443709,-5.7665507,76.419093,30.999709,-7.4576671,115.89721,-61.517471,-4.9101859
0.12675814,-3.1916671,-35.89506,-4.6254161,90.159358,56.6514,-5.4787987,76.773438,36.449219,-7.3755738,116.64978,-61.515599,-4.983086
0.12678892,-3.6810494,-33.646482,-4.7745676,89.438302,53.462896,-5.1773232,77.468439,41.330694,-7.2393486,117.27671,-61.422783,-5.0371831
0.12681969,-4.2080752,-31.195273,-4.9372266,88.483022,49.820392,-4.8907566,78.67684,45.604206,-7.0672043,117.77161,-61.278804,-5.0700713
0.12685046,-4.7941546,-28.577487,-5.1085388,87.282857,45.729895,-4.628077,80.320322,49.30803,-6.8547138,118.12449,-61.066615,-5.0773623
0.12688123,-5.4029079,-25.770752,-5.2748711,85.799556,41.187868,-4.4132065,82.354793,52.33836,-6.617274,118.32303,-60.76245,-5.0585792
0.126912,-6.0694931,-22.737593,-5.4293732,84.112671,36.273939,-4.1829291,84.79769,54.735075,-6.3893203,118.36166,-60.348554,-5.0166415
0.12694276,-6.6709828,-19.556621,-5.5506017,82.269594,31.006153,-3.9491676,87.664267,56.588162,-6.1929285,118.22415,-59.713978,-4.9593815
0.12697353,-7.2205259,-16.190323,-5.6605411,80.230924,25.317374,-3.7538489,90.720985,57.973359,-6.024058,117.89154,-58.808998,-4.8906546
0.1270043,-7.8336426,-12.695966,-5.7884149,77.9886,19.290073,-3.6341296,93.844858,59.053921,-5.9035895,117.35341,-57.575858,-4.8129839
0.12703506,-8.5438047,-9.1299048,-5.9286282,75.550273,12.924862,-3.6208029,96.929513,59.900268,-5.8355691,116.60551,-55.942671,-4.7327146
0.12706583,-9.2931668,-5.4005004,-6.0562119,72.937624,6.2998047,-3.5475215,99.898009,60.57904,-5.81406,115.63276,-53.856134,-4.6702505
0.1270966,-10.064003,-1.5980781,-6.0661167,70.160133,-0.49723374,-3.4340883,102.70791,61.152843,-5.8251598,114.45357,-51.309869,-4.637324
0.12712736,-10.843796,2.2157222,-5.9989954,67.203858,-7.4393141,-3.4281519,105.32777,61.67913,-5.8469103,113.0815,-48.243241,-4.6283572
0.12715813,-11.623935,6.1059188,-5.9776819,64.159108,-14.439609,-3.4674579,107.73463,62.194887,-5.8634178,111.53202,-44.588397,-4.6464496
0.12718889,-12.388551,9.9613312,-6.0864577,61.215375,-21.466686,-3.531662,109.93148,62.707557,-5.8639262,109.84572,-40.307422,-4.7018737
0.12721966,-13.173491,13.779469,-6.1003735,58.506308,-28.306875,-3.5813037,111.91474,63.196006,-5.8332565,108.04323,-35.456865,-4.7883069
0.12725043,-13.913782,17.556402,-6.0046762,56.100061,-34.900186,-3.6126913,113.68312,63.651348,-5.765426,106.16134,-30.096626,-4.9023232
0.12728119,-14.708063,21.319976,-5.8653099,54.116467,-41.145083,-3.6444561,115.24693,64.049641,-5.6591259,104.2891,-24.308567,-5.0360975
0.12731196,-15.500931,25.049055,-5.6875294,52.529357,-46.981348,-3.6767787,116.61641,64.383113,-5.5164151,102.53798,-18.187898,-5.2068029
0.12734272,-16.196999,28.676014,-5.5272422,51.224534,-52.315969,-3.7432613,117.78839,64.635454,-5.3378035,100.93169,-11.856612,-5.4115661
0.12737349,-16.693371,32.117033,-5.3808494,50.184285,-57.049137,-3.8223717,118.77145,64.783639,-5.1228512,99.569938,-5.423331,-5.6072381
0.12740426,-17.069443,35.354468,-5.1926754,49.42821,-61.09803,-3.9222712,119.56692,64.835106,-4.8679149,98.480398,1.0211205,-5.793091
0.12743503,-17.343767,38.34067,-4.9772515,48.98575,-64.178557,-4.0445397,120.18551,64.823631,-4.5794882,97.704844,7.335885,-5.9246521
0.12746579,-17.4893,41.131095,-4.7686455,48.703451,-66.513133,-4.1908891,120.61926,64.754223,-4.2719014,97.239376,13.400938,-6.081223
0.12749656,-17.493099,43.761293,-4.5945896,48.585948,-68.204885,-4.3561621,120.84179,64.603234,-3.9462123,97.039683,19.132025,-6.1905797
0.12752733,-17.287634,46.170939,-4.4673756,48.611814,-69.354233,-4.5462353,120.84419,64.201014,-3.5930768,97.146344,24.445185,-6.2533445
0.1275581,-16.868286,48.271305,-4.3762924,48.773346,-70.02613,-4.7809504,120.60379,63.291262,-3.214746,97.440484,29.281705,-6.2604932
0.12758887,-16.2759,50.058936,-4.3163588,49.179652,-70.304519,-5.052911,120.10799,61.739824,-2.829513,97.915627,33.591824,-6.2274834
0.12761964,-15.545106,51.5276,-4.3035073,49.808648,-70.215343,-5.3531587,119.34593,59.498478,-2.4644262,98.667121,37.357174,-6.1563046
0.12765041,-14.66087,52.663225,-4.339048,50.57245,-69.778923,-5.6734872,118.30676,56.471077,-2.1238738,99.691511,40.581572,-6.057388
0.12768118,-13.645135,53.46199,-4.4321499,51.377661,-69.008885,-6.0170616,117.01648,52.749247,-1.8175457,101.04001,43.287154,-5.9354073
0.12771196,-12.507283,53.926593,-4.5768914,52.164392,-67.925713,-6.3695168,115.45241,48.377856,-1.5504579,102.72294,45.52177,-5.7979729
0.12774273,-11.298663,54.132609,-4.762011,52.882904,-66.534295,-6.7165514,113.60997,43.323497,-1.3296285,104.60328,47.33401,-5.6609789
0.12777351,-10.039644,54.060925,-4.9836241,53.502152,-64.848996,-7.0608967,111.45568,37.579673,-1.1669951,106.61095,48.794852,-5.52914
0.12780428,-8.7375337,53.736408,-5.2319347,53.98566,-62.865403,-7.3880647,109.11677,31.241633,-1.0437054,108.68424,49.983099,-5.4123327
0.12783506,-7.4175748,53.160271,-5.5043561,54.320438,-60.575464,-7.6942557,106.6125,24.389621,-1.0022349,110.76288,50.967537,-5.3165167
0.12786583,-6.0985643,52.348566,-5.8010472,54.455939,-57.976628,-7.970248,103.98159,17.075624,-1.0426992,112.80866,51.822712,-5.2395613
0.12789661,-4.8150308,51.304363,-6.1048439,54.399418,-55.040155,-8.2034702,101.27713,9.4011041,-1.1914625,114.79127,52.609073,-5.1762014
0.12792738,-3.5808005,50.037021,-6.4028344,54.188158,-51.767172,-8.4038838,98.581302,1.4637139,-1.3888022,116.68866,53.37053,-5.1219895
0.12795815,-2.4111765,48.570172,-6.6955465,53.805321,-48.178542,-8.5841304,95.909858,-6.533894,-1.5941642,118.48299,54.131831,-5.0709876
0.12798893,-1.3099975,46.912537,-6.9811892,53.253752,-44.259987,-8.7488218,93.393272,-14.504635,-1.8983976,120.16207,54.907903,-5.0160426
0.1280197,-0.33460389,45.064175,-7.2456459,52.508489,-40.025086,-8.918094,91.188212,-22.300197,-2.2725301,121.71097,55.710616,-4.9514823
0.12805047,0.6227435,43.029057,-7.5051888,51.504828,-35.434663,-9.0688741,89.424536,-29.776455,-2.6628808,123.12209,56.517723,-4.868935
0.12808123,1.5436495,40.825647,-7.7340038,50.457451,-30.576538,-9.1753846,88.084154,-36.776209,-3.021117,124.39456,57.306413,-4.7616316
0.128112,2.4211684,38.477375,-7.9610158,49.29957,-25.399581,-9.2885555,87.170922,-43.289513,-3.3513535,125.52815,58.019902,-4.6272616
0.12814277,3.2209049,35.960118,-8.0844148,48.039032,-19.914834,-9.3858189,86.738565,-49.106972,-3.6451322,126.51808,58.604623,-4.4682166
0.12817354,3.9849167,33.287562,-8.222949,46.736604,-14.124256,-9.5113566,86.716805,-54.114829,-3.9115082,127.35199,59.052775,-4.2830703
0.1282043,4.7179619,30.456552,-8.3439817,45.246986,-8.0059395,-9.6511249,86.917758,-58.291926,-4.1354068,128.02298,59.37265,-4.060659
0.12823507,5.3402927,27.462014,-8.4474006,43.694041,-1.7166736,-9.6234281,87.374737,-61.576198,-4.3346936,128.5212,59.532366,-3.7984038
0.12826583,5.8975412,24.342254,-8.5070931,42.151775,4.7256451,-9.6076626,88.070386,-63.912625,-4.519577,128.84498,59.580253,-3.507403
0.1282966,6.5089439,21.119565,-8.5358975,40.678478,11.297352,-9.5016886,88.986238,-65.576585,-4.6909429,129.00094,59.537014,-3.1910949
0.12832736,7.0629663,17.813305,-8.5804434,39.318215,17.943433,-9.3780027,90.083298,-66.703196,-4.86357,128.95382,59.393393,-2.8447777
0.12835812,7.5045738,14.441391,-8.6088842,38.102653,24.470294,-9.2801894,91.272881,-67.400592,-5.0396196,128.67744,58.94999,-2.4773236
0.12838889,7.888892,10.934988,-8.6403938,37.081743,30.806962,-8.9959138,92.514092,-67.748741,-5.2294351,128.15414,57.846513,-2.0839799
0.12841965,8.2190661,7.3252705,-8.6724886,36.38804,36.860151,-8.6608444,93.775912,-67.906648,-5.4346569,127.39445,55.894084,-1.6929346
0.12845041,8.4831573,3.7459077,-8.575174,36.205398,42.545911,-8.2591671,95.045182,-67.933603,-5.6419417,126.40336,53.010209,-1.3468127
0.12848118,8.6569549,0.1895721,-8.3623742,36.501502,47.81064,-7.8333709,96.308822,-67.855479,-5.8476145,125.18829,49.152411,-1.0554927
0.12851194,8.7669612,-3.4174259,-8.1494965,37.425374,52.572474,-7.4300946,97.499845,-67.622999,-6.0386361,123.76388,44.567746,-0.81589823
0.12854271,8.849446,-7.032741,-7.9954201,38.830202,56.754323,-7.0406991,98.562194,-67.193941,-6.2079335,122.12863,39.261188,-0.63230021
0.12857347,8.8926164,-10.537205,-7.9184985,40.653152,60.356307,-6.7135827,99.462504,-66.555055,-6.3522351,120.32856,33.307048,-0.52878403
0.12860424,8.8794816,-14.004188,-7.7811055,42.835792,63.393186,-6.4732007,100.15835,-65.667569,-6.4687439,118.44571,26.842727,-0.49017776
0.128635,8.671443,-17.354181,-7.5362933,45.330981,65.868779,-6.3118541,100.6293,-64.55594,-6.5613174,116.55232,19.984901,-0.53355308
0.12866577,8.32492,-20.597877,-7.2731699,48.091942,67.790871,-6.2278135,100.8571,-63.24707,-6.6313299,114.6842,12.832018,-0.65952648
0.12869653,7.8849044,-23.735384,-7.0059303,51.026935,69.224442,-6.2077014,100.83983,-61.779288,-6.6752435,112.88882,5.5134495,-0.87129366
0.1287273,7.3316915,-26.758916,-6.723924,54.21217,70.277957,-6.2647931,100.57756,-60.107547,-6.7003383,111.23082,-1.856775,-1.1287581
0.12875807,6.7916797,-29.623483,-6.4570871,57.699856,71.034298,-6.3880956,100.07565,-58.175203,-6.7176692,109.75132,-9.0958882,-1.3971044
0.12878884,6.1827599,-32.316439,-6.1832024,61.451449,71.530362,-6.5763785,99.328478,-55.940313,-6.7451576,108.5104,-16.106331,-1.7410526
0.1288196,5.4918537,-34.764867,-5.8739144,65.352308,71.823013,-6.8081547,98.342379,-53.326351,-6.7865347,107.53656,-22.77567,-2.1050896
0.12885037,4.7498047,-36.973345,-5.5755538,69.217067,71.969624,-7.0625028,97.13799,-50.257329,-6.8382214,106.84947,-29.025214,-2.4651107
0.12888114,3.9962175,-38.935054,-5.2920735,72.756024,72.013222,-7.3260593,95.724308,-46.66043,-6.9052552,106.43645,-34.76547,-2.8035384
0.12891191,3.2612027,-40.632832,-5.0338908,75.934922,71.975139,-7.5741534,94.136396,-42.476526,-6.9926509,106.34462,-39.929459,-3.1238269
0.12894268,2.5631202,-42.050215,-4.7999895,78.752731,71.858621,-7.7803813,92.344817,-37.723651,-7.1074001,106.55872,-44.481001,-3.4096629
0.12897346,1.8946228,-43.147283,-4.547354,81.240443,71.693451,-7.9237338,90.365482,-32.429008,-7.2258879,106.97092,-48.443834,-3.6538798
0.12900423,1.2160462,-43.927211,-4.3467831,83.421314,71.413362,-7.9919117,88.33516,-26.658678,-7.3356948,107.60437,-51.802241,-3.867322
0.129035,0.58910326,-44.407223,-4.2026708,85.312898,71.00512,-7.9961546,86.287383,-20.45818,-7.4335819,108.42755,-54.558065,-4.0628425
0.12906578,0.022990434,-44.585886,-4.1209371,86.926132,70.427025,-7.9434754,84.224826,-13.915823,-7.5496368,109.38267,-56.760695,-4.2366753
0.12909655,-0.47461589,-44.466959,-4.0958588,88.24378,69.643019,-7.8290581,82.150722,-7.1244704,-7.6736753,110.43737,-58.466959,-4.3934619
0.12912733,-0.91648965,-44.040131,-4.1170153,89.271576,68.5744,-7.6445575,80.23386,-0.15947002,-7.7543724,111.53882,-59.688605,-4.5497863
0.1291581,-1.3271348,-43.305237,-4.173087,90.020592,67.221506,-7.4048907,78.663213,6.8186969,-7.7844058,112.64513,-60.542572,-4.7020519
0.12918887,-1.7514177,-42.268304,-4.2639449,90.51169,65.592008,-7.1275608,77.49189,13.739423,-7.7971151,113.72576,-61.088261,-4.8499143
0.12921964,-2.1841593,-40.950166,-4.3863866,90.731792,63.684781,-6.8310174,76.751401,20.375328,-7.8496711,114.74441,-61.396565,-4.9918419
0.12925041,-2.6187395,-39.366519,-4.5303493,90.695976,61.489341,-6.5271322,76.505944,26.655866,-7.833058,115.66839,-61.553854,-5.1188058
0.12928118,-3.067529,-37.517738,-4.6966922,90.373839,58.976007,-6.2100224,76.624638,32.49623,-7.7723631,116.48624,-61.601605,-5.2272197
0.12931195,-3.5469457,-35.42141,-4.8692924,89.845838,56.136676,-5.8760507,77.094584,37.83075,-7.6593973,117.18739,-61.566197,-5.3160598
0.12934271,-4.0343689,-33.14492,-5.042369,89.075643,52.88812,-5.5386095,77.957277,42.558804,-7.5095703,117.75652,-61.456691,-5.3815057
0.12937348,-4.5722441,-30.677742,-5.2227663,88.073625,49.182184,-5.2205706,79.288248,46.718191,-7.3265368,118.19162,-61.304278,-5.4223277
0.12940424,-5.1630786,-28.044307,-5.4094905,86.827897,45.034745,-4.9319022,81.034266,50.280617,-7.1092405,118.48226,-61.084776,-5.4335968
0.129435,-5.7691792,-25.21025,-5.584912,85.290243,40.443364,-4.684083,83.133029,53.150875,-6.8689478,118.61769,-60.768552,-5.4155837
0.12946577,-6.4276086,-22.16346,-5.7408767,83.611132,35.503091,-4.4330212,85.672614,55.406777,-6.65135,118.59213,-60.320824,-5.3731235
0.12949653,-7.0178991,-18.964183,-5.8630651,81.73737,30.186927,-4.1796454,88.602572,57.128923,-6.469643,118.38605,-59.623341,-5.3132889
0.12952729,-7.5572637,-15.589774,-5.9812312,79.670099,24.459201,-3.9764718,91.691065,58.420929,-6.3226852,117.98288,-58.642231,-5.2393878
0.12955805,-8.1954085,-12.113886,-6.1212581,77.398828,18.396632,-3.8551528,94.816984,59.426201,-6.2333928,117.37538,-57.31814,-5.1531748
0.12958881,-8.9109376,-8.5487084,-6.2552084,74.94724,11.995741,-3.8402474,97.87706,60.210094,-6.200988,116.55549,-55.57702,-5.0655774
0.12961957,-9.6610286,-4.8143489,-6.3580305,72.307453,5.3770532,-3.7515636,100.80649,60.842483,-6.2122046,115.51228,-53.385718,-4.9959423
0.12965033,-10.42653,-1.0641864,-6.3294435,69.508783,-1.4361872,-3.632119,103.56806,61.383528,-6.2487615,114.26967,-50.722315,-4.9542072
0.12968109,-11.200232,2.7412963,-6.2228415,66.536368,-8.3793774,-3.6249918,106.12775,61.886395,-6.2892508,112.83323,-47.525857,-4.934701
0.12971185,-11.964414,6.5869957,-6.2206571,63.498361,-15.373324,-3.6621585,108.47037,62.383738,-6.3167623,111.23331,-43.727099,-4.9408303
0.12974261,-12.738769,10.390146,-6.3060051,60.612144,-22.364909,-3.7237024,110.60068,62.876465,-6.3202381,109.48711,-39.309518,-4.9841938
0.12977337,-13.515732,14.168919,-6.2797504,57.952627,-29.166638,-3.7747298,112.51318,63.349106,-6.2844886,107.65517,-34.336813,-5.0561674
0.12980413,-14.271109,17.902366,-6.1464139,55.626735,-35.712026,-3.8132069,114.21022,63.782026,-6.2065878,105.74648,-28.863497,-5.1535038
0.12983489,-15.082112,21.629993,-5.9642299,53.723197,-41.902977,-3.8468079,115.70423,64.156777,-6.0858799,103.87601,-22.984118,-5.2781613
0.12986565,-15.89251,25.29861,-5.7619872,52.172364,-47.682276,-3.8913647,117.00725,64.4681,-5.925727,102.17616,-16.781733,-5.4431667
0.12989641,-16.555556,28.849934,-5.5802114,50.913682,-52.940366,-3.9738567,118.11458,64.700875,-5.7259125,100.6096,-10.397053,-5.6438189
0.12992717,-17.044911,32.222875,-5.4017118,49.911112,-57.587422,-4.0775586,119.03622,64.819973,-5.4861542,99.30732,-3.9274246,-5.8387833
0.12995793,-17.431344,35.387521,-5.1834314,49.220104,-61.490677,-4.2074491,119.77451,64.855221,-5.2050008,98.299182,2.5230056,-6.0208406
0.1299887,-17.745178,38.336518,-4.9504223,48.814932,-64.478864,-4.3629083,120.33731,64.831836,-4.8898812,97.617486,8.8154994,-6.1929042
0.13001946,-17.944028,41.073362,-4.7432615,48.564431,-66.729514,-4.5408877,120.71491,64.75132,-4.5565467,97.230718,14.844573,-6.3494968
0.13005022,-17.995499,43.644823,-4.5846848,48.478482,-68.345771,-4.7355235,120.88345,64.583364,-4.2040454,97.100057,20.514583,-6.4586698
0.13008098,-17.838655,45.985621,-4.4836038,48.534593,-69.427151,-4.9654868,120.82844,64.113657,-3.8246419,97.277168,25.75314,-6.5103527
0.13011175,-17.478201,48.028347,-4.4237401,48.721512,-70.041216,-5.244033,120.53186,63.10738,-3.423221,97.631153,30.495841,-6.5105777
0.13014251,-16.952952,49.768618,-4.4059987,49.192462,-70.266918,-5.5571149,119.97995,61.458312,-3.0185555,98.213241,34.698785,-6.4747299
0.13017328,-16.277827,51.203542,-4.4434005,49.869167,-70.126432,-5.8999949,119.16361,59.109278,-2.6375355,99.089716,38.351497,-6.4063953
0.13020404,-15.449612,52.311981,-4.5381309,50.658341,-69.639653,-6.2574499,118.09042,55.969957,-2.2834233,100.24122,41.460585,-6.3067881
0.13023481,-14.482353,53.075335,-4.6956958,51.475557,-68.828905,-6.6398211,116.74747,52.169965,-1.9668818,101.72436,44.055168,-6.1820214
0.13026558,-13.401272,53.530841,-4.9019583,52.26162,-67.700637,-7.0152452,115.13131,47.711007,-1.6908373,103.49517,46.180133,-6.0517028
0.13029635,-12.250914,53.723738,-5.1510223,52.97176,-66.268926,-7.3779265,113.22835,42.568518,-1.4605833,105.43484,47.894523,-5.9231244
0.13032712,-11.040006,53.65663,-5.436175,53.573684,-64.543492,-7.7455107,111.01459,36.745871,-1.2681748,107.47677,49.277377,-5.8004425
0.13035789,-9.7803458,53.332498,-5.7438272,54.037387,-62.520963,-8.0927983,108.6566,30.34318,-1.134147,109.5621,50.396051,-5.6931059
0.13038866,-8.5014572,52.754684,-6.0729642,54.345186,-60.192509,-8.4122887,106.1347,23.434518,-1.0822299,111.63212,51.329944,-5.6066364
0.13041943,-7.220806,51.949222,-6.4170585,54.451105,-57.554604,-8.6909645,103.49331,16.06948,-1.1180891,113.65672,52.148706,-5.5359503
0.1304502,-5.9722297,50.919567,-6.7597901,54.372668,-54.57914,-8.9213764,100.78925,8.3491528,-1.2941162,115.60708,52.908742,-5.4754629
0.13048097,-4.762287,49.672831,-7.0938573,54.134465,-51.269929,-9.1180812,98.084906,0.41153378,-1.4787106,117.46479,53.650431,-5.4225537
0.13051175,-3.6071106,48.225683,-7.4136659,53.723597,-47.645411,-9.2903157,95.432428,-7.608221,-1.6836303,119.21284,54.397527,-5.3720481
0.13054252,-2.5170069,46.582576,-7.7162019,53.142524,-43.69741,-9.4496552,92.953361,-15.583475,-2.0002561,120.83768,55.166404,-5.3159442
0.13057329,-1.4791016,44.749558,-7.9995775,52.36324,-39.434278,-9.6076376,90.831702,-23.362682,-2.3764466,122.32894,55.956808,-5.2488476
0.13060406,-0.59399412,42.736104,-8.2755344,51.353516,-34.8252,-9.7369436,89.190835,-30.816246,-2.7587385,123.68113,56.747938,-5.1631856
0.13063483,0.29511059,40.561959,-8.5145622,50.290981,-29.940612,-9.8325557,87.921684,-37.764183,-3.1161688,124.89729,57.517305,-5.0529777
0.1306656,1.1653279,38.245472,-8.7275383,49.117716,-24.744179,-9.9290008,87.092327,-44.230334,-3.445976,125.97636,58.201236,-4.9162155
0.13069637,1.996566,35.755678,-8.8675775,47.854041,-19.245624,-10.002221,86.735785,-49.957999,-3.7442221,126.91013,58.756266,-4.7540028
0.13072714,2.7589777,33.113043,-8.9494766,46.536004,-13.453303,-10.117605,86.781725,-54.862174,-4.0098719,127.69167,59.176974,-4.5608525
0.13075791,3.4601382,30.300872,-9.0517106,45.046032,-7.3080263,-10.226092,87.041979,-58.925841,-4.2458836,128.311,59.473231,-4.3277045
0.13078867,4.0821506,27.33021,-9.1326998,43.497557,-1.0525336,-10.14819,87.575072,-62.051784,-4.4657714,128.75829,59.61045,-4.0538295
0.13081944,4.6764857,24.241141,-9.1547146,41.964138,5.3627087,-10.098153,88.335666,-64.262238,-4.6764776,129.03399,59.643371,-3.7503128
0.1308502,5.3374983,21.04246,-9.1637458,40.502894,11.907362,-9.9088122,89.308233,-65.830111,-4.8804175,129.13881,59.586892,-3.4188017
0.13088097,5.9032589,17.771906,-9.1828206,39.152456,18.49682,-9.7603068,90.452126,-66.878825,-5.0876264,129.03749,59.42224,-3.0554422
0.13091174,6.3574473,14.417907,-9.205257,37.924695,24.970148,-9.6040621,91.684678,-67.521372,-5.3012866,128.70186,58.897869,-2.667496
0.1309425,6.7443908,10.934303,-9.23125,36.859563,31.231861,-9.2592107,92.957806,-67.821015,-5.5299963,128.12262,57.680822,-2.2545757
0.13097327,7.0912511,7.3594543,-9.2091266,36.126725,37.210369,-8.8660916,94.229706,-67.959776,-5.767233,127.30959,55.609866,-1.8452891
0.13100403,7.3903897,3.825552,-9.0398204,35.88405,42.825756,-8.3963643,95.511306,-67.973713,-6.0043906,126.2602,52.591423,-1.482213
0.1310348,7.6044066,0.29558165,-8.7988542,36.162345,48.014888,-7.9355688,96.770035,-67.879614,-6.2353533,124.99545,48.633076,-1.1714493
0.13106556,7.7609114,-3.2914533,-8.5520572,37.042619,52.70401,-7.5230065,97.936058,-67.611008,-6.4471032,123.52674,43.94762,-0.91096713
0.13109633,7.8885078,-6.8579573,-8.4036967,38.381084,56.812634,-7.1326741,98.961522,-67.161116,-6.6333282,121.85304,38.544933,-0.70571601
0.13112709,7.9815819,-10.330812,-8.3016286,40.141491,60.346444,-6.830225,99.813648,-66.478573,-6.78711,120.03444,32.514759,-0.56685011
0.13115786,8.0042177,-13.75682,-8.126184,42.27123,63.330724,-6.6246445,100.45149,-65.538857,-6.9103245,118.14646,25.98329,-0.50262499
0.13118863,7.8313094,-17.068619,-7.8500349,44.727492,65.757179,-6.5102103,100.86023,-64.38575,-7.0061913,116.25211,19.06379,-0.52010163
0.13121939,7.5185911,-20.276084,-7.5517178,47.447819,67.644992,-6.4809585,101.02508,-63.049166,-7.0757038,114.39204,11.861489,-0.62181463
0.13125016,7.1103667,-23.38064,-7.2496428,50.345532,69.052219,-6.526016,100.94701,-61.549337,-7.1152532,112.61622,4.5016559,-0.83323306
0.13128093,6.621455,-26.372015,-6.9442057,53.473543,70.08773,-6.6538501,100.62792,-59.838565,-7.1317905,110.98359,-2.8724261,-1.0654061
0.1313117,6.1331432,-29.202519,-6.6500653,56.90273,70.832274,-6.8499379,100.0686,-57.863161,-7.1412104,109.548,-10.118545,-1.3319677
0.13134247,5.5618443,-31.834001,-6.3470493,60.602241,71.323202,-7.1125811,99.269687,-55.57749,-7.1570227,108.35934,-17.122727,-1.6557466
0.13137324,4.909899,-34.225802,-6.0210182,64.459332,71.612959,-7.4130633,98.234902,-52.904554,-7.1838788,107.44029,-23.773555,-2.0124675
0.13140401,4.1987089,-36.380192,-5.7076032,68.344037,71.761482,-7.7258542,96.986683,-49.76309,-7.2194461,106.83428,-29.994447,-2.3698426
0.13143478,3.4653723,-38.294936,-5.4123989,71.919264,71.805877,-8.0397479,95.535601,-46.090182,-7.2705286,106.50011,-35.684895,-2.710764
0.13146555,2.7429572,-39.962875,-5.1457509,75.140955,71.767967,-8.3217728,93.91464,-41.831665,-7.3398047,106.48735,-40.785277,-3.0431045
0.13149632,2.0595398,-41.357797,-4.8876366,78.00576,71.655144,-8.5453409,92.095378,-37.021591,-7.4352013,106.75184,-45.257446,-3.3549411
0.1315271,1.335819,-42.446644,-4.6358205,80.539525,71.493695,-8.6861947,90.104887,-31.67578,-7.5310883,107.22678,-49.15018,-3.6299117
0.13155787,0.64676373,-43.216495,-4.4417781,82.760254,71.21797,-8.7383315,88.066532,-25.864947,-7.616644,107.91838,-52.420363,-3.8739231
0.13158864,0.0074031747,-43.687796,-4.3093232,84.687656,70.818529,-8.7205087,86.012058,-19.643831,-7.6967953,108.7903,-55.0855,-4.0971528
0.13161941,-0.57307031,-43.862254,-4.2432687,86.333821,70.251746,-8.635575,83.922517,-13.105093,-7.7974446,109.77513,-57.202388,-4.3023362
0.13165018,-1.0871587,-43.742748,-4.2397923,87.683837,69.475539,-8.4764163,81.859717,-6.3256818,-7.9131494,110.85506,-58.814329,-4.4973279
0.13168094,-1.5456598,-43.319651,-4.2827013,88.740936,68.418851,-8.2491721,79.939379,0.60261489,-7.9708828,111.97233,-59.954944,-4.6900441
0.13171171,-1.959268,-42.592519,-4.3645119,89.520789,67.095887,-7.9696625,78.367478,7.5419856,-7.9853436,113.08634,-60.742213,-4.8786699
0.13174247,-2.3872829,-41.570853,-4.4752294,90.038152,65.498647,-7.6541875,77.245774,14.413587,-7.9935782,114.1649,-61.232408,-5.062171
0.13177324,-2.825098,-40.269571,-4.6101385,90.283185,63.615052,-7.3287178,76.542082,20.986565,-8.042571,115.16674,-61.505181,-5.2360342
0.131804,-3.2785997,-38.710895,-4.7634637,90.267067,61.43954,-6.9858227,76.329174,27.189173,-7.9977569,116.06886,-61.631654,-5.3904999
0.13183476,-3.7450435,-36.899777,-4.9302678,89.973278,58.948495,-6.6255151,76.485599,32.96054,-7.9149943,116.86041,-61.656682,-5.5224429
0.13186552,-4.232756,-34.840974,-5.1057622,89.46622,56.122454,-6.2563973,76.986949,38.221869,-7.7947695,117.53119,-61.599772,-5.6298706
0.13189628,-4.7338612,-32.565918,-5.2878475,88.722658,52.878928,-5.8884028,77.858044,42.881191,-7.6338782,118.06764,-61.481877,-5.7075704
0.13192704,-5.2693579,-30.128695,-5.4737074,87.744128,49.180718,-5.5413405,79.193248,46.984381,-7.4515003,118.46836,-61.322919,-5.7554226
0.1319578,-5.8565054,-27.513894,-5.6582883,86.523065,45.039177,-5.2305604,80.947404,50.495161,-7.2503827,118.72257,-61.092124,-5.767998
0.13198855,-6.4655684,-24.717874,-5.8335561,85.017084,40.465008,-4.9559666,83.034785,53.334962,-7.0338323,118.82127,-60.759622,-5.7461942
0.13201931,-7.1258768,-21.734207,-5.980928,83.371842,35.54392,-4.6790247,85.546361,55.561348,-6.8517616,118.7566,-60.277864,-5.6977954
0.13205007,-7.7128543,-18.577682,-6.0966274,81.535609,30.248922,-4.4080058,88.471474,57.258561,-6.7104811,118.51009,-59.532729,-5.6285007
0.13208082,-8.2603669,-15.25758,-6.2166441,79.508851,24.549896,-4.1919488,91.562076,58.533595,-6.6085817,118.06575,-58.495565,-5.5404569
0.13211158,-8.9013963,-11.823555,-6.3523043,77.279412,18.520603,-4.0711094,94.693914,59.530495,-6.5671082,117.41591,-57.106313,-5.4378906
0.13214233,-9.6165904,-8.3014287,-6.4842726,74.865421,12.170799,-4.0358941,97.762284,60.310198,-6.5806156,116.55552,-55.287735,-5.3334848
0.13217309,-10.3644,-4.6178688,-6.5627338,72.26594,5.6027368,-3.9329861,100.70578,60.938058,-6.6313074,115.47476,-53.024899,-5.2447427
0.13220384,-11.124166,-0.92014521,-6.5091482,69.504501,-1.1568147,-3.802134,103.48504,61.473547,-6.6942922,114.19602,-50.285543,-5.1811584
0.13223459,-11.881299,2.8240993,-6.3931642,66.570342,-8.0454484,-3.7875055,106.06394,61.970036,-6.752228,112.73337,-47.005759,-5.1374739
0.13226535,-12.657054,6.6034266,-6.3835284,63.555933,-14.989216,-3.8207093,108.42431,62.458773,-6.789117,111.10666,-43.122338,-5.1224396
0.1322961,-13.430519,10.342567,-6.4487898,60.667589,-21.936013,-3.8742775,110.56871,62.928079,-6.7909036,109.33529,-38.623679,-5.1409705
0.13232686,-14.202644,14.046161,-6.4002256,58.007217,-28.689317,-3.9255824,112.48972,63.380995,-6.7456798,107.48718,-33.58776,-5.1858835
0.13235761,-14.964966,17.706703,-6.2505262,55.654806,-35.194575,-3.9609254,114.19053,63.793449,-6.6534556,105.56509,-28.065838,-5.2614718
0.13238836,-15.790927,21.356602,-6.0436015,53.721626,-41.350317,-3.9982331,115.6838,64.151387,-6.512968,103.69358,-22.149549,-5.3597275
0.13241912,-16.618448,24.944528,-5.831044,52.157367,-47.091422,-4.0573734,116.98218,64.449414,-6.3284656,101.99278,-15.937518,-5.511548
0.13244987,-17.30389,28.415349,-5.6403602,50.871031,-52.329827,-4.1539618,118.08378,64.673512,-6.1018081,100.43882,-9.5571264,-5.7046553
0.13248063,-17.802694,31.718128,-5.4510262,49.837007,-56.971809,-4.282765,118.99816,64.78274,-5.833487,99.163558,-3.1039686,-5.910419
0.13251139,-18.21361,34.842209,-5.229789,49.105945,-60.886307,-4.4376845,119.73003,64.815438,-5.5236154,98.191821,3.3025061,-6.0968524
0.13254214,-18.564831,37.761446,-5.0007454,48.672334,-63.925407,-4.6200421,120.28763,64.792076,-5.1813059,97.547134,9.5579854,-6.2806945
0.1325729,-18.83683,40.464386,-4.7999702,48.388326,-66.217988,-4.8245051,120.6606,64.711306,-4.8216278,97.185768,15.530555,-6.4521888
0.13260365,-19.000534,42.977742,-4.6605326,48.257017,-67.872572,-5.0504642,120.82808,64.537959,-4.4437155,97.075871,21.141868,-6.5749232
0.13263441,-18.978206,45.26321,-4.5816816,48.262848,-68.985138,-5.3147639,120.77589,64.047096,-4.039305,97.282065,26.316569,-6.6403676
0.13266517,-18.776615,47.281033,-4.5509268,48.396637,-69.624213,-5.6300711,120.4842,63.015494,-3.6169505,97.659956,30.994163,-6.6507136
0.13269593,-18.407048,49.012029,-4.5694761,48.794626,-69.871106,-5.9758054,119.93787,61.348407,-3.1931347,98.263266,35.134681,-6.6223303
0.13272669,-17.86464,50.453264,-4.6459698,49.410572,-69.750411,-6.3480087,119.13378,58.987739,-2.7927927,99.16756,38.72765,-6.565946
0.13275745,-17.171189,51.578859,-4.78734,50.144526,-69.285183,-6.740064,118.07434,55.836721,-2.4216243,100.34282,41.782872,-6.4772292
0.13278821,-16.326212,52.371311,-4.9912185,50.919535,-68.495285,-7.1425483,116.74868,52.041375,-2.0865634,101.85414,44.328994,-6.3635397
0.13281897,-15.357862,52.868402,-5.2436746,51.674336,-67.389661,-7.5237221,115.15214,47.591455,-1.7943541,103.65096,46.409496,-6.2487841
0.13284974,-14.315909,53.093298,-5.5308609,52.362976,-65.980457,-7.8818936,113.27076,42.462701,-1.5445926,105.6122,48.087101,-6.1402383
0.1328805,-13.206711,53.077069,-5.8562317,52.950141,-64.276786,-8.2307406,111.08365,36.659658,-1.3320283,107.67474,49.442113,-6.0401904
0.13291126,-12.03862,52.810789,-6.2041383,53.406437,-62.276365,-8.5780048,108.75451,30.285815,-1.1833731,109.77602,50.538588,-5.9530954
0.13294203,-10.840859,52.294479,-6.5701197,53.710405,-59.974395,-8.8911151,106.25973,23.407927,-1.1215045,111.8609,51.458767,-5.8831072
0.13297279,-9.6311461,51.553164,-6.9363681,53.820191,-57.360149,-9.1566031,103.63967,16.074811,-1.1504674,113.898,52.270521,-5.8258047
0.13300356,-8.4363816,50.599023,-7.295591,53.750839,-54.410169,-9.371359,100.9546,8.3954595,-1.3116327,115.85955,53.028022,-5.7751783
0.13303433,-7.2649212,49.430279,-7.6432429,53.525165,-51.127271,-9.5489967,98.271914,0.50075298,-1.4853372,117.72403,53.770276,-5.7286957
0.13306509,-6.1293291,48.05658,-7.9702352,53.127779,-47.529729,-9.699632,95.627326,-7.4769702,-1.6798985,119.47518,54.517283,-5.6812941
0.13309586,-5.0416587,46.48205,-8.2776872,52.557645,-43.612772,-9.8387116,93.13899,-15.414479,-1.9906283,121.10087,55.293975,-5.6258496
0.13312663,-4.0159037,44.725446,-8.5763865,51.793885,-39.380433,-9.9699832,91.002952,-23.164661,-2.3627075,122.59059,56.087724,-5.5565575
0.1331574,-3.0149889,42.788246,-8.8646704,50.81252,-34.810244,-10.061965,89.339285,-30.593377,-2.7415241,123.94006,56.878575,-5.4670667
0.13318817,-2.1179968,40.687325,-9.1114556,49.774042,-29.960363,-10.125517,88.031015,-37.523571,-3.0975414,125.15222,57.635596,-5.3511785
0.13321894,-1.3342369,38.438824,-9.3445915,48.624521,-24.80409,-10.185473,87.169178,-43.9795,-3.4309378,126.22636,58.302531,-5.2082174
0.13324971,-0.50600402,36.018019,-9.4942216,47.381913,-19.356929,-10.232677,86.767895,-49.707428,-3.7360826,127.15499,58.841629,-5.0383897
0.13328047,0.30952589,33.432992,-9.5993108,46.087964,-13.622966,-10.313488,86.769162,-54.610677,-4.014398,127.93131,59.249218,-4.8343341
0.13331124,1.065037,30.679773,-9.6501157,44.623557,-7.5432694,-10.346791,86.989185,-58.67611,-4.2732391,128.54614,59.538151,-4.5875277
0.133342,1.7583131,27.767858,-9.7176125,43.106388,-1.3478283,-10.239493,87.482086,-61.798831,-4.5183904,128.99073,59.670639,-4.2986387
0.13337277,2.4279466,24.727955,-9.7350394,41.596477,5.0123119,-10.135004,88.199715,-63.98242,-4.7589508,129.26587,59.697099,-3.9778948
0.13340353,3.1637291,21.578607,-9.7367289,40.152897,11.492114,-9.904612,89.139779,-65.526964,-4.9959689,129.36959,59.634542,-3.6262597
0.1334343,3.8074801,18.359496,-9.7485103,38.816356,18.0267,-9.7069322,90.266004,-66.557785,-5.2410103,129.26638,59.458824,-3.2404482
0.13346506,4.3544347,15.04462,-9.7593068,37.591465,24.447323,-9.497648,91.490122,-67.191079,-5.4927652,128.93009,58.89812,-2.8264684
0.13349583,4.832306,11.600898,-9.7810198,36.472353,30.664575,-9.1107656,92.758617,-67.49007,-5.7580628,128.35134,57.637787,-2.3886712
0.13352659,5.2591815,8.0742347,-9.7074277,35.623052,36.613496,-8.6773076,94.024496,-67.629844,-6.0309596,127.53861,55.521931,-1.9559303
0.13355736,5.6106273,4.572599,-9.5057094,35.224401,42.206937,-8.1689529,95.294762,-67.645637,-6.3014827,126.48905,52.455805,-1.5693959
0.13358812,5.8799208,1.0748329,-9.2307547,35.357681,47.377453,-7.7125158,96.539977,-67.546527,-6.5602495,125.22627,48.471746,-1.2343541
0.13361888,6.0992643,-2.4633423,-8.9805195,36.114754,52.058999,-7.3205067,97.689528,-67.280077,-6.7948988,123.75965,43.764779,-0.94727664
0.13364965,6.3048165,-6.0012434,-8.8211962,37.329146,56.17732,-6.9682219,98.699363,-66.831311,-6.9985396,122.09121,38.345375,-0.71142198
0.13368041,6.4834038,-9.4373657,-8.6959737,38.96212,59.719966,-6.7161559,99.537478,-66.151934,-7.16317,120.27849,32.304963,-0.54271474
0.13371118,6.6182533,-12.830819,-8.4938217,40.975394,62.725323,-6.5734649,100.16444,-65.228399,-7.2912495,118.39585,25.767335,-0.45038168
0.13374194,6.5749973,-16.121214,-8.1951448,43.313738,65.185782,-6.5342421,100.56377,-64.101962,-7.3857509,116.50492,18.843436,-0.44260961
0.13377271,6.3652118,-19.304649,-7.8674917,45.937479,67.107755,-6.5820362,100.72164,-62.800746,-7.4489841,114.64521,11.641698,-0.52530465
0.13380348,6.0486555,-22.392629,-7.5385116,48.760406,68.555797,-6.7096243,100.63897,-61.328888,-7.4768803,112.86773,4.29062,-0.7074011
0.13383424,5.6453635,-25.359012,-7.2171382,51.744509,69.624007,-6.9191518,100.31929,-59.639859,-7.4789832,111.22874,-3.0727616,-0.92641883
0.13386501,5.2238332,-28.174762,-6.898251,55.032806,70.396652,-7.1944728,99.759095,-57.681767,-7.4701697,109.78585,-10.30941,-1.1816015
0.13389578,4.7387755,-30.771604,-6.5729981,58.6034,70.917766,-7.5284393,98.965013,-55.407337,-7.464685,108.58509,-17.301343,-1.5012952
0.13392654,4.1630314,-33.131434,-6.2307304,62.366717,71.23597,-7.8974221,97.941255,-52.738406,-7.466135,107.65302,-23.940654,-1.8658041
0.13395731,3.5204319,-35.259194,-5.9029221,66.204886,71.406478,-8.2685825,96.70869,-49.601627,-7.4744555,107.03092,-30.143917,-2.231646
0.13398808,2.8321575,-37.1559,-5.5950388,69.89011,71.469417,-8.6276478,95.273825,-45.930105,-7.4946397,106.68129,-35.817127,-2.5872416
0.13401885,2.1493696,-38.809036,-5.3163651,73.242538,71.447142,-8.9424659,93.669488,-41.677386,-7.5323509,106.65597,-40.899889,-2.9383839
0.13404962,1.4091023,-40.210892,-5.0270503,76.243171,71.349479,-9.1822971,91.868616,-36.885912,-7.5949752,106.90965,-45.353788,-3.2713885
0.13408038,0.6763279,-41.319966,-4.7848787,78.904409,71.197482,-9.3280083,89.897926,-31.564573,-7.6501385,107.36746,-49.230845,-3.5824479
0.13411115,-0.023210687,-42.113447,-4.5849021,81.239737,70.948549,-9.3686225,87.879548,-25.783355,-7.6968245,108.04358,-52.485889,-3.8632131
0.13414191,-0.68118182,-42.605497,-4.4518283,83.27311,70.577909,-9.3312876,85.832655,-19.609326,-7.747991,108.9031,-55.136865,-4.1204581
0.13417268,-1.2864127,-42.807,-4.3882014,85.015671,70.05463,-9.2196953,83.734462,-13.121835,-7.8140517,109.87265,-57.23473,-4.3569028
0.13420344,-1.8332858,-42.717695,-4.3905957,86.46604,69.324209,-9.0317701,81.678281,-6.3983631,-7.8959338,110.93905,-58.831734,-4.5858497
0.1342342,-2.3235535,-42.332705,-4.440926,87.618436,68.319884,-8.7780834,79.749668,0.47459355,-7.9258288,112.04568,-59.961615,-4.8128773
0.13426496,-2.7680477,-41.652372,-4.5314984,88.491325,67.069454,-8.4814008,78.086693,7.3622941,-7.903676,113.15356,-60.737083,-5.0347048
0.13429572,-3.2038638,-40.684188,-4.6566401,89.094859,65.550548,-8.1653245,76.941051,14.179642,-7.9075403,114.22341,-61.223009,-5.2492277
0.13432648,-3.6559076,-39.442583,-4.7993926,89.42158,63.730278,-7.8306518,76.209466,20.704039,-7.9277275,115.21774,-61.491186,-5.4514169
0.13435723,-4.1324186,-37.946586,-4.9588945,89.484126,61.616414,-7.46088,75.9347,26.87618,-7.8654392,116.11482,-61.610713,-5.6298787
0.13438799,-4.6176459,-36.203709,-5.1192814,89.266855,59.18947,-7.0633666,76.091438,32.620045,-7.7784661,116.90302,-61.631676,-5.7825887
0.13441874,-5.1143524,-34.218479,-5.2906002,88.831409,56.423606,-6.6595692,76.521097,37.867129,-7.6678296,117.55994,-61.569339,-5.9054573
0.1344495,-5.6114686,-32.018028,-5.4725473,88.158013,53.238194,-6.256483,77.322491,42.534398,-7.5157768,118.09774,-61.452369,-5.9940998
0.13448025,-6.1543949,-29.602718,-5.6533713,87.252718,49.597416,-5.8757997,78.591013,46.64194,-7.3514569,118.49987,-61.293368,-6.0476234
0.134511,-6.7325687,-27.042829,-5.8293772,86.105069,45.51734,-5.5342893,80.299839,50.177892,-7.1841198,118.75447,-61.057886,-6.0603004
0.13454175,-7.3413557,-24.302176,-5.9956226,84.696049,41.019055,-5.2206502,82.333393,53.088674,-7.0169561,118.8531,-60.719739,-6.0337152
0.1345725,-7.9885375,-21.38524,-6.1316774,83.097325,36.156786,-4.9176566,84.741708,55.380222,-6.8987148,118.78921,-60.222576,-5.9768019
0.13460325,-8.589513,-18.328315,-6.2353073,81.342385,30.938222,-4.6197272,87.609435,57.14602,-6.8286628,118.54369,-59.465175,-5.8942308
0.134634,-9.1461572,-15.094287,-6.3418283,79.398667,25.321079,-4.3808442,90.687875,58.468489,-6.8080597,118.10068,-58.413234,-5.789772
0.13466475,-9.7796822,-11.74032,-6.4719794,77.255539,19.380055,-4.2388891,93.827805,59.500631,-6.843649,117.45235,-57.00857,-5.6674302
0.1346955,-10.484328,-8.2913667,-6.6062315,74.916756,13.139834,-4.1650745,96.925229,60.312027,-6.9281048,116.59451,-55.172576,-5.5401846
0.13472625,-11.218817,-4.6967608,-6.6544456,72.4009,6.6526169,-4.0427828,99.910605,60.963429,-7.0364089,115.51929,-52.893926,-5.4264876
0.134757,-11.959987,-1.0369549,-6.5897959,69.707363,-0.0052082803,-3.8870966,102.73981,61.517963,-7.1402363,114.24519,-50.135337,-5.3350683
0.13478775,-12.726541,2.6245693,-6.4812506,66.842104,-6.7998402,-3.85259,105.37588,62.022375,-7.2251662,112.78839,-46.838776,-5.2623416
0.1348185,-13.496431,6.322829,-6.4676064,63.86368,-13.663704,-3.8590849,107.79391,62.495856,-7.2766244,111.16733,-42.937885,-5.2166709
0.13484925,-14.263425,9.9895035,-6.5006316,60.94632,-20.519117,-3.8944027,109.99274,62.940051,-7.2792119,109.40199,-38.42575,-5.2027618
0.13488,-15.030334,13.606423,-6.443625,58.261692,-27.235858,-3.9345569,111.96433,63.370349,-7.2244291,107.55646,-33.382772,-5.2181567
0.13491075,-15.788932,17.179679,-6.2824299,55.810517,-33.719639,-3.9557143,113.71125,63.762861,-7.1129152,105.63376,-27.860634,-5.263805
0.1349415,-16.619695,20.739695,-6.0701935,53.775951,-39.868083,-3.9855441,115.24575,64.106376,-6.9460871,103.76473,-21.951313,-5.3368439
0.13497225,-17.453122,24.235949,-5.863306,52.136381,-45.605691,-4.0448494,116.58108,64.391368,-6.7295866,102.05023,-15.753739,-5.465999
0.135003,-18.182552,27.627952,-5.6733045,50.760112,-50.877577,-4.1506221,117.71553,64.61045,-6.468521,100.47833,-9.3945076,-5.6448239
0.13503375,-18.712625,30.865894,-5.4927234,49.640998,-55.577884,-4.2974896,118.66026,64.723968,-6.1638785,99.176977,-2.9742803,-5.8291939
0.1350645,-19.148494,33.955964,-5.2915218,48.79547,-59.636949,-4.479229,119.42108,64.758532,-5.819497,98.167545,3.4052801,-6.0084095
0.13509525,-19.53334,36.845663,-5.0800503,48.297504,-62.828245,-4.6964942,120.00838,64.73712,-5.4451288,97.495194,9.630751,-6.1979166
0.135126,-19.855664,39.527329,-4.8995683,47.958508,-65.253,-4.9408374,120.41294,64.659075,-5.0559778,97.113731,15.570191,-6.3779784
0.13515675,-20.088206,41.988511,-4.7797703,47.758191,-67.025399,-5.2029343,120.61717,64.488316,-4.6491051,96.972239,21.151339,-6.5152884
0.1351875,-20.177036,44.233589,-4.7258533,47.686437,-68.235823,-5.5002104,120.60783,64.012622,-4.2182503,97.155443,26.301205,-6.6040103
0.13521826,-20.125303,46.248638,-4.7236905,47.739645,-68.966327,-5.8483184,120.35955,63.012411,-3.771461,97.527035,30.957513,-6.636258
0.13524901,-19.899155,47.992817,-4.7678086,48.014545,-69.294007,-6.2300255,119.86335,61.393022,-3.3245119,98.114527,35.08462,-6.6297266
0.13527976,-19.503124,49.462023,-4.8728543,48.522633,-69.242469,-6.6355272,119.11546,59.095634,-2.9025938,99.002085,38.670765,-6.5938743
0.13531052,-18.949291,50.625315,-5.0435359,49.16853,-68.842437,-7.0619162,118.10198,56.016595,-2.5103952,100.17876,41.724546,-6.5351317
0.13534128,-18.243697,51.50882,-5.2779824,49.877149,-68.112872,-7.5019634,116.83887,52.302247,-2.1532258,101.67223,44.271949,-6.4575745
0.13537203,-17.395348,52.077078,-5.5594716,50.588081,-67.069453,-7.91543,115.30692,47.944275,-1.8420639,103.45716,46.361804,-6.3752031
0.13540279,-16.449516,52.355019,-5.8716268,51.248153,-65.72206,-8.2746741,113.49234,42.916159,-1.5702022,105.41523,48.052272,-6.3062007
0.13543355,-15.428994,52.40944,-6.2027465,51.819966,-64.080106,-8.6038577,111.39307,37.225733,-1.3358893,107.48159,49.421377,-6.2526684
0.13546431,-14.341119,52.225167,-6.5547322,52.271622,-62.140927,-8.911761,109.11847,30.959058,-1.1701738,109.59564,50.534161,-6.2098311
0.13549506,-13.207035,51.794372,-6.9239527,52.577817,-59.900253,-9.1935694,106.67443,24.18377,-1.0851211,111.70183,51.469935,-6.1769547
0.13552582,-12.050447,51.134302,-7.2922849,52.707862,-57.344647,-9.4492996,104.09131,16.952752,-1.0902885,113.76462,52.296579,-6.1489711
0.13555659,-10.892971,50.273184,-7.6430781,52.66351,-54.456403,-9.6488753,101.43082,9.3716659,-1.2252079,115.75471,53.067646,-6.1201939
0.13558735,-9.7452052,49.198889,-7.9771287,52.4671,-51.235214,-9.7980941,98.778489,1.539645,-1.3764303,117.6474,53.818743,-6.0869634
0.13561811,-8.6185389,47.908387,-8.2930724,52.101911,-47.703202,-9.9335285,96.133631,-6.3617958,-1.5472654,119.42661,54.571051,-6.0440848
0.13564887,-7.5225338,46.423899,-8.6003364,51.566426,-43.856289,-10.048983,93.605479,-14.24509,-1.8467793,121.08016,55.361295,-5.9869546
0.13567964,-6.4510807,44.750161,-8.9017206,50.849023,-39.696076,-10.149791,91.380888,-21.977569,-2.2061628,122.59738,56.162838,-5.9107004
0.1357104,-5.4097467,42.891381,-9.2009848,49.91001,-35.200924,-10.207601,89.593198,-29.399695,-2.5845481,123.97308,56.954448,-5.810568
0.13574116,-4.4095043,40.865537,-9.4642831,48.91686,-30.427814,-10.232068,88.172637,-36.361242,-2.9413074,125.20917,57.700423,-5.6807731
0.13577193,-3.449375,38.684351,-9.6925792,47.811349,-25.353802,-10.256028,87.202686,-42.854759,-3.2762105,126.30694,58.357055,-5.5221084
0.13580269,-2.6180411,36.343128,-9.8874072,46.609388,-19.99388,-10.267219,86.676016,-48.667211,-3.5896442,127.25993,58.888941,-5.3353273
0.13583345,-1.8696612,33.835629,-10.002447,45.364623,-14.354462,-10.305355,86.557835,-53.677088,-3.8907417,128.06074,59.29544,-5.1134703
0.13586421,-1.0933002,31.150925,-10.089289,43.939441,-8.3850319,-10.275243,86.704474,-57.851757,-4.1702965,128.70107,59.591245,-4.847556
0.13589497,-0.34789559,28.303696,-10.121617,42.461537,-2.2700226,-10.139008,87.110195,-61.111214,-4.4465367,129.17387,59.731027,-4.538407
0.13592573,0.36678779,25.320851,-10.100942,40.980081,4.01457,-9.9611378,87.739899,-63.373164,-4.7329703,129.47764,59.762102,-4.1959274
0.13595649,1.1533306,22.232521,-10.098332,39.53999,10.418262,-9.6787796,88.607678,-64.965442,-5.0234274,129.61258,59.700313,-3.8219601
0.13598724,1.8795479,19.062994,-10.120482,38.216661,16.89244,-9.4283528,89.679858,-66.038057,-5.3240692,129.54455,59.528142,-3.4127988
0.136018,2.5122651,15.801016,-10.13013,36.996296,23.260088,-9.1467796,90.8794,-66.702267,-5.6326278,129.24578,58.987337,-2.9744284
0.13604876,3.1260581,12.413682,-10.145627,35.851567,29.460511,-8.7341779,92.140651,-67.032378,-5.9503967,128.70444,57.766213,-2.512491
0.13607952,3.6583203,8.9483583,-10.065663,34.897874,35.416936,-8.2630795,93.410558,-67.187346,-6.2738238,127.92897,55.698839,-2.05339
0.13611028,4.1183401,5.4826016,-9.8263684,34.362701,41.031012,-7.7289989,94.658237,-67.211213,-6.593674,126.92119,52.694328,-1.6395544
0.13614103,4.489456,2.0222149,-9.5092681,34.323332,46.234342,-7.2879225,95.885198,-67.117046,-6.8941529,125.69285,48.770279,-1.2758234
0.13617179,4.7834576,-1.4666706,-9.2423791,34.934096,50.958749,-6.9135623,97.019782,-66.8768,-7.1622176,124.2578,44.127709,-0.95701543
0.13620255,5.0683059,-4.9786165,-9.0794754,36.01721,55.148168,-6.6097629,98.021966,-66.456352,-7.3904414,122.61488,38.77582,-0.68784081
0.13623331,5.3252508,-8.3801222,-8.942105,37.525015,58.77573,-6.4237128,98.860843,-65.811086,-7.5708953,120.82283,32.796149,-0.48358419
0.13626407,5.552869,-11.741491,-8.7342488,39.425145,61.866341,-6.3615161,99.498086,-64.950443,-7.7057456,118.94776,26.308306,-0.35723691
0.13629482,5.5957275,-15.001741,-8.4308377,41.662187,64.409994,-6.413935,99.917307,-63.888986,-7.7985878,117.05517,19.428512,-0.31303483
0.13632558,5.4710848,-18.158945,-8.092535,44.213063,66.417631,-6.5578665,100.09974,-62.654178,-7.8518353,115.18347,12.260312,-0.35933786
0.13635634,5.2329983,-21.226509,-7.7496257,46.98998,67.946881,-6.7806683,100.044,-61.242578,-7.8638035,113.38294,4.9320226,-0.5108374
0.1363871,4.908726,-24.169328,-7.4173072,49.907295,69.08341,-7.0772177,99.755797,-59.611032,-7.8455556,111.70967,-2.4316467,-0.70565636
0.13641786,4.5133071,-26.967715,-7.0838844,53.05734,69.914583,-7.4368885,99.23099,-57.710138,-7.8099275,110.21779,-9.6740084,-0.92898542
0.13644862,4.1060956,-29.54184,-6.7471574,56.488934,70.490703,-7.8476077,98.477917,-55.491318,-7.772151,108.95769,-16.679314,-1.2468338
0.13647938,3.6129959,-31.883281,-6.3996137,60.147821,70.859471,-8.2927243,97.503665,-52.879839,-7.738247,107.95632,-23.34364,-1.6138014
0.13651014,3.0391089,-34.009643,-6.0653244,63.926378,71.057756,-8.7340521,96.320768,-49.809946,-7.7055431,107.25155,-29.579373,-1.9885616
0.13654091,2.4252622,-35.907255,-5.7561458,67.704197,71.145344,-9.1510866,94.935144,-46.209706,-7.6798391,106.82558,-35.292478,-2.3646608
0.13657167,1.7085783,-37.571092,-5.4445666,71.178327,71.146016,-9.5147198,93.376208,-42.033584,-7.6695477,106.7313,-40.42587,-2.739996
0.13660242,0.95480449,-38.977505,-5.1564501,74.313815,71.070365,-9.7893229,91.622152,-37.329769,-7.6738966,106.89826,-44.932478,-3.1022348
0.13663318,0.21045781,-40.118879,-4.9066276,77.105192,70.940133,-9.9538521,89.698224,-32.094889,-7.6702679,107.30051,-48.859329,-3.4468459
0.13666394,-0.51537645,-40.954666,-4.6967714,79.56075,70.728922,-10.001753,87.725599,-26.401803,-7.6657367,107.92764,-52.170732,-3.7771537
0.1366947,-1.2076694,-41.48657,-4.5509757,81.706204,70.398046,-9.9541465,85.706723,-20.316285,-7.6622099,108.74905,-54.87839,-4.0883473
0.13672545,-1.8545884,-41.731711,-4.4721861,83.557848,69.925114,-9.8353785,83.650147,-13.904131,-7.6704455,109.688,-57.016723,-4.3743172
0.1367562,-2.4503347,-41.69136,-4.4618797,85.119829,69.248849,-9.6468994,81.591197,-7.2553416,-7.7069587,110.7268,-58.663216,-4.6478118
0.13678696,-2.9929393,-41.364515,-4.5083456,86.382059,68.306313,-9.3982314,79.63362,-0.43535532,-7.6889923,111.81529,-59.83352,-4.9195879
0.13681771,-3.4876408,-40.74856,-4.5970614,87.361154,67.134874,-9.1036681,77.876477,6.4078617,-7.610265,112.9142,-60.636791,-5.1855938
0.13684846,-3.9215152,-39.858245,-4.7197612,88.064617,65.699066,-8.7784817,76.632132,13.178807,-7.6030345,113.98122,-61.147751,-5.4429308
0.13687921,-4.4072814,-38.696213,-4.8856553,88.493062,63.957651,-8.4214322,75.798708,19.699535,-7.584231,114.98051,-61.435088,-5.6840961
0.13690995,-4.9085796,-37.278033,-5.0399473,88.659613,61.926074,-8.0210001,75.387845,25.893036,-7.5146603,115.88694,-61.567644,-5.8966264
0.1369407,-5.4156992,-35.619125,-5.1995416,88.552693,59.586076,-7.5740323,75.451918,31.660795,-7.4276849,116.6878,-61.591276,-6.0771861
0.13697145,-5.9267508,-33.726751,-5.373318,88.193353,56.898353,-7.1027817,75.797356,36.96595,-7.3212302,117.36066,-61.531115,-6.2209626
0.13700219,-6.439666,-31.612931,-5.553,87.606189,53.807836,-6.6347876,76.483029,41.715485,-7.1923961,117.91731,-61.422433,-6.3244653
0.13703294,-6.9667074,-29.295193,-5.7410364,86.790831,50.262421,-6.1915084,77.640068,45.877657,-7.0703049,118.33984,-61.265345,-6.3851626
0.13706368,-7.5437451,-26.772325,-5.9183914,85.736388,46.279135,-5.7890388,79.270201,49.510265,-6.9517291,118.61597,-61.035401,-6.3981651
0.13709442,-8.142763,-24.10968,-6.0859271,84.432362,41.882835,-5.4258393,81.286172,52.539979,-6.8480137,118.7382,-60.708247,-6.3649648
0.13712516,-8.7715277,-21.275238,-6.2167901,82.875952,37.109869,-5.0746797,83.587629,54.968506,-6.8120227,118.70051,-60.228363,-6.2956978
0.13715591,-9.3925197,-18.282523,-6.3233976,81.22476,32.008515,-4.7268275,86.316819,56.852983,-6.8614676,118.48469,-59.498595,-6.1955739
0.13718665,-9.9702391,-15.157365,-6.4274896,79.387588,26.511864,-4.4453037,89.356745,58.270717,-6.9643517,118.07403,-58.479266,-6.0688512
0.13721739,-10.573512,-11.905688,-6.5560013,77.348413,20.697402,-4.2533165,92.498555,59.365834,-7.1174476,117.45943,-57.118147,-5.9198254
0.13724813,-11.254275,-8.5488361,-6.6929816,75.107699,14.592779,-4.1545081,95.62938,60.231272,-7.3051005,116.63708,-55.333294,-5.7608044
0.13727887,-11.965377,-5.0559266,-6.7482134,72.697187,8.2156116,-3.991797,98.67343,60.927115,-7.4999533,115.59955,-53.103361,-5.6116809
0.13730961,-12.702822,-1.4652347,-6.7022285,70.091248,1.692047,-3.7928212,101.57536,61.514599,-7.6719095,114.36193,-50.398618,-5.4825848
0.13734035,-13.451647,2.116567,-6.6004666,67.317567,-4.9809886,-3.7218915,104.29128,62.031283,-7.8036482,112.93307,-47.163493,-5.3714908
0.13737109,-14.204599,5.7465703,-6.5902857,64.38458,-11.743832,-3.6940489,106.79528,62.499152,-7.8825734,111.33788,-43.331319,-5.281692
0.13740183,-14.959329,9.3342347,-6.6093051,61.43025,-18.515329,-3.7038934,109.07759,62.932368,-7.8928289,109.60039,-38.886792,-5.2235708
0.13743257,-15.702752,12.877468,-6.5669974,58.715653,-25.203885,-3.7179834,111.13037,63.35246,-7.8310457,107.77372,-33.907311,-5.1966611
0.13746331,-16.440227,16.382748,-6.4115269,56.143413,-31.67494,-3.7201951,112.95387,63.733602,-7.6988277,105.86594,-28.446645,-5.1966579
0.13749405,-17.260299,19.858401,-6.1975771,53.93423,-37.83759,-3.738328,114.5565,64.078091,-7.501135,103.99432,-22.588473,-5.2246197
0.13752479,-18.090423,23.279501,-6.0005422,52.153583,-43.611203,-3.7870045,115.95237,64.36222,-7.2460272,102.25494,-16.431001,-5.3112625
0.13755553,-18.863122,26.613267,-5.8267345,50.641103,-48.95414,-3.888052,117.14251,64.58245,-6.9395249,100.6339,-10.106144,-5.4511239
0.13758627,-19.458701,29.81197,-5.665411,49.412278,-53.762617,-4.0478321,118.13803,64.711968,-6.5867582,99.253325,-3.705308,-5.60535
0.13761702,-19.910731,32.861213,-5.4816129,48.417083,-57.953545,-4.2511868,118.94832,64.753138,-6.1930436,98.150247,2.6714163,-5.7621999
0.13764776,-20.324069,35.732378,-5.284581,47.759334,-61.394645,-4.5045998,119.58616,64.73584,-5.7697182,97.387128,8.8929085,-5.9349603
0.1376785,-20.690682,38.395826,-5.1135132,47.349787,-64.029459,-4.7918397,120.04692,64.665989,-5.3323653,96.925444,14.850365,-6.1088273
0.13770924,-20.973863,40.8323,-4.9948251,47.073369,-65.982381,-5.0928026,120.31606,64.509413,-4.8798078,96.695352,20.454508,-6.2570058
0.13773998,-21.143213,43.067951,-4.939593,46.918239,-67.348849,-5.4271333,120.3737,64.081414,-4.4069306,96.77692,25.645215,-6.3706077
0.13777073,-21.171026,45.106408,-4.9331485,46.88792,-68.223539,-5.8121175,120.19832,63.164189,-3.9180369,97.120599,30.353945,-6.443678
0.13780147,-21.072809,46.893889,-4.9707069,47.01176,-68.684472,-6.233808,119.78011,61.652185,-3.4318687,97.675474,34.544568,-6.4824641
0.13783222,-20.825977,48.412933,-5.0594545,47.389385,-68.752945,-6.6840477,119.1149,59.4849,-2.9705402,98.52531,38.201379,-6.4946238
0.13786296,-20.414875,49.639165,-5.2076059,47.934949,-68.459566,-7.1535317,118.18423,56.563234,-2.5376123,99.692138,41.325931,-6.4925556
0.13789371,-19.854798,50.601884,-5.4155612,48.570967,-67.827079,-7.6373858,117.01564,52.996158,-2.1407942,101.14037,43.943365,-6.4757009
0.13792445,-19.141307,51.261982,-5.6759756,49.23754,-66.877251,-8.1082998,115.57559,48.804682,-1.7892441,102.89073,46.104218,-6.459678
0.1379552,-18.31058,51.60157,-5.9742256,49.875035,-65.621279,-8.5229847,113.85495,43.954741,-1.4716574,104.82932,47.86169,-6.4516268
0.13798595,-17.387312,51.738847,-6.2967522,50.440041,-64.069479,-8.8697045,111.86456,38.445871,-1.1973263,106.89194,49.284126,-6.454245
0.1380167,-16.385293,51.651831,-6.6356008,50.896803,-62.22,-9.1665729,109.65517,32.345603,-0.98864784,109.01843,50.443984,-6.4759301
0.13804745,-15.325837,51.321476,-6.990316,51.22065,-60.067831,-9.4266617,107.27508,25.723703,-0.8429617,111.15041,51.416441,-6.5094411
0.1380782,-14.232182,50.758622,-7.3514992,51.385871,-57.597504,-9.6392867,104.74385,18.644296,-0.80412286,113.24916,52.269106,-6.5350908
0.13810895,-13.119247,50.000159,-7.7000288,51.377741,-54.797973,-9.8054267,102.11322,11.19508,-0.89433716,115.2805,53.057576,-6.5478996
0.1381397,-11.994441,49.035962,-8.0270958,51.225698,-51.666903,-9.9453622,99.464989,3.4602541,-1.0060367,117.21701,53.816775,-6.5427453
0.13817045,-10.85481,47.83815,-8.3450691,50.9128,-48.229883,-10.072643,96.813779,-4.3578619,-1.1690303,119.04196,54.581346,-6.5139954
0.1382012,-9.7173264,46.442894,-8.655735,50.433413,-44.483271,-10.192153,94.218204,-12.203763,-1.4365843,120.74349,55.378584,-6.4569097
0.13823195,-8.5948144,44.855858,-8.9487665,49.783646,-40.429174,-10.292285,91.852219,-19.95066,-1.7686313,122.30929,56.184009,-6.3726087
0.13826271,-7.4968225,43.08318,-9.2372016,48.908312,-36.045202,-10.341752,89.895576,-27.416152,-2.1387254,123.73112,56.966667,-6.2575074
0.13829346,-6.4301867,41.138438,-9.5082158,47.974085,-31.383003,-10.352132,88.310722,-34.4748,-2.5015783,125.01081,57.709049,-6.1075059
0.13832421,-5.4125788,39.033434,-9.7390461,46.930663,-26.426537,-10.355602,87.176327,-41.062389,-2.8465387,126.15121,58.369115,-5.9234262
0.13835496,-4.4306871,36.772929,-9.9394113,45.785606,-21.18464,-10.342104,86.478672,-47.04208,-3.1765436,127.14886,58.90793,-5.7093087
0.13838571,-3.5751605,34.347165,-10.11786,44.605513,-15.657924,-10.352212,86.205235,-52.247224,-3.500252,127.99498,59.334285,-5.4605165
0.13841645,-2.7798817,31.756965,-10.223238,43.226055,-9.8407865,-10.29615,86.252428,-56.638356,-3.8168412,128.68234,59.648095,-5.1658395
0.1384472,-2.0667991,28.995561,-10.285147,41.802518,-3.7807895,-10.163029,86.541266,-60.169606,-4.145911,129.20675,59.809547,-4.8265113
0.13847795,-1.3267368,26.082815,-10.286903,40.35565,2.3994016,-9.9310357,87.065889,-62.629074,-4.498571,129.56226,59.85589,-4.4541499
0.13850869,-0.52623246,23.061013,-10.252106,38.927569,8.7077944,-9.6384392,87.833304,-64.346171,-4.865496,129.75502,59.803722,-4.0505272
0.13853944,0.27170186,19.948146,-10.258546,37.590153,15.095348,-9.3753035,88.82193,-65.539557,-5.2439993,129.75505,59.653592,-3.6111487
0.13857019,0.98802619,16.752018,-10.300465,36.367692,21.426261,-9.0564105,89.970754,-66.28575,-5.6322107,129.52992,59.208607,-3.1428714
0.13860093,1.6481089,13.42668,-10.336028,35.250306,27.655987,-8.6735612,91.213523,-66.696521,-6.0245358,129.06236,58.128546,-2.6457487
0.13863168,2.2951565,10.033243,-10.279681,34.220158,33.643935,-8.1852857,92.485696,-66.904985,-6.4171384,128.35726,56.22205,-2.144841
0.13866242,2.8931568,6.6112899,-10.080657,33.50771,39.319216,-7.6334911,93.732811,-66.965264,-6.804917,127.4213,53.410412,-1.6844344
0.13869317,3.390204,3.1995621,-9.7552411,33.257223,44.604029,-7.1752561,94.951319,-66.891101,-7.1661981,126.25591,49.650599,-1.2714893
0.13872392,3.7858726,-0.22504559,-9.4639033,33.654632,49.425609,-6.7833573,96.091081,-66.682529,-7.4866438,124.87678,45.173007,-0.90074429
0.13875466,4.1447787,-3.7050334,-9.3070409,34.558456,53.755104,-6.4863735,97.109585,-66.3041,-7.7557182,123.27909,39.975954,-0.57621735
0.13878541,4.4793252,-7.0635429,-9.1786734,35.889604,57.538729,-6.3035618,97.978125,-65.71241,-7.9672524,121.51709,34.128406,-0.31562905
0.13881615,4.7746591,-10.380667,-8.9908115,37.626936,60.766784,-6.2590259,98.6575,-64.924774,-8.122393,119.63924,27.745194,-0.12894028
0.1388469,4.932329,-13.612645,-8.7035393,39.7158,63.453086,-6.344608,99.12531,-63.942395,-8.2246968,117.73691,20.948912,-0.015403296
0.13887764,4.9048793,-16.745164,-8.3707672,42.140691,65.609143,-6.5250168,99.36188,-62.774036,-8.2783405,115.84824,13.83976,-0.0073478038
0.13890839,4.7545398,-19.782762,-8.0267501,44.816272,67.277722,-6.7839041,99.363565,-61.426121,-8.2836388,114.00638,6.5338428,-0.12438915
0.13893914,4.5051437,-22.710351,-7.6859814,47.663437,68.533532,-7.1201071,99.134625,-59.863963,-8.2479286,112.27712,-0.84331225,-0.27555396
0.13896988,4.1527214,-25.501655,-7.3506402,50.645041,69.45865,-7.5111351,98.673269,-58.043058,-8.1896842,110.70646,-8.1113599,-0.49017238
0.13900063,3.8095856,-28.075448,-7.0093859,53.910691,70.117225,-7.9581509,97.988622,-55.910105,-8.1248151,109.35185,-15.178653,-0.78370375
0.13903138,3.3789045,-30.426884,-6.6591374,57.439165,70.558088,-8.4449486,97.085222,-53.400231,-8.0628728,108.24168,-21.943546,-1.1417255
0.13906213,2.8702969,-32.563132,-6.3179394,61.144528,70.812979,-8.9481968,95.969184,-50.450501,-7.9965458,107.40099,-28.275281,-1.5170263
0.13909288,2.3011392,-34.474663,-5.9980646,64.919156,70.940303,-9.4183524,94.650126,-46.987733,-7.9331056,106.86621,-34.112424,-1.9109619
0.13912363,1.6165092,-36.159822,-5.6568134,68.571393,70.972325,-9.824209,93.143295,-42.965229,-7.8782455,106.66929,-39.384683,-2.3150954
0.13915437,0.86928489,-37.591123,-5.3682508,71.900379,70.925526,-10.12324,91.466378,-38.408152,-7.8312083,106.7346,-44.034443,-2.7188741
0.13918512,0.10743664,-38.778066,-5.099439,74.886618,70.815625,-10.306155,89.634467,-33.335642,-7.7843661,107.05524,-48.091561,-3.1164958
0.13921587,-0.65129987,-39.680159,-4.8564517,77.531739,70.635033,-10.384728,87.709956,-27.791593,-7.741077,107.6131,-51.54336,-3.5085262
0.13924661,-1.3866871,-40.276748,-4.6732014,79.847121,70.338664,-10.37205,85.722385,-21.838169,-7.6871824,108.38044,-54.386303,-3.8903963
0.13927735,-2.087108,-40.588601,-4.5538109,81.863793,69.908033,-10.289376,83.730255,-15.534662,-7.6534373,109.28781,-56.646397,-4.2573468
0.13930809,-2.7417463,-40.623361,-4.4971499,83.585127,69.29248,-10.135464,81.644257,-9.0036118,-7.6539822,110.29446,-58.40089,-4.6121079
0.13933884,-3.3470931,-40.379144,-4.4977228,85.006543,68.424028,-9.9159584,79.651166,-2.2320839,-7.5960603,111.3684,-59.667084,-4.9513422
0.13936958,-3.8982643,-39.85841,-4.5524014,86.134571,67.324045,-9.6417512,77.825235,4.5523897,-7.5076941,112.46908,-60.54644,-5.2795749
0.13940031,-4.4034941,-39.069338,-4.6571452,86.987245,65.976044,-9.3257146,76.375063,11.293135,-7.4696042,113.54634,-61.114704,-5.5973632
0.13943105,-4.9141225,-38.011915,-4.8025876,87.561819,64.327279,-8.9643705,75.410086,17.860274,-7.419262,114.56633,-61.449417,-5.8951817
0.13946179,-5.4427614,-36.700415,-4.9492573,87.873379,62.392949,-8.5528951,74.826115,24.134128,-7.3569131,115.50044,-61.614459,-6.1573876
0.13949252,-5.9760968,-35.15143,-5.1030009,87.908098,60.155371,-8.0963932,74.704382,30.018239,-7.2550169,116.33129,-61.663705,-6.3800564
0.13952326,-6.5086465,-33.37273,-5.2653588,87.665436,57.575984,-7.5917616,74.962232,35.447273,-7.1318047,117.03888,-61.620208,-6.559031
0.13955399,-7.0435664,-31.372041,-5.4378854,87.200362,54.61354,-7.0638827,75.459805,40.357837,-7.0110873,117.63218,-61.524097,-6.6894483
0.13958472,-7.570929,-29.167739,-5.6167319,86.5038,51.204973,-6.5639937,76.456908,44.665147,-6.9058419,118.09441,-61.379343,-6.7673747
0.13961546,-8.1207516,-26.76858,-5.8013785,85.567012,47.361158,-6.1057064,77.929838,48.435488,-6.8048461,118.41126,-61.158092,-6.7879755
0.13964619,-8.7106431,-24.184108,-5.9652902,84.386008,43.104992,-5.7030532,79.814751,51.631448,-6.737342,118.57653,-60.843591,-6.7542235
0.13967692,-9.3337341,-21.428523,-6.1065792,82.931914,38.47236,-5.3103439,81.997492,54.244511,-6.7494876,118.58211,-60.400981,-6.6759692
0.13970765,-9.9700876,-18.540921,-6.2150025,81.392567,33.525505,-4.923123,84.550821,56.303435,-6.8548084,118.41543,-59.720753,-6.5598932
0.13973838,-10.550311,-15.527091,-6.3206909,79.668914,28.186921,-4.5991594,87.500473,57.872543,-7.0253265,118.05972,-58.761884,-6.4108468
0.13976911,-11.120813,-12.379286,-6.4522856,77.744118,22.532098,-4.3583332,90.652938,59.069964,-7.2440355,117.5015,-57.482022,-6.2337214
0.13979984,-11.767634,-9.1181887,-6.5829582,75.618178,16.590838,-4.2290995,93.8383,60.008458,-7.4932091,116.73696,-55.800818,-6.0394429
0.13983057,-12.464178,-5.7293449,-6.6741323,73.328871,10.367951,-4.0385875,96.965687,60.763918,-7.741927,115.75987,-53.679094,-5.8497748
0.1398613,-13.186689,-2.2367535,-6.6559348,70.823266,4.0057129,-3.8388693,99.97011,61.388133,-7.9643078,114.58428,-51.095425,-5.6792542
0.13989203,-13.914586,1.2421634,-6.5550456,68.128575,-2.5353548,-3.7167045,102.79911,61.923328,-8.140886,113.21832,-47.997017,-5.5245236
0.13992276,-14.649969,4.7723032,-6.5453786,65.27267,-9.1862113,-3.6463971,105.42431,62.402671,-8.2533007,111.68065,-44.317024,-5.3899505
0.13995348,-15.38394,8.2867082,-6.580795,62.31945,-15.87205,-3.6243046,107.82917,62.844318,-8.2887575,110.00124,-40.018489,-5.2848158
0.13998421,-16.111843,11.752909,-6.5783444,59.509721,-22.518054,-3.5998655,110.00688,63.271228,-8.2468909,108.20335,-35.177113,-5.2126541
0.14001494,-16.821946,15.195251,-6.4638793,56.81784,-28.978068,-3.5769297,111.95204,63.66429,-8.1426479,106.32296,-29.845549,-5.1704101
0.14004567,-17.621905,18.570389,-6.273808,54.392618,-35.178941,-3.5625353,113.6686,64.010682,-7.9640451,104.43979,-24.094753,-5.1595678
0.1400764,-18.444913,21.912992,-6.0887746,52.40298,-41.044655,-3.5663467,115.16779,64.315456,-7.7201927,102.6329,-18.028781,-5.1996519
0.14010713,-19.267378,25.188309,-5.9253141,50.781412,-46.475314,-3.6242697,116.4524,64.558712,-7.4047702,100.95627,-11.755305,-5.2893801
0.14013786,-19.937643,28.346501,-5.7743254,49.424211,-51.429658,-3.7468253,117.53591,64.72212,-7.0197477,99.482511,-5.3714073,-5.425202
0.14016859,-20.445897,31.357925,-5.6088446,48.288299,-55.805942,-3.9262902,118.4309,64.79167,-6.5892005,98.267449,1.0406332,-5.5568547
0.14019932,-20.888425,34.210284,-5.4235476,47.423523,-59.549112,-4.173987,119.14868,64.795105,-6.1265022,97.37039,7.2947507,-5.7053445
0.14023005,-21.305716,36.868532,-5.2537574,46.898754,-62.479315,-4.4640725,119.68996,64.737668,-5.6462706,96.798032,13.320601,-5.8719528
0.14026078,-21.659811,39.309692,-5.1311135,46.519372,-64.69032,-4.7740761,120.0422,64.597988,-5.1526332,96.471746,19.02876,-6.0324456
0.14029152,-21.928457,41.550546,-5.0676212,46.260211,-66.28452,-5.1196036,120.18595,64.246104,-4.6420062,96.427666,24.333577,-6.1669397
0.14032225,-22.063957,43.606243,-5.0539757,46.11947,-67.356403,-5.5138065,120.10789,63.444456,-4.112697,96.693556,29.170145,-6.2658838
0.14035298,-22.076251,45.452262,-5.0802337,46.086175,-67.987729,-5.9527379,119.79612,62.081343,-3.5887793,97.158612,33.507153,-6.3443485
0.14038371,-21.960155,47.038139,-5.1467528,46.262695,-68.213582,-6.422724,119.2356,60.101316,-3.0879789,97.91541,37.317532,-6.4072001
0.14041445,-21.69015,48.350604,-5.2651002,46.65142,-68.066121,-6.9147912,118.43336,57.411992,-2.616142,99.017399,40.58787,-6.4523296
0.14044518,-21.281932,49.401502,-5.4388158,47.172431,-67.572495,-7.4200796,117.38344,54.05704,-2.1821848,100.40354,43.347786,-6.4911843
0.14047592,-20.731786,50.176528,-5.6655104,47.763514,-66.746794,-7.9315038,116.06258,50.09857,-1.7877144,102.08931,45.640314,-6.5337665
0.14050665,-20.050821,50.610058,-5.9362813,48.36138,-65.614383,-8.4000181,114.46955,45.491418,-1.4302725,103.9947,47.513181,-6.5767613
0.14053739,-19.259809,50.835926,-6.2453902,48.915582,-64.182816,-8.7917298,112.60261,40.231546,-1.1266278,106.0445,49.033073,-6.6274255
0.14056812,-18.372911,50.863207,-6.5856832,49.380624,-62.451464,-9.1139621,110.44191,34.354237,-0.87377922,108.17736,50.270719,-6.6838976
0.14059886,-17.41063,50.651712,-6.939847,49.727605,-60.414073,-9.3718324,108.16017,27.959351,-0.68368426,110.33792,51.300261,-6.7480925
0.1406296,-16.383483,50.20577,-7.2990714,49.931753,-58.055961,-9.5871551,105.71487,21.100731,-0.60406996,112.47889,52.192777,-6.8158789
0.14066033,-15.302305,49.552557,-7.6473765,49.967625,-55.368608,-9.7507128,103.14316,13.82616,-0.65054444,114.56293,53.001695,-6.8700551
0.14069107,-14.189792,48.709372,-7.9729088,49.866767,-52.357105,-9.8716421,100.49067,6.2612636,-0.72162014,116.55935,53.769537,-6.898927
0.14072181,-13.054514,47.638353,-8.2870609,49.618351,-49.040305,-9.9785349,97.834097,-1.4761655,-0.87685278,118.44803,54.535735,-6.8953
0.14075255,-11.909784,46.35573,-8.5940439,49.211113,-45.423198,-10.093015,95.173434,-9.2942239,-1.0840441,120.21667,55.330059,-6.8534023
0.14078329,-10.769249,44.876046,-8.8862147,48.64284,-41.505703,-10.205483,92.641332,-17.055129,-1.3874442,121.84974,56.128364,-6.7732451
0.14081402,-9.6397372,43.211365,-9.1705239,47.880424,-37.282253,-10.278824,90.488378,-24.599242,-1.7537307,123.33786,56.907173,-6.65505
0.14084476,-8.5323165,41.370366,-9.444287,46.971717,-32.745624,-10.313763,88.757229,-31.800097,-2.1273261,124.67959,57.652777,-6.4952333
0.14087549,-7.470469,39.369008,-9.6990087,46.005906,-27.940413,-10.307991,87.380638,-38.524001,-2.4824716,125.88033,58.332454,-6.2951575
0.14090623,-6.4464211,37.207791,-9.9004151,44.935026,-22.860282,-10.284732,86.459323,-44.731426,-2.8397938,126.93861,58.893435,-6.0626892
0.14093696,-5.4615808,34.886592,-10.078431,43.772836,-17.510026,-10.27523,85.99412,-50.220558,-3.188712,127.84863,59.349544,-5.7952673
0.14096769,-4.5757775,32.40764,-10.247798,42.543623,-11.851649,-10.240182,85.840513,-54.911489,-3.5303379,128.60419,59.693557,-5.4815836
0.14099842,-3.7522034,29.760299,-10.360538,41.174384,-5.9031164,-10.11076,85.960087,-58.774073,-3.8889858,129.20122,59.899651,-5.1211572
0.14102916,-3.0064139,26.953315,-10.407927,39.767813,0.12491712,-9.8670592,86.329915,-61.591495,-4.2689909,129.63071,59.969405,-4.7243646
0.14105989,-2.2620722,24.024085,-10.416924,38.356559,6.2979745,-9.6024088,86.946354,-63.548998,-4.671151,129.90527,59.93806,-4.294061
0.14109062,-1.4217287,20.992022,-10.392324,36.996771,12.56973,-9.3159292,87.810289,-64.907048,-5.0873601,129.9981,59.812146,-3.8290659
0.14112135,-0.63710882,17.887466,-10.409516,35.767558,18.89821,-8.9816961,88.861759,-65.782912,-5.5172091,129.87217,59.500011,-3.3348565
0.14115208,0.089976841,14.661033,-10.462994,34.650771,25.114442,-8.6252106,90.051068,-66.296214,-5.9565014,129.5067,58.61903,-2.8027861
0.14118281,0.7799502,11.350319,-10.48225,33.525516,31.12685,-8.1198625,91.304252,-66.567406,-6.3935233,128.89791,56.962646,-2.2625984
0.14121354,1.456059,7.9839598,-10.351593,32.592256,36.865411,-7.5552625,92.553483,-66.67713,-6.8269447,128.05791,54.443081,-1.7460789
0.14124427,2.106918,4.6324005,-10.085582,32.098968,42.249922,-7.0425601,93.760886,-66.633738,-7.2370953,126.975,50.951394,-1.2799963
0.141275,2.6531957,1.2962733,-9.7804135,32.124381,47.220599,-6.6110661,94.917804,-66.459722,-7.6063433,125.6719,46.717072,-0.85857921
0.14130573,3.1168915,-2.0955588,-9.6040021,32.755193,51.728281,-6.2936411,95.972617,-66.140801,-7.9205463,124.16057,41.770386,-0.48860842
0.14133646,3.5449542,-5.4476587,-9.4677963,33.832005,55.70948,-6.0742159,96.89521,-65.639427,-8.1755771,122.44866,36.136292,-0.18927325
0.1413672,3.9212931,-8.698818,-9.3203967,35.322585,59.140809,-6.0099091,97.648759,-64.949115,-8.3672809,120.57916,29.926708,0.045266104
0.14139793,4.2204032,-11.889481,-9.0612401,37.199606,62.031992,-6.0947504,98.200697,-64.064945,-8.4970348,118.69237,23.275525,0.19313905
0.14142866,4.3425304,-14.992431,-8.7387249,39.418116,64.404865,-6.293137,98.527226,-62.979223,-8.5728793,116.79503,16.25737,0.23909613
0.14145939,4.2959692,-17.987859,-8.3959445,41.920282,66.289872,-6.5832413,98.624006,-61.709827,-8.592257,114.90908,9.0132641,0.18159433
0.14149012,4.1327126,-20.906634,-8.0532073,44.641022,67.730772,-6.9552635,98.491878,-60.23956,-8.5614353,113.10116,1.6663228,0.053407727
0.14152085,3.8665294,-23.676241,-7.7181965,47.505844,68.802648,-7.390451,98.132736,-58.524766,-8.4980202,111.42757,-5.6540361,-0.15267513
0.14155159,3.5800134,-26.247714,-7.3753393,50.572213,69.582806,-7.878116,97.546894,-56.515317,-8.4248737,109.94921,-12.818329,-0.4321209
0.14158232,3.2151505,-28.613924,-7.0257607,53.921343,70.134869,-8.3998816,96.741639,-54.153222,-8.3503993,108.70273,-19.698721,-0.77419778
0.14161305,2.760104,-30.766076,-6.6782651,57.507194,70.497503,-8.9491105,95.713518,-51.371619,-8.2726158,107.71096,-26.197767,-1.162735
0.14164379,2.2388415,-32.700568,-6.3426616,61.232371,70.690464,-9.4938573,94.493138,-48.111628,-8.1927376,107.02874,-32.231689,-1.5776289
0.14167452,1.6074603,-34.411184,-5.9861819,65.007464,70.774367,-9.9993244,93.085885,-44.316566,-8.1145444,106.68583,-37.71955,-2.0048829
0.14170525,0.91066858,-35.882802,-5.67951,68.586931,70.76983,-10.387411,91.524874,-39.974854,-8.0387684,106.6226,-42.594902,-2.4396536
0.14173599,0.16741307,-37.118827,-5.3954911,71.838927,70.677932,-10.631242,89.793854,-35.139211,-7.9650195,106.82169,-46.868453,-2.8759768
0.14176672,-0.60924865,-38.100671,-5.128287,74.750995,70.509557,-10.754074,87.921719,-29.815655,-7.8887675,107.2798,-50.540099,-3.3114787
0.14179745,-1.3831781,-38.792514,-4.8970528,77.318694,70.232129,-10.793114,85.975583,-24.062496,-7.795779,107.9665,-53.593149,-3.7356166
0.14182818,-2.1360538,-39.197304,-4.7301877,79.566151,69.83327,-10.755663,83.994751,-17.960862,-7.7300146,108.81614,-56.045267,-4.1497458
0.1418589,-2.8553452,-39.331383,-4.6262592,81.5053,69.290656,-10.648199,81.924475,-11.577373,-7.6788875,109.77665,-57.957512,-4.5526359
0.14188963,-3.5298059,-39.199103,-4.574723,83.143262,68.512123,-10.466677,79.905502,-4.965477,-7.6079172,110.82877,-59.381828,-4.9448387
0.14192036,-4.1493122,-38.803867,-4.5628739,84.47843,67.499522,-10.207565,77.999675,1.7499073,-7.5282015,111.92752,-60.387744,-5.3150676
0.14195108,-4.752547,-38.144993,-4.6275696,85.526768,66.260476,-9.8786539,76.292629,8.4709099,-7.4345831,113.01932,-61.049422,-5.6735902
0.1419818,-5.3377577,-37.230469,-4.7373476,86.293864,64.745192,-9.5061283,75.089955,15.114431,-7.3577799,114.06919,-61.457299,-6.0132491
0.14201253,-5.8948208,-36.070076,-4.8584227,86.790548,62.943947,-9.0997028,74.309949,21.475443,-7.318402,115.04336,-61.681713,-6.3170218
0.14204325,-6.4543534,-34.668362,-4.9976754,87.010265,60.852039,-8.6437748,73.965438,27.49436,-7.180886,115.92302,-61.77974,-6.5759885
0.14207397,-7.0113931,-33.039022,-5.1548717,86.935815,58.431163,-8.1290295,74.048722,33.084773,-7.0417509,116.68326,-61.773154,-6.7899334
0.14210469,-7.5656108,-31.192416,-5.3225391,86.633421,55.650895,-7.5738162,74.419145,38.185887,-6.9294787,117.33218,-61.694526,-6.9523316
0.1421354,-8.1189643,-29.135909,-5.4952915,86.09192,52.438644,-7.0170898,75.151202,42.730482,-6.8268467,117.85388,-61.559799,-7.056712
0.14216612,-8.660235,-26.888821,-5.6658355,85.307188,48.793774,-6.5016993,76.34917,46.696293,-6.7524412,118.23341,-61.344138,-7.0992419
0.14219684,-9.2181708,-24.451213,-5.8360024,84.279281,44.73765,-6.044237,77.995735,50.145064,-6.7173275,118.46119,-61.036091,-7.082295
0.14222756,-9.8126347,-21.852242,-5.9861918,83.008173,40.318355,-5.6066589,80.005007,53.018489,-6.7678221,118.53041,-60.622972,-7.0124576
0.14225827,-10.445236,-19.090126,-6.1006051,81.561318,35.566461,-5.1893457,82.273029,55.335928,-6.9173238,118.43354,-60.000229,-6.8996779
0.14228899,-11.047513,-16.184183,-6.2043955,79.964235,30.437882,-4.8017167,84.957684,57.154957,-7.1452349,118.1532,-59.120821,-6.7476165
0.14231971,-11.599115,-13.174534,-6.3188913,78.184808,25.003851,-4.4920355,88.004301,58.528047,-7.4293751,117.67221,-57.953873,-6.5610136
0.14235042,-12.208527,-10.050348,-6.4459882,76.205918,19.287999,-4.2990251,91.227382,59.589187,-7.7498363,116.98806,-56.425002,-6.3493347
0.14238114,-12.881437,-6.8185641,-6.5693128,74.035032,13.326893,-4.080517,94.452039,60.436671,-8.0598768,116.09803,-54.47079,-6.1341317
0.14241185,-13.580026,-3.4539845,-6.5838159,71.671971,7.128582,-3.8736544,97.593416,61.117071,-8.3233644,115.00499,-52.083118,-5.9307035
0.14244257,-14.278119,-0.073520117,-6.5039369,69.110924,0.78086196,-3.6436858,100.58312,61.688622,-8.5227022,113.72107,-49.202506,-5.7445738
0.14247328,-14.983208,3.3290787,-6.4811948,66.384322,-5.6930938,-3.5254433,103.38127,62.191175,-8.6466124,112.25707,-45.774012,-5.5785901
0.142504,-15.688334,6.7560767,-6.5246961,63.49411,-12.239434,-3.4541171,105.96541,62.655768,-8.7068453,110.62974,-41.741184,-5.4375832
0.14253472,-16.391089,10.155749,-6.5836329,60.550101,-18.770934,-3.3942247,108.32713,63.101471,-8.704751,108.87328,-37.133554,-5.326415
0.14256543,-17.081342,13.501899,-6.5437504,57.762791,-25.207663,-3.3428739,110.45156,63.521028,-8.6518959,107.03241,-32.01561,-5.2501359
0.14259615,-17.80966,16.788652,-6.3967535,55.156733,-31.445722,-3.2833924,112.33891,63.894646,-8.5557132,105.12361,-26.441915,-5.2070895
0.14262686,-18.605777,20.052241,-6.2150428,52.862852,-37.38853,-3.2439349,113.99697,64.233296,-8.3816754,103.26906,-20.523859,-5.202348
0.14265758,-19.41915,23.252264,-6.0476997,51.001016,-42.952673,-3.2530435,115.43475,64.511068,-8.1144107,101.52577,-14.351594,-5.2491795
0.14268829,-20.161789,26.361643,-5.8974316,49.425412,-48.070241,-3.32282,116.65835,64.719439,-7.7186754,99.936334,-8.0280942,-5.3515203
0.14271901,-20.750467,29.338703,-5.7439738,48.106047,-52.685444,-3.4754958,117.67839,64.827973,-7.2380941,98.566046,-1.6602566,-5.4615393
0.14274973,-21.255303,32.18192,-5.572761,47.010466,-56.715642,-3.6959617,118.51092,64.843803,-6.7152837,97.475109,4.6417017,-5.5728167
0.14278044,-21.717466,34.849669,-5.4035788,46.216427,-60.097565,-3.9746187,119.16353,64.793107,-6.170171,96.729045,10.783903,-5.7212724
0.14281116,-22.148728,37.309298,-5.2628558,45.721227,-62.712074,-4.2980733,119.62755,64.677605,-5.6175204,96.274507,16.618025,-5.8859945
0.14284188,-22.517172,39.570823,-5.1742329,45.345522,-64.664804,-4.653362,119.88802,64.431462,-5.0549063,96.065038,22.083919,-6.0158041
0.1428726,-22.775353,41.655045,-5.1348677,45.063968,-66.037519,-5.0587401,119.94119,63.794154,-4.4777828,96.16346,27.119,-6.1333273
0.14290332,-22.907701,43.55149,-5.1394849,44.890605,-66.930904,-5.5169338,119.76184,62.647631,-3.8999337,96.534005,31.670555,-6.2433577
0.14293403,-22.927267,45.222114,-5.1822541,44.810461,-67.408934,-6.0137851,119.34068,60.929982,-3.3403501,97.139965,35.701788,-6.3449362
0.14296475,-22.810205,46.644486,-5.270388,44.959577,-67.492011,-6.538279,118.68967,58.563266,-2.8157188,98.064282,39.205404,-6.4452313
0.14299547,-22.551771,47.800494,-5.4111365,45.303229,-67.210855,-7.0812683,117.76876,55.504948,-2.3247284,99.310315,42.191015,-6.5497825
0.14302619,-22.157893,48.70997,-5.6054414,45.767279,-66.587822,-7.6247303,116.60812,51.863836,-1.8701703,100.83579,44.69003,-6.6584444
0.14305692,-21.624546,49.286804,-5.8465844,46.295109,-65.645141,-8.1551028,115.17828,47.607776,-1.4659307,102.65334,46.751997,-6.7711904
0.14308764,-20.964558,49.60693,-6.1280044,46.82868,-64.395524,-8.6323617,113.46402,42.718088,-1.1193642,104.65727,48.431724,-6.8867871
0.14311836,-20.193148,49.751939,-6.4419318,47.306742,-62.839465,-9.0337801,111.49455,37.218093,-0.80337048,106.78003,49.798162,-6.9980133
0.14314908,-19.33418,49.685164,-6.7807038,47.688415,-60.975733,-9.3596636,109.33473,31.176314,-0.56726904,108.96471,50.922516,-7.1053192
0.1431798,-18.400548,49.383734,-7.1392369,47.952266,-58.797714,-9.609816,106.99001,24.642755,-0.4060047,111.15741,51.880704,-7.1977149
0.14321053,-17.402704,48.864989,-7.5042401,48.077862,-56.293159,-9.790482,104.47857,17.651969,-0.3413321,113.30973,52.731404,-7.2809683
0.14324125,-16.355554,48.156722,-7.8496739,48.048005,-53.462123,-9.9257802,101.85432,10.315884,-0.37503995,115.39049,53.518357,-7.3543122
0.14327198,-15.27503,47.247891,-8.1718674,47.889213,-50.324281,-10.019877,99.193307,2.6974383,-0.4826378,117.37082,54.281902,-7.3877071
0.1433027,-14.165044,46.109836,-8.4748086,47.585179,-46.897137,-10.098425,96.520183,-5.0075179,-0.62327167,119.23613,55.071781,-7.3736435
0.14333342,-13.04487,44.766466,-8.7701435,47.127618,-43.177837,-10.179818,93.869791,-12.725611,-0.91128692,120.97245,55.87505,-7.310901
0.14336414,-11.922855,43.23537,-9.0536444,46.515064,-39.158862,-10.255661,91.447696,-20.341468,-1.2683794,122.56447,56.661015,-7.199353
0.14339486,-10.81278,41.529616,-9.3365197,45.702332,-34.834167,-10.302392,89.414909,-27.680645,-1.6514891,124.00907,57.424221,-7.0385966
0.14342558,-9.7270876,39.656559,-9.6032895,44.846078,-30.249272,-10.311358,87.718423,-34.618318,-2.0368378,125.30859,58.144319,-6.8294974
0.1434563,-8.6740576,37.62249,-9.8468214,43.877787,-25.399404,-10.309233,86.472381,-41.079076,-2.4146589,126.46611,58.750107,-6.5793482
0.14348702,-7.6585382,35.43028,-10.058765,42.812929,-20.264009,-10.280813,85.659395,-46.948531,-2.7791187,127.4779,59.247235,-6.2917167
0.14351773,-6.6859636,33.082836,-10.225133,41.711421,-14.862114,-10.264116,85.232385,-52.073069,-3.1493643,128.33575,59.65065,-5.9608585
0.14354845,-5.7399768,30.580376,-10.368296,40.418819,-9.1157613,-10.132866,85.133975,-56.398329,-3.5377433,129.03401,59.935852,-5.5811546
0.14357917,-4.8948693,27.918673,-10.491204,39.069594,-3.2823989,-9.9361454,85.283435,-59.858725,-3.9511108,129.56816,60.063475,-5.1570506
0.14360988,-4.0914411,25.113429,-10.57384,37.70008,2.7341675,-9.6795656,85.661927,-62.272587,-4.3991663,129.93676,60.081485,-4.6960511
0.1436406,-3.2330863,22.194682,-10.618851,36.339926,8.8944585,-9.3359527,86.327026,-63.956949,-4.8712068,130.14055,59.984852,-4.2031554
0.14367131,-2.4904939,19.195992,-10.655359,35.067386,15.144215,-9.0169094,87.231586,-65.085177,-5.3556695,130.13919,59.780142,-3.6736209
0.14370203,-1.7647638,16.11486,-10.664074,33.897843,21.321236,-8.6281253,88.305973,-65.782299,-5.8524619,129.91241,59.181982,-3.1093715
0.14373275,-1.0423717,12.919157,-10.711845,32.764757,27.394236,-8.1829859,89.501057,-66.194419,-6.3588731,129.44062,57.9249,-2.5242555
0.14376346,-0.3250464,9.6575424,-10.700653,31.713554,33.252864,-7.6230232,90.739411,-66.390949,-6.8457204,128.72895,55.844827,-1.946726
0.14379418,0.36268567,6.3756872,-10.550299,30.915561,38.82271,-7.0561654,91.966542,-66.420001,-7.3191863,127.78607,52.860492,-1.4145132
0.14382489,1.0064632,3.1110661,-10.308116,30.531291,44.022815,-6.5790526,93.148767,-66.290967,-7.7570376,126.6119,49.008019,-0.93491866
0.14385561,1.5857843,-0.15975715,-10.094128,30.781511,48.760782,-6.1983274,94.266015,-66.050555,-8.1490333,125.21876,44.451297,-0.50531761
0.14388632,2.1542431,-3.4609363,-9.9458099,31.542534,53.034396,-5.9328842,95.275748,-65.661085,-8.4793428,123.6036,39.189053,-0.12750969
0.14391704,2.6716673,-6.6421628,-9.8170111,32.73098,56.794403,-5.8113613,96.144769,-65.089661,-8.7336265,121.82032,33.297626,0.17769638
0.14394776,3.1289999,-9.7733426,-9.5914415,34.321236,60.022061,-5.8536078,96.836593,-64.324883,-8.9219292,119.93032,26.889107,0.39554735
0.14397847,3.4262575,-12.829165,-9.2934641,36.26522,62.716143,-6.0460901,97.320294,-63.364169,-9.0364198,117.99051,20.071098,0.52800524
0.14400919,3.5313278,-15.787918,-8.9637167,38.548982,64.903522,-6.3499683,97.579083,-62.210497,-9.0942,116.05382,12.954031,0.54676834
0.14403991,3.5021839,-18.675049,-8.6267069,41.097725,66.62675,-6.7441931,97.608768,-60.868524,-9.0905572,114.15716,5.6523955,0.45678067
0.14407062,3.3774618,-21.413816,-8.2883417,43.848114,67.937113,-7.2146519,97.407994,-59.288258,-9.0402025,112.36537,-1.7171722,0.28267071
0.14410134,3.1464498,-24.008305,-7.9415429,46.735533,68.909284,-7.7364632,96.979251,-57.440822,-8.9680988,110.72951,-8.9682074,0.043476418
0.14413206,2.9022674,-26.403214,-7.585748,49.837734,69.622018,-8.3089686,96.333933,-55.277149,-8.886786,109.30009,-16.001904,-0.29588483
0.14416278,2.5650777,-28.592566,-7.2191466,53.20761,70.127836,-8.8964593,95.479931,-52.741636,-8.7966521,108.11477,-22.732472,-0.70792707
0.14419349,2.1123027,-30.567037,-6.8564036,56.796806,70.435527,-9.4737211,94.422874,-49.776153,-8.701126,107.21445,-29.02519,-1.1402017
0.14422421,1.541406,-32.324091,-6.4847707,60.515534,70.59717,-10.021671,93.169885,-46.309198,-8.6024663,106.61644,-34.812224,-1.5973315
0.14425493,0.89927901,-33.860797,-6.13886,64.279956,70.652764,-10.537892,91.727616,-42.310382,-8.503884,106.34807,-40.025243,-2.0698992
0.14428565,0.20621967,-35.162482,-5.8287937,67.827569,70.603461,-10.919153,90.116404,-37.819257,-8.4137686,106.35751,-44.620391,-2.5495681
0.14431637,-0.52556951,-36.232892,-5.5357388,71.04672,70.45776,-11.160188,88.351762,-32.834199,-8.318017,106.63086,-48.641094,-3.0290455
0.14434708,-1.2977783,-37.051351,-5.266505,73.922678,70.202696,-11.266896,86.502344,-27.410363,-8.2210686,107.15961,-52.048464,-3.5115193
0.14437779,-2.0758874,-37.582723,-5.0297421,76.454719,69.838518,-11.272268,84.572855,-21.595057,-8.1106035,107.9066,-54.836782,-3.9839029
0.14440851,-2.8381512,-37.84471,-4.8587284,78.663858,69.36736,-11.199477,82.658775,-15.431779,-8.0098346,108.78926,-57.050193,-4.4415702
0.14443922,-3.5719235,-37.855734,-4.7455313,80.558908,68.701021,-11.055199,80.592553,-9.0430594,-7.9093911,109.79062,-58.766098,-4.8947488
0.14446993,-4.2649902,-37.614674,-4.6702585,82.151031,67.792369,-10.825678,78.60947,-2.3999295,-7.7895215,110.87324,-60.014038,-5.3380249
0.14450064,-4.9468819,-37.121095,-4.6662778,83.443544,66.68116,-10.513463,76.750038,4.2570342,-7.6383647,111.99064,-60.860661,-5.7574491
0.14453135,-5.6188949,-36.383552,-4.7079807,84.451785,65.330578,-10.148926,75.129938,10.878106,-7.5504211,113.09283,-61.400393,-6.1561438
0.14456206,-6.256213,-35.40773,-4.7763225,85.173906,63.697091,-9.7517701,74.049341,17.353351,-7.4419721,114.13792,-61.742412,-6.5280083
0.14459276,-6.8549688,-34.198813,-4.8789111,85.624161,61.794684,-9.3296455,73.341101,23.565066,-7.3638103,115.1064,-61.92187,-6.8375533
0.14462347,-7.4264611,-32.7645,-5.0054476,85.792027,59.590788,-8.8510481,73.070374,29.402047,-7.2203753,115.97296,-61.982855,-7.1015937
0.14465417,-7.9940923,-31.110245,-5.1544911,85.676501,57.040742,-8.3175646,73.259228,34.798048,-7.0657223,116.7233,-61.94094,-7.3055719
0.14468488,-8.5556294,-29.249359,-5.3128736,85.327597,54.111175,-7.7572495,73.645152,39.710044,-6.9449649,117.35098,-61.829461,-7.4406315
0.14471558,-9.1090181,-27.191793,-5.4783577,84.737594,50.749521,-7.1960807,74.501727,44.043444,-6.8697157,117.84006,-61.620541,-7.5285943
0.14474629,-9.6680441,-24.95015,-5.6440006,83.915746,46.984356,-6.669335,75.826144,47.822129,-6.8242673,118.17829,-61.328775,-7.5541214
0.14477699,-10.226413,-22.539676,-5.7966162,82.854142,42.830368,-6.2034372,77.557532,51.076438,-6.8555949,118.35921,-60.949125,-7.5184505
0.14480769,-10.800802,-19.962865,-5.934434,81.510846,38.324559,-5.7510065,79.61848,53.771388,-7.0050679,118.37474,-60.414061,-7.4311225
0.14483839,-11.419107,-17.247875,-6.0475072,80.091949,33.533127,-5.308429,81.962288,55.93435,-7.24224,118.2144,-59.653577,-7.2979711
0.1448691,-11.994565,-14.41005,-6.1439516,78.496582,28.382859,-4.9222718,84.718701,57.631725,-7.5655516,117.86527,-58.639598,-7.11866
0.1448998,-12.555964,-11.436574,-6.2633589,76.706847,22.954083,-4.6153979,87.80411,58.920668,-7.9490186,117.31347,-57.329271,-6.9069495
0.1449305,-13.189044,-8.3614553,-6.3936087,74.718281,17.259373,-4.4238277,91.072532,59.921405,-8.3407311,116.5556,-55.628447,-6.6759316
0.1449612,-13.850347,-5.2084438,-6.4764293,72.558496,11.319867,-4.1742754,94.353679,60.723147,-8.6981895,115.59671,-53.530308,-6.4446993
0.1449919,-14.522496,-1.9486413,-6.4743611,70.185417,5.2434478,-3.9245423,97.531418,61.376599,-8.9747159,114.44215,-50.979737,-6.2294169
0.14502261,-15.194349,1.2987032,-6.3958936,67.60439,-1.0046643,-3.7168521,100.54298,61.932875,-9.1701317,113.09837,-47.926097,-6.0286568
0.14505331,-15.860993,4.6103724,-6.4008912,64.868417,-7.3539954,-3.5688901,103.34978,62.432087,-9.2814602,111.58286,-44.303294,-5.8491222
0.14508401,-16.522109,7.9198229,-6.4612495,61.980821,-13.760461,-3.4793461,105.93224,62.899814,-9.3151115,109.92647,-40.071109,-5.6969436
0.14511471,-17.181295,11.174786,-6.4960504,59.093662,-20.142263,-3.3802435,108.28252,63.348956,-9.3039106,108.1434,-35.310507,-5.574304
0.14514541,-17.834414,14.376908,-6.430348,56.297824,-26.384371,-3.2811743,110.39709,63.751703,-9.2530525,106.28409,-30.062462,-5.4831859
0.14517612,-18.575236,17.52311,-6.2873515,53.698651,-32.419806,-3.1920711,112.27032,64.111598,-9.1615559,104.39574,-24.396142,-5.4202999
0.14520682,-19.341818,20.638259,-6.1369564,51.429963,-38.155387,-3.1200084,113.90823,64.442766,-8.9836594,102.54661,-18.413711,-5.4106901
0.14523752,-20.124724,23.696569,-5.9927764,49.594037,-43.506699,-3.1059214,115.31917,64.703526,-8.6734075,100.80839,-12.218523,-5.4520115
0.14526822,-20.804741,26.65115,-5.8499327,48.040799,-48.40818,-3.1639606,116.51144,64.865706,-8.2098636,99.239772,-5.9051814,-5.5338209
0.14529892,-21.354067,29.476875,-5.7033404,46.698109,-52.809127,-3.3124553,117.50412,64.934719,-7.6443809,97.918968,0.44711405,-5.6366853
0.14532963,-21.855525,32.160384,-5.5399244,45.572636,-56.642964,-3.5415593,118.30773,64.91191,-7.0422314,96.890311,6.6647184,-5.7588167
0.14536033,-22.334473,34.665215,-5.3872413,44.748638,-59.857257,-3.8310769,118.92542,64.808343,-6.4220435,96.209424,12.680644,-5.8973997
0.14539103,-22.768844,36.977255,-5.2692677,44.224244,-62.338725,-4.1717274,119.34329,64.630852,-5.7998706,95.803807,18.40141,-6.0710571
0.14542174,-23.144363,39.098457,-5.197735,43.813842,-64.190384,-4.5584253,119.5486,64.205089,-5.1711249,95.660033,23.724234,-6.1914746
0.14545244,-23.415286,41.052718,-5.1702167,43.487842,-65.495024,-4.9992955,119.54091,63.353456,-4.5325195,95.814253,28.600998,-6.3101743
0.14548315,-23.568343,42.819644,-5.1780317,43.255711,-66.327437,-5.4966823,119.30695,61.988139,-3.9085126,96.184286,32.998464,-6.430333
0.14551385,-23.613865,44.359004,-5.2234548,43.105783,-66.748579,-6.0379137,118.82826,60.049652,-3.3149162,96.861712,36.868843,-6.5586951
0.14554456,-23.524613,45.652093,-5.3118875,43.156326,-66.778326,-6.6063513,118.11931,57.461257,-2.7529095,97.873401,40.214318,-6.6985103
0.14557526,-23.306386,46.695581,-5.4566953,43.404047,-66.449741,-7.1944718,117.15858,54.275974,-2.2356976,99.19952,43.057771,-6.855792
0.14560597,-22.956559,47.471877,-5.6528266,43.783692,-65.792514,-7.7745444,115.93388,50.531533,-1.7599635,100.82136,45.428062,-7.0257701
0.14563668,-22.471009,47.935155,-5.8950558,44.237053,-64.804766,-8.329915,114.44937,46.172018,-1.3262352,102.715,47.378265,-7.2076663
0.14566739,-21.864371,48.209021,-6.1750072,44.7019,-63.496927,-8.8370942,112.69559,41.201264,-0.95511525,104.78235,48.964903,-7.3921764
0.14569809,-21.153146,48.307483,-6.4863795,45.120749,-61.882114,-9.2694154,110.64605,35.634046,-0.63249969,106.95756,50.258031,-7.5610944
0.1457288,-20.361163,48.182994,-6.8217212,45.450021,-59.949522,-9.6244629,108.47261,29.564845,-0.38949975,109.18559,51.332749,-7.7107416
0.14575951,-19.491374,47.840632,-7.1804593,45.668417,-57.694205,-9.8987803,106.11082,23.033587,-0.24249768,111.40998,52.257623,-7.8379596
0.14579022,-18.555972,47.292053,-7.5508013,45.74963,-55.113238,-10.090349,103.58213,16.056361,-0.21577727,113.5835,53.08499,-7.9317841
0.14582093,-17.572232,46.567631,-7.9155342,45.717765,-52.224143,-10.225855,100.94162,8.7600767,-0.24983368,115.6778,53.862488,-8.0131458
0.14585164,-16.546104,45.620097,-8.2559948,45.545664,-49.042226,-10.331102,98.254672,1.2269561,-0.38243799,117.66677,54.631971,-8.0474815
0.14588235,-15.492596,44.451781,-8.5705171,45.235227,-45.574736,-10.410102,95.551955,-6.4177481,-0.54640745,119.53567,55.426095,-8.0354341
0.14591305,-14.424863,43.085534,-8.8788673,44.769301,-41.829496,-10.479519,92.875579,-14.054546,-0.85240907,121.26853,56.222323,-7.9615268
0.14594376,-13.350715,41.53747,-9.1781173,44.161503,-37.788442,-10.515494,90.465128,-21.554898,-1.2245017,122.85478,57.000744,-7.827955
0.14597446,-12.285483,39.821918,-9.464283,43.386871,-33.462144,-10.539141,88.478961,-28.788889,-1.6294584,124.29055,57.756783,-7.6333902
0.14600517,-11.243407,37.94606,-9.7395275,42.56298,-28.886026,-10.531919,86.768064,-35.585854,-2.0344991,125.57887,58.450545,-7.3840848
0.14603587,-10.226795,35.916384,-10.004981,41.632584,-24.048836,-10.531058,85.513979,-41.914993,-2.4297253,126.72279,59.013978,-7.0887909
0.14606658,-9.2438073,33.73277,-10.250508,40.599371,-18.946878,-10.529453,84.715149,-47.645766,-2.8232464,127.71774,59.492993,-6.750191
0.14609728,-8.2876787,31.400443,-10.464016,39.53114,-13.540424,-10.480569,84.247877,-52.63453,-3.2277311,128.55417,59.870114,-6.3636042
0.14612798,-7.3756275,28.918097,-10.636962,38.283642,-7.8376691,-10.34548,84.105836,-56.829319,-3.6623414,129.22764,60.106637,-5.9276398
0.14615869,-6.4660963,26.288705,-10.771546,36.980009,-2.054504,-10.090676,84.224701,-60.127103,-4.1310561,129.73357,60.203354,-5.4488115
0.14618939,-5.603774,23.524109,-10.886291,35.654489,3.8840468,-9.8258975,84.576576,-62.455491,-4.641818,130.0785,60.176802,-4.9301242
0.14622009,-4.74243,20.667383,-11.019623,34.342578,9.9646643,-9.4817742,85.224648,-64.062645,-5.1780544,130.24436,60.035465,-4.3772513
0.1462508,-3.9602105,17.745501,-11.120436,33.125103,16.147693,-9.1089533,86.113882,-65.119006,-5.7318326,130.19592,59.758903,-3.7918357
0.1462815,-3.2541946,14.726182,-11.192345,32.032853,22.252412,-8.6761263,87.177025,-65.78342,-6.2971546,129.91498,58.980032,-3.164969
0.1463122,-2.6036208,11.609377,-11.230724,30.883719,28.216105,-8.1556775,88.363833,-66.179875,-6.8638628,129.38936,57.524207,-2.5273556
0.1463429,-1.9032142,8.4168482,-11.168556,29.855812,33.970153,-7.5467381,89.591205,-66.341633,-7.3911821,128.62592,55.249069,-1.9047939
0.14637361,-1.2085362,5.243425,-11.014038,29.114477,39.435235,-6.9783138,90.808065,-66.314717,-7.890462,127.61201,52.066987,-1.3336847
0.14640431,-0.54906695,2.0879353,-10.828466,28.76555,44.541832,-6.5012092,91.97438,-66.164699,-8.3491295,126.37829,48.111612,-0.81531005
0.14643501,0.09378094,-1.1226177,-10.73527,29.067089,49.193643,-6.1327306,93.079036,-65.891023,-8.7574553,124.92738,43.463636,-0.35314253
0.14646571,0.72306305,-4.2560798,-10.663641,29.844459,53.377956,-5.8872033,94.081773,-65.450333,-9.098972,123.25221,38.114771,0.033495205
0.14649642,1.3403226,-7.2843789,-10.490147,31.051246,57.06052,-5.8141905,94.945663,-64.839816,-9.3685584,121.41968,32.165758,0.35011677
0.14652712,1.931169,-10.26832,-10.208396,32.657246,60.212236,-5.9206416,95.63414,-64.041188,-9.5558402,119.49767,25.71627,0.5747707
0.14655782,2.3334517,-13.17962,-9.8602218,34.611954,62.845595,-6.1799718,96.11155,-63.043318,-9.6855736,117.52308,18.86577,0.68930365
0.14658853,2.5346708,-15.988514,-9.5028433,36.906175,64.990153,-6.5569457,96.365468,-61.859905,-9.7371494,115.55008,11.747809,0.68959275
0.14661923,2.5791777,-18.713163,-9.141696,39.461069,66.67801,-7.0271009,96.394056,-60.472912,-9.7344966,113.62408,4.4529719,0.58555741
0.14664994,2.5125739,-21.297577,-8.7905184,42.216206,67.964446,-7.5654468,96.195968,-58.834484,-9.6864314,111.80135,-2.8765553,0.38470511
0.14668064,2.3986617,-23.724316,-8.4244417,45.111944,68.920928,-8.1520349,95.773434,-56.931251,-9.6150726,110.14337,-10.103782,0.12673529
0.14671135,2.2197137,-25.968278,-8.0375604,48.183219,69.632407,-8.7830083,95.136937,-54.704109,-9.5327769,108.69807,-17.088986,-0.25365256
0.14674205,1.915945,-28.011292,-7.6380323,51.513373,70.126728,-9.4193982,94.285646,-52.103001,-9.4372392,107.49528,-23.749079,-0.7019088
0.14677276,1.4740282,-29.845501,-7.2357412,55.057526,70.414384,-10.034643,93.243313,-49.076507,-9.336508,106.61337,-29.985938,-1.1728923
0.14680346,0.94100499,-31.462186,-6.8438927,58.733344,70.5725,-10.604602,92.008681,-45.552261,-9.2283906,106.02714,-35.698016,-1.6704575
0.14683416,0.34020295,-32.861059,-6.4731084,62.463784,70.610538,-11.137502,90.590703,-41.522596,-9.1206555,105.75923,-40.827476,-2.1828228
0.14686487,-0.32131776,-34.038114,-6.1292069,66.024045,70.529232,-11.554029,89.011976,-37.024389,-9.010873,105.77212,-45.346208,-2.707154
0.14689557,-1.0260199,-34.988395,-5.8104661,69.263842,70.318789,-11.819059,87.25363,-32.030088,-8.9017305,106.06045,-49.297937,-3.2348971
0.14692627,-1.7751085,-35.69624,-5.5230333,72.156614,70.004212,-11.936833,85.440191,-26.628754,-8.7943827,106.61542,-52.630421,-3.7660885
0.14695697,-2.5564231,-36.129551,-5.2675116,74.708855,69.591537,-11.942165,83.540511,-20.854992,-8.6850203,107.37846,-55.347052,-4.2914109
0.14698767,-3.3310667,-36.309689,-5.059161,76.940665,69.051454,-11.856334,81.6545,-14.735977,-8.5735589,108.27928,-57.501037,-4.8051664
0.14701836,-4.0747224,-36.255368,-4.8958751,78.851144,68.297205,-11.696824,79.621088,-8.3953784,-8.4511267,109.30539,-59.173639,-5.3152799
0.14704906,-4.7988722,-35.968925,-4.8111876,80.454273,67.31658,-11.452592,77.66073,-1.8173209,-8.3095808,110.41538,-60.376067,-5.8155788
0.14707976,-5.5420425,-35.441589,-4.7761397,81.757932,66.135743,-11.127181,75.808846,4.7861878,-8.1088778,111.56247,-61.188,-6.295148
0.14711045,-6.2620455,-34.688822,-4.7524108,82.7756,64.716599,-10.749091,74.159912,11.346652,-7.9900443,112.68975,-61.705822,-6.7358069
0.14714115,-6.9428278,-33.714349,-4.7683224,83.512656,63.040638,-10.345288,73.057496,17.764291,-7.8538019,113.76347,-62.035249,-7.1423791
0.14717184,-7.5832148,-32.520904,-4.8287437,83.969655,61.098346,-9.9202212,72.319887,23.92557,-7.7467214,114.75926,-62.215204,-7.4724715
0.14720253,-8.180392,-31.113416,-4.9277237,84.148334,58.855734,-9.4522881,72.015557,29.709215,-7.5778916,115.65205,-62.271993,-7.7357931
0.14723322,-8.746031,-29.499571,-5.050602,84.045567,56.26948,-8.9293649,72.1783,35.062582,-7.4129858,116.42593,-62.23014,-7.9403008
0.14726392,-9.3045784,-27.688223,-5.1881151,83.716082,53.295235,-8.3788263,72.548572,39.93658,-7.2967652,117.07403,-62.095961,-8.0747239
0.14729461,-9.8561261,-25.687912,-5.3363801,83.141767,49.907722,-7.8257322,73.391225,44.24031,-7.2388516,117.57801,-61.863398,-8.1714778
0.1473253,-10.411587,-23.516733,-5.4887054,82.336088,46.134536,-7.2853725,74.718631,47.990613,-7.2212337,117.92625,-61.533794,-8.2026536
0.14735599,-10.966008,-21.185405,-5.6380608,81.292034,41.998949,-6.7856878,76.451704,51.235156,-7.2902363,118.11366,-61.0862,-8.1697804
0.14738668,-11.518068,-18.709833,-5.7698919,79.976371,37.525444,-6.2932297,78.520591,53.932915,-7.4888771,118.12892,-60.474875,-8.0804518
0.14741737,-12.095306,-16.088763,-5.877886,78.584967,32.78056,-5.805848,80.87927,56.10841,-7.7786982,117.96508,-59.654599,-7.9482533
0.14744806,-12.640184,-13.349669,-5.9794405,77.028793,27.701931,-5.3910969,83.616114,57.823818,-8.1676809,117.61152,-58.590457,-7.7561372
0.14747875,-13.189006,-10.50686,-6.0923174,75.278947,22.366717,-5.0529321,86.685809,59.13286,-8.6130664,117.05325,-57.238571,-7.5291812
0.14750944,-13.817947,-7.5641992,-6.2138036,73.333958,16.785875,-4.8111372,89.948289,60.153494,-9.0607764,116.28886,-55.51922,-7.2839373
0.14754013,-14.473622,-4.5352892,-6.2627675,71.227284,10.96893,-4.5124003,93.289605,60.97079,-9.4475455,115.32793,-53.407056,-7.0373986
0.14757082,-15.13551,-1.3861529,-6.2496214,68.904708,5.0462432,-4.2099391,96.535258,61.636526,-9.7602895,114.17208,-50.846443,-6.8060518
0.14760151,-15.776374,1.7184868,-6.1900297,66.373841,-1.0429151,-3.9592316,99.612238,62.200198,-9.9799694,112.82616,-47.787915,-6.5899122
0.1476322,-16.413184,4.8650209,-6.2303245,63.677666,-7.2237899,-3.7548758,102.47715,62.708639,-10.108292,111.30995,-44.167093,-6.39728
0.14766289,-17.036673,8.0038132,-6.3048883,60.831361,-13.461094,-3.606757,105.10979,63.18697,-10.155811,109.65492,-39.948002,-6.2311368
0.14769358,-17.654086,11.094389,-6.3447673,57.968354,-19.678569,-3.4476728,107.5051,63.635365,-10.145669,107.86719,-35.208625,-6.0972774
0.14772427,-18.26084,14.149005,-6.2832225,55.116054,-25.762871,-3.2814089,109.66178,64.015331,-10.084978,106.00206,-29.987758,-5.9974248
0.14775496,-18.948656,17.185723,-6.1622098,52.473125,-31.657718,-3.1325233,111.57365,64.375209,-9.9820977,104.10053,-24.349671,-5.926862
0.14778565,-19.67182,20.17055,-6.0300028,50.099813,-37.267359,-2.9990597,113.24567,64.714218,-9.7945079,102.22988,-18.397708,-5.9108055
0.14781634,-20.430379,23.07738,-5.9069359,48.151997,-42.513931,-2.9235914,114.68527,64.971936,-9.4796606,100.4653,-12.231076,-5.9429048
0.14784703,-21.085631,25.879124,-5.7915447,46.517939,-47.334365,-2.9275331,115.90303,65.119247,-9.0027994,98.867873,-5.9384998,-6.0163865
0.14787772,-21.623478,28.554778,-5.6650746,45.082626,-51.668892,-3.031779,116.91805,65.176545,-8.3799729,97.51021,0.39449383,-6.1075973
0.14790842,-22.149871,31.087785,-5.52545,43.866868,-55.469519,-3.23132,117.73811,65.123827,-7.7164416,96.443009,6.5964008,-6.2245888
0.14793911,-22.662246,33.454189,-5.3890566,42.911155,-58.698144,-3.5040139,118.36221,64.982934,-7.0314358,95.726166,12.609802,-6.350769
0.1479698,-23.129858,35.648526,-5.2848553,42.263729,-61.266737,-3.8454526,118.78629,64.772656,-6.3414599,95.294396,18.333718,-6.5177762
0.14800049,-23.54146,37.659045,-5.2157253,41.792567,-63.195454,-4.2436244,118.99207,64.257708,-5.6473216,95.122831,23.661429,-6.6331189
0.14803119,-23.861305,39.504521,-5.1850751,41.400964,-64.583522,-4.7023317,118.98452,63.323587,-4.9467728,95.243538,28.551181,-6.7565143
0.14806188,-24.077134,41.172017,-5.1853597,41.092181,-65.493931,-5.2212935,118.75448,61.90477,-4.2637139,95.601805,32.969849,-6.8828522
0.14809258,-24.191808,42.625529,-5.2164153,40.865574,-65.982546,-5.7926797,118.28102,59.930415,-3.6148768,96.256475,36.857632,-7.0301085
0.14812327,-24.185875,43.829344,-5.2898224,40.744068,-66.08373,-6.3991859,117.58305,57.329466,-2.9959678,97.249011,40.228729,-7.2012231
0.14815397,-24.058415,44.815834,-5.4181225,40.845889,-65.83471,-7.0392445,116.63323,54.193983,-2.4231682,98.571412,43.099355,-7.3960056
0.14818466,-23.812281,45.527709,-5.5978601,41.109691,-65.246891,-7.6834857,115.42194,50.522431,-1.8972673,100.18956,45.4926,-7.6094767
0.14821536,-23.441994,45.95242,-5.8236098,41.47031,-64.303945,-8.3005782,113.96147,46.266625,-1.4134228,102.0887,47.464483,-7.8402476
0.14824605,-22.953701,46.21512,-6.0901717,41.873043,-63.037843,-8.8719508,112.23797,41.424442,-0.99502537,104.171,49.07058,-8.0802858
0.14827675,-22.363421,46.301865,-6.393426,42.257634,-61.453885,-9.3796805,110.2412,36.008484,-0.62817386,106.37087,50.378815,-8.3024601
0.14830745,-21.6874,46.171674,-6.7198318,42.577101,-59.545786,-9.8085127,108.09037,30.094666,-0.34571339,108.63015,51.464173,-8.4962991
0.14833815,-20.940083,45.835458,-7.0790465,42.799479,-57.31126,-10.154246,105.74229,23.721942,-0.15280581,110.89206,52.396716,-8.6640788
0.14836885,-20.123299,45.298441,-7.4544035,42.900456,-54.755427,-10.416006,103.22522,16.895267,-0.093988165,113.10556,53.229506,-8.7904458
0.14839954,-19.252267,44.599679,-7.838548,42.899242,-51.911343,-10.609519,100.58571,9.7471738,-0.10101331,115.24309,54.009264,-8.8882557
0.14843024,-18.334834,43.674376,-8.2141332,42.764392,-48.77972,-10.744514,97.886548,2.3276115,-0.20883764,117.27438,54.773167,-8.9506758
0.14846093,-17.3802,42.524338,-8.5746507,42.499989,-45.366729,-10.8537,95.160257,-5.2191932,-0.373205,119.18392,55.56159,-8.9477658
0.14849163,-16.403543,41.182929,-8.9149771,42.085938,-41.685613,-10.943293,92.425373,-12.783673,-0.68081072,120.95692,56.360913,-8.8735917
0.14852232,-15.415026,39.669174,-9.2461564,41.540941,-37.715444,-10.981267,89.906243,-20.26007,-1.0519603,122.58078,57.143757,-8.7302235
0.14855302,-14.434442,37.995374,-9.5696454,40.83222,-33.476024,-11.004715,87.779729,-27.490477,-1.4629475,124.05132,57.907199,-8.5175751
0.14858371,-13.475301,36.164876,-9.880544,40.077628,-28.992167,-10.99919,85.935619,-34.326969,-1.8879204,125.37106,58.611701,-8.240536
0.14861441,-12.523276,34.183177,-10.168465,39.219482,-24.258408,-11.001642,84.535085,-40.709535,-2.2991089,126.54305,59.184361,-7.9102623
0.1486451,-11.582425,32.052775,-10.434976,38.255534,-19.262119,-11.013811,83.595368,-46.547548,-2.717051,127.56391,59.667496,-7.5308438
0.14867579,-10.661144,29.777178,-10.685863,37.262968,-13.977985,-10.953976,82.974283,-51.677353,-3.1559536,128.42488,60.060351,-7.0990273
0.14870648,-9.7805352,27.364183,-10.925114,36.078526,-8.4053655,-10.825886,82.682429,-56.03476,-3.6310597,129.12234,60.311714,-6.61541
0.14873718,-8.9047147,24.818996,-11.139507,34.841322,-2.7544622,-10.603134,82.708471,-59.575801,-4.14338,129.64979,60.426515,-6.0851011
0.14876787,-8.0312609,22.156825,-11.321282,33.571595,3.0796064,-10.298727,82.953202,-62.098985,-4.706421,130.01282,60.406962,-5.512784
0.14879856,-7.1472444,19.414919,-11.490612,32.302888,9.0465736,-9.9379482,83.494379,-63.856764,-5.3105602,130.19684,60.257662,-4.9032663
0.14882925,-6.3499482,16.601175,-11.639813,31.110233,15.128859,-9.5559224,84.307964,-65.028937,-5.9395331,130.16779,59.97933,-4.2606367
0.14885994,-5.6070959,13.708887,-11.769263,30.029195,21.150532,-9.0858126,85.320001,-65.779989,-6.5761435,129.90988,59.234219,-3.5771114
0.14889064,-4.8955999,10.718212,-11.886364,28.893001,27.065451,-8.5646532,86.477966,-66.242422,-7.2280727,129.4068,57.856809,-2.8776665
0.14892133,-4.1888883,7.6612183,-11.893059,27.840136,32.792969,-7.9155454,87.701793,-66.460003,-7.8475555,128.65789,55.707425,-2.1910918
0.14895202,-3.5155192,4.6066524,-11.781497,27.006826,38.254636,-7.3044742,88.927228,-66.474381,-8.4088558,127.66873,52.697442,-1.552357
0.14898271,-2.8766149,1.5649056,-11.648748,26.560259,43.377514,-6.7864764,90.105766,-66.360644,-8.925035,126.44795,48.912064,-0.96563704
0.14901341,-2.1774089,-1.4904814,-11.60332,26.698754,48.080853,-6.3770046,91.237569,-66.099818,-9.3464745,125.00068,44.446648,-0.43831323
0.1490441,-1.4644975,-4.4244828,-11.544869,27.329991,52.350854,-6.1077965,92.283344,-65.653388,-9.7244504,123.32654,39.282635,0.0062616495
0.14907479,-0.74421879,-7.3060371,-11.397457,28.396452,56.131633,-6.003685,93.200786,-65.030783,-10.034623,121.48609,33.491896,0.37681985
0.14910549,-0.038779426,-10.140137,-11.146933,29.860538,59.389727,-6.0928491,93.963704,-64.243891,-10.274733,119.52421,27.175183,0.65284002
0.14913618,0.51618877,-12.898003,-10.815422,31.685914,62.141257,-6.351336,94.524139,-63.257292,-10.446822,117.50379,20.431925,0.81333602
0.14916687,0.88889243,-15.571147,-10.445112,33.865888,64.40013,-6.7452202,94.86557,-62.096763,-10.547899,115.47956,13.377821,0.8454603
0.14919757,1.1055409,-18.121948,-10.055509,36.319908,66.205295,-7.2489282,94.985354,-60.732972,-10.57833,113.48644,6.1201973,0.76396608
0.14922826,1.160061,-20.56418,-9.675577,38.998433,67.600466,-7.8223877,94.876354,-59.119423,-10.557092,111.59286,-1.2305524,0.5717498
0.14925896,1.1833947,-22.844704,-9.2814621,41.82905,68.647384,-8.4468171,94.546404,-57.250266,-10.504749,109.84717,-8.4809594,0.27562443
0.14928965,1.1157016,-24.957155,-8.8515643,44.768805,69.438741,-9.1033047,94.000081,-55.07283,-10.434336,108.30683,-15.54027,-0.10722332
0.14932035,0.92945959,-26.880904,-8.415889,47.943974,69.99374,-9.7733552,93.242276,-52.544478,-10.346895,107.00762,-22.296783,-0.56131251
0.14935104,0.61541714,-28.599069,-7.9803391,51.34569,70.339752,-10.4292,92.286601,-49.609817,-10.252613,105.99652,-28.649063,-1.0693159
0.14938174,0.20686961,-30.113003,-7.5386038,54.909185,70.538228,-11.042066,91.142608,-46.202173,-10.149698,105.30699,-34.508779,-1.6090992
0.14941243,-0.28383241,-31.418519,-7.1255522,58.564895,70.597053,-11.599453,89.81098,-42.32,-10.04738,104.94261,-39.808364,-2.163498
0.14944312,-0.84942564,-32.514117,-6.7340749,62.225109,70.525675,-12.100377,88.323141,-37.979705,-9.9414014,104.87836,-44.495833,-2.7419596
0.14947382,-1.4676263,-33.393238,-6.3653415,65.585767,70.287131,-12.460038,86.671635,-33.17562,-9.8325762,105.08994,-48.606673,-3.3258656
0.14950451,-2.1379395,-34.039425,-6.0251212,68.607808,69.93898,-12.667895,84.919607,-27.958342,-9.7287377,105.59487,-52.115309,-3.9113032
0.1495352,-2.8490699,-34.430238,-5.719045,71.289976,69.491017,-12.736484,83.069937,-22.344999,-9.6072651,106.32821,-54.998997,-4.50168
0.14956589,-3.581334,-34.585908,-5.4464481,73.639637,68.91162,-12.703824,81.189643,-16.401453,-9.5052282,107.20251,-57.307501,-5.0872829
0.14959657,-4.3087843,-34.527098,-5.2370968,75.664971,68.127296,-12.584639,79.227093,-10.216255,-9.3858104,108.22197,-59.123997,-5.6638168
0.14962726,-5.0834791,-34.246728,-5.0887591,77.373759,67.124639,-12.386417,77.282777,-3.7277399,-9.2541819,109.34941,-60.463273,-6.2321126
0.14965795,-5.8459466,-33.750689,-4.9698316,78.780122,65.926074,-12.102832,75.391966,2.7802327,-9.0701613,110.5296,-61.379303,-6.7950844
0.14968864,-6.5844788,-33.043368,-4.8836047,79.898788,64.520216,-11.759982,73.650213,9.3016234,-8.9093082,111.71011,-61.979897,-7.309049
0.14971932,-7.2916936,-32.129183,-4.8388007,80.734704,62.874444,-11.37224,72.254581,15.774071,-8.7431574,112.85147,-62.368456,-7.7674253
0.14975001,-7.9659155,-31.01116,-4.82932,81.295934,60.976452,-10.960839,71.328166,21.970054,-8.5796819,113.92125,-62.592315,-8.1589655
0.14978069,-8.5994652,-29.693061,-4.8535824,81.575498,58.79269,-10.525232,70.813941,27.861788,-8.399857,114.89175,-62.69358,-8.4753859
0.14981137,-9.1943369,-28.184744,-4.911018,81.571223,56.275967,-10.065572,70.740968,33.339822,-8.2370499,115.75128,-62.693652,-8.7081932
0.14984206,-9.755954,-26.490042,-5.0007048,81.336806,53.400644,-9.563614,71.036285,38.370384,-8.0949799,116.4818,-62.574392,-8.8648145
0.14987274,-10.302274,-24.613698,-5.116118,80.8632,50.119333,-9.0442863,71.638723,42.879228,-8.0229545,117.06741,-62.353359,-8.9905517
0.14990343,-10.829839,-22.575808,-5.2457885,80.158887,46.467729,-8.5136284,72.74877,46.835666,-8.0284794,117.49618,-62.026608,-9.0494823
0.14993411,-11.351806,-20.390033,-5.3734677,79.210072,42.459378,-7.9902672,74.320834,50.281577,-8.0661814,117.76111,-61.56379,-9.0412733
0.14996479,-11.873832,-18.064722,-5.5007017,77.98074,38.129028,-7.449874,76.273688,53.200756,-8.2320628,117.84963,-60.941102,-8.9694372
0.14999547,-12.398416,-15.609144,-5.6108282,76.687692,33.5539,-6.9021129,78.502277,55.600734,-8.5262167,117.76006,-60.144497,-8.8421308
0.15002616,-12.902059,-13.04364,-5.7173225,75.212893,28.632996,-6.4100077,81.064048,57.513572,-8.9151325,117.47949,-59.128545,-8.6691394
0.15005684,-13.396487,-10.365046,-5.8169069,73.563963,23.486618,-5.9798693,83.989885,58.996718,-9.3779511,116.99668,-57.84847,-8.443869
0.15008752,-13.975182,-7.5994397,-5.9204366,71.731168,18.098252,-5.673767,87.167736,60.151119,-9.859338,116.31067,-56.260124,-8.1962332
0.15011821,-14.591457,-4.7494119,-5.9770511,69.727765,12.517029,-5.3016946,90.558915,61.065875,-10.291853,115.42349,-54.304277,-7.9415629
0.15014889,-15.226764,-1.8044154,-5.9671445,67.532667,6.7778605,-4.9411343,93.923708,61.80468,-10.649388,114.33972,-51.929678,-7.6962688
0.15017957,-15.857367,1.1035408,-5.9248507,65.121773,0.89265474,-4.5557427,97.146122,62.414923,-10.928083,113.06883,-49.077496,-7.4683908
0.15021025,-16.476951,4.0543464,-5.9392617,62.533177,-5.0735975,-4.2654102,100.16122,62.956061,-11.111977,111.62358,-45.695463,-7.2602247
0.15024094,-17.08157,6.9899392,-6.0061581,59.805915,-11.106192,-4.0381569,102.9432,63.452113,-11.200718,110.01068,-41.742853,-7.0819987
0.15027162,-17.676748,9.8786973,-6.0774931,56.949746,-17.132365,-3.7923696,105.47935,63.90467,-11.238627,108.26651,-37.242453,-6.9354245
0.15030231,-18.237709,12.75089,-6.0543138,54.071586,-23.091831,-3.5420617,107.77145,64.287959,-11.183614,106.43213,-32.243794,-6.8234557
0.15033299,-18.879557,15.605307,-5.9702847,51.352564,-28.89858,-3.2774515,109.81259,64.642504,-11.055274,104.49793,-26.798178,-6.7488127
0.15036367,-19.548952,18.428815,-5.8558965,48.812198,-34.456663,-3.0496458,111.61331,64.999182,-10.873681,102.583,-21.003971,-6.726443
0.15039436,-20.257111,21.197742,-5.7502878,46.616901,-39.716359,-2.8695125,113.17209,65.279429,-10.592523,100.77462,-14.931081,-6.753564
0.15042504,-20.905854,23.87664,-5.6498553,44.826742,-44.580192,-2.7489973,114.50024,65.449526,-10.170527,99.059668,-8.7037951,-6.8205548
0.15045573,-21.478747,26.426007,-5.541458,43.228989,-49.003822,-2.7335166,115.61157,65.528295,-9.5912599,97.559315,-2.4203421,-6.9220394
0.15048641,-22.033581,28.833454,-5.4204883,41.857332,-52.949779,-2.8296399,116.515,65.476286,-8.8950614,96.328953,3.8294892,-7.0425548
0.1505171,-22.588374,31.08743,-5.294621,40.679242,-56.36346,-3.0292607,117.2226,65.329,-8.1631986,95.423384,9.9507669,-7.1642594
0.15054779,-23.109645,33.189239,-5.188869,39.784813,-59.220288,-3.3197582,117.71957,65.101496,-7.4163296,94.852478,15.800132,-7.3004639
0.15057847,-23.592285,35.120511,-5.107775,39.191961,-61.462816,-3.6866003,117.99895,64.6321,-6.6582202,94.518006,21.315684,-7.4434001
0.15060916,-24.000957,36.877533,-5.0564675,38.716999,-63.133558,-4.1226205,118.07391,63.776783,-5.894217,94.488429,26.43369,-7.561917
0.15063985,-24.31379,38.451486,-5.0329008,38.320095,-64.308285,-4.6288928,117.9184,62.484304,-5.141028,94.729258,31.07356,-7.6907223
0.15067053,-24.537098,39.827198,-5.0412495,37.995975,-65.025145,-5.1986846,117.53902,60.70884,-4.4129383,95.228535,35.218375,-7.8362948
0.15070122,-24.653061,41.000605,-5.0972775,37.727289,-65.348116,-5.8260507,116.93524,58.358269,-3.7184261,96.026729,38.854348,-8.0140966
0.15073191,-24.65988,41.964578,-5.1917662,37.578244,-65.315527,-6.4910762,116.05952,55.479975,-3.0662216,97.193901,41.972179,-8.2074076
0.1507626,-24.556557,42.687387,-5.3415376,37.637466,-64.928207,-7.1825298,114.97059,52.101616,-2.4572338,98.695235,44.602101,-8.4329249
0.15079329,-24.339965,43.141031,-5.5407172,37.851426,-64.173333,-7.8784829,113.62219,48.184114,-1.8885316,100.48741,46.785633,-8.6822027
0.15082398,-24.015608,43.424891,-5.7802871,38.16676,-63.072466,-8.5420821,112.01043,43.704116,-1.3919939,102.50561,48.575443,-8.9501469
0.15085467,-23.59435,43.544854,-6.0589903,38.5076,-61.641742,-9.1615456,110.1754,38.686988,-0.93746972,104.67986,50.029052,-9.2146296
0.15088537,-23.094922,43.458071,-6.3772908,38.828895,-59.878985,-9.7205575,108.08165,33.143011,-0.56617143,106.94603,51.22173,-9.4581637
0.15091606,-22.520258,43.166009,-6.730197,39.077503,-57.789317,-10.195377,105.83085,27.125858,-0.28726643,109.24637,52.227836,-9.6749246
0.15094675,-21.881395,42.702145,-7.1093539,39.239548,-55.373744,-10.573874,103.40155,20.663015,-0.1048297,111.52942,53.105098,-9.8495277
0.15097744,-21.17452,42.067994,-7.51011,39.294083,-52.672521,-10.876015,100.809,13.814717,-0.043019976,113.74855,53.907589,-9.9795403
0.15100812,-20.4132,41.224195,-7.921631,39.24536,-49.689436,-11.105446,98.127599,6.6478973,-0.077118277,115.87532,54.673487,-10.082063
0.15103881,-19.605926,40.153077,-8.3353093,39.078082,-46.431216,-11.28351,95.395174,-0.70729534,-0.21509281,117.88351,55.440578,-10.11908
0.1510695,-18.766638,38.895591,-8.7480878,38.773961,-42.895062,-11.419037,92.623133,-8.1865201,-0.40734593,119.75901,56.224043,-10.075702
0.15110019,-17.908047,37.470408,-9.1534495,38.354731,-39.093836,-11.503345,89.922736,-15.667351,-0.7605646,121.48545,57.018671,-9.9538804
0.15113088,-17.045157,35.884973,-9.5542663,37.742891,-35.018393,-11.549842,87.486122,-22.9965,-1.1583342,123.05892,57.796225,-9.7537166
0.15116156,-16.191281,34.148899,-9.9412713,37.112248,-30.712635,-11.570177,85.425603,-30.054152,-1.5883093,124.47639,58.542213,-9.4771553
0.15119225,-15.323782,32.268602,-10.305931,36.352484,-26.161587,-11.575876,83.670616,-36.698441,-2.0271487,125.73922,59.182429,-9.1329258
0.15122294,-14.455766,30.245555,-10.651211,35.506861,-21.361168,-11.565645,82.368776,-42.901105,-2.4807554,126.84692,59.700182,-8.7297499
0.15125362,-13.596021,28.084422,-10.972613,34.598697,-16.332028,-11.56902,81.452238,-48.503964,-2.9397204,127.79675,60.140815,-8.2706707
0.15128431,-12.741484,25.793027,-11.260952,33.567028,-10.973173,-11.451973,80.869196,-53.390087,-3.4378949,128.58079,60.484677,-7.7575604
0.151315,-11.894556,23.384891,-11.529712,32.419483,-5.4874879,-11.275812,80.612795,-57.494454,-3.9740588,129.19839,60.677724,-7.1930262
0.15134568,-11.107729,20.881265,-11.777741,31.22329,0.1453388,-10.985272,80.660269,-60.717659,-4.5581221,129.64335,60.750108,-6.5812776
0.15137637,-10.334816,18.310649,-12.000754,30.002975,5.9226457,-10.61978,81.001187,-63.008532,-5.1997423,129.91373,60.6602,-5.9302336
0.15140706,-9.5648497,15.661024,-12.214166,28.818949,11.820952,-10.26932,81.608159,-64.578627,-5.8837898,129.98856,60.452163,-5.2398678
0.15143774,-8.8159556,12.938194,-12.37711,27.685055,17.779862,-9.8106771,82.481105,-65.630478,-6.586618,129.84238,59.972451,-4.5129092
0.15146843,-8.0504546,10.110495,-12.52929,26.632335,23.666936,-9.3154591,83.550174,-66.288094,-7.3079639,129.4575,58.9662,-3.7503254
0.15149911,-7.2643285,7.223237,-12.582072,25.509967,29.389525,-8.6331926,84.750794,-66.671931,-8.0402747,128.82095,57.295414,-2.986633
0.1515298,-6.5241089,4.3129877,-12.515204,24.482931,34.932435,-7.9568848,85.9988,-66.870959,-8.7225939,127.94598,54.857639,-2.2403589
0.15156049,-5.7813983,1.3851766,-12.467656,23.791049,40.177236,-7.3581784,87.234782,-66.865216,-9.3402739,126.8091,51.572579,-1.5512916
0.15159118,-4.9824548,-1.454442,-12.472555,23.462511,45.082796,-6.8511926,88.412184,-66.711226,-9.88975,125.45494,47.620962,-0.92293975
0.15162186,-4.1725236,-4.1949039,-12.433031,23.753578,49.584233,-6.4678527,89.535037,-66.364007,-10.326511,123.88204,42.99954,-0.36139931
0.15165255,-3.3156413,-6.8976933,-12.306738,24.483714,53.630263,-6.2427125,90.572482,-65.822688,-10.695311,122.10144,37.69889,0.11859306
0.15168324,-2.4334889,-9.5596297,-12.123693,25.612183,57.208532,-6.2111713,91.47765,-65.087295,-11.017415,120.14917,31.792336,0.5000742
0.15171393,-1.7118079,-12.146872,-11.877712,27.133206,60.263991,-6.3803194,92.214353,-64.176856,-11.273351,118.11612,25.391498,0.76543488
0.15174462,-1.173955,-14.651829,-11.557408,28.995054,62.841214,-6.7218155,92.755203,-63.097627,-11.466029,116.02565,18.57767,0.91633521
0.15177531,-0.7757919,-17.039517,-11.195336,31.204884,64.946386,-7.1941934,93.073889,-61.843852,-11.582259,113.9493,11.468278,0.88268413
0.151806,-0.50787333,-19.32268,-10.818977,33.672366,66.613791,-7.7695902,93.173507,-60.360702,-11.626555,111.91657,4.176558,0.7641504
0.15183669,-0.27915097,-21.450645,-10.415171,36.340173,67.907648,-8.4180331,93.044606,-58.610569,-11.619992,110.00489,-3.1513476,0.51747527
0.15186738,-0.12742784,-23.431659,-9.970146,39.148921,68.884098,-9.1021256,92.694223,-56.600155,-11.583132,108.26563,-10.388068,0.16297796
0.15189807,-0.10428709,-25.244053,-9.5075482,42.047375,69.610321,-9.8067926,92.135422,-54.271763,-11.522518,106.75757,-17.40373,-0.28979745
0.15192876,-0.21188863,-26.874111,-9.0336386,45.174169,70.107091,-10.496981,91.349423,-51.578104,-11.448115,105.48986,-24.11213,-0.81097281
0.15195945,-0.4353318,-28.319249,-8.5491056,48.510769,70.423027,-11.149955,90.383999,-48.482785,-11.367475,104.56996,-30.392834,-1.3804955
0.15199014,-0.7602933,-29.572325,-8.0782456,51.998498,70.587291,-11.764221,89.228179,-44.922361,-11.28007,103.96987,-36.152692,-1.9870532
0.15202082,-1.1816676,-30.633129,-7.637691,55.570592,70.60427,-12.339657,87.896847,-40.918523,-11.202923,103.68667,-41.333509,-2.6099808
0.15205151,-1.6658769,-31.477921,-7.2169921,59.143663,70.429579,-12.874487,86.408053,-36.491346,-11.111262,103.6886,-45.904595,-3.2532809
0.1520822,-2.2125114,-32.119105,-6.8164045,62.455725,70.102012,-13.28435,84.739608,-31.607758,-11.031672,103.99654,-49.917275,-3.900407
0.15211289,-2.8145087,-32.523191,-6.4407723,65.445554,69.65579,-13.544854,83.022504,-26.347612,-10.940565,104.58606,-53.30289,-4.5537069
0.15214357,-3.442951,-32.712997,-6.0930027,68.08859,69.080017,-13.658076,81.20668,-20.72849,-10.848657,105.36238,-56.074678,-5.2100765
0.15217426,-4.1175052,-32.699425,-5.8118479,70.390447,68.327922,-13.666771,79.396448,-14.767099,-10.794196,106.30446,-58.287662,-5.8627549
0.15220494,-4.8456682,-32.48318,-5.5757445,72.35506,67.34516,-13.587628,77.4653,-8.5930822,-10.66322,107.39859,-60.029404,-6.5044948
0.15223562,-5.578427,-32.072071,-5.3563407,74.005312,66.168471,-13.426006,75.574673,-2.1548804,-10.536669,108.59208,-61.268373,-7.1365855
0.15226631,-6.2891375,-31.46652,-5.1750364,75.348047,64.822492,-13.188125,73.717198,4.3006266,-10.324128,109.83408,-62.110584,-7.749589
0.15229699,-6.9817537,-30.672756,-5.0406154,76.40345,63.245998,-12.893626,71.989665,10.751219,-10.153153,111.06879,-62.676575,-8.3142574
0.15232767,-7.6512182,-29.690848,-4.9408594,77.18087,61.454781,-12.549855,70.568252,17.1054,-9.9712832,112.26171,-63.032192,-8.8164715
0.15235835,-8.2954742,-28.526611,-4.8816819,77.675795,59.404804,-12.172363,69.622631,23.219891,-9.7938484,113.37765,-63.227726,-9.2281475
0.15238904,-8.9163973,-27.18837,-4.8510734,77.874931,57.062693,-11.7616,69.080017,29.015601,-9.5945179,114.39137,-63.31671,-9.5720705
0.15241972,-9.5162824,-25.676634,-4.8504203,77.825436,54.400601,-11.329129,68.994096,34.410258,-9.4222202,115.28266,-63.30593,-9.8196594
0.1524504,-10.056556,-23.998656,-4.8782848,77.546377,51.352447,-10.879858,69.27463,39.371213,-9.2757664,116.04001,-63.158714,-9.9666919
0.15248108,-10.573386,-22.163453,-4.9260346,77.036029,47.942616,-10.400401,69.928063,43.805013,-9.2078995,116.64405,-62.901215,-10.096198
0.15251176,-11.06008,-20.186896,-4.9878339,76.276252,44.176452,-9.9057412,71.085316,47.702647,-9.2375072,117.08144,-62.500219,-10.147722
0.15254244,-11.530145,-18.081067,-5.0630692,75.292176,40.115475,-9.3613623,72.702602,51.104508,-9.3115112,117.34803,-61.945096,-10.128029
0.15257312,-11.99517,-15.856145,-5.1437043,74.063746,35.747795,-8.8075259,74.679216,53.995876,-9.4949689,117.433,-61.224501,-10.042711
0.1526038,-12.475296,-13.513406,-5.2226907,72.754614,31.145778,-8.2440994,76.953258,56.368638,-9.8046239,117.32981,-60.34034,-9.8968019
0.15263449,-12.921001,-11.073175,-5.3138485,71.284397,26.255583,-7.7455895,79.569158,58.275903,-10.208388,117.02885,-59.247352,-9.7105532
0.15266517,-13.397228,-8.5433723,-5.3954938,69.627494,21.147807,-7.3005272,82.505659,59.763908,-10.669318,116.52272,-57.907405,-9.4759039
0.15269585,-13.920855,-5.9323771,-5.4764879,67.80192,15.8485,-6.8885159,85.686554,60.929079,-11.133965,115.81135,-56.278232,-9.2257237
0.15272653,-14.464416,-3.2708074,-5.478983,65.824548,10.339461,-6.4317126,89.14586,61.85196,-11.55154,114.90193,-54.285756,-8.9729
0.15275721,-15.02082,-0.52738131,-5.4283151,63.648836,4.7740402,-5.9763474,92.576097,62.599886,-11.909899,113.79704,-51.875486,-8.730325
0.15278789,-15.585552,2.1768699,-5.3989964,61.264854,-0.93766299,-5.5173965,95.857413,63.227236,-12.204626,112.50443,-48.986172,-8.5146751
0.15281857,-16.155124,4.893386,-5.4383011,58.719341,-6.7047796,-5.1473935,98.921675,63.777046,-12.393171,111.03667,-45.581495,-8.3213577
0.15284926,-16.732353,7.5504526,-5.5131272,56.031359,-12.514407,-4.8042858,101.74259,64.264654,-12.538999,109.41471,-41.604674,-8.1596991
0.15287994,-17.311664,10.187033,-5.5312636,53.270827,-18.314148,-4.4463528,104.30118,64.669412,-12.5687,107.65767,-37.100041,-8.0413871
0.15291062,-17.876204,12.843592,-5.4769774,50.392997,-24.009001,-4.0628061,106.60295,65.020139,-12.469991,105.8091,-32.11302,-7.9545957
0.15294131,-18.517722,15.439699,-5.3835923,47.702605,-29.560994,-3.6656609,108.65206,65.361326,-12.259202,103.89239,-26.676133,-7.8975111
0.15297199,-19.184233,17.97552,-5.292781,45.193374,-34.863002,-3.3059658,110.44874,65.69816,-11.958201,101.95155,-20.899643,-7.9017933
0.15300267,-19.846477,20.445231,-5.2164209,42.99297,-39.889804,-2.9849016,111.99846,65.946406,-11.572747,100.09924,-14.841683,-7.9464362
0.15303336,-20.445391,22.829322,-5.1391187,41.197241,-44.522337,-2.7399354,113.30845,66.082851,-11.094935,98.338508,-8.6381263,-8.0395219
0.15306404,-20.982141,25.109873,-5.0446214,39.587461,-48.733477,-2.6029903,114.39743,66.113205,-10.509977,96.784749,-2.3618946,-8.1689215
0.15309473,-21.514769,27.249337,-4.9334729,38.193068,-52.488525,-2.5938645,115.27613,66.000494,-9.8145994,95.534235,3.8755077,-8.3255579
0.15312541,-22.017318,29.26699,-4.8254662,36.995607,-55.740533,-2.7067638,115.94017,65.788326,-9.0773472,94.63185,9.9973262,-8.4857445
0.1531561,-22.494362,31.13923,-4.733053,36.042799,-58.470357,-2.9305105,116.39058,65.445529,-8.3089332,94.056153,15.860128,-8.6439729
0.15318678,-22.924365,32.846562,-4.6582186,35.377101,-60.683912,-3.2595141,116.61402,64.8175,-7.5159135,93.720038,21.4005,-8.8362882
0.15321747,-23.279614,34.382507,-4.6130791,34.86861,-62.338457,-3.6786559,116.63175,63.803434,-6.7085228,93.680193,26.537301,-8.9657271
0.15324816,-23.550855,35.741977,-4.6006261,34.43007,-63.503639,-4.1939986,116.42416,62.384195,-5.9054457,93.909998,31.209457,-9.1061312
0.15327885,-23.733841,36.916499,-4.6280451,34.050614,-64.224477,-4.7726962,115.99226,60.502043,-5.1276991,94.38486,35.395032,-9.2444945
0.15330953,-23.842309,37.900702,-4.6772216,33.722068,-64.559909,-5.4019029,115.33702,58.107362,-4.3729095,95.17718,39.062955,-9.410717
0.15334022,-23.865841,38.694223,-4.7739036,33.43355,-64.54105,-6.0808009,114.41499,55.247155,-3.6539394,96.33577,42.227844,-9.5952794
0.15337091,-23.804572,39.239696,-4.9198901,33.321649,-64.161823,-6.790379,113.27947,51.898084,-2.9818945,97.835041,44.896676,-9.8151028
0.1534016,-23.655237,39.595514,-5.110968,33.393793,-63.41092,-7.5269528,111.89171,48.033807,-2.3378982,99.627833,47.118304,-10.066803
0.15343229,-23.428455,39.793619,-5.3437822,33.596814,-62.311181,-8.2586173,110.25966,43.641152,-1.7717883,101.66311,48.937429,-10.332125
0.15346298,-23.13644,39.802453,-5.6219298,33.862983,-60.866895,-8.9651316,108.40673,38.735552,-1.2496582,103.86306,50.419646,-10.598124
0.15349367,-22.780109,39.608043,-5.9371624,34.131721,-59.081443,-9.6356488,106.2984,33.328006,-0.81398219,106.16742,51.629284,-10.856847
0.15352436,-22.366375,39.242149,-6.2916926,34.356755,-56.963355,-10.222632,104.04614,27.474618,-0.46992507,108.50997,52.644621,-11.092543
0.15355505,-21.887868,38.709732,-6.6800891,34.497055,-54.538026,-10.717491,101.61438,21.177169,-0.2360546,110.83993,53.523513,-11.289168
0.15358574,-21.351369,38.015677,-7.0948328,34.570025,-51.831365,-11.124647,99.024444,14.502095,-0.11916325,113.10585,54.323842,-11.460986
0.15361643,-20.763301,37.091569,-7.534079,34.540111,-48.843646,-11.456547,96.332492,7.4899702,-0.10402789,115.27867,55.079993,-11.579181
0.15364711,-20.133998,35.980329,-7.9953278,34.408091,-45.581519,-11.713269,93.590119,0.26999003,-0.21068042,117.32957,55.8168,-11.614149
0.1536778,-19.483382,34.706547,-8.4717163,34.140865,-42.051072,-11.916832,90.791315,-7.1001513,-0.37975162,119.2414,56.572733,-11.560134
0.15370849,-18.818379,33.277986,-8.9518343,33.763004,-38.25129,-12.05212,88.06655,-14.495843,-0.71827806,120.99981,57.347392,-11.416917
0.15373917,-18.131366,31.697234,-9.4224121,33.220805,-34.192573,-12.158046,85.536677,-21.792622,-1.0981958,122.59767,58.117626,-11.186039
0.15376986,-17.42826,29.977327,-9.8790493,32.653417,-29.922483,-12.215177,83.395596,-28.868049,-1.5267286,124.03359,58.856082,-10.871417
0.15380055,-16.701636,28.123283,-10.319334,31.972163,-25.405495,-12.245545,81.511348,-35.564048,-1.9847833,125.30904,59.50983,-10.481776
0.15383123,-15.957183,26.140405,-10.739416,31.206606,-20.654754,-12.27732,80.079589,-41.869287,-2.4623453,126.42273,60.043807,-10.025509
0.15386192,-15.199439,24.035532,-11.135357,30.407752,-15.690173,-12.240451,78.980315,-47.619812,-2.9910991,127.37581,60.481313,-9.5086018
0.15389261,-14.439456,21.82313,-11.522143,29.403579,-10.418116,-12.132145,78.232941,-52.696282,-3.5433391,128.159,60.82729,-8.9341875
0.15392329,-13.742922,19.533033,-11.879592,28.335642,-5.079263,-11.942346,77.816245,-57.019468,-4.1430209,128.77296,61.037974,-8.3075674
0.15395398,-13.092749,17.16526,-12.201031,27.220206,0.43818485,-11.619632,77.732333,-60.544654,-4.7785398,129.20827,61.142726,-7.6310609
0.15398467,-12.416287,14.724662,-12.482782,26.084481,6.0859389,-11.242635,77.999915,-63.058715,-5.4682721,129.46496,61.104904,-6.9110277
0.15401536,-11.723502,12.209136,-12.738151,24.971316,11.839653,-10.868193,78.513635,-64.817109,-6.2010434,129.52582,60.929282,-6.1467657
0.15404604,-11.028481,9.6345902,-12.94699,23.87762,17.645684,-10.38474,79.317476,-66.022543,-6.9554988,129.36506,60.503834,-5.3445862
0.15407673,-10.323843,6.966176,-13.109596,22.838343,23.397518,-9.8257257,80.35311,-66.784835,-7.7393039,128.96917,59.592315,-4.5038416
0.15410742,-9.5830232,4.2302699,-13.177155,21.717535,28.995074,-9.0871918,81.564247,-67.222453,-8.5403205,128.31865,58.043453,-3.6521547
0.15413811,-8.7886089,1.5292622,-13.251137,20.667315,34.439156,-8.3625202,82.842728,-67.495746,-9.2957825,127.42738,55.794779,-2.8201242
0.15416879,-7.9204134,-1.0533536,-13.294087,19.902575,39.600315,-7.7129231,84.122298,-67.578866,-10.007594,126.28646,52.73348,-2.025651
0.15419948,-6.9953335,-3.5636353,-13.288887,19.479439,44.456299,-7.1292874,85.354121,-67.474599,-10.64821,124.91071,49.01527,-1.3019332
0.15423017,-6.0446179,-6.0547221,-13.200223,19.644289,48.935351,-6.685133,86.52259,-67.160006,-11.192435,123.31249,44.647681,-0.64565204
0.15426086,-5.1080655,-8.5059576,-13.022023,20.235226,52.985554,-6.4090721,87.622826,-66.638624,-11.613117,121.49856,39.614078,-0.083177161
0.15429155,-4.2065288,-10.911929,-12.755556,21.203711,56.568001,-6.3157285,88.610456,-65.906789,-11.95749,119.51835,33.949936,0.37782745
0.15432224,-3.4250308,-13.229546,-12.440273,22.558519,59.659282,-6.4475482,89.444289,-64.991929,-12.261436,117.41395,27.748472,0.71508919
0.15435293,-2.8047292,-15.447111,-12.121397,24.266992,62.283531,-6.7576179,90.094969,-63.912758,-12.507813,115.26636,21.105802,0.91673568
0.15438362,-2.2854046,-17.553111,-11.812117,26.332289,64.44515,-7.223006,90.534656,-62.655636,-12.695522,113.1119,14.103777,0.93806801
0.15441431,-1.7909267,-19.520839,-11.45409,28.660579,66.18811,-7.8142307,90.755246,-61.170394,-12.810987,110.9995,6.8812411,0.84694506
0.15444501,-1.4069685,-21.355187,-11.053421,31.209145,67.537818,-8.4870032,90.748226,-59.41865,-12.865068,108.99725,-0.4850457,0.62714109
0.1544757,-1.172105,-23.056295,-10.603829,33.901585,68.565111,-9.2223607,90.519563,-57.39766,-12.876084,107.1562,-7.7722411,0.2482207
0.15450639,-1.0650331,-24.609219,-10.109494,36.686531,69.322818,-9.9664509,90.075431,-55.077252,-12.85245,105.53891,-14.94215,-0.19923466
0.15453708,-1.0689154,-26.002001,-9.6000823,39.625465,69.852822,-10.697048,89.409295,-52.408756,-12.809727,104.16315,-21.800532,-0.78442243
0.15456778,-1.1864707,-27.230908,-9.0860161,42.774368,70.213977,-11.363863,88.551699,-49.361351,-12.760096,103.1005,-28.29336,-1.4350842
0.15459847,-1.3936939,-28.285076,-8.5951646,46.088049,70.427597,-12.01106,87.505259,-45.887186,-12.701156,102.39095,-34.318639,-2.1218873
0.15462916,-1.6718998,-29.144549,-8.1220997,49.509539,70.475844,-12.640494,86.280183,-42.003432,-12.654077,102.02071,-39.792918,-2.8313848
0.15465985,-2.0198564,-29.809163,-7.6573645,52.970766,70.313295,-13.234297,84.899592,-37.722266,-12.596864,101.94404,-44.681482,-3.5561526
0.15469054,-2.4309739,-30.272062,-7.2051168,56.397625,69.973422,-13.747101,83.342105,-33.021548,-12.549669,102.18451,-48.991875,-4.2872678
0.15472122,-2.8913982,-30.534573,-6.7997049,59.529579,69.468973,-14.151728,81.703269,-27.932526,-12.511695,102.72904,-52.706571,-5.018152
0.15475191,-3.4257238,-30.60774,-6.4212393,62.316652,68.783271,-14.413627,79.961839,-22.493201,-12.461302,103.47786,-55.780048,-5.754115
0.1547826,-4.0006769,-30.493753,-6.0734675,64.744675,67.898191,-14.565305,78.175223,-16.711351,-12.45276,104.41297,-58.275891,-6.4822057
0.15481329,-4.5995857,-30.201392,-5.7604745,66.814471,66.784554,-14.59999,76.31225,-10.706023,-12.36689,105.51509,-60.263975,-7.2053279
0.15484397,-5.2072964,-29.733938,-5.4687541,68.55615,65.498937,-14.527884,74.439364,-4.4174655,-12.274345,106.75088,-61.738404,-7.9117509
0.15487466,-5.8121772,-29.094916,-5.2132166,69.985785,64.031128,-14.382402,72.624174,1.9476669,-12.098315,108.0563,-62.740755,-8.5851528
0.15490535,-6.4072392,-28.287336,-5.0011706,71.134258,62.342694,-14.176426,70.840536,8.3510773,-11.951972,109.38048,-63.429177,-9.2264227
0.15493603,-6.9873167,-27.316469,-4.8285396,71.988191,60.449796,-13.925832,69.185719,14.749944,-11.793723,110.67749,-63.873718,-9.8228707
0.15496672,-7.5552044,-26.185605,-4.6901778,72.549797,58.321267,-13.645187,67.976551,20.91464,-11.603428,111.91286,-64.127444,-10.326638
0.1549974,-8.1062482,-24.899904,-4.5946204,72.807411,55.914448,-13.328195,67.15442,26.860436,-11.458287,113.05191,-64.253849,-10.751724
0.15502809,-8.6041127,-23.461712,-4.528123,72.82581,53.204713,-12.97636,66.731482,32.426664,-11.250886,114.07423,-64.269575,-11.082294
0.15505877,-9.0783948,-21.878654,-4.4897481,72.598441,50.133413,-12.59607,66.80769,37.598621,-11.067667,114.95969,-64.161383,-11.300032
0.15508946,-9.5345878,-20.165669,-4.4652775,72.140437,46.735431,-12.189296,67.258596,42.307564,-10.952335,115.69451,-63.905689,-11.450092
0.15512014,-9.97161,-18.332184,-4.459552,71.430319,43.003509,-11.774318,68.159017,46.492179,-10.925252,116.26041,-63.536246,-11.547717
0.15515083,-10.391486,-16.383911,-4.4638955,70.497691,39.003295,-11.322497,69.539017,50.178398,-10.969592,116.65,-63.01122,-11.556523
0.15518151,-10.79689,-14.324027,-4.4783139,69.345473,34.729633,-10.83939,71.348758,53.368374,-11.106254,116.85553,-62.321575,-11.487416
0.1552122,-11.21275,-12.159182,-4.5010749,68.124492,30.253526,-10.332566,73.486764,56.059347,-11.32619,116.86862,-61.447539,-11.35714
0.15524288,-11.590032,-9.9073865,-4.521889,66.716712,25.497453,-9.8296081,75.987863,58.249641,-11.605773,116.68075,-60.394776,-11.172522
0.15527357,-12.021585,-7.5966504,-4.5379265,65.144277,20.563753,-9.3777144,78.798081,60.008736,-11.982759,116.28296,-59.146304,-10.944522
0.15530425,-12.463756,-5.2246662,-4.5505699,63.401145,15.451941,-8.9103728,81.870487,61.381738,-12.40858,115.67945,-57.648969,-10.694559
0.15533494,-12.923188,-2.8084573,-4.5191554,61.525691,10.164701,-8.3925946,85.277376,62.46269,-12.810574,114.86514,-55.848888,-10.440292
0.15536563,-13.389021,-0.32392847,-4.454966,59.467185,4.8496937,-7.8683639,88.809597,63.331185,-13.213867,113.85599,-53.672757,-10.19532
0.15539631,-13.855717,2.0972576,-4.4359619,57.210804,-0.60303579,-7.3014323,92.244204,64.043594,-13.570848,112.65201,-51.068202,-9.9738443
0.155427,-14.325298,4.5385428,-4.4223266,54.79293,-6.091399,-6.849356,95.485803,64.651665,-13.871344,111.26408,-47.971555,-9.7846372
0.15545768,-14.80133,6.9591085,-4.4532698,52.239939,-11.6208,-6.4026693,98.490201,65.154817,-14.113758,109.71437,-44.353126,-9.6300277
0.15548837,-15.285858,9.3692139,-4.4139704,49.584482,-17.140102,-5.8944157,101.22606,65.561213,-14.227573,108.04429,-40.175209,-9.517935
0.15551906,-15.761419,11.761576,-4.3318835,46.818699,-22.580068,-5.354819,103.69055,65.895155,-14.197638,106.23915,-35.509369,-9.4538112
0.15554975,-16.30205,14.088209,-4.2367308,44.07511,-27.893075,-4.797435,105.88359,66.216158,-14.032778,104.35982,-30.382532,-9.4289599
0.15558043,-16.878028,16.360941,-4.141485,41.53214,-33.003738,-4.2356848,107.81314,66.521707,-13.730399,102.44897,-24.853815,-9.4530418
0.15561112,-17.403118,18.524793,-4.0595658,39.205337,-37.855851,-3.708344,109.47962,66.74547,-13.304909,100.53491,-19.001984,-9.5293193
0.15564181,-17.864211,20.581106,-3.9808014,37.215332,-42.383573,-3.2283768,110.89201,66.879513,-12.775802,98.676152,-12.903549,-9.6560738
0.1556725,-18.292279,22.546905,-3.8869328,35.567205,-46.529246,-2.8465124,112.06712,66.917288,-12.155204,96.949793,-6.6853249,-9.8111013
0.15570319,-18.715022,24.399637,-3.7834541,34.062005,-50.260053,-2.6012196,113.01584,66.796923,-11.465902,95.413964,-0.40458925,-9.9895745
0.15573388,-19.127663,26.148261,-3.6783036,32.759262,-53.541469,-2.4883706,113.75166,66.559227,-10.724663,94.209148,5.7974828,-10.200648
0.15576457,-19.534254,27.77736,-3.587492,31.642695,-56.352234,-2.5173647,114.26065,66.19594,-9.9404271,93.399512,11.879899,-10.40043
0.15579526,-19.885979,29.264809,-3.5190612,30.763973,-58.674501,-2.6804676,114.55079,65.586734,-9.1245033,92.893988,17.661182,-10.59526
0.15582596,-20.180445,30.592536,-3.4855186,30.166525,-60.5254,-2.9593494,114.61406,64.635828,-8.2802648,92.676903,23.111245,-10.805977
0.15585665,-20.424697,31.751937,-3.4737689,29.679297,-61.88783,-3.3584343,114.46133,63.285588,-7.4306401,92.742053,28.147447,-10.969073
0.15588734,-20.618028,32.742527,-3.4783361,29.243259,-62.804065,-3.8794878,114.08689,61.528956,-6.5890616,93.019006,32.725053,-11.126241
0.15591804,-20.747724,33.557698,-3.5227971,28.849888,-63.30866,-4.4605935,113.49156,59.341533,-5.7689338,93.57416,36.814844,-11.295688
0.15594873,-20.811171,34.187286,-3.6130103,28.491247,-63.443443,-5.0932824,112.66225,56.745791,-4.976358,94.484592,40.39169,-11.463265
0.15597943,-20.805778,34.617257,-3.7523963,28.164494,-63.224709,-5.7678127,111.59552,53.697984,-4.2202173,95.762679,43.468016,-11.651343
0.15601012,-20.73247,34.893523,-3.9379069,27.94001,-62.647543,-6.4766071,110.29597,50.182451,-3.4960869,97.372368,46.058134,-11.861845
0.15604082,-20.605962,34.987446,-4.1723091,27.914105,-61.721557,-7.2083342,108.75328,46.14765,-2.827613,99.270819,48.207312,-12.095157
0.15607151,-20.424186,34.903719,-4.4545443,28.011669,-60.429403,-7.9594986,106.99688,41.633236,-2.2069505,101.3952,49.962896,-12.349856
0.15610221,-20.191258,34.641438,-4.7760005,28.173185,-58.782015,-8.7090186,104.99318,36.63661,-1.6616296,103.67068,51.394957,-12.622576
0.15613291,-19.907489,34.209963,-5.1370606,28.33164,-56.797932,-9.4367687,102.82478,31.182484,-1.2121645,106.04281,52.562089,-12.892005
0.15616361,-19.573374,33.634203,-5.5340994,28.458946,-54.498952,-10.105044,100.47294,25.332206,-0.84764237,108.43791,53.537158,-13.146814
0.1561943,-19.191321,32.886968,-5.9648789,28.542556,-51.903863,-10.695845,97.951938,19.032667,-0.64976751,110.80543,54.379693,-13.362542
0.156225,-18.767429,31.946888,-6.4224602,28.572053,-49.030326,-11.216244,95.304702,12.405323,-0.51785549,113.09771,55.145996,-13.505523
0.1562557,-18.318572,30.858356,-6.9062026,28.518691,-45.874751,-11.653982,92.590061,5.4377758,-0.50676307,115.2811,55.87215,-13.56787
0.15628639,-17.847358,29.623354,-7.4074612,28.359738,-42.452202,-12.032435,89.817613,-1.6642782,-0.62857924,117.3328,56.571087,-13.540182
0.15631709,-17.353748,28.248083,-7.9166456,28.088726,-38.7807,-12.316118,87.036805,-8.8952976,-0.84559714,119.22872,57.275711,-13.415938
0.15634779,-16.838242,26.736979,-8.4242021,27.645806,-34.848588,-12.544349,84.371789,-16.149829,-1.1956738,120.96223,57.996226,-13.194701
0.15637848,-16.302648,25.103287,-8.9263281,27.195177,-30.717791,-12.710401,81.894208,-23.310097,-1.6095721,122.525,58.726319,-12.882363
0.15640918,-15.746437,23.352723,-9.413759,26.636066,-26.358934,-12.830448,79.736529,-30.251853,-2.0583933,123.91786,59.425198,-12.486594
0.15643988,-15.17125,21.491541,-9.8904278,25.992691,-21.77266,-12.939399,77.895518,-36.837157,-2.5612656,125.14245,60.030173,-12.012583
0.15647057,-14.601293,19.536225,-10.353524,25.310831,-17.002619,-12.993272,76.424098,-43.073227,-3.0828509,126.19607,60.525492,-11.468751
0.15650127,-14.061652,17.496341,-10.805491,24.435737,-11.982173,-12.92918,75.267139,-48.735848,-3.6554724,127.0814,60.911702,-10.861675
0.15653197,-13.584745,15.388109,-11.210046,23.473462,-6.7609706,-12.784626,74.468818,-53.744885,-4.2760326,127.78979,61.200605,-10.197271
0.15656267,-13.047898,13.20975,-11.572757,22.47053,-1.5074372,-12.525993,73.990403,-58.034118,-4.9372465,128.32366,61.379445,-9.4769866
0.15659336,-12.502181,10.957119,-11.887348,21.422469,3.9186522,-12.067899,73.913433,-61.478939,-5.6311214,128.67213,61.456532,-8.7063264
0.15662406,-11.936359,8.6418943,-12.167212,20.371623,9.4287121,-11.710959,74.210963,-63.945276,-6.3530666,128.8367,61.417647,-7.8869248
0.15665476,-11.354502,6.2712822,-12.382375,19.318521,15.017475,-11.199316,74.738727,-65.686491,-7.1094145,128.79493,61.258943,-7.0243743
0.15668546,-10.744397,3.8340279,-12.584171,18.306511,20.573944,-10.52213,75.581787,-66.855068,-7.8879629,128.52058,60.806226,-6.1204414
0.15671616,-10.053809,1.4330624,-12.754433,17.190154,26.052249,-9.8818404,76.653935,-67.576226,-8.6982753,128.01037,59.850586,-5.183421
0.15674686,-9.2818615,-0.86691737,-12.882629,16.091013,31.396973,-9.0712527,77.911336,-68.008333,-9.5022525,127.23786,58.263245,-4.2455038
0.15677756,-8.4555828,-3.1417464,-12.923804,15.163904,36.527984,-8.2898676,79.245683,-68.232129,-10.282688,126.22891,55.979539,-3.3238851
0.15680826,-7.5797088,-5.37099,-12.901885,14.489218,41.407058,-7.5823507,80.579187,-68.279111,-11.037389,124.96573,52.913672,-2.4487515
0.15683896,-6.6856072,-7.5750346,-12.821254,14.349987,45.951284,-6.9509056,81.860305,-68.163662,-11.733376,123.4692,49.225096,-1.6424047
0.15686966,-5.8051029,-9.7489428,-12.65525,14.651368,50.117059,-6.4923316,83.050065,-67.82746,-12.331088,121.749,44.903504,-0.926112
0.15690036,-4.9902158,-11.832306,-12.421725,15.292206,53.852025,-6.2107289,84.161674,-67.264029,-12.807934,119.82147,39.93881,-0.30236603
0.15693106,-4.2986737,-13.83347,-12.141326,16.33044,57.133558,-6.1337838,85.160489,-66.479461,-13.167198,117.73789,34.360514,0.19832179
0.15696176,-3.6134599,-15.716083,-11.822196,17.723798,59.977216,-6.287527,86.009966,-65.510985,-13.496615,115.54194,28.244936,0.56561734
0.15699247,-2.9863533,-17.476882,-11.464567,19.496684,62.378049,-6.6349516,86.669738,-64.357778,-13.782073,113.31518,21.682793,0.7778023
0.15702317,-2.407415,-19.128251,-11.046492,21.587469,64.367067,-7.1493057,87.124357,-63.005504,-14.029942,111.1009,14.747713,0.81410552
0.15705387,-1.8964008,-20.668029,-10.590912,23.918187,65.956895,-7.800549,87.369054,-61.406232,-14.218722,108.93462,7.5757567,0.70025733
0.15708457,-1.492851,-22.079029,-10.100737,26.442203,67.182995,-8.5538483,87.390789,-59.544921,-14.350212,106.89975,0.23681802,0.4158498
0.15711528,-1.2151292,-23.36499,-9.5869433,29.092052,68.105624,-9.3687714,87.192125,-57.395836,-14.439099,105.03432,-7.0472999,-0.017880015
0.15714598,-1.0680213,-24.512665,-9.088924,31.81821,68.781792,-10.188401,86.774453,-54.929229,-14.487224,103.39908,-14.225127,-0.60094882
0.15717668,-1.0255227,-25.508561,-8.6052687,34.633298,69.257695,-10.990611,86.12364,-52.118929,-14.507975,102.0194,-21.151335,-1.2687615
0.15720738,-1.0606497,-26.346976,-8.114022,37.606311,69.570696,-11.750457,85.3056,-48.926198,-14.513784,100.96169,-27.742867,-2.0316477
0.15723808,-1.1855089,-27.007654,-7.6227981,40.71833,69.70732,-12.486968,84.29006,-45.351619,-14.514869,100.28437,-33.891481,-2.8418301
0.15726878,-1.3894761,-27.493361,-7.142526,43.915727,69.650081,-13.19953,83.105439,-41.387564,-14.531157,99.924308,-39.519411,-3.6718531
0.15729948,-1.6592724,-27.809614,-6.6687604,47.142174,69.401314,-13.870399,81.761328,-37.053471,-14.531573,99.885368,-44.582086,-4.5142492
0.15733018,-1.9933546,-27.95412,-6.2043083,50.329848,68.904609,-14.483124,80.222933,-32.317287,-14.544755,100.14867,-49.078539,-5.355505
0.15736088,-2.3791125,-27.932463,-5.7632299,53.318324,68.188515,-15.023044,78.669751,-27.231557,-14.549381,100.71676,-52.990781,-6.1893147
0.15739158,-2.7910145,-27.753187,-5.3464823,55.967346,67.250242,-15.452683,76.995831,-21.831943,-14.56398,101.4607,-56.268654,-7.0158905
0.15742227,-3.2207944,-27.416031,-4.9626879,58.264152,66.105145,-15.770898,75.290779,-16.100982,-14.58253,102.41414,-58.946115,-7.8338891
0.15745297,-3.6642559,-26.920003,-4.6152112,60.228794,64.762082,-15.971222,73.489214,-10.180856,-14.566949,103.55017,-61.112391,-8.6264762
0.15748367,-4.1142603,-26.276198,-4.3063942,61.880228,63.211382,-16.061302,71.677471,-3.9648556,-14.517677,104.82957,-62.722895,-9.3969502
0.15751437,-4.5710498,-25.488227,-4.0347413,63.233028,61.466106,-16.063621,69.924031,2.2999672,-14.411943,106.19756,-63.845615,-10.140184
0.15754506,-5.0329024,-24.557171,-3.8024499,64.280554,59.536635,-15.993118,68.213239,8.5959296,-14.307463,107.59247,-64.607555,-10.842797
0.15757576,-5.4917118,-23.491311,-3.6081216,65.027419,57.400866,-15.850827,66.581157,14.915702,-14.114521,108.97215,-65.103946,-11.491941
0.15760646,-5.9466217,-22.297233,-3.4488667,65.462828,55.014026,-15.65636,65.303062,21.009647,-13.94175,110.29815,-65.384587,-12.04394
0.15763716,-6.3748256,-20.9774,-3.3156862,65.650899,52.352411,-15.411513,64.412886,26.899344,-13.742748,111.53428,-65.524619,-12.51512
0.15766786,-6.7972409,-19.54573,-3.2081318,65.587987,49.382827,-15.127582,63.825043,32.467509,-13.564644,112.65232,-65.539265,-12.868117
0.15769855,-7.2070968,-18.01007,-3.1261584,65.291125,46.104394,-14.805912,63.778487,37.656854,-13.37374,113.6313,-65.415546,-13.105417
0.15772925,-7.6107664,-16.380021,-3.063326,64.748154,42.546243,-14.463944,64.205592,42.430157,-13.218614,114.45642,-65.111313,-13.28637
0.15775995,-8.0017313,-14.644234,-3.0189157,63.996278,38.741803,-14.078151,65.027423,46.700579,-13.160145,115.1059,-64.671791,-13.403
0.15779065,-8.3891427,-12.815408,-2.9827705,63.007936,34.688103,-13.651284,66.328482,50.479749,-13.167617,115.57243,-64.108545,-13.430406
0.15782135,-8.7790508,-10.907662,-2.9611673,61.97343,30.477049,-13.201162,68.079855,53.79218,-13.262233,115.84917,-63.380785,-13.371784
0.15785204,-9.1354954,-8.9395849,-2.9385387,60.765786,25.998461,-12.733327,70.211451,56.619937,-13.462594,115.92447,-62.464261,-13.243596
0.15788274,-9.5118722,-6.9240833,-2.9053909,59.38743,21.338321,-12.281015,72.741445,58.961911,-13.721979,115.79463,-61.342347,-13.061224
0.15791344,-9.8915501,-4.8620845,-2.8640695,57.857316,16.538032,-11.831673,75.607403,60.852695,-14.029593,115.44994,-60.051342,-12.836971
0.15794414,-10.277218,-2.7693426,-2.8255239,56.198391,11.604566,-11.287151,78.715971,62.347077,-14.384644,114.88892,-58.54277,-12.592705
0.15797484,-10.67082,-0.63069275,-2.7590193,54.385874,6.5787581,-10.706254,82.125899,63.524329,-14.768116,114.11439,-56.764617,-12.34358
0.15800554,-11.065977,1.4864882,-2.7330445,52.406148,1.5453104,-10.105102,85.640101,64.46936,-15.174516,113.14542,-54.656484,-12.109129
0.15803624,-11.462435,3.622882,-2.6955073,50.242856,-3.5720733,-9.4408192,89.06297,65.221273,-15.578165,111.98009,-52.16227,-11.901745
0.15806694,-11.860395,5.726647,-2.6447422,47.935626,-8.7070932,-8.8870251,92.309657,65.827877,-15.940518,110.63113,-49.214834,-11.729589
0.15809765,-12.26345,7.7976753,-2.5820414,45.504755,-13.826916,-8.281817,95.320185,66.300429,-16.218165,109.11452,-45.783589,-11.606287
0.15812835,-12.654031,9.8475592,-2.4793097,43.023672,-18.940094,-7.5929804,98.069442,66.663461,-16.360124,107.46387,-41.811878,-11.533788
0.15815905,-13.107308,11.829911,-2.3739271,40.345969,-23.934193,-6.8469231,100.54279,66.941671,-16.358115,105.70118,-37.352687,-11.522176
0.15818975,-13.590589,13.75104,-2.2708188,37.783935,-28.797492,-6.0684465,102.73717,67.179809,-16.206506,103.8611,-32.436702,-11.554852
0.15822046,-14.015242,15.589744,-2.1724812,35.344975,-33.475737,-5.2648305,104.65493,67.355141,-15.909161,101.9551,-27.09847,-11.644335
0.15825116,-14.405058,17.34362,-2.0850103,33.069578,-37.904204,-4.5013407,106.30458,67.475584,-15.480187,100.08765,-21.437818,-11.793326
0.15828187,-14.777878,19.010185,-1.9896063,31.084183,-42.012032,-3.7888204,107.69634,67.526966,-14.936009,98.325848,-15.487809,-12.004015
0.15831257,-15.152471,20.564978,-1.8972587,29.407557,-45.7622,-3.1554329,108.84308,67.501679,-14.29545,96.562615,-9.3861914,-12.215028
0.15834328,-15.518411,22.016514,-1.827146,27.884708,-49.121558,-2.6735181,109.76472,67.371931,-13.57391,94.941295,-3.2074131,-12.443256
0.15837399,-15.862299,23.344562,-1.7793799,26.535494,-52.074373,-2.3502567,110.46205,67.155555,-12.785874,93.525339,2.9783479,-12.726143
0.15840469,-16.175302,24.545828,-1.7481085,25.369745,-54.595136,-2.1813787,110.93667,66.733372,-11.948178,92.46994,9.0678847,-12.983991
0.1584354,-16.457531,25.623861,-1.7371953,24.386389,-56.691569,-2.159792,111.18608,66.032957,-11.070041,91.80368,14.942789,-13.238582
0.15846611,-16.703904,26.567817,-1.7404788,23.671537,-58.361854,-2.2962686,111.2095,65.000585,-10.172361,91.452102,20.545252,-13.481397
0.15849682,-16.911427,27.36165,-1.778936,23.195772,-59.596526,-2.5693209,111.01257,63.557861,-9.2653902,91.450631,25.792934,-13.731354
0.15852753,-17.081579,28.010043,-1.8565433,22.781449,-60.407036,-3.0026999,110.58804,61.676217,-8.3738107,91.666335,30.618713,-13.928515
0.15855824,-17.208606,28.50206,-1.9743906,22.3874,-60.815953,-3.54327,109.95444,59.403352,-7.497201,92.062081,34.990015,-14.141469
0.15858896,-17.295381,28.836818,-2.1375382,22.010274,-60.862174,-4.1508114,109.08745,56.767799,-6.6531334,92.819443,38.874123,-14.371872
0.15861967,-17.339293,29.019125,-2.3472269,21.645838,-60.554147,-4.809208,107.99257,53.723154,-5.8617597,93.930446,42.265834,-14.606688
0.15865038,-17.341798,29.038138,-2.6073798,21.293644,-59.893692,-5.4990117,106.67511,50.249511,-5.1042784,95.386634,45.175266,-14.853824
0.1586811,-17.304878,28.902661,-2.911426,21.024187,-58.86471,-6.2105525,105.11397,46.288868,-4.4170252,97.158743,47.623976,-15.115004
0.15871181,-17.223639,28.613578,-3.256184,20.888784,-57.468586,-6.9446775,103.35786,41.891354,-3.7677685,99.20022,49.651693,-15.389485
0.15874253,-17.10004,28.172165,-3.6364121,20.856311,-55.732494,-7.6937881,101.37492,37.055413,-3.1954631,101.43298,51.316444,-15.66095
0.15877324,-16.9304,27.590208,-4.0483832,20.8633,-53.681092,-8.4360446,99.218996,31.795016,-2.7065673,103.79652,52.673107,-15.902777
0.15880396,-16.724674,26.857226,-4.4899289,20.87024,-51.322145,-9.1645343,96.914876,26.162092,-2.3160162,106.22619,53.783323,-16.103958
0.15883467,-16.4888,25.982013,-4.9554796,20.875483,-48.685156,-9.8559908,94.446738,20.12891,-2.083068,108.6554,54.704961,-16.25151
0.15886539,-16.221496,24.971564,-5.4312641,20.831093,-45.769437,-10.476147,91.865672,13.795587,-1.9142739,111.03163,55.49861,-16.331213
0.15889611,-15.935047,23.835124,-5.9212201,20.719288,-42.590281,-11.047602,89.218773,7.1616115,-1.8838151,113.31161,56.216012,-16.330382
0.15892682,-15.619917,22.574349,-6.4172121,20.526412,-39.169473,-11.527607,86.514378,0.35596572,-1.9830693,115.46834,56.888724,-16.245714
0.15895754,-15.267658,21.201664,-6.906741,20.164052,-35.493596,-11.930522,83.816733,-6.5860155,-2.2083292,117.47225,57.522371,-16.067079
0.15898826,-14.89737,19.719775,-7.385925,19.782917,-31.62547,-12.255453,81.19282,-13.591137,-2.5206898,119.30661,58.134045,-15.792815
0.15901897,-14.501465,18.142504,-7.8663356,19.337185,-27.548111,-12.509405,78.694859,-20.559291,-2.9344138,120.95908,58.753423,-15.427553
0.15904969,-14.097518,16.473044,-8.3372817,18.807573,-23.247655,-12.696023,76.471072,-27.394729,-3.3978202,122.4264,59.372703,-14.979379
0.15908041,-13.705421,14.724389,-8.7883475,18.233078,-18.76224,-12.851263,74.429882,-33.931122,-3.8951978,123.71497,59.962676,-14.449461
0.15911113,-13.326927,12.911007,-9.2031161,17.551398,-14.075618,-12.882641,72.689053,-40.155734,-4.4325517,124.82027,60.449942,-13.845082
0.15914185,-12.940736,11.022827,-9.5760684,16.716897,-9.1605897,-12.809568,71.263135,-45.973039,-4.9762992,125.74644,60.84538,-13.170609
0.15917256,-12.530095,9.0698185,-9.8996326,15.856574,-4.2525448,-12.620732,70.172597,-51.221328,-5.5553348,126.4867,61.130017,-12.435084
0.15920328,-12.10249,7.0566623,-10.174119,14.940365,0.80485884,-12.227141,69.455801,-55.857134,-6.1671726,127.04335,61.289621,-11.646581
0.159234,-11.654981,4.9902642,-10.425959,13.98411,5.9777366,-11.78016,69.100023,-59.767302,-6.8212861,127.40801,61.369531,-10.809918
0.15926472,-11.179084,2.8734137,-10.678239,13.0081,11.248574,-11.202257,69.119916,-62.768096,-7.5029103,127.57615,61.355728,-9.922973
0.15929544,-10.629917,0.81488853,-10.876476,12.018586,16.493714,-10.533648,69.483786,-64.925903,-8.2072004,127.55413,61.252098,-8.992988
0.15932616,-10.011045,-1.2079553,-11.033898,11.022409,21.740259,-9.7870347,70.102354,-66.422721,-8.9503295,127.30714,61.062416,-8.0296902
0.15935688,-9.3357818,-3.199599,-11.092348,9.9257304,26.890332,-8.9929859,70.995069,-67.382437,-9.7166465,126.82431,60.469441,-7.0290563
0.1593876,-8.6093227,-5.1812671,-11.057015,8.9215472,31.886221,-8.0318991,72.086793,-67.952929,-10.494799,126.08664,59.328023,-6.0199675
0.15941833,-7.8482713,-7.1335503,-10.975352,8.1677236,36.691218,-7.0868999,73.311894,-68.292257,-11.285553,125.10176,57.519168,-5.0169027
0.15944905,-7.0746108,-9.0681701,-10.823312,7.7169792,41.251812,-6.2488426,74.613573,-68.430204,-12.071642,123.87822,54.971318,-4.0609478
0.15947977,-6.2994514,-10.9388,-10.604604,7.7741592,45.493931,-5.5421595,75.917043,-68.391091,-12.82663,122.39717,51.692822,-3.1580598
0.1595105,-5.5859722,-12.715594,-10.343714,8.1205749,49.377825,-5.0232892,77.159846,-68.135151,-13.485031,120.7136,47.823797,-2.3415368
0.15954122,-4.8680932,-14.386649,-10.033675,8.8325109,52.871974,-4.7329525,78.301294,-67.660263,-14.036828,118.8335,43.351495,-1.6424747
0.15957195,-4.1746096,-15.959947,-9.674574,9.9441277,55.952615,-4.6728063,79.308588,-66.94776,-14.482102,116.76731,38.265375,-1.0632508
0.15960267,-3.5260279,-17.43489,-9.2792365,11.393445,58.629551,-4.866747,80.181762,-66.017543,-14.838199,114.57676,32.61088,-0.62450271
0.1596334,-2.9444038,-18.81562,-8.8359863,13.202894,60.907411,-5.2824732,80.884372,-64.865695,-15.186301,112.33591,26.482015,-0.34839457
0.15966413,-2.4479072,-20.092215,-8.3641333,15.311362,62.816728,-5.8831093,81.395386,-63.501611,-15.522192,110.0899,19.942443,-0.29409705
0.15969485,-2.0627466,-21.24221,-7.8883345,17.642592,64.338521,-6.6432093,81.720668,-61.916995,-15.822987,107.88784,13.10483,-0.36211746
0.15972558,-1.7601557,-22.272684,-7.4005083,20.168209,65.496495,-7.5247694,81.834051,-60.082148,-16.071019,105.77573,6.0403233,-0.60632637
0.1597563,-1.5054628,-23.171669,-6.9055013,22.801641,66.386967,-8.4907242,81.746928,-57.961835,-16.26658,103.82937,-1.1483285,-1.0401749
0.15978703,-1.3309035,-23.926863,-6.4113382,25.491908,67.023692,-9.4966678,81.44721,-55.538883,-16.416078,102.07106,-8.2713121,-1.6521286
0.15981775,-1.2231521,-24.546064,-5.9123528,28.180493,67.434888,-10.488476,80.928862,-52.77145,-16.533079,100.55872,-15.288232,-2.3876099
0.15984848,-1.1717123,-25.018016,-5.4191687,30.834538,67.625346,-11.424285,80.250401,-49.637762,-16.619643,99.316453,-22.059767,-3.1883573
0.1598792,-1.202259,-25.346134,-4.935281,33.587129,67.63428,-12.284556,79.369763,-46.126754,-16.705223,98.397226,-28.507584,-4.1043166
0.15990992,-1.298101,-25.529437,-4.4597284,36.381261,67.439608,-13.126427,78.331002,-42.241183,-16.778607,97.863843,-34.536631,-5.0688768
0.15994065,-1.4574743,-25.560991,-4.00248,39.175008,67.006939,-13.910947,77.13643,-38.009616,-16.839892,97.632094,-40.082938,-6.0425566
0.15997137,-1.6707663,-25.452085,-3.5677962,41.918217,66.344506,-14.630248,75.75857,-33.393887,-16.907219,97.684387,-45.08778,-7.0010129
0.1600021,-1.9207071,-25.20345,-3.1626358,44.562673,65.460409,-15.271137,74.350067,-28.446734,-16.94922,98.018981,-49.588622,-7.9506944
0.16003282,-2.2027937,-24.818249,-2.7853463,47.009809,64.379415,-15.838949,72.844503,-23.204609,-17.018895,98.603368,-53.514286,-8.8872567
0.16006354,-2.5077456,-24.294841,-2.4408538,49.165921,63.08205,-16.291365,71.28537,-17.657676,-17.070329,99.316883,-56.828306,-9.7968266
0.16009427,-2.8306969,-23.644857,-2.1302312,51.010838,61.588138,-16.643132,69.650222,-11.893212,-17.075789,100.22505,-59.555081,-10.665116
0.16012499,-3.1726097,-22.870768,-1.8602101,52.576778,59.916759,-16.886825,67.979836,-5.8931603,-17.052495,101.30214,-61.748426,-11.488976
0.16015571,-3.5299748,-21.97773,-1.6338521,53.841975,58.071278,-17.03003,66.337213,0.22585317,-16.971892,102.52279,-63.377774,-12.273485
0.16018644,-3.8814212,-20.968082,-1.4279531,54.808659,56.026372,-17.083888,64.778133,6.3897377,-16.888432,103.82158,-64.536838,-13.004929
0.16021716,-4.2468723,-19.851516,-1.2499351,55.474825,53.736528,-17.051297,63.218714,12.567063,-16.721485,105.15616,-65.326575,-13.665154
0.16024789,-4.6193168,-18.633903,-1.1010591,55.889303,51.181104,-16.936163,61.85151,18.631118,-16.474517,106.48182,-65.807662,-14.224201
0.16027861,-4.9938959,-17.3186,-0.98035622,56.054649,48.339908,-16.75274,60.824255,24.501628,-16.248538,107.7652,-66.05826,-14.6983
0.16030933,-5.3746031,-15.919734,-0.88562236,55.982667,45.212116,-16.504459,60.113122,30.116733,-16.027574,108.96647,-66.177578,-15.076457
0.16034006,-5.7611865,-14.440613,-0.81415241,55.665226,41.830133,-16.202794,59.798591,35.40526,-15.806722,110.05882,-66.184811,-15.343495
0.16037078,-6.1394238,-12.880146,-0.75537705,55.149388,38.209649,-15.839537,59.97699,40.327654,-15.582097,111.02099,-66.084543,-15.596736
0.16040151,-6.5105463,-11.249695,-0.7088116,54.39783,34.355742,-15.416743,60.591271,44.803196,-15.417159,111.82989,-65.853901,-15.781546
0.16043224,-6.8860072,-9.5621277,-0.66952316,53.601065,30.353537,-14.957618,61.643983,48.798806,-15.340896,112.47156,-65.43688,-15.873662
0.16046296,-7.2584991,-7.8278923,-0.63588301,52.653625,26.120035,-14.462157,63.170288,52.335088,-15.353294,112.92553,-64.824805,-15.881696
0.16049369,-7.6202506,-6.0598875,-0.60551923,51.529936,21.681367,-13.961372,65.137225,55.424472,-15.450436,113.18778,-64.013868,-15.813983
0.16052442,-7.9830593,-4.2565616,-0.58407979,50.269128,17.131412,-13.404437,67.476752,58.063597,-15.631767,113.24255,-62.971171,-15.681946
0.16055514,-8.3520955,-2.4303613,-0.53262962,48.901849,12.450569,-12.747266,70.216256,60.230627,-15.898032,113.07696,-61.675139,-15.495265
0.16058587,-8.7241542,-0.55355977,-0.50960982,47.386864,7.6823859,-12.031657,73.239703,61.980408,-16.219287,112.69545,-60.165907,-15.272035
0.1606166,-9.098022,1.3524754,-0.48509634,45.710817,2.932869,-11.298065,76.450371,63.363718,-16.570984,112.09693,-58.452909,-15.035023
0.16064733,-9.474894,3.1985176,-0.44984262,43.855802,-1.8932821,-10.526185,79.801289,64.456412,-16.958904,111.28183,-56.478302,-14.802272
0.16067806,-9.8559023,5.0421626,-0.41844856,41.837493,-6.7541026,-9.7480408,83.107291,65.318497,-17.351716,110.27717,-54.194503,-14.592801
0.16070879,-10.248938,6.8457887,-0.36079257,39.672403,-11.571228,-9.0084216,86.292687,65.986818,-17.693408,109.09122,-51.54184,-14.415653
0.16073952,-10.634239,8.6243684,-0.31650036,37.468027,-16.396985,-8.1742984,89.297459,66.484159,-17.932786,107.72378,-48.477051,-14.287364
0.16077025,-11.056066,10.342877,-0.28989921,35.10497,-21.122394,-7.2470332,92.078843,66.848273,-18.046329,106.21827,-44.939571,-14.212649
0.16080098,-11.491734,12.012943,-0.2667003,32.710469,-25.731691,-6.2714263,94.614536,67.105263,-18.02249,104.61036,-40.886679,-14.208348
0.16083172,-11.874527,13.619655,-0.2452711,30.343389,-30.201819,-5.2427147,96.884213,67.274736,-17.848558,102.89739,-36.390804,-14.258708
0.16086245,-12.27503,15.151535,-0.23688218,28.048981,-34.449016,-4.2230382,98.879512,67.356834,-17.532347,101.13493,-31.476831,-14.360263
0.16089318,-12.659111,16.605193,-0.21190601,25.990388,-38.412696,-3.2744329,100.61016,67.36699,-17.089472,99.334437,-26.179525,-14.527782
0.16092392,-13.046744,17.969093,-0.19343435,24.235297,-42.078468,-2.4000681,102.08045,67.326955,-16.537367,97.60653,-20.591445,-14.75513
0.16095466,-13.439749,19.23108,-0.18041719,22.704222,-45.383997,-1.6398496,103.30275,67.245081,-15.882359,95.961704,-14.773294,-15.017447
0.16098539,-13.807724,20.389141,-0.18654968,21.311914,-48.309187,-1.0549411,104.29512,67.115876,-15.148573,94.399786,-8.8068268,-15.273698
0.16101613,-14.154859,21.43063,-0.2242923,20.09965,-50.84265,-0.65927613,105.04428,66.934303,-14.33476,92.947671,-2.7850888,-15.595919
0.16104687,-14.476068,22.367291,-0.29119287,19.032976,-52.955234,-0.44536392,105.55221,66.539817,-13.45572,91.668614,3.2475569,-15.940075
0.16107761,-14.769473,23.180974,-0.38839604,18.14882,-54.654073,-0.41047589,105.81227,65.847562,-12.523578,90.712304,9.184779,-16.260353
0.16110835,-15.040242,23.873565,-0.52222497,17.474335,-55.951304,-0.55371482,105.83516,64.799067,-11.55608,90.103456,14.890709,-16.552149
0.16113909,-15.281332,24.437728,-0.6940142,17.033254,-56.842679,-0.85997124,105.62276,63.302666,-10.569158,89.813282,20.33429,-16.841188
0.16116983,-15.490331,24.869974,-0.90957514,16.718612,-57.345515,-1.3569521,105.17939,61.362259,-9.5782977,89.867925,25.464508,-17.152891
0.16120058,-15.660518,25.167328,-1.1759419,16.426959,-57.478444,-1.974874,104.52561,59.010234,-8.5888121,90.132565,30.211909,-17.463206
0.16123132,-15.79038,25.327447,-1.4819221,16.128983,-57.24296,-2.6632107,103.62781,56.285083,-7.6309611,90.596046,34.521992,-17.725565
0.16126206,-15.878062,25.345349,-1.82146,15.820412,-56.643795,-3.402852,102.54252,53.179845,-6.7044083,91.365005,38.384545,-17.975848
0.16129281,-15.928524,25.227589,-2.192661,15.49406,-55.677188,-4.1746496,101.23735,49.649712,-5.8244238,92.482309,41.789011,-18.200006
0.16132356,-15.940925,24.971402,-2.5891219,15.151671,-54.350787,-4.9662565,99.713405,45.646099,-4.9917651,93.903813,44.744986,-18.390195
0.1613543,-15.916034,24.574282,-3.0050674,14.874868,-52.698599,-5.7509136,97.99725,41.209774,-4.2181793,95.599363,47.255619,-18.530066
0.16138505,-15.853823,24.045581,-3.4389932,14.685639,-50.723552,-6.5298889,96.036669,36.325753,-3.529453,97.561825,49.359913,-18.624596
0.1614158,-15.758166,23.379843,-3.8845781,14.538667,-48.442905,-7.2978295,93.972646,31.063816,-2.9207231,99.723944,51.113212,-18.675522
0.16144655,-15.634074,22.583727,-4.3469256,14.409687,-45.875082,-8.0314327,91.758318,25.453329,-2.4457535,102.01452,52.567255,-18.680963
0.1614773,-15.481,21.660152,-4.8189937,14.24116,-43.025582,-8.7172343,89.386454,19.463763,-2.0552513,104.37751,53.771876,-18.632942
0.16150805,-15.303301,20.616251,-5.2858981,14.025865,-39.914882,-9.3358191,86.918195,13.17628,-1.7968294,106.76139,54.774514,-18.520914
0.1615388,-15.098594,19.457845,-5.7401207,13.733462,-36.568975,-9.8580634,84.399526,6.5923296,-1.6874873,109.10816,55.628017,-18.342405
0.16156956,-14.865041,18.188327,-6.1781154,13.315301,-32.98059,-10.301882,81.805341,-0.11361418,-1.7217738,111.37441,56.389057,-18.092389
0.16160031,-14.621756,16.815626,-6.6092292,12.925672,-29.192571,-10.678897,79.239983,-6.9537264,-1.9280454,113.52438,57.080644,-17.769839
0.16163107,-14.350474,15.346727,-7.0199558,12.466217,-25.170362,-10.963018,76.722787,-13.837467,-2.2128943,115.52867,57.716616,-17.370333
0.16166182,-14.086166,13.78766,-7.40003,11.944827,-20.929291,-11.240374,74.333668,-20.673967,-2.6189202,117.36034,58.300313,-16.892356
0.16169258,-13.83613,12.151695,-7.7474267,11.381526,-16.521393,-11.370218,72.195428,-27.369963,-3.093075,119.0029,58.860317,-16.335476
0.16172333,-13.573877,10.440895,-8.0572833,10.636862,-11.885964,-11.412351,70.202071,-33.78007,-3.6158359,120.44948,59.405724,-15.704979
0.16175409,-13.304203,8.6543819,-8.3185604,9.8349217,-7.1123227,-11.319927,68.479092,-39.89226,-4.1925794,121.70256,59.891998,-15.00195
0.16178485,-13.023259,6.8005299,-8.5257256,9.0083946,-2.3057718,-11.027032,67.053282,-45.565223,-4.7941856,122.75729,60.292335,-14.226027
0.16181561,-12.726221,4.8917193,-8.7171276,8.1460376,2.6505617,-10.506505,65.94145,-50.694926,-5.4340478,123.60718,60.594375,-13.3753
0.16184637,-12.411589,2.9192104,-8.9074387,7.2594821,7.7062471,-10.006123,65.201646,-55.234128,-6.1099472,124.25611,60.783736,-12.456836
0.16187713,-12.053881,0.94170931,-9.0391866,6.3499623,12.839706,-9.39987,64.813679,-59.077823,-6.8374063,124.70457,60.843306,-11.487028
0.16190789,-11.636063,-1.0163258,-9.1207848,5.4671832,17.956871,-8.6975331,64.777842,-62.078377,-7.5975576,124.9521,60.830997,-10.464581
0.16193865,-11.155988,-2.9384466,-9.1548067,4.4650513,23.018437,-7.9320452,65.094356,-64.267974,-8.3757112,125.00032,60.757185,-9.3982491
0.16196941,-10.625983,-4.8566321,-9.0915605,3.5130134,28.006672,-7.0234464,65.67518,-65.823083,-9.1673499,124.82261,60.610322,-8.2971744
0.16200017,-10.057214,-6.7647341,-8.9149088,2.8027749,32.844705,-6.0210137,66.508678,-66.858024,-9.9628871,124.40524,60.215472,-7.1641145
0.16203093,-9.4504736,-8.6554819,-8.7018735,2.2866233,37.505465,-5.0938017,67.522002,-67.457641,-10.735428,123.72284,59.307959,-6.0288435
0.1620617,-8.8269055,-10.511198,-8.4305868,2.2219289,41.902813,-4.2775466,68.646482,-67.735512,-11.493985,122.79171,57.734899,-4.8984398
0.16209246,-8.1904488,-12.336805,-8.1165443,2.5647908,45.994739,-3.6519073,69.837308,-67.805343,-12.196524,121.61836,55.435277,-3.8190795
0.16212322,-7.5520705,-14.06702,-7.7625533,3.2542881,49.745279,-3.2757596,71.037369,-67.620725,-12.822083,120.18712,52.352714,-2.8011496
0.16215399,-6.875234,-15.710071,-7.3674719,4.3125666,53.095287,-3.1480352,72.18456,-67.202094,-13.352063,118.55738,48.621587,-1.8824875
0.16218475,-6.2278561,-17.271342,-6.929898,5.7358401,56.068052,-3.2986241,73.230141,-66.544117,-13.795748,116.72853,44.270247,-1.0776951
0.16221551,-5.6309511,-18.739233,-6.4561558,7.4854934,58.664393,-3.7284113,74.127437,-65.637075,-14.147672,114.71776,39.30565,-0.42154285
0.16224628,-5.088774,-20.10911,-5.9435399,9.5957672,60.865705,-4.4014668,74.849001,-64.495183,-14.446896,112.59758,33.752915,0.081399501
0.16227704,-4.6015641,-21.375318,-5.4154134,11.961111,62.683264,-5.3107501,75.411991,-63.132509,-14.729362,110.40839,27.706372,0.40760581
0.16230781,-4.2113596,-22.519196,-4.8774527,14.546214,64.112861,-6.3671647,75.786154,-61.546244,-15.00516,108.25248,21.251939,0.4865713
0.16233857,-3.8762096,-23.553077,-4.3303338,17.30351,65.238905,-7.5296193,75.952557,-59.722539,-15.268106,106.14618,14.491895,0.41962404
0.16236934,-3.6003032,-24.46075,-3.7875389,20.137046,66.0863,-8.7527798,75.932486,-57.639794,-15.499117,104.12099,7.5115686,0.15279915
0.1624001,-3.4111905,-25.232635,-3.2568174,23.014369,66.668757,-9.9818452,75.677167,-55.254536,-15.69838,102.27551,0.39530834,-0.32967025
0.16243086,-3.2832561,-25.871417,-2.7419652,25.858023,67.000002,-11.163393,75.206726,-52.495851,-15.842505,100.62102,-6.6614073,-1.0213853
0.16246163,-3.2282245,-26.354507,-2.2515198,28.626375,67.134816,-12.268829,74.556521,-49.339442,-15.932691,99.173706,-13.606235,-1.8617526
0.16249239,-3.2466336,-26.694695,-1.7914318,31.432689,67.074615,-13.23724,73.691763,-45.763673,-15.993065,97.965588,-20.333743,-2.8125773
0.16252316,-3.3241424,-26.890767,-1.360726,34.239347,66.777434,-14.143841,72.684501,-41.795735,-16.018213,97.042058,-26.763487,-3.8484818
0.16255392,-3.4570592,-26.951435,-0.97086972,37.020837,66.255634,-14.975933,71.469872,-37.469288,-16.022725,96.440059,-32.798947,-4.9361016
0.16258469,-3.6293244,-26.879517,-0.62102479,39.728489,65.533601,-15.701726,70.075558,-32.72671,-16.007638,96.158609,-38.3533,-6.0379864
0.16261545,-3.8500655,-26.67064,-0.30633356,42.317739,64.630258,-16.331996,68.678265,-27.657645,-15.965526,96.13231,-43.380225,-7.1205654
0.16264622,-4.1033838,-26.324255,-0.01490055,44.754806,63.523419,-16.844417,67.175623,-22.266975,-15.926691,96.358883,-47.906226,-8.1774996
0.16267698,-4.3873015,-25.840292,0.24051286,46.895965,62.228716,-17.238616,65.675554,-16.528591,-15.824645,96.823314,-51.872376,-9.1988022
0.16270775,-4.6975013,-25.229721,0.45809271,48.715445,60.764383,-17.494727,64.035621,-10.596049,-15.698836,97.455162,-55.249797,-10.147248
0.16273852,-5.0302122,-24.489482,0.63045664,50.230467,59.144707,-17.65948,62.4113,-4.3028029,-15.499002,98.145539,-58.031172,-11.017096
0.16276928,-5.3923269,-23.627479,0.76429114,51.439564,57.346013,-17.705395,60.837266,1.9945299,-15.303379,98.99112,-60.239277,-11.796078
0.16280005,-5.7599951,-22.644234,0.85482427,52.329599,55.323803,-17.641299,59.250969,8.3480488,-15.043121,99.958171,-61.878122,-12.476311
0.16283082,-6.140505,-21.546695,0.90789846,52.937575,53.046025,-17.460269,57.906874,14.761422,-14.663744,101.02334,-63.069099,-13.045511
0.16286158,-6.5321919,-20.341768,0.9258043,53.276183,50.4832,-17.191617,56.792364,20.947595,-14.310094,102.15311,-63.893122,-13.477719
0.16289235,-6.9320142,-19.034556,0.91514204,53.358709,47.598757,-16.82886,56.004284,26.976082,-13.914556,103.29996,-64.405472,-13.80352
0.16292312,-7.3270464,-17.62501,0.88044628,53.183186,44.43587,-16.401232,55.570069,32.691222,-13.592353,104.41917,-64.649176,-14.050349
0.16295389,-7.7278662,-16.127127,0.82129616,52.789945,41.013909,-15.88625,55.660418,38.02473,-13.197928,105.47501,-64.707941,-14.2514
0.16298466,-8.1230706,-14.541977,0.74479193,52.123973,37.304698,-15.303892,56.094156,42.960495,-12.879027,106.43312,-64.65254,-14.446129
0.16301543,-8.5272207,-12.872922,0.66137683,51.360013,33.378026,-14.661838,57.190424,47.366738,-12.693581,107.25295,-64.525064,-14.593846
0.1630462,-8.942877,-11.125824,0.57304135,50.508263,29.240116,-13.983318,58.859558,51.272048,-12.565729,107.92148,-64.31389,-14.653442
0.16307697,-9.3911076,-9.3169951,0.48387935,49.470603,24.812237,-13.263665,61.045415,54.694216,-12.569493,108.41858,-63.933945,-14.626958
0.16310774,-9.8028163,-7.4591457,0.4016103,48.279517,20.202412,-12.521297,63.73398,57.608395,-12.695739,108.72385,-63.333655,-14.512925
0.16313851,-10.223844,-5.5563243,0.30749287,46.978581,15.42898,-11.671049,66.808733,60.017131,-12.992721,108.82127,-62.466179,-14.329945
0.16316929,-10.655158,-3.6067252,0.26586581,45.563943,10.468862,-10.771195,70.197673,61.94985,-13.408905,108.6926,-61.32013,-14.086213
0.16320006,-11.085808,-1.6384884,0.21017749,43.992507,5.4790781,-9.8611628,73.804854,63.462221,-13.900654,108.3316,-59.915839,-13.791663
0.16323084,-11.525452,0.41337331,0.17156694,42.24465,0.38208709,-8.9294978,77.487052,64.644587,-14.443526,107.74511,-58.238967,-13.478946
0.16326161,-11.971533,2.4332324,0.14525632,40.344453,-4.8287392,-7.9779305,81.139542,65.56446,-14.97176,106.93655,-56.274805,-13.147526
0.16329238,-12.421719,4.4455592,0.12698154,38.286455,-10.038658,-7.1264209,84.680944,66.268006,-15.42935,105.90377,-53.990582,-12.794306
0.16332316,-12.889941,6.4512533,0.12091571,36.169651,-15.275345,-6.2384671,88.031924,66.793094,-15.787982,104.67507,-51.307749,-12.451671
0.16335393,-13.36572,8.4328504,0.13499214,34.0246,-20.492479,-5.2623555,91.148384,67.191139,-16.022229,103.26006,-48.157547,-12.146635
0.1633847,-13.82668,10.401054,0.13446204,31.785995,-25.581348,-4.2457261,93.985059,67.493081,-16.131163,101.70298,-44.482801,-11.874804
0.16341547,-14.374871,12.316715,0.12678268,29.58931,-30.546112,-3.2001836,96.527313,67.717492,-16.143239,100.02861,-40.249757,-11.652094
0.16344624,-14.896126,14.182307,0.12055517,27.504798,-35.311837,-2.1718407,98.762934,67.872372,-16.017473,98.249624,-35.514144,-11.479012
0.16347701,-15.372796,15.997887,0.098762274,25.652543,-39.793204,-1.2549734,100.69443,67.9511,-15.76321,96.425927,-30.306623,-11.367552
0.16350777,-15.864998,17.747175,0.039019085,24.118681,-43.960268,-0.46823271,102.33588,67.962961,-15.383309,94.604745,-24.696351,-11.316737
0.16353854,-16.331474,19.420387,-0.019627263,22.892912,-47.740089,0.13086104,103.70257,67.948232,-14.878749,92.840807,-18.743471,-11.32822
0.16356931,-16.797292,20.997957,-0.096767848,21.86849,-51.116229,0.52700712,104.80516,67.911182,-14.287483,91.128622,-12.551444,-11.386523
0.16360007,-17.26093,22.497295,-0.19684476,21.044968,-54.069921,0.67659546,105.64278,67.827974,-13.601736,89.55813,-6.1967492,-11.454874
0.16363083,-17.681816,23.889565,-0.32096726,20.388111,-56.573254,0.59886128,106.21864,67.667581,-12.791758,88.245549,0.25283819,-11.636723
0.1636616,-18.071494,25.165505,-0.48448345,19.917724,-58.614887,0.29744222,106.53366,67.299299,-11.811325,87.350096,6.5889656,-11.802072
0.16369236,-18.426137,26.343532,-0.68857239,19.658427,-60.199931,-0.22704047,106.59469,66.615586,-10.654271,86.751818,12.801482,-11.967602
0.16372312,-18.73395,27.388357,-0.93816594,19.65102,-61.313083,-0.95713653,106.42098,65.583386,-9.4477789,86.465919,18.745861,-12.09786
0.16375388,-19.002052,28.304201,-1.2351512,19.76924,-61.9949,-1.9245571,106.00855,64.157552,-8.2170801,86.500473,24.345964,-12.220281
0.16378464,-19.223801,29.077602,-1.5725118,19.906814,-62.280416,-3.0162042,105.37626,62.292728,-6.983758,86.773308,29.549657,-12.310315
0.1638154,-19.395333,29.708742,-1.9427532,20.033027,-62.202873,-4.1911175,104.51343,59.906888,-5.7732836,87.258458,34.27924,-12.380938
0.16384616,-19.505315,30.210955,-2.3660807,20.130804,-61.777418,-5.4045971,103.41822,57.065792,-4.5921042,88.183491,38.487155,-12.439493
0.16387692,-19.565379,30.572622,-2.8487799,20.185716,-60.981959,-6.6312076,102.09515,53.743828,-3.4489283,89.498245,42.155552,-12.496476
0.16390768,-19.567829,30.775336,-3.3805069,20.282223,-59.829572,-7.8574718,100.53606,49.8587,-2.3741749,91.206991,45.304861,-12.576922
0.16393843,-19.515831,30.824705,-3.9578451,20.459148,-58.318891,-9.0698858,98.763654,45.458901,-1.3334779,93.271172,47.948333,-12.66093
0.16396919,-19.422068,30.742995,-4.5586539,20.686095,-56.478567,-10.240862,96.739388,40.517535,-0.35502687,95.616937,50.138609,-12.767945
0.16399995,-19.279111,30.530645,-5.1689107,20.905968,-54.346448,-11.373951,94.534178,35.07874,0.54583363,98.179763,51.930537,-12.88889
0.1640307,-19.084476,30.136874,-5.7807526,21.058038,-51.914307,-12.436529,92.179683,29.206936,1.3407602,100.88331,53.397589,-13.014588
0.16406146,-18.855844,29.578254,-6.3938709,21.165761,-49.214841,-13.379924,89.637303,22.816738,1.9824827,103.65353,54.610471,-13.122889
0.16409222,-18.597748,28.872208,-6.9958515,21.193836,-46.271431,-14.19886,86.966695,16.055112,2.562054,106.41096,55.635785,-13.198691
0.16412297,-18.303717,28.020179,-7.583945,21.10971,-43.071665,-14.898243,84.237907,8.9365508,2.9958952,109.10129,56.525601,-13.237178
0.16415373,-17.987428,27.032753,-8.1535087,20.931498,-39.640372,-15.462846,81.427502,1.571783,3.2294556,111.66958,57.326327,-13.232454
0.16418448,-17.657798,25.907948,-8.6971576,20.580162,-35.970991,-15.911349,78.608047,-5.9634113,3.2708977,114.07343,58.088479,-13.19063
0.16421524,-17.308901,24.65212,-9.2009713,20.100113,-32.077991,-16.257202,75.893129,-13.60446,3.208643,116.2837,58.838365,-13.116523
0.16424599,-16.939632,23.269248,-9.6562267,19.593542,-27.996318,-16.505758,73.422787,-21.216463,2.9703498,118.27999,59.588733,-13.015793
0.16427674,-16.561371,21.766439,-10.066488,19.000188,-23.692235,-16.712252,71.310306,-28.632419,2.6253703,120.04418,60.288799,-12.865862
0.1643075,-16.173662,20.148869,-10.427996,18.339776,-19.170225,-16.820676,69.545469,-35.710586,2.1921034,121.57533,60.947427,-12.586077
0.16433825,-15.755551,18.416453,-10.716581,17.60361,-14.47135,-16.802578,68.210942,-42.454225,1.6673256,122.881,61.533989,-12.130137
0.164369,-15.361135,16.588532,-10.929574,16.682684,-9.5146475,-16.724287,67.243957,-48.638695,1.1145113,123.96346,62.022926,-11.476267
0.16439976,-15.001478,14.669323,-11.094287,15.737097,-4.5497554,-16.508765,66.67916,-54.106282,0.4280971,124.82075,62.411522,-10.62812
0.16443051,-14.645088,12.653825,-11.224808,14.775395,0.5069179,-16.179471,66.561676,-58.821046,-0.39301687,125.45745,62.694247,-9.6945611
0.16446126,-14.26932,10.552659,-11.311225,13.780795,5.7095225,-15.741708,66.834799,-62.65922,-1.347278,125.88389,62.863341,-8.7019025
0.16449201,-13.88465,8.37034,-11.334,12.772517,11.007468,-15.15168,67.510483,-65.441065,-2.4319562,126.09841,62.937032,-7.6567259
0.16452276,-13.491704,6.1186496,-11.320207,11.779677,16.322962,-14.465668,68.585762,-67.378964,-3.6363571,126.09392,62.931192,-6.5585706
0.16455351,-13.064567,3.8282588,-11.264489,10.810969,21.594425,-13.679296,69.988558,-68.682444,-4.9506885,125.84692,62.812519,-5.4143692
0.16458426,-12.598551,1.4383724,-11.146839,9.7309601,26.783395,-12.856263,71.651171,-69.521141,-6.3381575,125.35109,62.552206,-4.2192759
0.16461501,-12.051663,-0.92341863,-10.971303,8.7147442,31.869732,-12.070161,73.476099,-69.980896,-7.7574294,124.58272,61.763273,-2.995483
0.16464575,-11.433362,-3.1997311,-10.735585,7.8680394,36.783002,-11.209984,75.356815,-70.169505,-9.1901269,123.55418,60.331705,-1.7410205
0.1646765,-10.755982,-5.5027982,-10.4557,7.2997954,41.486755,-10.457359,77.198594,-70.16213,-10.592613,122.26928,58.153165,-0.49938884
0.16470724,-10.046722,-7.7708156,-10.062085,7.2989165,45.897866,-9.8737696,78.957036,-69.980441,-11.878111,120.70773,55.106393,0.71262922
0.16473798,-9.3271188,-9.9850323,-9.6044662,7.6702939,49.984024,-9.5041296,80.572194,-69.591807,-13.028512,118.93545,51.19444,1.8683873
0.16476872,-8.5718552,-12.190614,-9.1064109,8.4489162,53.707219,-9.4433783,81.9969,-68.968724,-13.991035,116.94565,46.543991,2.9339939
0.16479946,-7.8935697,-14.303515,-8.5549575,9.7058439,57.026536,-9.6456122,83.175638,-68.146771,-14.751035,114.77401,41.147793,3.8873326
0.1648302,-7.3093761,-16.32909,-7.9577359,11.372412,59.952872,-10.138046,84.122863,-67.120248,-15.406033,112.46711,35.061677,4.6935874
0.16486094,-6.7011438,-18.273821,-7.3049078,13.466175,62.48435,-10.917797,84.805781,-65.937111,-15.970343,110.12625,28.404178,5.3373814
0.16489168,-6.144069,-20.113072,-6.6282011,15.95279,64.633699,-11.91537,85.222881,-64.579466,-16.429623,107.80165,21.264516,5.7278528
0.16492242,-5.6820234,-21.852003,-5.9706968,18.750281,66.387146,-13.108258,85.386239,-63.04759,-16.787383,105.53075,13.797469,5.9776405
0.16495315,-5.2954123,-23.497014,-5.3044887,21.779472,67.776046,-14.420266,85.274773,-61.309453,-17.034174,103.40019,6.072826,5.9945122
0.16498389,-5.0229607,-25.007896,-4.6612144,24.969299,68.829605,-15.753224,84.919657,-59.336883,-17.168476,101.46475,-1.7643697,5.7845479
0.16501462,-4.8390255,-26.398865,-4.0541723,28.231192,69.625465,-17.068651,84.316074,-57.091622,-17.211668,99.762967,-9.5262214,5.3720657
0.16504536,-4.744397,-27.667171,-3.4789331,31.5043,70.213108,-18.262852,83.443129,-54.50152,-17.177226,98.329109,-17.116309,4.7871894
0.16507609,-4.7255105,-28.784588,-2.9565303,34.735511,70.634331,-19.333041,82.383198,-51.537968,-17.07236,97.253709,-24.408007,4.0721748
0.16510682,-4.777247,-29.748695,-2.477813,37.973152,70.927275,-20.311227,81.110468,-48.160943,-16.936323,96.620071,-31.28903,3.2169315
0.16513755,-4.9061672,-30.548947,-2.0434206,41.262441,71.026394,-21.19376,79.664811,-44.342144,-16.736192,96.30789,-37.630843,2.2737282
0.16516828,-5.1167677,-31.177921,-1.6322847,44.57662,70.936179,-21.973289,78.077729,-40.140835,-16.51517,96.317704,-43.378851,1.2460809
0.16519902,-5.3919165,-31.625283,-1.2416539,47.838111,70.663064,-22.60225,76.307671,-35.527671,-16.277573,96.732275,-48.533881,0.18167962
0.16522975,-5.7237892,-31.908899,-0.87745819,50.988805,70.179144,-23.036562,74.492248,-30.539827,-15.995739,97.495119,-53.001174,-0.94958087
0.16526048,-6.1110082,-32.018162,-0.58524031,53.875267,69.507057,-23.312315,72.608921,-25.188281,-15.740881,98.510345,-56.755726,-2.1347898
0.16529121,-6.5328486,-31.954679,-0.3559264,56.417483,68.669416,-23.450947,70.686873,-19.499303,-15.417073,99.772323,-59.796093,-3.3517451
0.16532194,-6.9702337,-31.729125,-0.19580957,58.612796,67.648924,-23.442276,68.775912,-13.525053,-15.071005,101.24709,-62.171373,-4.5907199
0.16535267,-7.4258772,-31.335601,-0.11153343,60.482191,66.459364,-23.284544,66.79439,-7.2609508,-14.690484,102.87819,-63.892442,-5.8441323
0.16538339,-7.8880142,-30.787429,-0.088267782,62.038652,65.124002,-22.97449,64.890297,-0.847511,-14.297487,104.61396,-65.080712,-7.0822901
0.16541412,-8.3313451,-30.076366,-0.12958073,63.300055,63.637618,-22.50476,63.043768,5.6393276,-13.922651,106.3672,-65.867723,-8.2738533
0.16544485,-8.7771843,-29.205613,-0.23321258,64.266518,61.974411,-21.884478,61.252592,12.134973,-13.45999,108.07448,-66.335281,-9.4079418
0.16547558,-9.2289065,-28.180776,-0.39324923,64.943416,60.11423,-21.141756,59.886515,18.538379,-12.921158,109.69449,-66.555999,-10.451615
0.16550631,-9.6710108,-27.009915,-0.59480863,65.317275,57.986636,-20.295619,58.845806,24.738057,-12.425783,111.17966,-66.601033,-11.38242
0.16553703,-10.107038,-25.688647,-0.84700241,65.455472,55.585683,-19.357157,58.250825,30.62811,-11.970851,112.48714,-66.543311,-12.176742
0.16556776,-10.540684,-24.224845,-1.1512483,65.370126,52.86672,-18.360616,58.252082,36.161425,-11.625002,113.59441,-66.414672,-12.818696
0.16559849,-10.962329,-22.627012,-1.4897272,65.048647,49.770491,-17.335434,58.570438,41.273328,-11.306134,114.49662,-66.231326,-13.311256
0.16562922,-11.376321,-20.899406,-1.8181237,64.526183,46.359451,-16.265922,59.46106,45.878965,-11.165355,115.16885,-65.99471,-13.650707
0.16565994,-11.786598,-19.049256,-2.1388996,63.783123,42.625609,-15.130497,60.936638,49.958549,-11.288261,115.6067,-65.626559,-13.887389
0.16569067,-12.189134,-17.077851,-2.4394783,62.795446,38.567883,-13.96889,62.998129,53.541027,-11.658308,115.80417,-65.096818,-14.011118
0.16572139,-12.5968,-15.007915,-2.7424937,61.776969,34.302775,-12.795411,65.628072,56.630823,-12.236451,115.76151,-64.372736,-13.997273
0.16575212,-13.033915,-12.825032,-3.0361722,60.625419,29.712184,-11.668909,68.756994,59.2002,-12.998478,115.48646,-63.476273,-13.859299
0.16578284,-13.444661,-10.562902,-3.3024942,59.312453,24.836764,-10.592927,72.295964,61.268832,-13.924665,114.9637,-62.387042,-13.609855
0.16581357,-13.912364,-8.2354376,-3.5559645,57.883675,19.792067,-9.4947894,76.091657,62.911417,-14.95744,114.19755,-61.097925,-13.264163
0.16584429,-14.395695,-5.8434828,-3.7632918,56.347052,14.526728,-8.4863804,80.022913,64.202252,-16.024121,113.20353,-59.583791,-12.849178
0.16587501,-14.902759,-3.3938614,-3.9155094,54.704983,9.0914134,-7.5918332,83.971232,65.216437,-17.06198,111.9865,-57.781727,-12.384624
0.16590573,-15.438159,-0.86559805,-4.0832179,52.909285,3.6375553,-6.8130186,87.822977,66.021172,-17.977603,110.5529,-55.631337,-11.880353
0.16593644,-15.997909,1.6166365,-4.202491,50.963196,-1.9710141,-6.0993186,91.495281,66.65328,-18.67672,108.92879,-53.058804,-11.351201
0.16596716,-16.58301,4.1212119,-4.2655495,48.863999,-7.6215956,-5.4305553,94.922609,67.139729,-19.214826,107.11986,-50.003428,-10.828283
0.16599787,-17.192951,6.607575,-4.3159598,46.642492,-13.274861,-4.9419735,98.068807,67.530433,-19.560059,105.19319,-46.390727,-10.313208
0.16602859,-17.825333,9.1206519,-4.349745,44.435754,-18.948922,-4.4835072,100.90022,67.843714,-19.693014,103.17627,-42.200578,-9.8172627
0.1660593,-18.439607,11.632835,-4.3167779,42.059146,-24.472873,-4.0746894,103.41009,68.103281,-19.723411,101.06007,-37.475542,-9.3443385
0.16609001,-19.129649,14.075224,-4.2360901,39.812285,-29.857002,-3.7085239,105.60005,68.319557,-19.635885,98.924062,-32.265118,-8.9178307
0.16612072,-19.869878,16.486885,-4.1400363,37.689232,-35.050752,-3.4025397,107.47581,68.491077,-19.428043,96.816384,-26.610335,-8.5359712
0.16615143,-20.567465,18.83234,-4.0483543,35.731254,-39.974403,-3.2399543,109.04418,68.617885,-19.100482,94.759551,-20.600954,-8.2418538
0.16618214,-21.199326,21.073434,-3.9676741,34.073001,-44.527157,-3.2105258,110.32165,68.673267,-18.662653,92.798888,-14.338047,-7.9820887
0.16621285,-21.81211,23.251108,-3.9215911,32.78634,-48.695531,-3.3425612,111.33236,68.68355,-18.05614,91.005364,-7.8890683,-7.7425757
0.16624356,-22.383289,25.333686,-3.8929039,31.745151,-52.424623,-3.654603,112.09559,68.661866,-17.247619,89.471531,-1.3502975,-7.6269295
0.16627426,-22.923372,27.297979,-3.8976248,30.880189,-55.706757,-4.1551042,112.6252,68.609773,-16.172126,88.378293,5.1348544,-7.5737887
0.16630497,-23.435331,29.157312,-3.9428462,30.20345,-58.520133,-4.8389943,112.93396,68.494142,-14.808642,87.680627,11.513401,-7.5784783
0.16633567,-23.88591,30.886379,-4.0282378,29.684679,-60.826251,-5.7043846,113.03038,68.262014,-13.356348,87.301965,17.612764,-7.6340644
0.16636638,-24.240593,32.451468,-4.1723507,29.432453,-62.641167,-6.7052734,112.90644,67.734589,-11.853684,87.217717,23.385354,-7.7734266
0.16639708,-24.50665,33.889009,-4.3748751,29.420473,-63.927092,-7.8255121,112.57576,66.81301,-10.331372,87.453029,28.768672,-8.020994
0.16642778,-24.682939,35.168445,-4.6319606,29.498876,-64.751727,-9.0279282,112.03796,65.459069,-8.8246625,87.953696,33.667828,-8.3122143
0.16645849,-24.753605,36.256265,-4.9468037,29.581001,-65.143893,-10.270783,111.29001,63.628782,-7.3476799,88.815849,38.043799,-8.7127742
0.16648919,-24.746179,37.118016,-5.2965617,29.660985,-65.148978,-11.547559,110.33582,61.226247,-5.9300469,90.115864,41.887129,-9.2279282
0.16651989,-24.655681,37.813739,-5.7266826,29.723292,-64.831144,-12.828925,109.14378,58.307073,-4.5667221,91.839739,45.18275,-9.8343566
0.16655059,-24.470178,38.365735,-6.2171511,29.748233,-64.181457,-14.067229,107.75596,54.885221,-3.2793418,93.916932,47.958721,-10.527559
0.16658129,-24.204257,38.749849,-6.7510067,29.915195,-63.203604,-15.21459,106.12243,50.873606,-2.0858124,96.296185,50.257647,-11.285304
0.16661199,-23.869957,38.957062,-7.3142452,30.162762,-61.886115,-16.251637,104.28307,46.293614,-0.96796809,98.909695,52.129683,-12.079964
0.16664269,-23.471673,38.977919,-7.8895445,30.437151,-60.231338,-17.158846,102.23481,41.13918,0.042395971,101.67077,53.631227,-12.863754
0.16667339,-23.014379,38.840802,-8.4678795,30.690136,-58.245125,-17.930266,99.975637,35.44777,0.9250193,104.49629,54.846655,-13.608723
0.16670409,-22.496728,38.540269,-9.0341166,30.856793,-55.956651,-18.587154,97.655158,29.310828,1.6145505,107.32556,55.842474,-14.294237
0.16673479,-21.926296,38.020977,-9.5744523,30.914818,-53.380024,-19.143344,95.205087,22.720895,2.1583872,110.09081,56.68477,-14.822008
0.16676549,-21.311652,37.282216,-10.106518,30.917639,-50.524984,-19.582483,92.675717,15.76612,2.5414067,112.73272,57.421396,-15.210331
0.16679619,-20.65879,36.348479,-10.608441,30.806376,-47.400473,-19.932125,90.113219,8.5052614,2.7075051,115.22203,58.091074,-15.4983
0.16682688,-19.973427,35.242755,-11.047073,30.587335,-44.015475,-20.239189,87.564405,1.0615396,2.6420816,117.52677,58.754778,-15.658644
0.16685758,-19.277513,33.974382,-11.437566,30.266163,-40.370933,-20.45691,85.064078,-6.4639559,2.3474913,119.6278,59.429382,-15.724915
0.16688828,-18.569824,32.553623,-11.802382,29.748431,-36.464983,-20.627024,82.575929,-13.985317,1.9442972,121.51406,60.118614,-15.745958
0.16691898,-17.862288,30.98202,-12.137574,29.213186,-32.341306,-20.778149,80.310006,-21.352859,1.3668634,123.18131,60.783933,-15.719274
0.16694967,-17.146923,29.268476,-12.431196,28.615075,-27.986505,-20.888579,78.445275,-28.481674,0.72407364,124.62642,61.420119,-15.617318
0.16698037,-16.433185,27.410524,-12.662181,27.907874,-23.393073,-21.041792,76.788356,-35.243399,0.0083828331,125.8495,62.013541,-15.35793
0.16701107,-15.727365,25.41717,-12.84712,27.159894,-18.572984,-21.098063,75.553209,-41.523197,-0.7900489,126.86734,62.526212,-14.905119
0.16704176,-15.020673,23.301248,-12.977311,26.334713,-13.502321,-21.052733,74.759771,-47.269856,-1.6401504,127.68936,62.947737,-14.237013
0.16707246,-14.32026,21.067976,-13.047084,25.339515,-8.2091265,-20.95945,74.265886,-52.386492,-2.5974561,128.31051,63.280627,-13.324853
0.16710315,-13.669138,18.731046,-13.065345,24.33815,-2.8687245,-20.725946,74.110846,-56.82294,-3.6537433,128.72923,63.504786,-12.304578
0.16713384,-13.010142,16.314833,-13.041171,23.316957,2.6463899,-20.341059,74.248585,-60.557511,-4.8099903,128.95062,63.58856,-11.201112
0.16716453,-12.349252,13.797696,-12.959072,22.286903,8.2668585,-20.036354,74.671651,-63.498674,-6.0511137,128.98372,63.594132,-10.022323
0.16719522,-11.671052,11.204156,-12.867515,21.267563,14.002269,-19.578106,75.423683,-65.610982,-7.3572181,128.81682,63.531903,-8.7837422
0.16722591,-10.983068,8.5237154,-12.692553,20.332445,19.688126,-19.024872,76.481482,-67.071268,-8.6994975,128.43377,63.37368,-7.4911641
0.1672566,-10.269035,5.7768724,-12.489085,19.33765,25.323989,-18.347872,77.746188,-68.004719,-10.044379,127.82044,62.935061,-6.1639883
0.16728728,-9.5243286,2.9994703,-12.29126,18.353928,30.854422,-17.56787,79.147604,-68.536677,-11.378656,126.95534,61.875628,-4.8183548
0.16731797,-8.7140905,0.24464745,-12.035983,17.559313,36.171356,-16.794765,80.627013,-68.728211,-12.647598,125.84854,60.041969,-3.4724728
0.16734865,-7.8331909,-2.4288136,-11.74372,17.073861,41.24572,-16.085012,82.124868,-68.677544,-13.797427,124.5281,57.383607,-2.1610782
0.16737933,-6.8991108,-5.0705319,-11.471641,17.047086,46.010984,-15.443994,83.574575,-68.453325,-14.812284,122.98823,53.770186,-0.91172556
0.16741001,-5.9637534,-7.6787511,-11.109048,17.608737,50.388213,-14.953615,84.921631,-68.080654,-15.687639,121.264,49.42854,0.2271105
0.16744069,-5.0487078,-10.24042,-10.677201,18.515563,54.346844,-14.652716,86.135792,-67.530466,-16.453873,119.37527,44.383691,1.2669873
0.16747137,-4.2171593,-12.737901,-10.218816,19.870967,57.815597,-14.542392,87.200142,-66.807928,-17.101219,117.3557,38.653249,2.1545857
0.16750205,-3.500309,-15.163534,-9.7478764,21.608866,60.820639,-14.644634,88.082862,-65.921654,-17.633137,115.2406,32.356434,2.8938423
0.16753273,-2.8912416,-17.479897,-9.2772617,23.711502,63.364136,-14.914905,88.751639,-64.872818,-18.059705,113.15242,25.61917,3.4448737
0.1675634,-2.3421926,-19.682875,-8.8169254,26.1685,65.45031,-15.328939,89.168472,-63.649452,-18.367252,111.11942,18.538931,3.7773985
0.16759408,-1.8795108,-21.749119,-8.3469929,28.870312,67.125458,-15.853771,89.35138,-62.207058,-18.534371,109.15273,11.2306,3.9373885
0.16762475,-1.5469746,-23.694837,-7.8799415,31.779951,68.397134,-16.436369,89.280867,-60.571871,-18.555775,107.32056,3.8122712,3.8748835
0.16765542,-1.3446578,-25.4789,-7.4115059,34.801119,69.333003,-17.025287,88.971817,-58.694636,-18.488496,105.65147,-3.5906596,3.6132425
0.16768609,-1.2587216,-27.106591,-6.9576084,37.877753,69.998857,-17.562979,88.441507,-56.542212,-18.334728,104.19255,-10.858249,3.1674326
0.16771677,-1.2734908,-28.557027,-6.5333289,41.0058,70.448868,-18.092059,87.661985,-54.043683,-18.127676,102.96037,-17.881227,2.5826414
0.16774744,-1.4010027,-29.830587,-6.1395382,44.282299,70.731798,-18.5943,86.71684,-51.149446,-17.863375,101.97207,-24.564128,1.8460643
0.16777811,-1.6278294,-30.925705,-5.7722346,47.691296,70.861202,-18.990679,85.561977,-47.81896,-17.566635,101.29082,-30.832896,0.98854817
0.16780878,-1.9261664,-31.813825,-5.4501315,51.175602,70.863589,-19.279518,84.234633,-43.989743,-17.257132,100.91665,-36.597551,0.035133543
0.16783945,-2.3073947,-32.464489,-5.1691056,54.678022,70.701077,-19.444358,82.776891,-39.722634,-16.915892,100.842,-41.813672,-1.0132662
0.16787011,-2.7488565,-32.888207,-4.9199974,58.137416,70.358617,-19.494082,81.132257,-34.984194,-16.580514,101.03161,-46.450623,-2.1326722
0.16790078,-3.2310897,-33.099945,-4.7209759,61.358365,69.853762,-19.449698,79.478937,-29.821139,-16.222251,101.48817,-50.485255,-3.3100726
0.16793145,-3.7826046,-33.097895,-4.5966186,64.228293,69.176187,-19.296977,77.722203,-24.278098,-15.896959,102.22101,-53.948494,-4.5207635
0.16796212,-4.3433362,-32.893599,-4.5459394,66.724794,68.313323,-19.03467,75.950423,-18.351392,-15.608866,103.15767,-56.840593,-5.753412
0.16799279,-4.8985176,-32.487724,-4.5665895,68.855938,67.241081,-18.66131,74.13717,-12.16868,-15.30095,104.24789,-59.178004,-6.9946137
0.16802345,-5.4461981,-31.890069,-4.6448307,70.642907,66.010263,-18.15253,72.300769,-5.6265722,-14.994406,105.47951,-60.983517,-8.225624
0.16805412,-5.9938868,-31.094001,-4.7707559,72.113238,64.577788,-17.516088,70.537946,0.97346539,-14.707764,106.80386,-62.311561,-9.4153529
0.16808478,-6.5249777,-30.102246,-4.9572531,73.284662,62.92768,-16.790371,68.878767,7.6265069,-14.452654,108.18882,-63.264305,-10.532805
0.16811545,-7.042403,-28.917123,-5.1717621,74.151564,61.061918,-15.995798,67.4837,14.290054,-14.191211,109.57305,-63.914292,-11.58493
0.16814612,-7.5344985,-27.544573,-5.4131407,74.710483,58.936932,-15.13927,66.588089,20.69921,-13.891446,110.90062,-64.296805,-12.523275
0.16817678,-8.0084603,-25.988644,-5.6605367,74.980855,56.519675,-14.201315,66.099647,26.886539,-13.586275,112.13287,-64.428681,-13.317987
0.16820745,-8.4699163,-24.257493,-5.9198256,75.005453,53.732326,-13.18899,66.004,32.675297,-13.260345,113.2463,-64.430344,-13.953505
0.16823811,-8.9067571,-22.360431,-6.1843648,74.756673,50.554679,-12.127926,66.368055,38.032483,-12.932129,114.21216,-64.339499,-14.378061
0.16826878,-9.3465899,-20.309484,-6.4488182,74.252751,46.986304,-11.084444,66.983391,42.887087,-12.667628,115.00606,-64.146736,-14.646577
0.16829944,-9.7969147,-18.110794,-6.707192,73.514707,43.071056,-10.072547,68.138614,47.169728,-12.492555,115.614,-63.868901,-14.79459
0.1683301,-10.25576,-15.776539,-6.9408972,72.508614,38.817727,-9.12286,69.804969,50.921468,-12.420999,116.03088,-63.534404,-14.864797
0.16836077,-10.741754,-13.319636,-7.1713823,71.454463,34.28652,-8.2749589,71.948448,54.121886,-12.473223,116.24089,-63.063636,-14.86669
0.16839143,-11.194727,-10.755978,-7.3797972,70.208333,29.403583,-7.502009,74.474479,56.790829,-12.645298,116.24656,-62.408209,-14.754908
0.16842209,-11.731254,-8.1139985,-7.5740766,68.800113,24.269484,-6.8990707,77.301502,58.928287,-12.924136,116.04249,-61.567206,-14.483724
0.16845275,-12.296798,-5.3723363,-7.7494811,67.213614,18.904329,-6.3530031,80.418716,60.598365,-13.294841,115.62142,-60.499648,-14.055131
0.1684834,-12.897876,-2.5482943,-7.846407,65.466552,13.317214,-5.8515312,83.803071,61.858774,-13.733908,114.98249,-59.146322,-13.501885
0.16851406,-13.520875,0.30463093,-7.8742734,63.535451,7.5915869,-5.4683078,87.327225,62.826332,-14.179047,114.13375,-57.459845,-12.891724
0.16854471,-14.165246,3.1644873,-7.8927245,61.382505,1.7157166,-5.120173,90.950028,63.577964,-14.620413,113.0807,-55.415063,-12.258721
0.16857536,-14.82048,6.0135738,-7.927042,59.05338,-4.2489907,-4.9748179,94.453026,64.168844,-14.996601,111.84167,-52.94668,-11.633876
0.16860602,-15.469764,8.8121795,-7.9654534,56.578938,-10.28904,-4.9211262,97.763699,64.6336,-15.261761,110.42741,-49.965475,-11.043449
0.16863667,-16.098702,11.63974,-7.9200272,53.97443,-16.327808,-4.9176371,100.83429,65.005573,-15.388116,108.86693,-46.428603,-10.49651
0.16866731,-16.779309,14.438295,-7.7994967,51.405145,-22.312587,-4.9420455,103.63227,65.313837,-15.383991,107.18805,-42.263457,-10.004358
0.16869796,-17.498392,17.213645,-7.6496388,48.889605,-28.12759,-4.9873243,106.15214,65.58971,-15.292101,105.40758,-37.536121,-9.5763394
0.16872861,-18.259303,19.948806,-7.5107828,46.575143,-33.697915,-5.0812829,108.38641,65.867091,-15.131985,103.58637,-32.286318,-9.2070118
0.16875925,-18.932967,22.599575,-7.3795244,44.542113,-38.946737,-5.2395888,110.33757,66.072892,-14.877181,101.74522,-26.588112,-8.929376
0.1687899,-19.521266,25.164663,-7.2569887,42.899617,-43.786345,-5.4749603,112.01579,66.21112,-14.409859,99.947768,-20.535318,-8.730136
0.16882054,-20.081338,27.606299,-7.134473,41.661869,-48.170659,-5.7958448,113.43917,66.264483,-13.693086,98.272795,-14.213929,-8.6238622
0.16885118,-20.617088,29.887636,-7.0117498,40.571449,-52.048888,-6.2161259,114.62513,66.27851,-12.72536,96.743015,-7.7463161,-8.570715
0.16888182,-21.107564,32.000965,-6.9261818,39.659135,-55.387929,-6.7291149,115.58838,66.245409,-11.64613,95.407133,-1.1908225,-8.5989401
0.16891246,-21.548065,33.956237,-6.8807803,38.905653,-58.193776,-7.3248339,116.34055,66.147436,-10.517371,94.337379,5.2740974,-8.6842228
0.1689431,-21.886961,35.755629,-6.8714253,38.396809,-60.438546,-7.9840287,116.87142,65.995299,-9.3616063,93.609751,11.608551,-8.8001946
0.16897374,-22.11224,37.372994,-6.9011735,38.053052,-62.104876,-8.6822066,117.18777,65.622902,-8.1951629,93.176373,17.634104,-8.9498367
0.16900437,-22.243219,38.764188,-6.9671177,37.751941,-63.24878,-9.4123848,117.27852,64.847317,-7.0280492,92.98779,23.312719,-9.1355618
0.16903501,-22.279968,39.906795,-7.0801091,37.484145,-63.926025,-10.162105,117.14001,63.580747,-5.8838175,93.138293,28.551542,-9.3212915
0.16906565,-22.220889,40.810668,-7.2402329,37.249023,-64.1694,-10.909105,116.75049,61.748374,-4.7804045,93.606106,33.321847,-9.5163967
0.16909628,-22.05687,41.502654,-7.4518757,37.023929,-64.004467,-11.635574,116.13196,59.305645,-3.7365046,94.368826,37.557406,-9.7153089
0.16912691,-21.784475,42.035674,-7.7067126,36.831654,-63.467977,-12.300022,115.27293,56.244779,-2.7676491,95.474616,41.238184,-9.9332819
0.16915755,-21.420028,42.394078,-7.9957772,36.817337,-62.576181,-12.892541,114.1546,52.646744,-1.88219,96.953113,44.413358,-10.173994
0.16918818,-20.966725,42.544497,-8.3013875,36.914128,-61.306791,-13.422214,112.78674,48.445564,-1.0902224,98.747834,47.077734,-10.437261
0.16921882,-20.440285,42.488889,-8.5993028,37.060818,-59.663927,-13.888353,111.15059,43.634701,-0.37587024,100.82022,49.235445,-10.722371
0.16924945,-19.8493,42.240406,-8.8928437,37.193449,-57.666941,-14.284607,109.22372,38.220674,0.21749785,103.10535,50.972615,-11.030234
0.16928008,-19.195044,41.808489,-9.1805315,37.261779,-55.318816,-14.608036,107.14389,32.273607,0.65626712,105.53176,52.378145,-11.333454
0.16931071,-18.488025,41.166377,-9.4763659,37.253936,-52.664377,-14.883465,104.85355,25.851546,0.96775138,108.03693,53.511269,-11.622084
0.16934134,-17.731413,40.28973,-9.7741741,37.169706,-49.721079,-15.13083,102.39561,18.956637,1.0419825,110.55881,54.467637,-11.878981
0.16937197,-16.941963,39.203698,-10.06867,36.991993,-46.482081,-15.358696,99.791409,11.714486,0.99358987,113.04932,55.305793,-12.064023
0.1694026,-16.127831,37.931533,-10.339563,36.695863,-42.95971,-15.568252,97.12446,4.1669913,0.77283975,115.45087,56.07882,-12.174406
0.16943324,-15.304318,36.490204,-10.583778,36.275666,-39.153188,-15.754059,94.408378,-3.4898808,0.38967815,117.73387,56.793743,-12.223452
0.16946387,-14.475069,34.887728,-10.79359,35.687492,-35.076686,-15.91166,91.653389,-11.218593,-0.14295176,119.86506,57.474404,-12.203195
0.1694945,-13.664222,33.129379,-10.967218,35.077688,-30.752021,-16.043652,89.065382,-18.876722,-0.79554524,121.82811,58.146037,-12.101002
0.16952512,-12.848661,31.220921,-11.102703,34.353644,-26.161657,-16.172872,86.862657,-26.285985,-1.5295227,123.61771,58.800696,-11.903342
0.16955575,-12.044657,29.163514,-11.199801,33.537197,-21.293703,-16.256803,84.978948,-33.304209,-2.2865842,125.22635,59.397123,-11.551817
0.16958638,-11.249229,26.962398,-11.260703,32.669289,-16.156855,-16.33376,83.518914,-39.905413,-3.0350176,126.65681,59.943474,-11.03414
0.16961701,-10.476661,24.632825,-11.299026,31.655579,-10.658738,-16.287748,82.519214,-45.915404,-3.7902263,127.9103,60.431858,-10.430667
0.16964764,-9.7070103,22.180893,-11.302445,30.557545,-5.0862873,-16.184401,81.873458,-51.146555,-4.5244615,128.9878,60.865396,-9.7517557
0.16967827,-8.9727082,19.629476,-11.288795,29.423156,0.68342096,-15.964734,81.55335,-55.588222,-5.2702233,129.87952,61.16394,-8.9995306
0.16970889,-8.2492159,16.989,-11.241526,28.280648,6.6134378,-15.693693,81.502347,-59.184609,-6.0084015,130.59543,61.323002,-8.1894526
0.16973951,-7.5529503,14.264692,-11.177145,27.161135,12.660822,-15.448327,81.68253,-61.739665,-6.745765,131.13047,61.384121,-7.3334159
0.16977013,-6.8324037,11.427104,-11.095269,26.121813,18.776221,-15.084218,82.151395,-63.499849,-7.4801876,131.50179,61.310964,-6.4406265
0.16980075,-6.1570839,8.5062345,-10.972121,25.119141,24.786845,-14.698559,82.898339,-64.684369,-8.1964742,131.66583,61.201874,-5.5137508
0.16983137,-5.4901909,5.5208015,-10.747039,24.162538,30.626984,-14.107588,83.867569,-65.450651,-8.8969654,131.60625,60.946892,-4.5619123
0.16986199,-4.8317656,2.541328,-10.521995,23.509667,36.244762,-13.4495,84.987695,-65.858612,-9.5847174,131.30139,60.110787,-3.5803254
0.16989261,-4.1346687,-0.45276976,-10.315483,23.255394,41.550918,-12.83249,86.174384,-65.999708,-10.245831,130.73674,58.481355,-2.6212432
0.16992322,-3.3822586,-3.3795652,-10.139341,23.401897,46.497758,-12.285827,87.359265,-65.942239,-10.84822,129.92717,55.946492,-1.7043283
0.16995383,-2.5367076,-6.230777,-9.9497381,24.144892,50.983985,-11.872974,88.49023,-65.719649,-11.390813,128.86915,52.426894,-0.885356
0.16998444,-1.7193674,-9.0371477,-9.6933746,25.235027,54.977814,-11.590557,89.556974,-65.332649,-11.871468,127.57051,48.1106,-0.15898097
0.17001505,-0.96062074,-11.784435,-9.3974452,26.708774,58.448622,-11.4635,90.536481,-64.77029,-12.281427,126.03797,43.080078,0.4545364
0.17004566,-0.3369114,-14.448236,-9.0632354,28.541913,61.379173,-11.471954,91.378801,-64.0301,-12.648336,124.28813,37.344783,0.95409787
0.17007627,0.14538927,-17.047559,-8.7448389,30.670666,63.803207,-11.593503,92.050026,-63.106087,-12.95566,122.34101,31.007603,1.3206817
0.17010688,0.47655833,-19.536965,-8.4645596,33.098527,65.726469,-11.791828,92.510038,-61.984718,-13.187908,120.35882,24.208618,1.5287893
0.17013748,0.71741161,-21.900368,-8.1965682,35.734404,67.208669,-12.033268,92.751368,-60.645933,-13.290799,118.32755,17.035949,1.5747157
0.17016809,0.90804051,-24.101247,-7.9368695,38.531995,68.317937,-12.315058,92.753893,-59.068358,-13.295971,116.3036,9.6068852,1.4610268
0.17019869,0.98937795,-26.12922,-7.6615191,41.437926,69.124858,-12.633094,92.516268,-57.256963,-13.238829,114.33184,2.0524783,1.2087481
0.1702293,0.95539713,-27.978873,-7.3830533,44.464896,69.69698,-12.968002,92.044635,-55.154479,-13.13868,112.47443,-5.4782895,0.81836824
0.1702599,0.82732698,-29.642522,-7.1174055,47.706965,70.063562,-13.292004,91.324914,-52.709962,-13.007878,110.78548,-12.861568,0.34719916
0.1702905,0.60960921,-31.110989,-6.8673875,51.115744,70.272228,-13.572288,90.411574,-49.859145,-12.849635,109.32976,-19.959914,-0.25595963
0.1703211,0.31266066,-32.362451,-6.6371413,54.637285,70.360227,-13.801135,89.287944,-46.525933,-12.669191,108.11001,-26.669807,-0.91814078
0.1703517,-0.042172674,-33.380315,-6.4231205,58.208173,70.304211,-13.963821,87.962419,-42.683148,-12.477725,107.21423,-32.877598,-1.6235878
0.1703823,-0.47121603,-34.152016,-6.2389605,61.74807,70.066326,-14.065798,86.462711,-38.31482,-12.282668,106.67209,-38.497387,-2.3578927
0.1704129,-0.94954828,-34.665744,-6.0822522,65.032605,69.668239,-14.105968,84.752239,-33.426438,-12.090351,106.44723,-43.497912,-3.1130156
0.1704435,-1.4515516,-34.944438,-5.9632917,67.97033,69.129725,-14.073704,82.981814,-28.11304,-11.904326,106.50342,-47.851364,-3.8647319
0.1704741,-1.9679159,-34.991608,-5.9128146,70.546145,68.435066,-13.952309,81.120743,-22.350216,-11.723722,106.84679,-51.526024,-4.6103618
0.17050469,-2.4886996,-34.808739,-5.9224137,72.776625,67.546574,-13.737036,79.210066,-16.207841,-11.573987,107.45988,-54.545897,-5.3456787
0.17053529,-3.0015889,-34.399139,-5.9759473,74.675264,66.45595,-13.427015,77.194041,-9.7722311,-11.416465,108.22766,-56.917284,-6.0723987
0.17056589,-3.5002427,-33.770335,-6.0670722,76.26003,65.211609,-13.023074,75.25339,-3.0059975,-11.273333,109.14142,-58.666374,-6.7775356
0.17059648,-4.018073,-32.918694,-6.1883263,77.543696,63.785399,-12.541979,73.416226,3.7797093,-11.098009,110.17556,-59.903302,-7.4579508
0.17062708,-4.5180745,-31.850644,-6.338464,78.524321,62.132631,-12.004026,71.878544,10.584109,-10.974301,111.2697,-60.767549,-8.0975071
0.17065768,-5.0087945,-30.570109,-6.4977573,79.205186,60.250015,-11.422385,70.849566,17.327266,-10.836433,112.37899,-61.334521,-8.7022146
0.17068827,-5.4830244,-29.080615,-6.6706404,79.580983,58.102105,-10.766405,70.17855,23.75077,-10.675161,113.45737,-61.670724,-9.2375898
0.17071887,-5.9464968,-27.387653,-6.8582098,79.695786,55.650589,-10.047958,69.976859,29.822403,-10.467437,114.46738,-61.82051,-9.6937331
0.17074946,-6.4062953,-25.504689,-7.057243,79.568465,52.818755,-9.297834,70.238341,35.469792,-10.232728,115.38157,-61.854437,-10.035563
0.17078006,-6.8825136,-23.446796,-7.2550529,79.175312,49.575521,-8.5551907,70.746148,40.587089,-10.007549,116.17883,-61.779051,-10.256546
0.17081065,-7.3745829,-21.228454,-7.4480617,78.518913,45.933131,-7.8628789,71.742114,45.110535,-9.7950723,116.84019,-61.597483,-10.39017
0.17084125,-7.8756698,-18.852456,-7.6307431,77.599504,41.920127,-7.2173033,73.244785,49.07852,-9.6429199,117.34635,-61.352601,-10.449717
0.17087184,-8.3960852,-16.330567,-7.7938201,76.433505,37.563226,-6.5930397,75.219046,52.456349,-9.5384147,117.6839,-61.089894,-10.455465
0.17090244,-8.886379,-13.68527,-7.9464337,75.17845,32.879106,-6.0180376,77.550988,55.231755,-9.527456,117.84501,-60.707335,-10.387447
0.17093303,-9.384914,-10.920757,-8.1084843,73.732249,27.839791,-5.5481834,80.116947,57.443351,-9.6078929,117.83238,-60.131161,-10.218575
0.17096362,-9.981906,-8.0944464,-8.262258,72.082748,22.513186,-5.1866587,83.072729,59.135165,-9.7767876,117.62561,-59.349917,-9.9442056
0.17099421,-10.620885,-5.1641918,-8.4016355,70.229594,16.922743,-4.9285687,86.330268,60.39815,-10.008203,117.20831,-58.290223,-9.5902509
0.17102479,-11.289197,-2.1173652,-8.4427681,68.199313,11.076844,-4.6377802,89.72376,61.358663,-10.292247,116.57934,-56.85832,-9.1898317
0.17105538,-11.972551,0.92787796,-8.3889604,65.939876,5.0964725,-4.3510273,93.143505,62.09887,-10.577677,115.73627,-55.054074,-8.7698959
0.17108597,-12.65693,4.0025409,-8.413378,63.466036,-1.0564886,-4.2023164,96.445822,62.682737,-10.8219,114.67224,-52.847571,-8.3654379
0.17111655,-13.328608,7.0556506,-8.4858756,60.814459,-7.3335734,-4.1335404,99.557482,63.15192,-10.996403,113.40973,-50.169538,-7.9915666
0.17114713,-13.987312,10.071919,-8.5366463,58.013056,-13.668315,-4.1314849,102.44861,63.545836,-11.074291,111.95412,-46.935916,-7.6541805
0.17117771,-14.619202,13.092571,-8.4879848,55.248385,-19.989715,-4.1344292,105.09671,63.897199,-11.08305,110.31439,-43.099777,-7.3705868
0.17120829,-15.3303,16.10724,-8.3840067,52.523289,-26.16491,-4.1509828,107.49444,64.208143,-11.052564,108.53489,-38.627686,-7.1382455
0.17123887,-16.08565,19.067493,-8.2595894,50.036455,-32.120784,-4.2062538,109.63684,64.482834,-10.976718,106.66066,-33.575997,-6.9592403
0.17126944,-16.861894,21.953277,-8.1593237,47.901871,-37.761728,-4.3036135,111.52687,64.721696,-10.829415,104.68314,-28.001993,-6.8347743
0.17130002,-17.539507,24.724325,-8.0848237,46.186089,-43.008208,-4.4583851,113.17074,64.913143,-10.565173,102.73823,-22.030299,-6.7694774
0.17133059,-18.108737,27.363784,-7.9911565,44.868247,-47.772359,-4.6827248,114.58259,65.044348,-10.130965,100.94038,-15.721566,-6.7623645
0.17136116,-18.655831,29.866505,-7.8817593,43.719298,-52.006061,-4.9779351,115.77978,65.100846,-9.5112655,99.235743,-9.2212722,-6.8137664
0.17139173,-19.171351,32.202628,-7.7779061,42.753639,-55.67111,-5.3469136,116.77708,65.10511,-8.7675571,97.736033,-2.619105,-6.8885327
0.1714223,-19.630707,34.371504,-7.6979739,41.952114,-58.737958,-5.7758739,117.57421,65.05402,-7.9754712,96.548637,3.9488038,-6.9786214
0.17145287,-20.004864,36.380918,-7.6396582,41.428839,-61.13505,-6.2482896,118.1778,64.948864,-7.1612587,95.721783,10.377175,-7.0767455
0.17148344,-20.258118,38.216662,-7.6033151,41.02039,-62.927513,-6.7500944,118.57805,64.76131,-6.3363076,95.198702,16.516584,-7.2040441
0.17151401,-20.396338,39.844708,-7.5806626,40.674766,-64.192011,-7.275475,118.76994,64.232643,-5.5024182,94.963704,22.290667,-7.3355121
0.17154458,-20.429816,41.224746,-7.5751031,40.394761,-64.978529,-7.8153547,118.7424,63.221718,-4.672919,95.07148,27.616495,-7.4304643
0.17157514,-20.366051,42.326438,-7.5960842,40.177686,-65.32748,-8.3549226,118.46881,61.673459,-3.8675203,95.511113,32.423498,-7.5339357
0.17160571,-20.197817,43.160042,-7.6483699,39.993869,-65.261119,-8.89354,117.9523,59.510531,-3.1070445,96.235272,36.664751,-7.6350199
0.17163627,-19.917937,43.784512,-7.7314288,39.952014,-64.812102,-9.4007535,117.16904,56.642965,-2.4000532,97.33169,40.325115,-7.7475709
0.17166684,-19.534625,44.237346,-7.838354,40.076361,-63.996781,-9.8697253,116.14431,53.215482,-1.7463009,98.791346,43.423387,-7.875036
0.1716974,-19.064717,44.502286,-7.9637936,40.305326,-62.820633,-10.302404,114.86013,49.183966,-1.1671645,100.56289,45.984332,-8.0270032
0.17172797,-18.507246,44.546009,-8.1039507,40.577944,-61.273216,-10.691386,113.27918,44.520794,-0.64661087,102.58372,48.07475,-8.1895919
0.17175853,-17.87404,44.379359,-8.2533868,40.824822,-59.364314,-11.02847,111.40593,39.223795,-0.17930015,104.7937,49.755132,-8.3654859
0.17178909,-17.169103,44.012351,-8.4032175,40.991539,-57.100672,-11.305211,109.29701,33.345382,0.18727593,107.12097,51.105961,-8.5510939
0.17181966,-16.403284,43.447686,-8.5477613,41.054651,-54.498628,-11.543574,106.97384,26.962511,0.45845431,109.5017,52.204408,-8.7198122
0.17185022,-15.58782,42.644574,-8.6795134,41.037498,-51.599619,-11.745602,104.4423,20.061933,0.60287507,111.87501,53.120741,-8.8569963
0.17188078,-14.735071,41.613245,-8.8014602,40.915399,-48.4073,-11.9299,101.75239,12.759406,0.56923934,114.1949,53.92477,-8.9673998
0.17191134,-13.858781,40.386755,-8.9153845,40.674696,-44.918296,-12.114572,98.979507,5.1252768,0.47153083,116.42401,54.680371,-9.0331441
0.1719419,-12.9713,38.975729,-9.0196147,40.300391,-41.141748,-12.313271,96.116363,-2.6585923,0.27602466,118.53201,55.414517,-9.0667824
0.17197247,-12.083122,37.390445,-9.1125779,39.732912,-37.073963,-12.497573,93.241678,-10.534009,-0.071999049,120.49062,56.120561,-9.0822263
0.17200303,-11.210688,35.649418,-9.1885657,39.046768,-32.747843,-12.640654,90.584013,-18.353619,-0.52873237,122.28883,56.809152,-9.057433
0.17203359,-10.358322,33.758784,-9.2430039,38.308503,-28.168757,-12.734645,88.313176,-25.940604,-1.0583536,123.92082,57.487807,-8.9548929
0.17206415,-9.5185283,31.714365,-9.2759211,37.459759,-23.315461,-12.804496,86.396943,-33.137563,-1.6121392,125.38968,58.12767,-8.7544536
0.17209471,-8.6999656,29.522425,-9.2917877,36.52373,-18.175383,-12.873934,84.963521,-39.932555,-2.1644988,126.6995,58.699721,-8.4388164
0.17212527,-7.9071355,27.184504,-9.2877029,35.51179,-12.743319,-12.948229,83.995946,-46.081018,-2.7365141,127.85604,59.200244,-8.0062298
0.17215583,-7.1189308,24.703876,-9.2639374,34.34212,-7.0119279,-12.915938,83.392016,-51.455917,-3.307728,128.86114,59.636092,-7.5075968
0.17218639,-6.3704703,22.104516,-9.2137604,33.125352,-1.1954377,-12.790253,83.142621,-55.992015,-3.8727134,129.70682,59.953989,-6.9491135
0.17221695,-5.595636,19.416965,-9.1730073,31.912564,4.7992184,-12.685142,83.140324,-59.503996,-4.4350275,130.39378,60.156537,-6.3399987
0.1722475,-4.9295202,16.645754,-9.1376893,30.711986,10.94144,-12.502002,83.375552,-61.978367,-5.0082309,130.92116,60.24068,-5.6933607
0.17227806,-4.3029153,13.789232,-9.0746369,29.587602,17.176078,-12.365862,83.937627,-63.674882,-5.5768118,131.29548,60.230169,-5.0268335
0.17230861,-3.6977575,10.815957,-9.0036446,28.555401,23.338943,-12.209631,84.771507,-64.763816,-6.140908,131.50177,60.148508,-4.3436053
0.17233916,-3.1009296,7.7612927,-8.9121306,27.503479,29.338387,-11.880585,85.808817,-65.380811,-6.7027116,131.49958,59.972457,-3.6421159
0.17236971,-2.5146578,4.6769608,-8.7314881,26.728118,35.125475,-11.515753,86.976241,-65.704973,-7.2606359,131.25758,59.302816,-2.924607
0.17240026,-1.8835579,1.5995069,-8.5102144,26.326708,40.609461,-11.071884,88.191902,-65.836535,-7.8008256,130.75967,57.864344,-2.2050802
0.17243081,-1.2189977,-1.5107951,-8.3821487,26.328628,45.722491,-10.67314,89.399804,-65.817114,-8.3169178,130.01394,55.526449,-1.5209118
0.17246135,-0.53823992,-4.5408222,-8.3420025,26.937267,50.371051,-10.321429,90.550098,-65.682193,-8.7918905,129.01394,52.224342,-0.91448949
0.1724919,0.17115169,-7.488895,-8.286587,27.933548,54.507435,-10.039902,91.64462,-65.402531,-9.2101206,127.76445,48.035716,-0.38088017
0.17252244,0.91670385,-10.388035,-8.1640833,29.292041,58.124106,-9.8437482,92.626364,-64.948894,-9.5598889,126.27779,43.124032,0.077424314
0.17255298,1.5010649,-13.20799,-8.0094534,30.999051,61.200772,-9.7270552,93.463941,-64.304031,-9.8558948,124.54449,37.483376,0.44858621
0.17258352,1.8964361,-15.942794,-7.8361637,33.003454,63.73739,-9.6850117,94.125469,-63.465552,-10.071825,122.5932,31.20534,0.73504934
0.17261406,2.1278562,-18.618756,-7.6571553,35.302324,65.739466,-9.6903507,94.571869,-62.41544,-10.210187,120.58784,24.436636,0.91828615
0.1726446,2.2234018,-21.198419,-7.4991265,37.826887,67.280729,-9.732504,94.788573,-61.145795,-10.273433,118.5298,17.273615,0.96705788
0.17267514,2.3106339,-23.619918,-7.3489669,40.523621,68.438579,-9.8082329,94.772043,-59.644528,-10.271075,116.4656,9.825349,0.86796036
0.17270568,2.3386534,-25.868695,-7.18014,43.358499,69.287634,-9.9090384,94.52164,-57.900202,-10.224305,114.45624,2.244898,0.70749211
0.17273621,2.2559166,-27.925463,-6.9926899,46.390743,69.906457,-10.024526,94.037802,-55.870636,-10.156136,112.56787,-5.3302419,0.4402639
0.17276675,2.0657622,-29.776624,-6.8074426,49.660039,70.300066,-10.139385,93.324647,-53.513951,-10.075289,110.86803,-12.758227,0.082802424
0.17279728,1.8011803,-31.420279,-6.6359567,53.116288,70.533777,-10.246125,92.395209,-50.754996,-9.9835926,109.41526,-19.910596,-0.36100006
0.17282782,1.4670614,-32.852585,-6.4752378,56.695752,70.634757,-10.338206,91.250866,-47.522141,-9.8846574,108.23882,-26.672626,-0.85873091
0.17285835,1.0528922,-34.05377,-6.3260533,60.322124,70.600205,-10.400451,89.906852,-43.768626,-9.7894948,107.41156,-32.925958,-1.3900817
0.17288888,0.60697091,-34.996993,-6.1861652,63.91617,70.390479,-10.432883,88.378439,-39.463757,-9.7032677,106.94599,-38.578961,-1.9449657
0.17291942,0.12540536,-35.672213,-6.0482706,67.187076,70.003215,-10.427461,86.665638,-34.645944,-9.6166084,106.78509,-43.621563,-2.5274196
0.17294995,-0.38739766,-36.088295,-5.9446367,70.109628,69.489673,-10.381301,84.836718,-29.356432,-9.5349454,106.92487,-48.003908,-3.1109438
0.17298048,-0.9058028,-36.260407,-5.8755939,72.681378,68.841452,-10.282446,82.915422,-23.618005,-9.4552882,107.35766,-51.681335,-3.6918048
0.17301101,-1.4194335,-36.192946,-5.8474909,74.914692,68.035109,-10.115311,80.944138,-17.489719,-9.3954294,108.03348,-54.660033,-4.2679167
0.17304154,-1.9225041,-35.886838,-5.8541085,76.822389,67.004028,-9.8870411,78.876321,-11.066903,-9.3762987,108.85787,-57.005567,-4.8299138
0.17307207,-2.4208687,-35.343557,-5.9046465,78.423959,65.791181,-9.5999661,76.866647,-4.3191687,-9.3228609,109.82457,-58.721791,-5.3719805
0.1731026,-2.9073658,-34.567109,-5.9768063,79.732523,64.419707,-9.2617654,74.98258,2.48984,-9.2489158,110.88679,-59.932167,-5.8932327
0.17313313,-3.3733299,-33.558982,-6.0697508,80.736658,62.847846,-8.8884515,73.357828,9.3438125,-9.1432838,111.98929,-60.744806,-6.3936877
0.17316366,-3.8440804,-32.325186,-6.1816174,81.453137,61.033719,-8.4820745,72.251144,16.116633,-9.1026462,113.08132,-61.259354,-6.8566973
0.1731942,-4.2985664,-30.873338,-6.3072938,81.874012,58.960976,-8.0268122,71.556532,22.594063,-9.0768315,114.12486,-61.55017,-7.2543333
0.17322473,-4.742935,-29.208203,-6.4422574,82.004857,56.599172,-7.516097,71.349696,28.731109,-8.9609991,115.08461,-61.668803,-7.5966633
0.17325526,-5.2104268,-27.337552,-6.5817397,81.903658,53.896751,-6.9732804,71.558459,34.425073,-8.8224157,115.94005,-61.672877,-7.8682011
0.17328579,-5.684248,-25.280137,-6.7234364,81.554513,50.780394,-6.4546227,72.044352,39.614052,-8.6780885,116.6765,-61.615187,-8.054578
0.17331632,-6.1801885,-23.053946,-6.8681876,80.943691,47.241282,-5.9817398,72.931443,44.215382,-8.517294,117.28498,-61.500977,-8.1928076
0.17334685,-6.6886836,-20.664097,-7.0019252,80.05671,43.297134,-5.5713983,74.322304,48.264289,-8.3632988,117.74555,-61.32034,-8.2534895
0.17337738,-7.2113342,-18.108584,-7.1295164,78.868364,38.985862,-5.1620739,76.139284,51.720407,-8.2216255,118.04753,-61.066321,-8.23677
0.17340791,-7.7598002,-15.425525,-7.2314156,77.593707,34.363939,-4.75295,78.289337,54.561306,-8.0893251,118.18537,-60.724588,-8.1468229
0.17343844,-8.2734141,-12.633207,-7.3357677,76.12344,29.34881,-4.4134426,80.696553,56.818544,-8.0236733,118.1534,-60.195523,-7.9961422
0.17346897,-8.8410954,-9.7318931,-7.4669707,74.440547,24.018756,-4.1649211,83.545079,58.544068,-8.0368416,117.94062,-59.43648,-7.7918382
0.17349949,-9.4801153,-6.7626061,-7.5955111,72.544747,18.403884,-4.022766,86.711892,59.824749,-8.0964116,117.52929,-58.419744,-7.54637
0.17353002,-10.14495,-3.6890728,-7.693409,70.45407,12.500953,-3.8927594,90.032597,60.798463,-8.1911081,116.91276,-57.079972,-7.2672959
0.17356055,-10.819627,-0.53430981,-7.6820887,68.137771,6.4168523,-3.6644513,93.353789,61.554203,-8.3063496,116.08509,-55.325522,-6.9742153
0.17359107,-11.49883,2.6168638,-7.6656274,65.600185,0.14830247,-3.5675383,96.559869,62.143669,-8.4188399,115.03893,-53.173297,-6.6936458
0.17362159,-12.172368,5.816386,-7.7314173,62.863236,-6.2592939,-3.5355575,99.584574,62.617234,-8.5031196,113.79061,-50.562769,-6.4424036
0.17365211,-12.842124,8.947698,-7.8389504,59.971315,-12.744962,-3.5427884,102.39638,63.020964,-8.5366371,112.34354,-47.413929,-6.2222435
0.17368263,-13.509132,12.015208,-7.8703729,57.084594,-19.238313,-3.5618245,104.98261,63.38383,-8.508061,110.71429,-43.668365,-6.0393232
0.17371315,-14.174465,15.102055,-7.8139372,54.324471,-25.617427,-3.5633314,107.3378,63.729047,-8.4168836,108.93844,-39.297925,-5.9013585
0.17374367,-14.92205,18.148387,-7.721045,51.780143,-31.779275,-3.593867,109.45943,64.029545,-8.2649398,107.04035,-34.34233,-5.8140866
0.17377418,-15.71685,21.152127,-7.6303,49.624335,-37.62714,-3.6514569,111.34424,64.288351,-8.037142,105.06687,-28.870094,-5.7547892
0.1738047,-16.445166,24.056454,-7.5694419,47.896867,-43.08062,-3.7382078,113.00268,64.504012,-7.7423835,103.11549,-22.978072,-5.7342342
0.17383521,-17.048039,26.826807,-7.5015572,46.527937,-48.055343,-3.8672016,114.4404,64.679732,-7.3710274,101.29957,-16.753354,-5.782532
0.17386573,-17.596324,29.452856,-7.4004909,45.364828,-52.500169,-4.0490273,115.6719,64.777792,-6.9204195,99.582969,-10.328586,-5.8764196
0.17389624,-18.130695,31.908032,-7.2998744,44.389524,-56.349635,-4.2813635,116.70962,64.794502,-6.4218008,98.087239,-3.798681,-5.9919282
0.17392675,-18.618453,34.213974,-7.2101251,43.601558,-59.571227,-4.5539079,117.55992,64.762388,-5.8902223,96.891959,2.7202892,-6.119315
0.17395726,-19.046116,36.358107,-7.1426914,43.070823,-62.033124,-4.8541864,118.22632,64.680115,-5.3443482,96.054141,9.1018212,-6.2575574
0.17398777,-19.362432,38.323484,-7.0949115,42.647911,-63.863673,-5.1764138,118.69181,64.52214,-4.7880459,95.526781,15.218311,-6.4180279
0.17401828,-19.54027,40.092034,-7.0425819,42.304389,-65.166654,-5.5168849,118.95004,64.109721,-4.2151979,95.260222,20.978163,-6.5660154
0.17404879,-19.609963,41.620194,-6.9870019,42.04767,-65.992188,-5.8754682,118.98399,63.250321,-3.6343813,95.339843,26.2996,-6.6805386
0.1740793,-19.577311,42.875512,-6.940485,41.86753,-66.378674,-6.2525399,118.77526,61.845736,-3.0634348,95.719312,31.110198,-6.7666619
0.1741098,-19.436816,43.84818,-6.914149,41.739292,-66.352099,-6.6372214,118.30927,59.834335,-2.5258275,96.351521,35.376592,-6.8337008
0.17414031,-19.177936,44.54977,-6.9084363,41.824369,-65.938471,-7.0274139,117.58228,57.124833,-2.02057,97.326882,39.07901,-6.895143
0.17417082,-18.795968,45.081052,-6.9170454,42.053261,-65.150156,-7.4021238,116.61648,53.771193,-1.5531813,98.661856,42.217354,-6.9478028
0.17420133,-18.322308,45.421701,-6.936517,42.375952,-64.004175,-7.7594103,115.38377,49.818304,-1.136496,100.29774,44.834154,-7.0014991
0.17423183,-17.77395,45.554132,-6.9677918,42.727989,-62.497861,-8.0984904,113.85372,45.22133,-0.76844487,102.19091,46.982188,-7.057241
0.17426234,-17.150337,45.470314,-7.01099,43.044324,-60.631184,-8.4186824,112.00572,39.964607,-0.45618057,104.28344,48.711914,-7.1163742
0.17429285,-16.454469,45.181579,-7.0634459,43.277264,-58.406697,-8.7128449,109.89669,34.099717,-0.1891943,106.49534,50.104999,-7.181096
0.17432335,-15.689556,44.692107,-7.120678,43.387644,-55.839781,-8.9684664,107.58259,27.694479,0.00060720536,108.76667,51.239987,-7.2462377
0.17435386,-14.86671,43.981815,-7.1715246,43.386629,-52.975281,-9.1834955,105.05132,20.772411,0.10489331,111.045,52.18897,-7.2955215
0.17438436,-14.008241,43.036994,-7.2230912,43.285438,-49.824051,-9.3675385,102.35628,13.423258,0.087411548,113.2804,53.014905,-7.3369489
0.17441487,-13.1203,41.874013,-7.2711899,43.060101,-46.377539,-9.5345053,99.572359,5.715277,-0.015028073,115.43301,53.768941,-7.3637147
0.17444538,-12.218018,40.525961,-7.3194826,42.701368,-42.636304,-9.7044865,96.690954,-2.1635863,-0.13821932,117.4751,54.5044,-7.3498674
0.17447588,-11.30849,38.996056,-7.3689202,42.16554,-38.614609,-9.8831763,93.816671,-10.138429,-0.41274971,119.39095,55.245681,-7.284903
0.17450639,-10.412069,37.30052,-7.4178225,41.438197,-34.309819,-10.006209,91.169133,-18.07183,-0.78425862,121.16363,55.994505,-7.1688496
0.1745369,-9.5405933,35.456511,-7.4588571,40.671011,-29.764029,-10.100797,88.922256,-25.783138,-1.225745,122.78365,56.729723,-7.0024711
0.1745674,-8.6857629,33.464375,-7.4901052,39.789831,-24.946788,-10.19665,87.06015,-33.106257,-1.6674974,124.25232,57.438154,-6.7817242
0.17459791,-7.85387,31.320593,-7.5131287,38.81221,-19.846864,-10.274611,85.666983,-40.032866,-2.104046,125.57255,58.094176,-6.5062246
0.17462842,-7.0481367,29.030556,-7.5273535,37.787436,-14.488256,-10.398072,84.740982,-46.292712,-2.5497154,126.74719,58.65769,-6.1861521
0.17465893,-6.2619287,26.589808,-7.5244442,36.566432,-8.7481264,-10.499712,84.214258,-51.748606,-2.9946244,127.77501,59.12948,-5.827341
0.17468943,-5.4987667,24.001699,-7.5131619,35.284105,-2.9352518,-10.444486,84.04425,-56.341136,-3.408669,128.65249,59.494286,-5.4297826
0.17471994,-4.7817126,21.306083,-7.5051232,33.992757,3.050854,-10.431622,84.119658,-59.925531,-3.8076737,129.37425,59.754809,-4.9918998
0.17475044,-4.1006746,18.534176,-7.4880474,32.729015,9.1906348,-10.362726,84.432881,-62.382601,-4.2005498,129.93618,59.867082,-4.5206758
0.17478094,-3.5012507,15.704479,-7.458355,31.523408,15.462768,-10.267734,85.062859,-64.05024,-4.5869472,130.34151,59.895418,-4.0312541
0.17481145,-2.9266917,12.750646,-7.4489504,30.417322,21.67244,-10.238451,85.951727,-65.135466,-4.9671697,130.59058,59.844752,-3.5291119
0.17484195,-2.3610791,9.6928313,-7.4759146,29.350378,27.764234,-10.061138,87.033166,-65.78996,-5.3453321,130.63907,59.695619,-3.0114324
0.17487244,-1.7388432,6.556161,-7.4621913,28.414647,33.653759,-9.8274832,88.229697,-66.104409,-5.7206421,130.4531,59.165589,-2.4826976
0.17490294,-1.1169606,3.4382755,-7.3079053,27.837063,39.255004,-9.5485003,89.46484,-66.247751,-6.0906835,130.0141,57.895943,-1.9403473
0.17493344,-0.50507634,0.31682569,-7.1389807,27.651205,44.497434,-9.245449,90.678428,-66.255333,-6.4490345,129.32044,55.734198,-1.4196108
0.17496394,0.11530929,-2.8174219,-7.1152037,28.03603,49.300038,-8.9702432,91.834792,-66.137878,-6.778984,128.37142,52.615512,-0.96075986
0.17499443,0.73546079,-5.8335405,-7.1561607,28.896184,53.601848,-8.699492,92.915597,-65.86838,-7.0667069,127.183,48.541757,-0.56167855
0.17502492,1.3884144,-8.803999,-7.1662958,30.098847,57.367605,-8.4604704,93.875453,-65.41103,-7.3078807,125.75569,43.724814,-0.22447327
0.17505542,1.9982651,-11.728485,-7.1141003,31.655199,60.600497,-8.2681717,94.686727,-64.754255,-7.498989,124.07812,38.166124,0.045182573
0.17508591,2.4116969,-14.563091,-7.0041568,33.520448,63.296732,-8.1219937,95.321708,-63.890282,-7.6397853,122.18673,31.947178,0.24148652
0.1751164,2.649508,-17.309289,-6.8935934,35.678935,65.443895,-8.0122632,95.740373,-62.811381,-7.7328417,120.2123,25.210852,0.35238902
0.17514689,2.756578,-20.001207,-6.77073,38.082392,67.110625,-7.9252677,95.929547,-61.553591,-7.7787327,118.18129,18.069916,0.36091596
0.17517738,2.7486037,-22.580091,-6.6751356,40.673639,68.3681,-7.8641562,95.895639,-60.099919,-7.7811024,116.14526,10.637146,0.26876872
0.17520787,2.748191,-24.995966,-6.5800677,43.465309,69.29579,-7.8238963,95.633644,-58.415637,-7.7493568,114.16347,3.0439554,0.093169074
0.17523836,2.6679058,-27.221908,-6.4448543,46.454501,69.978936,-7.8029257,95.142989,-56.454922,-7.705023,112.30624,-4.557179,-0.15477979
0.17526884,2.4644514,-29.236127,-6.2899254,49.700199,70.442038,-7.7994301,94.419785,-54.179103,-7.6622059,110.63782,-12.018456,-0.47278858
0.17529933,2.1747858,-31.039885,-6.143361,53.150357,70.716327,-7.8024291,93.469291,-51.52187,-7.6174987,109.21853,-19.216057,-0.8525424
0.17532982,1.8265327,-32.628551,-6.0077112,56.738001,70.843878,-7.8125348,92.31792,-48.409836,-7.5761522,108.09135,-26.030502,-1.2765963
0.1753603,1.4057435,-33.999223,-5.8757083,60.385889,70.840498,-7.8103104,90.970105,-44.781549,-7.5452597,107.3116,-32.343043,-1.7091614
0.17539079,0.94126953,-35.132716,-5.7516502,64.011471,70.682532,-7.7851991,89.44522,-40.592876,-7.5368776,106.88165,-38.061014,-2.1400084
0.17542128,0.45456304,-35.996573,-5.6228516,67.343707,70.346563,-7.7306199,87.719375,-35.882143,-7.5530819,106.75121,-43.140908,-2.5818959
0.17545176,-0.063283188,-36.582225,-5.508991,70.332597,69.872832,-7.642741,85.84669,-30.683656,-7.5650787,106.92578,-47.581891,-3.0174412
0.17548225,-0.59054171,-36.915487,-5.4194323,72.977343,69.293176,-7.5342827,83.888571,-25.033592,-7.5787378,107.38228,-51.336648,-3.4358816
0.17551273,-1.1113714,-37.005953,-5.3522139,75.288843,68.570487,-7.3936015,81.89395,-18.97874,-7.5961164,108.07751,-54.393507,-3.8348421
0.17554322,-1.6211438,-36.857035,-5.3172857,77.280557,67.664977,-7.230098,79.815582,-12.612257,-7.6511996,108.92622,-56.801197,-4.2221982
0.1755737,-2.1137306,-36.466854,-5.3055504,78.958199,66.526074,-7.040544,77.73404,-5.9856958,-7.7165286,109.90242,-58.599868,-4.5826586
0.17560419,-2.6022769,-35.838051,-5.3381854,80.343366,65.236206,-6.8276863,75.772316,0.80180157,-7.7537058,110.96106,-59.885469,-4.9236589
0.17563467,-3.0754776,-34.969095,-5.3901348,81.431083,63.771697,-6.5892181,74.01623,7.6391837,-7.761626,112.05328,-60.752451,-5.2376071
0.17566516,-3.532976,-33.867707,-5.4630962,82.224552,62.086418,-6.3248469,72.73049,14.428505,-7.7944793,113.13119,-61.298151,-5.5384718
0.17569565,-3.985834,-32.542183,-5.5579208,82.735422,60.146689,-6.0356866,71.943916,20.948922,-7.8630833,114.1528,-61.610795,-5.8065359
0.17572613,-4.426455,-30.999104,-5.6534472,82.928307,57.924688,-5.7114096,71.616439,27.141432,-7.8466478,115.09155,-61.749801,-6.0167759
0.17575662,-4.8791827,-29.2433,-5.7629034,82.881007,55.403706,-5.3478114,71.715288,32.913706,-7.7923,115.92384,-61.766661,-6.1997459
0.17578711,-5.3517896,-27.286931,-5.8783928,82.606375,52.493438,-4.9938507,72.149365,38.208992,-7.7053679,116.62932,-61.700421,-6.3369102
0.17581759,-5.8289285,-25.147444,-6.0032785,82.077752,49.156952,-4.6782793,72.904885,42.938999,-7.6061071,117.21537,-61.586906,-6.4206308
0.17584808,-6.3296959,-22.840599,-6.130354,81.28942,45.407012,-4.3926294,74.130889,47.10692,-7.4916489,117.66719,-61.429932,-6.4467464
0.17587857,-6.8435677,-20.368207,-6.2489893,80.206044,41.252941,-4.1516516,75.760578,50.699924,-7.3646346,117.96915,-61.20447,-6.416934
0.17590906,-7.3813896,-17.753495,-6.3619439,78.866335,36.745474,-3.8710558,77.724967,53.670382,-7.2194859,118.11525,-60.896044,-6.3354081
0.17593954,-7.9427746,-15.004207,-6.4480729,77.452745,31.927944,-3.6123105,79.965236,56.049362,-7.0851203,118.10396,-60.415646,-6.2081795
0.17597003,-8.4551225,-12.137508,-6.5446804,75.826966,26.72153,-3.4110968,82.66303,57.877255,-6.9904679,117.92049,-59.702873,-6.0462183
0.17600052,-9.0588719,-9.2081673,-6.6752599,73.98848,21.21509,-3.2858193,85.728006,59.224975,-6.9226087,117.54781,-58.732094,-5.8587706
0.17603101,-9.698082,-6.1993182,-6.7810698,71.934964,15.415146,-3.2597598,88.999874,60.249371,-6.8809041,116.97583,-57.453024,-5.6502068
0.1760615,-10.354635,-3.0686914,-6.8748681,69.701227,9.3293112,-3.1292162,92.316623,61.043122,-6.8650792,116.19943,-55.791646,-5.4328929
0.17609198,-11.018746,0.11496319,-6.8555119,67.234085,3.1078765,-2.9965742,95.534348,61.659764,-6.8615833,115.20404,-53.720964,-5.2274282
0.17612247,-11.684542,3.3265883,-6.8517675,64.564028,-3.2876859,-2.947288,98.582228,62.156845,-6.8496011,114.00082,-51.211925,-5.0542764
0.17615295,-12.361422,6.5405328,-6.9442012,61.699,-9.798334,-2.933277,101.42486,62.583962,-6.8136399,112.59587,-48.191257,-4.9111455
0.17618343,-13.03811,9.6617223,-7.0502494,58.746324,-16.356353,-2.948468,104.04667,62.96592,-6.7424413,111.01107,-44.600038,-4.7972001
0.17621391,-13.704371,12.754095,-7.0866633,55.931975,-22.888675,-2.9338224,106.44786,63.331193,-6.6263369,109.27108,-40.391001,-4.7299401
0.17624439,-14.382173,15.864745,-7.0688463,53.269997,-29.229473,-2.9146948,108.62056,63.669464,-6.456482,107.39521,-35.596669,-4.704813
0.17627487,-15.149676,18.923172,-7.0202981,50.918033,-35.305701,-2.9174856,110.56429,63.967024,-6.2386226,105.40366,-30.280007,-4.7092056
0.17630535,-15.968468,21.939716,-6.9698882,48.994701,-41.025588,-2.941648,112.2873,64.233488,-5.9767624,103.41284,-24.519133,-4.7509718
0.17633583,-16.659447,24.844006,-6.9476517,47.503259,-46.303784,-2.9840079,113.79628,64.455453,-5.6749411,101.51121,-18.415021,-4.8430546
0.17636631,-17.240564,27.61557,-6.8998419,46.27625,-51.088903,-3.0724299,115.09255,64.615846,-5.3380989,99.754711,-12.082056,-4.9841918
0.17639678,-17.784442,30.238776,-6.8114736,45.241557,-55.297237,-3.1995101,116.18908,64.691777,-4.9706417,98.228415,-5.6149434,-5.1662506
0.17642726,-18.323843,32.678736,-6.7213786,44.387886,-58.888672,-3.3637698,117.10024,64.690004,-4.5804931,96.978293,0.90326636,-5.3291218
0.17645774,-18.824474,34.991649,-6.6359582,43.775036,-61.732119,-3.5571236,117.82881,64.640504,-4.1777953,96.069516,7.2661565,-5.4937598
0.17648821,-19.258412,37.138529,-6.5654755,43.311512,-63.86724,-3.7787687,118.3621,64.5235,-3.7713971,95.492401,13.403398,-5.6799204
0.17651869,-19.573442,39.096485,-6.5067418,42.945692,-65.405615,-4.0217558,118.68533,64.274642,-3.3521044,95.17886,19.212023,-5.8487672
0.17654916,-19.779767,40.853674,-6.4479838,42.672462,-66.454951,-4.2808857,118.79148,63.642255,-2.9199634,95.173079,24.60228,-5.9778078
0.17657963,-19.875871,42.368707,-6.3891822,42.49187,-67.058855,-4.5667796,118.66709,62.510737,-2.4830518,95.473615,29.512724,-6.0551368
0.17661011,-19.86333,43.609669,-6.338386,42.378652,-67.245069,-4.8709186,118.29563,60.818523,-2.0665714,95.94072,33.900847,-6.107641
0.17664058,-19.734677,44.573255,-6.3112661,42.438074,-67.0407,-5.1884251,117.66934,58.472064,-1.6750147,96.741427,37.728916,-6.1426201
0.17667105,-19.478774,45.261899,-6.2996126,42.662694,-66.461482,-5.5151925,116.79662,55.410706,-1.3006962,97.893005,40.99327,-6.1578593
0.17670152,-19.098211,45.780191,-6.2945522,42.994329,-65.514798,-5.8407027,115.66568,51.763527,-0.96129928,99.341526,43.728683,-6.1638502
0.176732,-18.618609,46.105119,-6.2973111,43.384495,-64.225412,-6.146994,114.25567,47.480877,-0.66245679,101.12222,45.979702,-6.1622476
0.17676247,-18.06219,46.226962,-6.3093528,43.760635,-62.583212,-6.4329307,112.54543,42.535028,-0.40750242,103.11803,47.800478,-6.1622365
0.17679294,-17.434143,46.139899,-6.3329882,44.074941,-60.585434,-6.7107549,110.4845,36.921522,-0.18357627,105.25578,49.262808,-6.1667421
0.17682342,-16.740495,45.846817,-6.3671735,44.279331,-58.240262,-6.9927156,108.26034,30.740514,0.0010917225,107.47244,50.441757,-6.1806897
0.17685389,-15.976467,45.350863,-6.4071925,44.353466,-55.571427,-7.2414846,105.82721,24.05713,0.1061942,109.70884,51.409727,-6.1925195
0.17688436,-15.153243,44.637353,-6.4420986,44.308625,-52.610907,-7.4493012,103.20227,16.876053,0.13590263,111.9157,52.244535,-6.1858056
0.17691484,-14.290951,43.683251,-6.4824846,44.156512,-49.369775,-7.6351062,100.4522,9.3101797,0.010200705,114.05587,53.006618,-6.1572505
0.17694531,-13.402243,42.528829,-6.5223651,43.871894,-45.837238,-7.7953211,97.620148,1.4807584,-0.10762075,116.10058,53.735663,-6.1027726
0.17697578,-12.495851,41.183614,-6.5622721,43.456324,-42.014571,-7.9451681,94.74169,-6.4894937,-0.31052649,118.02941,54.458387,-6.0152864
0.17700626,-11.577357,39.654889,-6.6080261,42.84851,-37.918166,-8.1006825,91.959035,-14.496435,-0.59390277,119.82959,55.217126,-5.8932448
0.17703673,-10.669765,37.961443,-6.6573975,42.054842,-33.545248,-8.2044558,89.553837,-22.361322,-0.95216514,121.48981,55.994549,-5.7361192
0.17706721,-9.7865645,36.116572,-6.7053889,41.220624,-28.933967,-8.2903946,87.597842,-29.921295,-1.3378313,123.00513,56.766663,-5.5443892
0.17709769,-8.9208573,34.131598,-6.7475167,40.276823,-24.05757,-8.382568,86.012026,-37.083601,-1.7112156,124.37327,57.502206,-5.3168302
0.17712816,-8.0742855,31.99214,-6.7839778,39.253219,-18.900605,-8.4551856,84.894598,-43.713884,-2.0910687,125.59981,58.176174,-5.0543308
0.17715864,-7.2517984,29.703802,-6.8150267,38.169209,-13.506102,-8.5837936,84.254524,-49.581512,-2.4727704,126.68519,58.736285,-4.7663805
0.17718912,-6.4540342,27.267399,-6.827651,36.896638,-7.7406564,-8.6816124,83.992625,-54.606002,-2.8333861,127.62202,59.176854,-4.4549682
0.17721959,-5.6787985,24.678416,-6.8594195,35.57828,-1.9176402,-8.6351991,84.013094,-58.76468,-3.1657032,128.40469,59.511584,-4.1144516
0.17725007,-4.9603765,21.96996,-6.8677692,34.255862,4.078457,-8.6329558,84.259522,-61.75929,-3.4797386,129.02659,59.704417,-3.7424798
0.17728055,-4.2555912,19.184864,-6.8761931,32.971781,10.217146,-8.5731608,84.777395,-63.814468,-3.7738041,129.48562,59.779836,-3.3486421
0.17731102,-3.6398043,16.338035,-6.8891446,31.753392,16.461556,-8.5205399,85.578529,-65.217629,-4.0649569,129.79284,59.76335,-2.9428319
0.1773415,-3.0532273,13.400177,-6.9149734,30.636486,22.63153,-8.533801,86.609278,-66.1391,-4.3543062,129.91453,59.668186,-2.5241825
0.17737197,-2.4864939,10.335413,-6.9716355,29.537817,28.663476,-8.3963725,87.786271,-66.666715,-4.6369134,129.81987,59.401608,-2.0930247
0.17740244,-1.8643543,7.1786299,-7.017656,28.545989,34.480546,-8.216266,89.029596,-66.932534,-4.9223153,129.48175,58.535398,-1.6494412
0.17743291,-1.2385245,4.0295547,-6.9082541,27.905049,40.010023,-7.9959211,90.270417,-67.037203,-5.2073367,128.89299,56.8298,-1.2050295
0.17746339,-0.62741724,0.89339382,-6.7671434,27.615957,45.181834,-7.7758612,91.464525,-67.00913,-5.47485,128.05413,54.219465,-0.80853923
0.17749386,-0.015881784,-2.2824247,-6.7512659,27.954186,49.908368,-7.5855898,92.610073,-66.826382,-5.7238681,126.972,50.595743,-0.46448867
0.17752432,0.58208638,-5.3332117,-6.8135986,28.765214,54.133782,-7.3869973,93.648992,-66.443621,-5.9451275,125.65031,46.158089,-0.17770981
0.17755479,1.2212074,-8.3232103,-6.8370815,29.921494,57.82666,-7.2111567,94.552831,-65.854229,-6.1260994,124.08691,40.983528,0.056069246
0.17758526,1.8435902,-11.286011,-6.822817,31.418566,61.002776,-7.0687687,95.29622,-65.05328,-6.2657397,122.28848,35.091929,0.2143088
0.17761573,2.2819353,-14.156703,-6.7366902,33.21965,63.660022,-6.9723332,95.846523,-64.046784,-6.3680348,120.34382,28.617399,0.31125713
0.1776462,2.5240045,-16.932374,-6.6482565,35.33087,65.779884,-6.9044383,96.170474,-62.858266,-6.4349985,118.33402,21.683511,0.32701734
0.17767666,2.6349319,-19.653221,-6.5476134,37.692936,67.424108,-6.8523678,96.266111,-61.515027,-6.4619098,116.29666,14.399583,0.25675703
0.17770713,2.5983647,-22.279268,-6.4487257,40.285999,68.664079,-6.8188569,96.136066,-59.982533,-6.4501617,114.28591,6.8914318,0.092591013
0.17773759,2.5731518,-24.755832,-6.3577783,43.091817,69.59093,-6.8064037,95.779558,-58.22075,-6.4103039,112.37605,-0.72573239,-0.12891909
0.17776806,2.4916835,-27.046669,-6.2205803,46.105728,70.281589,-6.8121281,95.195649,-56.181663,-6.3626916,110.62389,-8.2499302,-0.37585215
0.17779852,2.2852317,-29.127522,-6.0620887,49.386686,70.761757,-6.8282922,94.383641,-53.811109,-6.3210205,109.09669,-15.563756,-0.71745848
0.17782899,1.988081,-30.995147,-5.9110818,52.875702,71.026248,-6.8508831,93.357234,-51.052861,-6.2799514,107.8325,-22.549342,-1.0978545
0.17785945,1.610192,-32.652683,-5.7693545,56.508164,71.1377,-6.8744549,92.125907,-47.833327,-6.2449903,106.89569,-29.098817,-1.4898653
0.17788992,1.1507428,-34.094759,-5.6291828,60.202225,71.121729,-6.8812361,90.704364,-44.089936,-6.2255114,106.30832,-35.110296,-1.88033
0.17792038,0.64286999,-35.312021,-5.4977231,63.876978,70.963931,-6.8621821,89.106659,-39.795338,-6.2332535,106.04642,-40.502532,-2.2643855
0.17795084,0.11930184,-36.263164,-5.3502135,67.231976,70.637879,-6.8153088,87.321971,-35.007552,-6.2651229,106.09218,-45.267392,-2.6410743
0.17798131,-0.43688622,-36.924644,-5.2243191,70.246024,70.171928,-6.736582,85.417522,-29.743393,-6.3014984,106.43117,-49.382881,-2.9993468
0.17801177,-0.99858595,-37.33493,-5.1160188,72.915282,69.623418,-6.6294106,83.433842,-24.043781,-6.3476971,107.03239,-52.817822,-3.3349087
0.17804224,-1.5456948,-37.500701,-5.0268348,75.251117,68.956645,-6.4890739,81.426175,-17.966331,-6.3981654,107.84299,-55.586985,-3.6450324
0.1780727,-2.0740402,-37.426836,-4.9589501,77.267699,68.122458,-6.3346801,79.338531,-11.607459,-6.4835873,108.77921,-57.751939,-3.9334907
0.17810317,-2.5817971,-37.114854,-4.9144005,78.968106,67.049205,-6.1639219,77.249962,-5.0077919,-6.5720823,109.82027,-59.347024,-4.2107445
0.17813363,-3.0766351,-36.558787,-4.9145234,80.373882,65.806118,-5.9796529,75.287044,1.7157703,-6.6446089,110.91845,-60.466857,-4.4677863
0.1781641,-3.5471361,-35.764588,-4.9368486,81.486104,64.39247,-5.7879255,73.532081,8.4723872,-6.699281,112.02549,-61.208299,-4.7111432
0.17819456,-4.0361274,-34.734295,-4.9815107,82.30747,62.764047,-5.5790681,72.203404,15.159624,-6.7845952,113.09648,-61.662664,-4.9398441
0.17822503,-4.5022279,-33.477426,-5.0472694,82.853375,60.883259,-5.3528015,71.392656,21.569041,-6.918126,114.09501,-61.899251,-5.1368268
0.1782555,-4.9561652,-32.000758,-5.114407,83.098316,58.717809,-5.0995473,71.063955,27.644342,-6.949397,114.9978,-61.992216,-5.3034847
0.17828596,-5.4136379,-30.312645,-5.1968479,83.063398,56.238085,-4.8067556,71.13806,33.277245,-6.9351532,115.78718,-61.980855,-5.4329554
0.17831643,-5.8895969,-28.418625,-5.290067,82.812204,53.400487,-4.5149923,71.565575,38.44592,-6.8939256,116.44546,-61.892297,-5.5219802
0.1783469,-6.3751249,-26.329649,-5.392318,82.316764,50.127949,-4.2516949,72.331222,43.060417,-6.8385679,116.98422,-61.760575,-5.5666368
0.17837737,-6.8724134,-24.072279,-5.5028821,81.567679,46.430214,-4.0101191,73.479151,47.131944,-6.7556356,117.38461,-61.592067,-5.5657152
0.17840784,-7.381188,-21.649815,-5.6126544,80.54529,42.322419,-3.8048227,74.994738,50.646128,-6.6609929,117.63751,-61.356237,-5.5186238
0.17843831,-7.9035678,-19.070268,-5.7134126,79.225671,37.838753,-3.5771486,76.83896,53.557385,-6.5566476,117.73819,-61.029536,-5.4300882
0.17846878,-8.4767309,-16.356675,-5.8024756,77.841109,33.063435,-3.3394888,78.991954,55.878796,-6.4598622,117.68026,-60.511879,-5.3051208
0.17849925,-9.0000071,-13.531519,-5.871385,76.261343,27.902522,-3.1551837,81.595831,57.662387,-6.4031902,117.4488,-59.746443,-5.1554148
0.17852972,-9.5440374,-10.595575,-5.9848469,74.474854,22.433366,-3.0350038,84.588393,58.985597,-6.365072,117.02873,-58.708918,-4.9850696
0.17856019,-10.171797,-7.5904565,-6.1056309,72.481314,16.683573,-2.9751938,87.82883,59.997666,-6.3486217,116.41215,-57.353383,-4.7994449
0.17859066,-10.813842,-4.4952991,-6.2100951,70.306765,10.628709,-2.9130567,91.168727,60.781006,-6.3497212,115.59197,-55.604665,-4.6098257
0.17862113,-11.465056,-1.2805317,-6.2367863,67.916615,4.4408413,-2.7399467,94.429266,61.395173,-6.353331,114.55723,-53.455759,-4.4370155
0.1786516,-12.118698,1.9136838,-6.2151096,65.321463,-1.9173331,-2.6811261,97.531364,61.903416,-6.344537,113.32208,-50.862002,-4.2959283
0.17868207,-12.773197,5.168558,-6.2646139,62.54381,-8.3965691,-2.652558,100.43042,62.367587,-6.3055843,111.89186,-47.756431,-4.1806752
0.17871254,-13.437358,8.3723462,-6.3954732,59.640317,-14.931425,-2.6478972,103.11268,62.79526,-6.2298994,110.2907,-44.078297,-4.0929567
0.17874301,-14.103719,11.473578,-6.4619161,56.834254,-21.485416,-2.6346362,105.57438,63.206288,-6.1115203,108.53555,-39.790657,-4.0488064
0.17877348,-14.747006,14.596322,-6.4824981,54.094173,-27.866258,-2.5888299,107.80934,63.600375,-5.9440356,106.65467,-34.944522,-4.0424851
0.17880394,-15.490534,17.690507,-6.4487744,51.627149,-34.008671,-2.5671245,109.80824,63.949372,-5.7355238,104.6715,-29.602268,-4.0674596
0.17883441,-16.294084,20.748211,-6.3975778,49.565062,-39.828439,-2.5632094,111.58088,64.278203,-5.4891891,102.68582,-23.841356,-4.1256705
0.17886487,-17.074976,23.727524,-6.3749959,47.943173,-45.236376,-2.5717925,113.13201,64.552205,-5.2078016,100.81015,-17.756371,-4.2341676
0.17889534,-17.703278,26.578801,-6.3581511,46.689054,-50.181397,-2.618421,114.46124,64.762392,-4.8992424,99.061686,-11.471175,-4.3896396
0.1789258,-18.250348,29.304655,-6.3044284,45.625859,-54.57744,-2.7009256,115.58211,64.874894,-4.5657405,97.565406,-5.0806929,-4.5785476
0.17895627,-18.807339,31.8471,-6.2263725,44.744475,-58.376023,-2.8193607,116.5109,64.896197,-4.2120355,96.347847,1.3384121,-4.7460801
0.17898673,-19.338866,34.257135,-6.1532228,44.035356,-61.475399,-2.9646307,117.25526,64.862036,-3.8471724,95.446019,7.5983332,-4.9145205
0.17901719,-19.840441,36.527616,-6.0796587,43.540992,-63.822103,-3.1401037,117.80435,64.763824,-3.4775818,94.887481,13.619511,-5.1056082
0.17904766,-20.249729,38.61774,-6.0248879,43.160118,-65.545667,-3.3428295,118.14107,64.559575,-3.098198,94.608232,19.318852,-5.2699902
0.17907812,-20.543048,40.511581,-5.9742154,42.862095,-66.744813,-3.5644683,118.27056,63.998712,-2.7056746,94.605521,24.611246,-5.4050085
0.17910858,-20.747249,42.188455,-5.9212971,42.659209,-67.483091,-3.8145612,118.17272,62.96731,-2.3049501,94.87531,29.431651,-5.4957674
0.17913904,-20.859289,43.615117,-5.8727034,42.539594,-67.815186,-4.0864855,117.83392,61.386428,-1.9197596,95.290161,33.743523,-5.5676831
0.17916951,-20.856247,44.77233,-5.840721,42.520224,-67.755452,-4.3707305,117.25,59.172659,-1.555773,95.999086,37.515483,-5.6297079
0.17919997,-20.725298,45.645699,-5.8272248,42.704296,-67.323067,-4.6723391,116.41398,56.223929,-1.2071904,97.030995,40.743274,-5.675785
0.17923043,-20.459958,46.253222,-5.8284463,43.009384,-66.53361,-4.9797496,115.3372,52.68316,-0.89132782,98.35474,43.456221,-5.7170898
0.17926089,-20.074962,46.699162,-5.83871,43.394526,-65.389638,-5.2808467,113.99056,48.51974,-0.60998068,100.02377,45.697831,-5.7540136
0.17929136,-19.584896,46.967752,-5.8612333,43.797398,-63.910064,-5.5604049,112.35957,43.706322,-0.36962301,101.96542,47.518596,-5.7954617
0.17932182,-19.009479,47.027821,-5.8971886,44.154753,-62.084942,-5.8183789,110.42037,38.230193,-0.17010259,104.06676,48.985323,-5.8381638
0.17935228,-18.352885,46.882683,-5.9478271,44.423061,-59.911402,-6.0877944,108.26096,32.17195,0.0094972091,106.26278,50.173394,-5.8747869
0.17938275,-17.614529,46.529977,-6.0116804,44.567656,-57.408366,-6.3370275,105.91124,25.608978,0.10579156,108.49258,51.152364,-5.8984206
0.17941321,-16.806789,45.97468,-6.0800717,44.572262,-54.600637,-6.5466015,103.37506,18.555672,0.13285088,110.70347,51.998971,-5.8989385
0.17944367,-15.94262,45.193009,-6.1464672,44.475066,-51.516393,-6.7232368,100.6978,11.111683,0.040444687,112.8549,52.776128,-5.8732255
0.17947414,-15.043767,44.194556,-6.2181149,44.2522,-48.149438,-6.8818031,97.952123,3.3518718,-0.094040053,114.91967,53.522586,-5.8185634
0.17950461,-14.11714,42.992651,-6.288416,43.897283,-44.494333,-7.0199769,95.146427,-4.5223823,-0.28540896,116.87575,54.265228,-5.73271
0.17953507,-13.169154,41.600782,-6.3616283,43.403414,-40.560501,-7.1472417,92.390897,-12.450615,-0.56623763,118.70895,55.039457,-5.6135494
0.17956554,-12.211234,40.028354,-6.4396655,42.682721,-36.349619,-7.2667157,89.884245,-20.317922,-0.9127721,120.40527,55.847513,-5.4617117
0.17959601,-11.265499,38.296002,-6.5211299,41.831979,-31.871835,-7.3369352,87.794165,-27.884699,-1.2987915,121.95751,56.662604,-5.2776277
0.17962647,-10.342895,36.415736,-6.5972821,40.944661,-27.157176,-7.4045556,86.088885,-35.058799,-1.6622195,123.36118,57.441616,-5.0611086
0.17965694,-9.4370822,34.391268,-6.6682815,39.951738,-22.173989,-7.4625355,84.826641,-41.807043,-2.0231253,124.6203,58.179567,-4.8135333
0.17968741,-8.5508019,32.211585,-6.7337949,38.912671,-16.918011,-7.5252748,84.031967,-47.876263,-2.3752002,125.73632,58.79139,-4.5419601
0.17971788,-7.6926454,29.88487,-6.7893707,37.728166,-11.422286,-7.642208,83.676149,-53.150339,-2.7110733,126.70181,59.274491,-4.2501816
0.17974835,-6.8618374,27.404682,-6.8294564,36.425216,-5.6275277,-7.6080989,83.615892,-57.59071,-3.0120545,127.50988,59.640748,-3.9320999
0.17977882,-6.0480561,24.775147,-6.8886722,35.107464,0.24752295,-7.5218964,83.750148,-61.055629,-3.2906933,128.15842,59.878112,-3.5835777
0.1798093,-5.2821757,22.022718,-6.9118257,33.799949,6.2862054,-7.4601232,84.133624,-63.435313,-3.546129,128.64368,59.969236,-3.2127889
0.17983977,-4.5420866,19.202535,-6.9562699,32.541849,12.45439,-7.3142315,84.806303,-65.082478,-3.7938767,128.97587,59.968409,-2.8286464
0.17987024,-3.8909257,16.325561,-6.9994494,31.3616,18.667435,-7.2719769,85.732604,-66.222684,-4.0451237,129.13211,59.892309,-2.4318625
0.17990071,-3.2651427,13.337915,-7.0559646,30.293285,24.784709,-7.1756988,86.840633,-66.944582,-4.2888872,129.07872,59.697578,-2.0204139
0.17993118,-2.6680987,10.233384,-7.146536,29.195635,30.729087,-6.9946064,88.036317,-67.331631,-4.5374516,128.79113,58.943428,-1.5980839
0.17996165,-2.011103,7.0401572,-7.1774143,28.235865,36.437413,-6.7882553,89.257727,-67.517579,-4.7858893,128.25797,57.395853,-1.1693864
0.17999212,-1.3613942,3.8707365,-7.0663077,27.621962,41.837888,-6.5608551,90.462932,-67.558038,-5.0302995,127.48142,54.96661,-0.78349342
0.18002259,-0.73176885,0.71323436,-6.9469112,27.412184,46.850603,-6.3750533,91.646664,-67.432735,-5.2584956,126.46283,51.559057,-0.44721613
0.18005306,-0.10526241,-2.4800128,-6.9676603,27.820723,51.405608,-6.2187971,92.755924,-67.103895,-5.4659159,125.2131,47.292566,-0.16580016
0.18008352,0.50100621,-5.5386144,-7.0284262,28.668449,55.452797,-6.0870055,93.74714,-66.581316,-5.6412197,123.73155,42.298815,0.063459351
0.18011399,1.1411169,-8.5434293,-7.0416975,29.859447,58.968435,-6.0016533,94.590905,-65.8593,-5.7797132,122.01724,36.590195,0.23068031
0.18014446,1.7574104,-11.514583,-7.0007358,31.386147,61.981489,-5.9693301,95.2616,-64.939323,-5.882601,120.09832,30.269472,0.32877035
0.18017493,2.1832103,-14.399183,-6.895938,33.226787,64.472573,-5.9929134,95.717396,-63.842599,-5.9562453,118.14037,23.487422,0.35995041
0.18020539,2.4060802,-17.188592,-6.7938162,35.377402,66.448353,-6.0400389,95.941556,-62.584746,-5.9978755,116.16297,16.340044,0.29651121
0.18023586,2.4965693,-19.90074,-6.6755696,37.769053,67.975902,-6.1100105,95.937797,-61.159248,-6.0048706,114.17512,8.9552646,0.14509949
0.18026632,2.44687,-22.535677,-6.5666169,40.408403,69.124222,-6.2007198,95.706805,-59.530249,-5.9805284,112.25667,1.4574489,-0.077615177
0.18029679,2.4174495,-25.00813,-6.4384891,43.255984,69.986654,-6.3090923,95.248963,-57.648872,-5.9366627,110.4701,-6.0030521,-0.34029927
0.18032725,2.3182691,-27.293609,-6.2644605,46.343342,70.62905,-6.4278531,94.562439,-55.466394,-5.8914207,108.88596,-13.294959,-0.66769521
0.18035772,2.0861924,-29.365792,-6.0790497,49.695219,71.061798,-6.5447511,93.655202,-52.923823,-5.8443021,107.54625,-20.295939,-1.0432729
0.18038818,1.7338557,-31.226826,-5.901622,53.247529,71.27763,-6.662382,92.547261,-49.964626,-5.7979223,106.49235,-26.9016,-1.4274265
0.18041865,1.2992029,-32.880639,-5.7284274,56.93518,71.351303,-6.7611639,91.241231,-46.51688,-5.760811,105.75765,-33.013148,-1.8032072
0.18044911,0.80377902,-34.314858,-5.5595853,60.677892,71.303433,-6.829999,89.754566,-42.531373,-5.7426013,105.36907,-38.555217,-2.1709573
0.18047958,0.26785937,-35.527016,-5.3900542,64.334046,71.123211,-6.8595773,88.082788,-38.041153,-5.7400651,105.28012,-43.463091,-2.5233494
0.18051004,-0.30844651,-36.468226,-5.2240829,67.668307,70.779059,-6.8436289,86.243028,-33.057311,-5.7451964,105.47218,-47.770847,-2.8646741
0.18054051,-0.92083059,-37.127498,-5.0697841,70.658519,70.314988,-6.7934409,84.331173,-27.625553,-5.7596348,105.93429,-51.449833,-3.1814117
0.18057098,-1.5312779,-37.532054,-4.9349054,73.302242,69.782941,-6.7077097,82.360387,-21.789589,-5.7888485,106.63036,-54.479053,-3.4666347
0.18060144,-2.1231548,-37.693855,-4.8210118,75.612814,69.147953,-6.5892601,80.412985,-15.60224,-5.8380005,107.48906,-56.891099,-3.7352603
0.18063191,-2.6882943,-37.615498,-4.7241895,77.606919,68.329388,-6.444847,78.335858,-9.1885814,-5.9332243,108.46153,-58.770174,-3.991057
0.18066237,-3.229735,-37.300816,-4.658178,79.282217,67.274886,-6.2728041,76.30069,-2.5250473,-5.9910631,109.51683,-60.11639,-4.2328145
0.18069284,-3.7538625,-36.73763,-4.6351062,80.661151,66.044471,-6.0748448,74.41019,4.1628549,-6.0070974,110.61202,-61.05368,-4.4624702
0.18072331,-4.2993504,-35.933037,-4.6384647,81.746577,64.624159,-5.8693721,72.738302,10.836267,-6.0185716,111.69577,-61.655892,-4.6782967
0.18075378,-4.8206703,-34.895237,-4.6717685,82.544324,62.972097,-5.6642168,71.527563,17.353361,-6.1076067,112.73421,-62.002886,-4.8756609
0.18078425,-5.3191101,-33.63021,-4.7054724,83.065378,61.05627,-5.4440366,70.820158,23.591382,-6.1796146,113.69322,-62.172917,-5.0441431
0.18081472,-5.799683,-32.145727,-4.7511721,83.284498,58.839368,-5.1928055,70.562677,29.469485,-6.192237,114.55271,-62.226517,-5.1789862
0.18084519,-6.2815138,-30.449309,-4.8119577,83.226975,56.288699,-4.9061401,70.719635,34.908888,-6.1719954,115.28957,-62.189853,-5.2784465
0.18087566,-6.7761526,-28.546837,-4.888517,82.951865,53.36417,-4.6149149,71.159294,39.863725,-6.1509876,115.90862,-62.082856,-5.3378037
0.18090613,-7.2775365,-26.448549,-4.9751473,82.433211,49.992164,-4.3408545,71.984006,44.250143,-6.1254973,116.40436,-61.934484,-5.3570021
0.1809366,-7.7869824,-24.181315,-5.0715707,81.666642,46.199327,-4.08793,73.178172,48.11289,-6.0819821,116.75878,-61.741604,-5.3340076
0.18096707,-8.301387,-21.743731,-5.1683754,80.630142,42.002252,-3.8714341,74.722354,51.414999,-6.0463812,116.96651,-61.466535,-5.2690857
0.18099755,-8.8339918,-19.149538,-5.2552924,79.311795,37.437347,-3.6139748,76.590802,54.135945,-6.019048,117.01884,-61.067157,-5.1664154
0.18102802,-9.4117291,-16.424338,-5.3246585,77.933031,32.58676,-3.369316,78.778459,56.280742,-6.0275677,116.90668,-60.446906,-5.035384
0.1810585,-9.9315221,-13.586037,-5.3838934,76.363713,27.363249,-3.1805836,81.413158,57.918087,-6.0762062,116.61313,-59.573009,-4.8822375
0.18108897,-10.480703,-10.624856,-5.4906638,74.593177,21.842766,-3.052447,84.413323,59.15454,-6.1503577,116.12731,-58.408867,-4.7106548
0.18111945,-11.107392,-7.5902158,-5.6061979,72.618866,16.053376,-2.9833201,87.649611,60.111197,-6.2417126,115.44362,-56.897044,-4.5275083
0.18114993,-11.745929,-4.4649164,-5.7081515,70.475222,9.9803101,-2.8570327,90.993625,60.861737,-6.3361724,114.55617,-54.978239,-4.3477466
0.1811804,-12.390278,-1.2339089,-5.7114588,68.112588,3.7849652,-2.6863161,94.257089,61.461135,-6.4146569,113.46155,-52.64743,-4.1907945
0.18121088,-13.03418,1.9849854,-5.6600906,65.551859,-2.5631615,-2.611891,97.361799,61.976339,-6.4592083,112.17448,-49.847746,-4.0602319
0.18124135,-13.673244,5.2738188,-5.7057216,62.829635,-9.0148671,-2.5653757,100.26283,62.460597,-6.4515381,110.70648,-46.515202,-3.9536566
0.18127183,-14.320408,8.5112972,-5.8371077,59.974072,-15.51008,-2.5320492,102.94992,62.916524,-6.38954,109.07193,-42.594527,-3.8815414
0.1813023,-14.968772,11.660483,-5.9049779,57.190444,-21.996488,-2.4852666,105.41354,63.366368,-6.2685081,107.29014,-38.077933,-3.8450816
0.18133278,-15.605256,14.797395,-5.9062886,54.441696,-28.326308,-2.418641,107.64759,63.791588,-6.0887685,105.41739,-33.04435,-3.8382937
0.18136325,-16.341645,17.915291,-5.8618883,51.973503,-34.411833,-2.3756549,109.64363,64.166181,-5.8611686,103.44876,-27.549755,-3.8617781
0.18139373,-17.136364,20.999198,-5.7959413,49.86623,-40.178827,-2.3435103,111.4086,64.517765,-5.5910848,101.53017,-21.681363,-3.9105913
0.1814242,-17.9214,24.00721,-5.7581195,48.200484,-45.536276,-2.3329056,112.94468,64.812273,-5.285331,99.735694,-15.543374,-4.018519
0.18145467,-18.558021,26.893664,-5.7310134,46.932985,-50.436089,-2.3674844,114.2568,65.032275,-4.9539641,98.077134,-9.2523813,-4.1752896
0.18148515,-19.109242,29.650111,-5.6681119,45.8526,-54.795761,-2.4377106,115.35917,65.144157,-4.5982948,96.680007,-2.9073002,-4.335521
0.18151562,-19.646384,32.231283,-5.582073,44.949361,-58.567619,-2.5448524,116.26789,65.17056,-4.2248661,95.55873,3.3916491,-4.4863683
0.18154609,-20.167614,34.671638,-5.5032167,44.212472,-61.650057,-2.6844899,116.98745,65.13434,-3.8454815,94.755622,9.5437837,-4.6477605
0.18157656,-20.6611,36.972692,-5.4341474,43.71875,-63.987872,-2.8530346,117.50547,65.017362,-3.4640531,94.282645,15.410029,-4.8207741
0.18160703,-21.074506,39.098065,-5.3868168,43.332215,-65.704922,-3.0499479,117.8124,64.750536,-3.0708948,94.074757,20.921559,-4.9586384
0.18163751,-21.372942,41.032767,-5.346453,43.022615,-66.889536,-3.2674947,117.91052,64.091491,-2.6646933,94.144189,26.024347,-5.0749881
0.18166798,-21.582027,42.757001,-5.30737,42.803469,-67.620811,-3.5217152,117.7823,62.943626,-2.25844,94.453414,30.647934,-5.1796249
0.18169845,-21.70946,44.244554,-5.2756448,42.665683,-67.953742,-3.8008289,117.41407,61.231979,-1.8725063,94.928958,34.76344,-5.2822089
0.18172892,-21.722912,45.462702,-5.265815,42.614507,-67.900664,-4.0943656,116.80969,58.861247,-1.5084265,95.668662,38.354155,-5.3875235
0.1817594,-21.601586,46.396832,-5.2835426,42.770882,-67.487663,-4.4070264,115.96066,55.775152,-1.1597697,96.719976,41.426099,-5.4924313
0.18178987,-21.342512,47.042045,-5.325037,43.059015,-66.727773,-4.7315461,114.86566,52.09539,-0.84598864,98.056473,44.007771,-5.5916455
0.18182034,-20.952199,47.50807,-5.3802339,43.43253,-65.612024,-5.0534383,113.49966,47.790757,-0.57132748,99.744765,46.138603,-5.6898528
0.18185081,-20.447111,47.802158,-5.4522862,43.831215,-64.15819,-5.3502523,111.86093,42.84506,-0.33243685,101.68604,47.876279,-5.7901762
0.18188129,-19.849954,47.896907,-5.5433506,44.190296,-62.369632,-5.6134503,109.92557,37.259581,-0.13073509,103.78232,49.283689,-5.8829775
0.18191176,-19.166618,47.779669,-5.6521262,44.464254,-60.242511,-5.8465949,107.79251,31.120454,0.035422016,105.97087,50.433522,-5.9642952
0.18194224,-18.398962,47.454634,-5.776776,44.617915,-57.785992,-6.0804526,105.48072,24.502417,0.11942445,108.18974,51.396909,-6.0253619
0.18197271,-17.562096,46.928947,-5.911013,44.634558,-55.019261,-6.2879839,102.99353,17.423399,0.11927177,110.39012,52.247452,-6.0559229
0.18200319,-16.668287,46.20175,-6.0424281,44.545915,-51.977254,-6.4605755,100.36606,9.9806629,-0.014553873,112.53216,53.039307,-6.0496093
0.18203366,-15.729442,45.240843,-6.1751472,44.332781,-48.653058,-6.6116555,97.673249,2.2688284,-0.14789482,114.58939,53.807056,-6.0074043
0.18206414,-14.760652,44.070759,-6.3054594,43.987511,-45.04214,-6.7341295,94.955196,-5.5158139,-0.34425588,116.5392,54.575107,-5.9263823
0.18209462,-13.768493,42.710524,-6.4348569,43.510744,-41.15009,-6.8412712,92.273003,-13.329876,-0.61209207,118.36704,55.388729,-5.8057237
0.18212509,-12.763846,41.169545,-6.5669586,42.81579,-36.978424,-6.9434828,89.792119,-21.029507,-0.95216944,120.05753,56.228917,-5.6456025
0.18215557,-11.763528,39.463396,-6.6994059,41.978256,-32.537899,-7.0019631,87.723369,-28.447724,-1.3180996,121.60079,57.055623,-5.4486083
0.18218605,-10.78227,37.606412,-6.8247338,41.101212,-27.853967,-7.0408541,86.024435,-35.47299,-1.6626362,122.99405,57.84612,-5.2162948
0.18221653,-9.8201515,35.606465,-6.9399406,40.122767,-22.903369,-7.0716946,84.739124,-42.057161,-2.0027568,124.24221,58.576657,-4.9535133
0.18224701,-8.8830855,33.452401,-7.048797,39.084905,-17.679924,-7.1037699,83.899141,-47.997842,-2.3405716,125.34521,59.173655,-4.668257
0.1822775,-7.9726688,31.149178,-7.146747,37.958153,-12.188237,-7.174583,83.546528,-53.158233,-2.6685944,126.2964,59.640201,-4.3605132
0.18230798,-7.0928708,28.696177,-7.2321651,36.666347,-6.4096027,-7.1029917,83.455553,-57.520368,-2.9648884,127.08887,59.991414,-4.0247919
0.18233846,-6.2171161,26.088824,-7.3087014,35.350686,-0.55176359,-6.9623751,83.547284,-60.982636,-3.2425227,127.71944,60.189172,-3.6602236
0.18236895,-5.4195502,23.342379,-7.3655643,34.042158,5.4716324,-6.8326889,83.866729,-63.360011,-3.510498,128.18822,60.261691,-3.2783873
0.18239943,-4.591003,20.503279,-7.4347268,32.777835,11.633508,-6.611926,84.457886,-65.018199,-3.7715947,128.50412,60.244076,-2.8841913
0.18242992,-3.8684778,17.614716,-7.5010051,31.598722,17.861864,-6.4751831,85.31016,-66.180547,-4.0333684,128.63648,60.142358,-2.475096
0.1824604,-3.2126925,14.644548,-7.5875679,30.535502,24.011223,-6.3202981,86.353327,-66.927267,-4.2977924,128.55519,59.814515,-2.0529819
0.18249089,-2.5719542,11.541234,-7.6720888,29.44132,29.988942,-6.0459368,87.493621,-67.335957,-4.5572478,128.23904,58.871796,-1.6132301
0.18252137,-1.8698438,8.3512323,-7.7149069,28.46133,35.738016,-5.7551068,88.672274,-67.541058,-4.8166731,127.68486,57.110982,-1.1764771
0.18255186,-1.186883,5.1417529,-7.6140316,27.780996,41.192256,-5.4580527,89.852756,-67.592746,-5.0695384,126.89649,54.45943,-0.78683438
0.18258234,-0.52564997,1.972942,-7.4898978,27.484465,46.264575,-5.2206561,91.015866,-67.469426,-5.2926178,125.8696,50.798064,-0.447482
0.18261282,0.10687311,-1.2461039,-7.4637913,27.803359,50.884029,-5.0461391,92.127029,-67.144267,-5.502415,124.61357,46.389918,-0.15961483
0.18264331,0.71779642,-4.3990744,-7.519214,28.587436,54.996995,-4.9269836,93.132569,-66.63038,-5.6785933,123.12198,41.258007,0.075509512
0.18267379,1.3384086,-7.4255669,-7.5194195,29.737424,58.583745,-4.8872114,94.00414,-65.943191,-5.814833,121.40883,35.440997,0.23784638
0.18270427,1.955958,-10.429599,-7.4518334,31.245141,61.660582,-4.9357083,94.709703,-65.064451,-5.9140176,119.51954,29.060134,0.33856261
0.18273476,2.4071901,-13.365628,-7.3123786,33.081941,64.224213,-5.0719867,95.208517,-64.002267,-5.981837,117.60196,22.261883,0.3700011
0.18276524,2.6448594,-16.199936,-7.1602683,35.240268,66.274053,-5.2601954,95.478795,-62.775078,-6.0177143,115.65495,15.140645,0.31144734
0.18279572,2.7421257,-18.966703,-7.0028154,37.656609,67.860079,-5.4759218,95.51895,-61.377014,-6.0182809,113.71497,7.8156937,0.16487008
0.1828262,2.7146161,-21.636725,-6.8423945,40.280224,69.057266,-5.7137623,95.331379,-59.770881,-5.9879524,111.84614,0.41012056,-0.048866891
0.18285669,2.6516753,-24.177934,-6.6878347,43.090276,69.955353,-5.9781751,94.914471,-57.907145,-5.9388691,110.10044,-6.9243377,-0.29831233
0.18288717,2.5639082,-26.516434,-6.4786142,46.131866,70.620722,-6.246101,94.272115,-55.740299,-5.8864003,108.55035,-14.087636,-0.62721217
0.18291765,2.3655347,-28.654618,-6.2457891,49.449882,71.093934,-6.5103347,93.410539,-53.211382,-5.8316563,107.2308,-20.917247,-0.99305106
0.18294813,2.0328439,-30.574029,-6.020687,52.990714,71.343113,-6.7651183,92.34443,-50.265264,-5.7765449,106.17394,-27.346787,-1.375953
0.18297862,1.5987118,-32.287709,-5.7988253,56.682433,71.440592,-6.993988,91.08055,-46.832826,-5.7280199,105.40915,-33.296955,-1.7572036
0.1830091,1.1016468,-33.785894,-5.5790568,60.448502,71.423912,-7.1966977,89.63155,-42.865191,-5.693681,104.96367,-38.696626,-2.1322329
0.18303958,0.55402232,-35.063689,-5.3589368,64.151697,71.294936,-7.3402037,88.003438,-38.394771,-5.6690515,104.83497,-43.49178,-2.4978926
0.18307006,-0.02781501,-36.091982,-5.1552372,67.538858,71.028213,-7.4080981,86.216834,-33.433812,-5.6461896,104.96793,-47.692929,-2.8450041
0.18310054,-0.66369313,-36.847648,-4.9653267,70.587821,70.62493,-7.4004186,84.342683,-28.024624,-5.6274341,105.35857,-51.30346,-3.1667564
0.18313103,-1.3262546,-37.330345,-4.7968926,73.294609,70.149053,-7.3295842,82.402749,-22.213229,-5.6088895,105.98116,-54.299016,-3.4646019
0.18316151,-1.9821137,-37.564458,-4.651933,75.671466,69.584948,-7.2068891,80.484457,-16.048953,-5.6076552,106.78336,-56.704231,-3.7458117
0.18319199,-2.6196207,-37.556834,-4.5331663,77.735069,68.854591,-7.0450427,78.435327,-9.6547988,-5.6524209,107.69731,-58.593635,-4.0138345
0.18322248,-3.2324175,-37.310732,-4.4426857,79.479637,67.881689,-6.842829,76.430088,-3.0089099,-5.6404565,108.70652,-59.987458,-4.2651867
0.18325296,-3.8292874,-36.816285,-4.402454,80.921893,66.713149,-6.6023957,74.547939,3.6600667,-5.592985,109.76882,-60.970421,-4.5037606
0.18328345,-4.4290926,-36.077582,-4.3890138,82.070279,65.335047,-6.3477189,72.867473,10.324818,-5.5337337,110.83437,-61.613641,-4.7285887
0.18331394,-5.0071647,-35.102537,-4.4085415,82.933969,63.725304,-6.0965491,71.640516,16.849658,-5.5501188,111.86939,-61.996476,-4.9326162
0.18334442,-5.555778,-33.898948,-4.4310952,83.523295,61.852209,-5.8431622,70.885384,23.100476,-5.5719722,112.83724,-62.19789,-5.1083308
0.18337491,-6.0696615,-32.471115,-4.4722339,83.820301,59.679919,-5.565635,70.564907,29.000223,-5.5415652,113.71728,-62.275094,-5.249083
0.1834054,-6.5849635,-30.829266,-4.5260975,83.8242,57.168026,-5.2500034,70.658145,34.462475,-5.4953784,114.48351,-62.260482,-5.3543877
0.18343589,-7.1031785,-28.980273,-4.5993686,83.607436,54.286132,-4.9219357,71.041124,39.439408,-5.4691563,115.13643,-62.165279,-5.4205763
0.18346638,-7.6225315,-26.931614,-4.6849722,83.149767,50.965232,-4.6040033,71.778921,43.855159,-5.4611047,115.67221,-62.027677,-5.445787
0.18349687,-8.1471384,-24.705262,-4.7826709,82.449801,47.218081,-4.305284,72.950755,47.739015,-5.4660962,116.06981,-61.838721,-5.4289359
0.18352736,-8.6793601,-22.305721,-4.8833054,81.494253,43.068803,-4.0441066,74.494933,51.08069,-5.500911,116.32105,-61.560291,-5.3695019
0.18355785,-9.2153568,-19.745025,-4.9715323,80.243572,38.548112,-3.7618085,76.386128,53.848558,-5.5703939,116.41683,-61.168771,-5.2726974
0.18358834,-9.7897798,-17.04789,-5.0434846,78.9113,33.736821,-3.4589962,78.536444,56.055499,-5.695669,116.34871,-60.5711,-5.1467857
0.18361884,-10.331126,-14.226302,-5.1003699,77.408361,28.561075,-3.2232777,81.108236,57.760599,-5.8784987,116.09752,-59.721472,-4.9980456
0.18364933,-10.867554,-11.284502,-5.1980084,75.707353,23.086522,-3.0486435,84.051959,59.046686,-6.0899554,115.65355,-58.580968,-4.829694
0.18367983,-11.491462,-8.2457849,-5.3101928,73.796224,17.347669,-2.9268479,87.234777,60.04614,-6.3146558,115.00997,-57.091357,-4.6476994
0.18371032,-12.13232,-5.1254141,-5.4142179,71.704334,11.344665,-2.7824648,90.556659,60.83848,-6.5347159,114.16104,-55.18633,-4.4674977
0.18374082,-12.777366,-1.892014,-5.4284823,69.400311,5.1722813,-2.5459967,93.818484,61.478677,-6.7211425,113.10547,-52.865723,-4.3067543
0.18377132,-13.417657,1.3259621,-5.3716018,66.8996,-1.1362488,-2.4160108,96.939902,62.024788,-6.8419024,111.85675,-50.072089,-4.1677216
0.18380182,-14.053575,4.6218857,-5.3789662,64.22191,-7.5583761,-2.3235461,99.864828,62.520446,-6.9150166,110.42562,-46.744642,-4.0513811
0.18383232,-14.687097,7.9053202,-5.5080921,61.400549,-14.031087,-2.2460604,102.57976,62.989464,-6.9330504,108.82545,-42.826854,-3.9632641
0.18386281,-15.319552,11.11783,-5.5860132,58.558589,-20.491526,-2.1642768,105.07186,63.452116,-6.879555,107.08304,-38.316898,-3.9058995
0.18389331,-15.935929,14.275986,-5.5835812,55.749894,-26.843945,-2.0663557,107.33511,63.895831,-6.7668748,105.24928,-33.290823,-3.8754044
0.18392381,-16.650657,17.418348,-5.5363859,53.170334,-32.97082,-1.9940584,109.36005,64.284327,-6.5888944,103.32535,-27.804692,-3.8699819
0.18395431,-17.419821,20.532649,-5.4612914,50.881126,-38.799122,-1.9386251,111.15615,64.658638,-6.3203212,101.44008,-21.948189,-3.8924936
0.1839848,-18.214657,23.588863,-5.4060531,49.045743,-44.237838,-1.9077804,112.72283,64.973523,-5.9649747,99.6772,-15.819206,-3.969544
0.1840153,-18.887356,26.53767,-5.3745652,47.638505,-49.224801,-1.9354609,114.06757,65.218481,-5.572565,98.028811,-9.5376203,-4.08631
0.1840458,-19.436842,29.349099,-5.3158424,46.448612,-53.705214,-2.007982,115.20157,65.350082,-5.1514478,96.615248,-3.209796,-4.2029173
0.1840763,-19.950584,32.000595,-5.2201098,45.461206,-57.604106,-2.1295811,116.14205,65.382738,-4.7119747,95.468731,3.0836513,-4.3154973
0.18410679,-20.451792,34.490913,-5.1296047,44.67002,-60.867174,-2.2991772,116.89585,65.348949,-4.2720745,94.63065,9.2344278,-4.4318031
0.18413729,-20.924994,36.839844,-5.0533491,44.129075,-63.367043,-2.5011997,117.45019,65.240747,-3.8366243,94.120085,15.102862,-4.5688502
0.18416779,-21.33933,39.021522,-4.998971,43.720582,-65.222228,-2.7323965,117.7967,64.993414,-3.3960134,93.87035,20.619464,-4.6899296
0.18419828,-21.643034,41.019157,-4.9630589,43.389004,-66.525165,-2.9890683,117.93462,64.354052,-2.9478872,93.89417,25.732105,-4.8065741
0.18422878,-21.850155,42.820101,-4.935743,43.142137,-67.356978,-3.2866631,117.8491,63.235211,-2.50401,94.169241,30.375219,-4.9197817
0.18425928,-21.97212,44.388675,-4.9182653,42.978055,-67.779792,-3.617018,117.52726,61.559414,-2.0835785,94.633825,34.517853,-5.0317552
0.18428977,-21.986556,45.70336,-4.9237099,42.870613,-67.818104,-3.9645273,116.97316,59.231792,-1.6864067,95.363061,38.141198,-5.156019
0.18432027,-21.871738,46.743906,-4.964705,42.989503,-67.49531,-4.3309627,116.16076,56.186122,-1.3072947,96.413205,41.252856,-5.29555
0.18435077,-21.618547,47.485723,-5.038301,43.256526,-66.824994,-4.7165943,115.11804,52.55417,-0.96199328,97.764994,43.87515,-5.4414409
0.18438126,-21.22671,47.985322,-5.1345005,43.616341,-65.809545,-5.1060458,113.80604,48.307002,-0.65632941,99.437329,46.04995,-5.5969509
0.18441176,-20.714854,48.325254,-5.2515196,44.018081,-64.456041,-5.4874691,112.22312,43.424287,-0.37993691,101.35229,47.830616,-5.7583149
0.18444226,-20.0986,48.478051,-5.3891886,44.390277,-62.772404,-5.8213952,110.37004,37.913901,-0.13499327,103.42741,49.280655,-5.9058837
0.18447276,-19.399274,48.413779,-5.5483503,44.687814,-60.754023,-6.1042288,108.29198,31.846619,0.069780301,105.59973,50.468795,-6.040163
0.18450325,-18.612067,48.133075,-5.7272943,44.868977,-58.406714,-6.33885,106.02585,25.289389,0.19705378,107.80964,51.466614,-6.163001
0.18453375,-17.750475,47.652573,-5.9142763,44.914665,-55.734458,-6.5267123,103.59011,18.287753,0.24191824,110.00817,52.345843,-6.2550585
0.18456425,-16.831158,46.989027,-6.0974199,44.850306,-52.781244,-6.682985,101.00929,10.918286,0.16512776,112.15241,53.159519,-6.3044618
0.18459475,-15.86426,46.088516,-6.2755209,44.660461,-49.545104,-6.8154042,98.35043,3.2725681,0.0788447,114.21372,53.942138,-6.3252019
0.18462525,-14.864795,44.97271,-6.4529062,44.338852,-46.020953,-6.9316448,95.665023,-4.4595585,-0.018346772,116.16685,54.72096,-6.3251181
0.18465575,-13.840204,43.662718,-6.6343837,43.884667,-42.213265,-7.0379576,92.984457,-12.219364,-0.23274992,118.002,55.546196,-6.2707067
0.18468625,-12.802867,42.169337,-6.8228326,43.252842,-38.120228,-7.1363983,90.444928,-19.894729,-0.53027946,119.70277,56.393627,-6.1685534
0.18471676,-11.762376,40.504796,-7.0160273,42.4424,-33.754014,-7.1914588,88.275802,-27.294897,-0.87737837,121.25867,57.223861,-6.0226309
0.18474726,-10.734415,38.686072,-7.1986728,41.590675,-29.142817,-7.2220488,86.496399,-34.330572,-1.220713,122.66553,58.018433,-5.8050075
0.18477776,-9.735353,36.719366,-7.3688124,40.632033,-24.268592,-7.2457916,85.087512,-40.907281,-1.5631393,123.92845,58.752824,-5.5192064
0.18480827,-8.7604768,34.606262,-7.5213719,39.59507,-19.114643,-7.2514009,84.126818,-46.903194,-1.9083509,125.04837,59.355309,-5.2014894
0.18483877,-7.8122148,32.340877,-7.668052,38.503374,-13.689599,-7.3008749,83.642755,-52.15753,-2.25549,126.01935,59.828647,-4.8564592
0.18486928,-6.894325,29.925924,-7.7992876,37.234816,-7.9357845,-7.225672,83.492917,-56.621765,-2.5877617,126.83471,60.187204,-4.4800712
0.18489979,-5.9825434,27.352636,-7.9006359,35.919078,-2.102472,-7.0466953,83.553616,-60.280338,-2.9168455,127.49156,60.39346,-4.0762289
0.18493029,-5.1771827,24.629964,-7.9913836,34.596396,3.8988616,-6.8783403,83.811107,-62.840055,-3.2577873,127.98807,60.46733,-3.6595286
0.1849608,-4.3247368,21.797382,-8.0874344,33.305629,10.062248,-6.5880152,84.312983,-64.592086,-3.6041697,128.33335,60.450728,-3.2332662
0.18499131,-3.5401145,18.908938,-8.2186774,32.111689,16.31836,-6.3691017,85.079943,-65.802902,-3.9596349,128.49937,60.350612,-2.7926437
0.18502182,-2.8620706,15.962732,-8.2753529,31.019297,22.511039,-6.1552255,86.05404,-66.591676,-4.3121893,128.45313,60.026466,-2.3393529
0.18505233,-2.1750403,12.877245,-8.3648459,29.928597,28.559972,-5.8098059,87.164417,-67.02936,-4.6651222,128.17119,59.09399,-1.8675622
0.18508284,-1.4449948,9.6997086,-8.4446247,28.933575,34.403986,-5.428382,88.336658,-67.255138,-5.0077233,127.65065,57.35472,-1.3947315
0.18511336,-0.73206755,6.4761721,-8.4168668,28.213776,39.964592,-5.0497261,89.511717,-67.340598,-5.3254119,126.89723,54.73378,-0.96430301
0.18514387,-0.044459142,3.2818967,-8.291584,27.857086,45.160177,-4.7376825,90.654897,-67.260679,-5.620912,125.90147,51.112499,-0.58157605
0.18517438,0.60669134,0.10635071,-8.2051415,28.111656,49.906877,-4.5127626,91.763903,-67.001184,-5.8603636,124.67582,46.745606,-0.24303779
0.18520489,1.2273708,-3.1137066,-8.2501227,28.851873,54.155149,-4.3603096,92.78273,-66.551837,-6.0676857,123.21635,41.658708,0.048230878
0.1852354,1.8276054,-6.1755895,-8.2243503,29.985657,57.878934,-4.3136679,93.677166,-65.943239,-6.2433441,121.5364,35.891918,0.27413634
0.18526591,2.4000293,-9.203622,-8.1277967,31.490876,61.071126,-4.3865473,94.420609,-65.150385,-6.3716736,119.67432,29.55919,0.44585018
0.18529642,2.8617411,-12.187823,-7.9528052,33.339216,63.747825,-4.569972,94.971364,-64.155362,-6.4581169,117.77677,22.803624,0.55522291
0.18532693,3.1096424,-15.074001,-7.7494115,35.522881,65.907591,-4.8300773,95.300107,-62.986144,-6.506462,115.85354,15.726825,0.56925824
0.18535744,3.2158499,-17.877615,-7.5502968,37.97658,67.590701,-5.1406588,95.401014,-61.64498,-6.5120486,113.92633,8.4545344,0.48989278
0.18538795,3.2079394,-20.582994,-7.3404349,40.641575,68.868309,-5.4846744,95.27299,-60.095093,-6.4781641,112.05611,1.0913513,0.33952827
0.18541846,3.0891788,-23.191963,-7.1389122,43.46054,69.823047,-5.8545185,94.918326,-58.291326,-6.4194231,110.29936,-6.2116742,0.12990968
0.18544897,2.989476,-25.586147,-6.8926426,46.466343,70.527292,-6.2461786,94.339642,-56.186365,-6.3539449,108.7262,-13.346086,-0.15080293
0.18547948,2.7909979,-27.786681,-6.6286283,49.751127,71.034623,-6.638735,93.542455,-53.727089,-6.2844361,107.37158,-20.167578,-0.49937022
0.18550999,2.476112,-29.773272,-6.362604,53.277827,71.336115,-7.0156767,92.532274,-50.860651,-6.2114761,106.26896,-26.592787,-0.87109215
0.1855405,2.0646673,-31.546156,-6.0928456,56.965811,71.481633,-7.3680694,91.319639,-47.514258,-6.1431532,105.44443,-32.553565,-1.2556701
0.18557101,1.5573459,-33.108494,-5.8184728,60.737683,71.510976,-7.6801189,89.921417,-43.641363,-6.0862115,104.92416,-37.978607,-1.6496774
0.18560152,0.99500898,-34.448323,-5.552402,64.438906,71.432512,-7.9178567,88.350907,-39.254842,-6.034805,104.7304,-42.817157,-2.0461391
0.18563203,0.38700626,-35.560212,-5.2977846,67.83401,71.241546,-8.0875869,86.618702,-34.378477,-5.9836345,104.79302,-47.053789,-2.4400908
0.18566254,-0.26759679,-36.412166,-5.0587431,70.89568,70.907774,-8.1637837,84.774353,-29.043937,-5.932874,105.11607,-50.723991,-2.8239956
0.18569305,-0.95928073,-36.988542,-4.8473484,73.617697,70.481569,-8.1621473,82.851843,-23.297528,-5.8676239,105.66639,-53.795786,-3.1964392
0.18572356,-1.6470303,-37.303173,-4.6672283,76.020231,69.966269,-8.0957847,80.91593,-17.197993,-5.8147336,106.41158,-56.280734,-3.5562254
0.18575407,-2.3182945,-37.37547,-4.5140146,78.112026,69.302037,-7.9729262,78.884763,-10.849465,-5.7761587,107.27812,-58.241685,-3.8981778
0.18578458,-2.9647978,-37.204616,-4.3993374,79.892264,68.398577,-7.7778024,76.893737,-4.2457607,-5.7059817,108.25014,-59.724696,-4.2301743
0.18581509,-3.5905526,-36.788319,-4.3088877,81.36145,67.268987,-7.5212678,75.001761,2.4347971,-5.6177597,109.28675,-60.779972,-4.5452645
0.18584561,-4.1883307,-36.124917,-4.2704568,82.540595,65.924484,-7.2275902,73.28871,9.1315218,-5.4934954,110.34409,-61.488246,-4.842396
0.18587612,-4.7936607,-35.218358,-4.2725886,83.433508,64.345685,-6.9278998,72.033519,15.740608,-5.4435674,111.38309,-61.92993,-5.1140736
0.18590663,-5.3704488,-34.079647,-4.2803594,84.05971,62.503832,-6.6252437,71.20234,22.065536,-5.4527565,112.36723,-62.16843,-5.3524694
0.18593714,-5.9115337,-32.715569,-4.3132758,84.402187,60.371563,-6.3194147,70.807892,28.052212,-5.3798873,113.27317,-62.270871,-5.5435015
0.18596766,-6.4499128,-31.132423,-4.3607526,84.451224,57.909771,-5.9864148,70.842261,33.605366,-5.3109939,114.08161,-62.278178,-5.6967083
0.18599817,-6.9829655,-29.340947,-4.4292616,84.269249,55.086129,-5.6281692,71.171116,38.682674,-5.2703954,114.76937,-62.201048,-5.80274
0.18602868,-7.5217456,-27.346841,-4.5137192,83.855863,51.833869,-5.2767017,71.842094,43.206589,-5.2672702,115.34582,-62.078768,-5.85912
0.1860592,-8.0557332,-25.164977,-4.6112177,83.200506,48.157684,-4.9368215,73.007153,47.178163,-5.304519,115.78813,-61.903417,-5.8658224
0.18608972,-8.5997027,-22.809674,-4.7150013,82.303729,44.080743,-4.6173434,74.586552,50.617386,-5.3851093,116.0863,-61.644913,-5.8224525
0.18612023,-9.1464828,-20.289415,-4.8136076,81.131158,39.633002,-4.300605,76.536859,53.484716,-5.5229289,116.22901,-61.2818,-5.7338162
0.18615075,-9.7197868,-17.627727,-4.8953147,79.801687,34.862702,-3.9626623,78.74953,55.795616,-5.7330473,116.20999,-60.732318,-5.6092523
0.18618127,-10.296628,-14.824671,-4.9562075,78.334541,29.775304,-3.6790044,81.323797,57.592512,-5.9949397,116.00993,-59.934682,-5.4565911
0.18621179,-10.819728,-11.904807,-5.0414517,76.675695,24.36586,-3.4512583,84.260379,58.946102,-6.3003324,115.61677,-58.853282,-5.2789758
0.18624231,-11.427072,-8.8857699,-5.1525785,74.806251,18.688826,-3.2765542,87.43367,59.995033,-6.6012066,115.0218,-57.431961,-5.0833175
0.18627283,-12.071324,-5.7851491,-5.2625364,72.741209,12.756879,-3.1282494,90.718132,60.833972,-6.8744992,114.2192,-55.596313,-4.8836283
0.18630335,-12.728557,-2.5594123,-5.3051276,70.48284,6.6094785,-2.8799224,93.951998,61.516043,-7.1043523,113.20701,-53.343407,-4.6983118
0.18633387,-13.377107,0.65775218,-5.2504529,68.024128,0.34234581,-2.68097,97.056182,62.091371,-7.272383,112.00093,-50.622756,-4.5333116
0.18636439,-14.017472,3.9384432,-5.2358709,65.375346,-6.0508124,-2.5348875,99.974111,62.600756,-7.3846253,110.6078,-47.377283,-4.3869497
0.18639492,-14.652394,7.2486918,-5.3248029,62.570484,-12.51187,-2.4110032,102.68426,63.077454,-7.4454601,109.0425,-43.547287,-4.2673813
0.18642544,-15.287095,10.492612,-5.4258046,59.685874,-18.978203,-2.2920917,105.16593,63.538961,-7.4566224,107.33001,-39.115224,-4.1740811
0.18645597,-15.893542,13.675484,-5.4383954,56.851705,-25.366928,-2.1682359,107.41477,63.98888,-7.3987735,105.52109,-34.157739,-4.1060354
0.18648649,-16.582476,16.834813,-5.3966888,54.172407,-31.552365,-2.0450222,109.42897,64.379173,-7.2808072,103.6247,-28.730411,-4.0625473
0.18651702,-17.329196,19.974702,-5.3247824,51.747942,-37.455521,-1.9436649,111.21499,64.759277,-7.0975908,101.73607,-22.914952,-4.0426873
0.18654754,-18.119322,23.073456,-5.247004,49.760637,-42.994889,-1.8685415,112.77605,65.073566,-6.8137749,99.961239,-16.806585,-4.0761583
0.18657806,-18.800913,26.064947,-5.2060034,48.205431,-48.094653,-1.8516496,114.11787,65.320127,-6.4304298,98.285397,-10.529895,-4.1482218
0.18660859,-19.349834,28.925299,-5.1460745,46.904685,-52.704462,-1.8947571,115.25112,65.459779,-5.9713139,96.820664,-4.1816338,-4.2353907
0.18663911,-19.85026,31.637077,-5.0467332,45.820322,-56.743787,-1.9951712,116.19513,65.490527,-5.483924,95.618897,2.152812,-4.329518
0.18666963,-20.343547,34.184157,-4.9412,44.931402,-60.17061,-2.154398,116.96116,65.449883,-4.9872078,94.732514,8.3404229,-4.4379177
0.18670016,-20.807574,36.576436,-4.8476638,44.355117,-62.828253,-2.3591623,117.53929,65.351366,-4.4968919,94.167883,14.275017,-4.5561782
0.18673068,-21.222532,38.805658,-4.777498,43.939685,-64.816982,-2.5971177,117.91527,65.140139,-4.0088168,93.846235,19.874948,-4.6756401
0.1867612,-21.535302,40.857979,-4.7302872,43.605291,-66.238444,-2.8691702,118.08447,64.5453,-3.5169187,93.815503,25.068296,-4.7972372
0.18679173,-21.738289,42.718961,-4.6991571,43.356949,-67.176854,-3.1796114,118.03247,63.481157,-3.027886,94.043304,29.797995,-4.9214602
0.18682225,-21.849835,44.347679,-4.6762478,43.194854,-67.691262,-3.5346035,117.74783,61.871173,-2.5627968,94.515158,34.030441,-5.0480216
0.18685277,-21.849814,45.733795,-4.6757087,43.093862,-67.810414,-3.9148491,117.23297,59.629367,-2.1279562,95.269731,37.743253,-5.1945696
0.1868833,-21.726334,46.849643,-4.7129029,43.214578,-67.559468,-4.3153004,116.46126,56.668914,-1.7156814,96.368021,40.933827,-5.3513157
0.18691382,-21.470106,47.660612,-4.7916264,43.49052,-66.960697,-4.7410962,115.45379,53.127801,-1.3352291,97.783759,43.630289,-5.5181578
0.18694434,-21.07313,48.210676,-4.8996956,43.864394,-66.026407,-5.1799909,114.17879,48.992225,-0.99735703,99.467601,45.872665,-5.7043886
0.18697486,-20.555159,48.579054,-5.0332002,44.287068,-64.763245,-5.619458,112.63454,44.223308,-0.68720917,101.37579,47.711176,-5.9028114
0.18700539,-19.92746,48.766833,-5.1932774,44.684532,-63.172657,-6.0265143,110.82547,38.827999,-0.409117,103.4398,49.214325,-6.1050796
0.18703591,-19.215776,48.739481,-5.3787373,45.008601,-61.250177,-6.3810749,108.76812,32.863357,-0.17539466,105.5992,50.445205,-6.2877438
0.18706643,-18.421326,48.490696,-5.5906469,45.225368,-58.998373,-6.6791808,106.52882,26.399474,-0.007516361,107.79732,51.477471,-6.4425823
0.18709695,-17.547568,48.034417,-5.8144951,45.308197,-56.422081,-6.9128668,104.11363,19.484712,0.08003631,109.9891,52.380199,-6.5703971
0.18712748,-16.614503,47.39416,-6.0404557,45.262222,-53.545705,-7.0892328,101.54986,12.182619,0.049730801,112.1295,53.209575,-6.663341
0.187158,-15.637075,46.53362,-6.2645304,45.097157,-50.388494,-7.2375009,98.894879,4.5861486,0.010450786,114.18729,54.001484,-6.7143619
0.18718853,-14.625384,45.452461,-6.4904305,44.798523,-46.940805,-7.3644868,96.20204,-3.1228023,-0.053072253,116.13809,54.782769,-6.7394101
0.18721905,-13.590231,44.172003,-6.7169579,44.36281,-43.206453,-7.4768678,93.50555,-10.880347,-0.23161646,117.96721,55.59892,-6.7487832
0.18724958,-12.542574,42.704418,-6.9464065,43.764816,-39.187822,-7.5815314,90.920394,-18.568921,-0.50159723,119.65913,56.43329,-6.7115168
0.1872801,-11.491645,41.061056,-7.1752519,42.971583,-34.887958,-7.6484333,88.67336,-26.026333,-0.84056313,121.20826,57.257185,-6.6108237
0.18731063,-10.44925,39.258268,-7.3986873,42.141089,-30.344729,-7.6884739,86.832075,-33.122541,-1.1838943,122.61116,58.042801,-6.4510787
0.18734115,-9.4383703,37.307455,-7.6165308,41.19994,-25.538048,-7.7193602,85.340447,-39.772421,-1.5223138,123.86991,58.772392,-6.2105546
0.18737168,-8.4556682,35.214354,-7.8223596,40.171425,-20.440456,-7.7124402,84.312045,-45.886813,-1.8580017,124.98714,59.375179,-5.8847375
0.18740221,-7.5004787,32.969292,-8.0198271,39.101549,-15.082762,-7.7449614,83.72908,-51.281815,-2.2035196,125.95749,59.850393,-5.521363
0.18743274,-6.5794934,30.577004,-8.2038205,37.841845,-9.3682846,-7.703965,83.517775,-55.89144,-2.5505285,126.77758,60.211353,-5.1220744
0.18746327,-5.659813,28.024534,-8.3488972,36.523595,-3.5647861,-7.5646153,83.559546,-59.698086,-2.8964158,127.44357,60.432197,-4.688062
0.1874938,-4.8439393,25.322299,-8.4741437,35.18684,2.4420019,-7.3490346,83.840734,-62.438534,-3.2604182,127.95258,60.518316,-4.2352967
0.18752433,-4.0171787,22.499982,-8.6168917,33.869227,8.5926147,-7.0850673,84.344318,-64.340451,-3.6398022,128.31441,60.50745,-3.774406
0.18755486,-3.2124938,19.606545,-8.758927,32.642815,14.861687,-6.8164389,85.104432,-65.640649,-4.0309299,128.50074,60.414413,-3.3005155
0.18758539,-2.533661,16.670376,-8.8454728,31.518583,21.099026,-6.5491458,86.065934,-66.488625,-4.4296324,128.47762,60.140609,-2.8131302
0.18761592,-1.8087351,13.600352,-8.9279878,30.458959,27.242323,-6.1926637,87.179458,-66.977975,-4.8277109,128.21963,59.286172,-2.3056937
0.18764646,-1.0803079,10.433463,-9.0532538,29.439138,33.188288,-5.771941,88.379671,-67.234306,-5.2174757,127.71919,57.64892,-1.7956458
0.18767699,-0.35827405,7.2085054,-9.0744192,28.686629,38.854124,-5.3409904,89.591002,-67.322827,-5.5913002,126.98341,55.147451,-1.3177736
0.18770753,0.34544193,4.0085893,-8.9652194,28.324058,44.163452,-4.9596354,90.762382,-67.276754,-5.9357764,125.99237,51.668478,-0.88936535
0.18773806,1.0093218,0.83368178,-8.8265967,28.522213,49.042535,-4.6630399,91.883798,-67.077126,-6.2369989,124.77485,47.407176,-0.50215658
0.1877686,1.6320099,-2.3898419,-8.8169321,29.227601,53.443725,-4.4565498,92.917361,-66.68394,-6.4891068,123.33274,42.436405,-0.15975706
0.18779914,2.2039309,-5.4841964,-8.7948005,30.34086,57.312113,-4.3629719,93.831193,-66.12334,-6.7027795,121.66886,36.779463,0.12220644
0.18782967,2.7486228,-8.5179473,-8.6882102,31.846786,60.628567,-4.3974017,94.598233,-65.380169,-6.8747126,119.83402,30.544506,0.3471811
0.18786021,3.2075234,-11.519293,-8.5108325,33.714224,63.427142,-4.560027,95.178829,-64.439813,-6.9980901,117.93451,23.860494,0.5031772
0.18789074,3.4904287,-14.43515,-8.2771485,35.91948,65.6939,-4.8107638,95.539657,-63.313305,-7.0778704,116.00502,16.830898,0.56650271
0.18792128,3.5972608,-17.246211,-8.0394244,38.399788,67.473473,-5.128156,95.675236,-62.017516,-7.1122709,114.06107,9.5862021,0.53964458
0.18795181,3.589932,-19.967216,-7.7880993,41.087376,68.832454,-5.4974683,95.589707,-60.522773,-7.1036322,112.17115,2.2309864,0.43006312
0.18798235,3.4655829,-22.589162,-7.5419868,43.931233,69.846716,-5.8970906,95.276631,-58.788421,-7.0642855,110.39167,-5.0895775,0.25124226
0.18801288,3.3498362,-25.014898,-7.2685809,46.927821,70.590767,-6.3228401,94.738912,-56.761251,-7.0132212,108.79123,-12.248067,0.0054259212
0.18804342,3.1577431,-27.239722,-6.9579943,50.200457,71.118483,-6.7733376,93.978452,-54.392699,-6.958096,107.40905,-19.12563,-0.30745652
0.18807395,2.8482824,-29.255375,-6.6441605,53.720269,71.44931,-7.224597,92.996032,-51.629028,-6.8958799,106.27585,-25.626167,-0.67709643
0.18810449,2.455149,-31.056212,-6.338572,57.398435,71.634098,-7.6567434,91.824239,-48.399349,-6.835763,105.43167,-31.675546,-1.0714576
0.18813502,1.9786998,-32.644821,-6.0086787,61.159835,71.711784,-8.0307653,90.466563,-44.652459,-6.7833666,104.88771,-37.196327,-1.4757526
0.18816555,1.4140297,-34.016754,-5.690511,64.823084,71.682036,-8.3338328,88.947036,-40.372612,-6.7375286,104.66192,-42.127869,-1.9014005
0.18819609,0.79022959,-35.1668,-5.3835565,68.1873,71.548972,-8.5373089,87.250609,-35.609342,-6.6914201,104.70622,-46.453428,-2.3276791
0.18822662,0.11298066,-36.073586,-5.09847,71.22591,71.279403,-8.6535162,85.410996,-30.373651,-6.6415854,105.00641,-50.217383,-2.7511231
0.18825716,-0.61052871,-36.718409,-4.8386237,73.924585,70.887254,-8.7036949,83.494082,-24.710042,-6.5718748,105.53959,-53.385088,-3.169439
0.18828769,-1.3345862,-37.095374,-4.6152597,76.310152,70.396561,-8.6892816,81.54134,-18.687372,-6.5116367,106.28224,-55.964158,-3.5779839
0.18831822,-2.0407653,-37.224175,-4.4290385,78.389733,69.749361,-8.6100549,79.530595,-12.368277,-6.4541528,107.14882,-58.008267,-3.9666827
0.18834876,-2.7195988,-37.111048,-4.280269,80.164368,68.886653,-8.4626577,77.540275,-5.7949072,-6.3903098,108.13096,-59.577235,-4.3385989
0.18837929,-3.3726068,-36.749348,-4.1675638,81.629143,67.770018,-8.2458707,75.623599,0.90164265,-6.3054379,109.18208,-60.696857,-4.7055408
0.18840983,-3.9877453,-36.1411,-4.094279,82.802114,66.435607,-7.9786605,73.861079,7.6468267,-6.1306653,110.26514,-61.462264,-5.0507173
0.18844036,-4.5953445,-35.287037,-4.0771041,83.695768,64.86883,-7.6911133,72.548229,14.316511,-6.0659959,111.3314,-61.949808,-5.3678775
0.1884709,-5.173973,-34.196346,-4.0715142,84.327406,63.04823,-7.398001,71.644262,20.725437,-6.0167059,112.3431,-62.220685,-5.6540687
0.18850143,-5.7132279,-32.879847,-4.0962367,84.68179,60.949256,-7.0961679,71.149019,26.825894,-5.9244751,113.28201,-62.344274,-5.8907782
0.18853197,-6.2462527,-31.341269,-4.1428933,84.750234,58.529661,-6.7795995,71.110118,32.506902,-5.8431292,114.12365,-62.365937,-6.0764816
0.1885625,-6.7755931,-29.594295,-4.2118895,84.585759,55.762395,-6.4341916,71.398439,37.733156,-5.7847977,114.84018,-62.301717,-6.2282104
0.18859304,-7.3088905,-27.644957,-4.3009336,84.193549,52.58755,-6.0799216,72.018701,42.419797,-5.7603376,115.44696,-62.189386,-6.3268338
0.18862358,-7.8414721,-25.504104,-4.4070181,83.56767,48.991238,-5.720664,73.156523,46.525578,-5.7874901,115.92204,-62.032136,-6.3697151
0.18865412,-8.3850978,-23.18658,-4.5218031,82.707885,44.991359,-5.3650707,74.774416,50.105499,-5.8457381,116.25028,-61.801678,-6.3582857
0.18868465,-8.9315269,-20.705736,-4.6346233,81.5849,40.613003,-5.0234459,76.770544,53.103627,-5.9541722,116.42601,-61.473484,-6.2960997
0.18871519,-9.4964911,-18.079341,-4.7335098,80.222434,35.901333,-4.663017,79.040022,55.540242,-6.132212,116.44053,-60.97555,-6.1899294
0.18874573,-10.080299,-15.311406,-4.8162223,78.778753,30.907174,-4.3183583,81.646921,57.440979,-6.3785336,116.2761,-60.235472,-6.0496634
0.18877627,-10.609431,-12.419079,-4.8978914,77.153928,25.569518,-4.0322154,84.579656,58.882791,-6.692182,115.92066,-59.217588,-5.8811915
0.18880681,-11.196868,-9.4209174,-5.0087736,75.320057,19.956317,-3.8124405,87.746922,59.99501,-7.0094313,115.36472,-57.87629,-5.6914708
0.18883736,-11.839591,-6.3500399,-5.1280441,73.284998,14.085546,-3.6537303,90.984985,60.879576,-7.3040201,114.60262,-56.135595,-5.4921401
0.1888679,-12.502511,-3.1664954,-5.2001607,71.070333,7.9778314,-3.3955624,94.170551,61.595038,-7.5685136,113.63015,-53.980959,-5.3039198
0.18889844,-13.165208,0.055901635,-5.1650307,68.645742,1.7487457,-3.0896183,97.236753,62.19408,-7.7801007,112.46102,-51.373799,-5.138188
0.18892899,-13.816524,3.3150666,-5.1178846,66.019556,-4.6126368,-2.8888573,100.12649,62.721977,-7.933059,111.09785,-48.258348,-4.9872599
0.18895953,-14.464721,6.620748,-5.1636586,63.232784,-11.054236,-2.7258287,102.81318,63.206694,-8.0276426,109.56693,-44.571739,-4.8611944
0.18899008,-15.110934,9.8643233,-5.2813746,60.328974,-17.521788,-2.573669,105.27372,63.665597,-8.0412028,107.89135,-40.277203,-4.7624794
0.18902062,-15.734031,13.051693,-5.3254818,57.482861,-23.937437,-2.3972012,107.50221,64.111304,-7.9736353,106.09221,-35.444443,-4.6868089
0.18905117,-16.390253,16.19865,-5.2894758,54.718838,-30.171469,-2.2165468,109.49776,64.501097,-7.8307459,104.21195,-30.125794,-4.6354564
0.18908172,-17.121007,19.334919,-5.2062177,52.180648,-36.142818,-2.0600752,111.26658,64.867959,-7.627109,102.29783,-24.390866,-4.61101
0.18911227,-17.891491,22.429696,-5.1120298,50.050669,-41.78151,-1.9337673,112.81471,65.178411,-7.3548144,100.45876,-18.344469,-4.6307242
0.18914281,-18.592698,25.430774,-5.0450435,48.3664,-46.988725,-1.8610098,114.14652,65.421751,-7.001892,98.750938,-12.09255,-4.6874515
0.18917336,-19.157193,28.300644,-4.9780654,46.958302,-51.72661,-1.8571326,115.27296,65.566625,-6.5706353,97.236616,-5.726866,-4.7781914
0.18920391,-19.665104,31.038155,-4.8763454,45.773895,-55.908997,-1.9131184,116.21393,65.615425,-6.0976641,95.98146,0.66970066,-4.8734554
0.18923446,-20.165166,33.614292,-4.7523338,44.795578,-59.490423,-2.0448527,116.98325,65.576157,-5.6077721,95.043562,6.9155455,-4.9719835
0.189265,-20.63525,36.021168,-4.6357573,44.124066,-62.32848,-2.2369781,117.57286,65.482007,-5.1154169,94.426265,12.942794,-5.0776071
0.18929555,-21.064281,38.264426,-4.5433825,43.694374,-64.46568,-2.4726144,117.96941,65.298431,-4.6224713,94.039667,18.663745,-5.2188108
0.1893261,-21.38588,40.330305,-4.4754732,43.361037,-66.012724,-2.7527001,118.16479,64.780038,-4.1217278,93.947867,23.977985,-5.3082214
0.18935664,-21.596809,42.210717,-4.4267707,43.115086,-67.06643,-3.0730584,118.1449,63.794053,-3.6159332,94.148579,28.841799,-5.3992562
0.18938719,-21.716969,43.866207,-4.3938391,42.958834,-67.678504,-3.4481532,117.89685,62.279952,-3.1270092,94.563918,33.218972,-5.5011537
0.18941774,-21.720549,45.287492,-4.3832256,42.870476,-67.891819,-3.8587533,117.41563,60.153387,-2.6687183,95.304689,37.060168,-5.6262291
0.18944828,-21.607594,46.446722,-4.4110334,43.004875,-67.725585,-4.2984394,116.68829,57.32357,-2.2351698,96.393443,40.376026,-5.7773639
0.18947883,-21.36853,47.308951,-4.4876442,43.302163,-67.208866,-4.7644304,115.72218,53.917939,-1.8315259,97.789617,43.18898,-5.953996
0.18950938,-20.993081,47.902328,-4.6026649,43.704368,-66.349439,-5.254462,114.48918,49.93386,-1.4638833,99.44767,45.531372,-6.1529974
0.18953992,-20.494831,48.286252,-4.7495661,44.158861,-65.170105,-5.7587572,112.9891,45.326106,-1.1273793,101.3263,47.457242,-6.3609956
0.18957047,-19.889236,48.492764,-4.9296063,44.594364,-63.669905,-6.2494328,111.21286,40.088653,-0.83517473,103.36473,49.031022,-6.5732952
0.18960101,-19.198829,48.486872,-5.1415607,44.962683,-61.844819,-6.6875604,109.13931,34.26277,-0.57063793,105.50496,50.317022,-6.7735066
0.18963156,-18.427604,48.258113,-5.3868508,45.224064,-59.690243,-7.0667671,106.92803,27.939588,-0.35114962,107.69247,51.383952,-6.9427715
0.18966211,-17.57664,47.815706,-5.6555802,45.358436,-57.211803,-7.3782401,104.54034,21.173382,-0.21506895,109.87746,52.30456,-7.0809485
0.18969265,-16.665574,47.188204,-5.9348454,45.352542,-54.41612,-7.6171452,101.99544,13.983465,-0.16654135,112.0151,53.139094,-7.1863916
0.1897232,-15.71236,46.359138,-6.2184616,45.230371,-51.335997,-7.8140945,99.332418,6.4920129,-0.17902908,114.0749,53.929999,-7.2533033
0.18975374,-14.724317,45.304058,-6.5043508,44.971731,-47.966409,-7.9833685,96.628115,-1.1797167,-0.26179307,116.03059,54.704483,-7.2916217
0.18978429,-13.712916,44.046415,-6.7911595,44.573132,-44.304171,-8.1252678,93.912908,-8.9327221,-0.41333286,117.86244,55.495565,-7.3033165
0.18981484,-12.688688,42.600186,-7.0789721,44.017881,-40.362354,-8.2574197,91.280192,-16.65427,-0.64641257,119.55871,56.308754,-7.2668492
0.18984539,-11.659818,40.97601,-7.3673396,43.254056,-36.134246,-8.3416629,88.953848,-24.195072,-0.95758677,121.10972,57.121765,-7.1648169
0.18987593,-10.642335,39.193619,-7.6442728,42.46087,-31.669604,-8.4039837,87.063404,-31.417123,-1.2918653,122.51617,57.910756,-6.9917961
0.18990648,-9.6548469,37.261842,-7.9112421,41.54678,-26.924829,-8.438576,85.4608,-38.178972,-1.626035,123.78064,58.652039,-6.7535596
0.18993703,-8.6948014,35.185981,-8.1577466,40.538043,-21.910946,-8.4492696,84.331373,-44.475834,-1.9689384,124.90615,59.271643,-6.4382007
0.18996758,-7.7575912,32.960022,-8.3916499,39.477792,-16.636827,-8.4760696,83.654196,-50.081391,-2.3204308,125.88732,59.765833,-6.0846737
0.18999813,-6.8473822,30.588677,-8.6142027,38.257748,-11.032968,-8.4871123,83.345098,-54.909746,-2.6775459,126.72037,60.140545,-5.6938017
0.19002868,-5.9694524,28.065568,-8.810079,36.969316,-5.1806056,-8.3834002,83.350058,-58.924851,-3.0362158,127.40174,60.387573,-5.2653633
0.19005923,-5.1470369,25.398483,-8.9794406,35.633989,0.76303096,-8.1695232,83.607789,-61.946423,-3.4107057,127.92643,60.49692,-4.8096993
0.19008978,-4.334653,22.607531,-9.1419813,34.299918,6.857301,-7.9371941,84.101559,-64.049005,-3.803193,128.30241,60.499688,-4.3394177
0.19012034,-3.5356822,19.740963,-9.318681,33.023894,13.092114,-7.6185491,84.863648,-65.496169,-4.2078292,128.5083,60.418513,-3.8555721
0.19015089,-2.8367215,16.823792,-9.4536788,31.866245,19.367281,-7.311399,85.835838,-66.448402,-4.624802,128.50987,60.22068,-3.3529377
0.19018144,-2.1733146,13.801789,-9.5692389,30.817016,25.563284,-6.9816485,86.958812,-67.010848,-5.0469011,128.27814,59.513749,-2.828417
0.190212,-1.4762594,10.677251,-9.6678977,29.750024,31.567033,-6.5131728,88.193366,-67.31104,-5.4706396,127.80286,58.08685,-2.2950548
0.19024256,-0.76724153,7.4918669,-9.7146877,28.903639,37.31967,-6.0279792,89.45789,-67.440315,-5.8865808,127.08761,55.810339,-1.7791602
0.19027311,-0.076914981,4.3224181,-9.6225652,28.451039,42.745584,-5.5595736,90.685751,-67.434689,-6.2790159,126.12058,52.590122,-1.3089641
0.19030367,0.57386511,1.1743002,-9.4829404,28.469061,47.771931,-5.1794493,91.843537,-67.303373,-6.6415137,124.93073,48.523469,-0.8867433
0.19033423,1.2048521,-2.0154934,-9.4374689,29.072666,52.333463,-4.9044957,92.915682,-66.985331,-6.944331,123.51808,43.756621,-0.50839216
0.19036479,1.8100344,-5.0783041,-9.3913242,30.108042,56.360108,-4.7248136,93.871657,-66.475173,-7.2135745,121.87892,38.294599,-0.18069564
0.19039535,2.3892914,-8.0750749,-9.2463196,31.557545,59.845657,-4.688405,94.681842,-65.776564,-7.4357313,120.06965,32.22626,0.084179953
0.19042591,2.9083048,-11.038184,-9.0353055,33.387032,62.806139,-4.7969084,95.310053,-64.885608,-7.6058053,118.16057,25.672791,0.27105677
0.19045647,3.2441138,-13.920605,-8.7721233,35.556165,65.230483,-5.0194565,95.724009,-63.796609,-7.7274493,116.20536,18.74602,0.37481514
0.19048702,3.3990456,-16.701573,-8.488844,38.022077,67.149724,-5.3306205,95.914571,-62.544769,-7.8028133,114.24688,11.552636,0.38370828
0.19051758,3.4274045,-19.39237,-8.1956296,40.713358,68.621198,-5.709795,95.886255,-61.107064,-7.8326889,112.33531,4.2200184,0.29189291
0.19054814,3.3381618,-21.968311,-7.906462,43.567714,69.72606,-6.1276622,95.6279,-59.439612,-7.8258339,110.52867,-3.128393,0.12898797
0.1905787,3.2537491,-24.362515,-7.5949567,46.52623,70.536487,-6.575067,95.143092,-57.502394,-7.8003817,108.89025,-10.348656,-0.072537914
0.19060926,3.1057928,-26.559408,-7.2392901,49.745874,71.106764,-7.0566509,94.440863,-55.240845,-7.7674937,107.46592,-17.315528,-0.38982017
0.19063982,2.8459423,-28.559582,-6.8726668,53.216106,71.467471,-7.5448128,93.518694,-52.593103,-7.7254542,106.28968,-23.939368,-0.77077841
0.19067038,2.4874604,-30.355316,-6.5007338,56.857183,71.682427,-8.0352427,92.408863,-49.510962,-7.6834746,105.40631,-30.1373,-1.1749149
0.19070094,2.0343151,-31.93775,-6.1257997,60.589422,71.791636,-8.4628937,91.104819,-45.919273,-7.6421343,104.80136,-35.813133,-1.6010092
0.19073149,1.4636785,-33.305722,-5.7527293,64.247837,71.797039,-8.8333216,89.632461,-41.789287,-7.6086482,104.5282,-40.91725,-2.0432467
0.19076205,0.81968523,-34.45067,-5.4122138,67.616967,71.705265,-9.1146668,87.973714,-37.181927,-7.5809312,104.52519,-45.413509,-2.48873
0.19079261,0.12523691,-35.357071,-5.0876434,70.665131,71.500788,-9.3201769,86.141964,-32.074667,-7.542075,104.78949,-49.339433,-2.930321
0.19082317,-0.61826252,-36.021543,-4.7860839,73.375547,71.157616,-9.4260034,84.270564,-26.549605,-7.4966179,105.29948,-52.675912,-3.3717277
0.19085373,-1.370301,-36.420421,-4.5206935,75.772609,70.690625,-9.4349024,82.333193,-20.639305,-7.4340748,106.03351,-55.419698,-3.8043394
0.19088428,-2.1121041,-36.57251,-4.2969021,77.865116,70.061344,-9.3688577,80.401965,-14.390233,-7.3799567,106.90353,-57.607181,-4.2193882
0.19091484,-2.8300433,-36.48579,-4.1171377,79.660328,69.232858,-9.2337119,78.386769,-7.9040292,-7.3207091,107.89629,-59.312033,-4.6166274
0.1909454,-3.5202841,-36.157267,-3.9785563,81.146441,68.136172,-9.0403735,76.43051,-1.212018,-7.2283579,108.9698,-60.54494,-5.0062486
0.19097596,-4.1625786,-35.585392,-3.8791013,82.337764,66.812357,-8.8085951,74.607416,5.5093098,-7.1027345,110.08167,-61.407421,-5.3854772
0.19100652,-4.8215197,-34.773083,-3.8471973,83.253253,65.260612,-8.5563345,73.140588,12.190759,-7.0081641,111.19074,-61.962929,-5.7317736
0.19103707,-5.4490139,-33.729211,-3.8357112,83.905116,63.466749,-8.2900853,72.103528,18.700474,-6.9061872,112.24978,-62.284759,-6.0531532
0.19106763,-6.0359119,-32.460767,-3.8586589,84.292909,61.412812,-8.012483,71.451713,24.938599,-6.8432738,113.23701,-62.444866,-6.3381904
0.19109819,-6.5959118,-30.976906,-3.9142636,84.408321,59.048005,-7.7193689,71.264412,30.781724,-6.7196705,114.12687,-62.487424,-6.5540812
0.19112875,-7.1437973,-29.286791,-3.9950734,84.261563,56.345903,-7.4004003,71.480633,36.19488,-6.6068712,114.90712,-62.443361,-6.7459767
0.19115931,-7.6843025,-27.399206,-4.1018393,83.896251,53.268094,-7.05115,71.912722,41.086049,-6.5388529,115.56232,-62.341346,-6.8879661
0.19118987,-8.2178678,-25.322938,-4.2291815,83.309738,49.770931,-6.6823428,72.937765,45.377186,-6.5086272,116.08306,-62.19911,-6.9733831
0.19122043,-8.7545232,-23.074025,-4.3669145,82.49748,45.874152,-6.3122578,74.473431,49.145295,-6.5119793,116.46102,-61.996019,-7.0019003
0.19125099,-9.288018,-20.662166,-4.5086063,81.436619,41.604325,-5.9485891,76.438093,52.343771,-6.5668609,116.688,-61.705803,-6.9760723
0.19128155,-9.8261758,-18.101474,-4.639339,80.107872,37.004239,-5.5609435,78.710516,54.974684,-6.7075195,116.75227,-61.268838,-6.901112
0.19131212,-10.393792,-15.410868,-4.74602,78.69765,32.127596,-5.1672859,81.319528,57.056732,-6.9237009,116.64273,-60.588982,-6.7864112
0.19134268,-10.920828,-12.604956,-4.8495157,77.11285,26.902436,-4.8292023,84.191392,58.659328,-7.2300834,116.34622,-59.642833,-6.6409652
0.19137324,-11.492881,-9.6999957,-4.9721071,75.325954,21.404911,-4.5625229,87.31444,59.882611,-7.5610898,115.84954,-58.393161,-6.4690835
0.19140381,-12.141032,-6.6804121,-5.0954841,73.339401,15.659123,-4.3640612,90.529088,60.84471,-7.8748507,115.14866,-56.769219,-6.281192
0.19143437,-12.795504,-3.5913402,-5.1893478,71.18253,9.6698943,-4.0752459,93.701643,61.615843,-8.1763111,114.23929,-54.735951,-6.0979099
0.19146494,-13.447049,-0.42484516,-5.1840108,68.806821,3.5581474,-3.7214436,96.772867,62.250563,-8.430748,113.12701,-52.276698,-5.9332383
0.1914955,-14.093463,2.7440708,-5.1238051,66.221926,-2.6954281,-3.4676829,99.680257,62.797606,-8.6211195,111.82591,-49.333241,-5.7859386
0.19152607,-14.739907,5.9460025,-5.1642383,63.47963,-9.0382299,-3.2502708,102.38641,63.286129,-8.7657819,110.35261,-45.840789,-5.6599784
0.19155664,-15.37943,9.1169331,-5.283028,60.573801,-15.423341,-3.0513342,104.8726,63.735256,-8.8249946,108.71498,-41.751309,-5.5606916
0.19158721,-16.005947,12.215085,-5.3408102,57.690822,-21.787766,-2.8185897,107.12977,64.163806,-8.7809686,106.9418,-37.104312,-5.4837811
0.19161778,-16.632824,15.297935,-5.3159255,54.83251,-27.991507,-2.586001,109.1548,64.546993,-8.6454131,105.09736,-31.951696,-5.4288649
0.19164835,-17.341421,18.359385,-5.2314604,52.17836,-33.970715,-2.3718491,110.95243,64.888572,-8.4396407,103.1618,-26.3495,-5.4042424
0.19167892,-18.083337,21.371215,-5.1327761,49.872441,-39.644721,-2.1735417,112.5297,65.191007,-8.159019,101.27785,-20.415111,-5.4160433
0.19170949,-18.783174,24.302382,-5.0495075,48.005824,-44.930482,-2.0233257,113.89232,65.429962,-7.812077,99.528374,-14.232567,-5.4603323
0.19174006,-19.36018,27.113287,-4.9731775,46.412457,-49.769996,-1.9473415,115.05375,65.57596,-7.4021601,97.94448,-7.8956737,-5.548832
0.19177064,-19.883368,29.813494,-4.8659386,45.04812,-54.092416,-1.9539586,116.0285,65.641983,-6.9355473,96.595711,-1.5230918,-5.6372102
0.19180121,-20.397295,32.363614,-4.7313271,43.916541,-57.838207,-2.0473882,116.82929,65.622913,-6.4431101,95.545765,4.7784477,-5.7259071
0.19183179,-20.886235,34.738522,-4.5961493,43.074179,-60.94442,-2.2207831,117.45544,65.535775,-5.9407926,94.836403,10.924888,-5.8147949
0.19186236,-21.335415,36.939846,-4.4823025,42.565078,-63.320088,-2.4574021,117.89458,65.382824,-5.4373648,94.366627,16.748816,-5.9242087
0.19189293,-21.693899,38.971892,-4.3954645,42.201007,-65.085181,-2.7493336,118.13321,64.962574,-4.9224311,94.179508,22.211731,-6.0204958
0.19192351,-21.950511,40.822053,-4.3318135,41.919324,-66.320784,-3.0920377,118.17018,64.093896,-4.4007882,94.292655,27.248199,-6.1117868
0.19195408,-22.122907,42.457648,-4.2889045,41.730475,-67.093557,-3.4897147,117.98285,62.706302,-3.8877125,94.654917,31.793472,-6.2052233
0.19198465,-22.177935,43.874352,-4.268706,41.617834,-67.450555,-3.9391349,117.56075,60.744156,-3.4007606,95.290157,35.822098,-6.3126665
0.19201523,-22.12996,45.022238,-4.2885333,41.703103,-67.41929,-4.4292343,116.90566,58.123938,-2.9468457,96.266374,39.328888,-6.4429092
0.1920458,-21.959606,45.933906,-4.3565538,41.967554,-67.024329,-4.9526881,115.99959,54.895993,-2.5212367,97.56114,42.319395,-6.5976292
0.19207637,-21.655934,46.576351,-4.4693371,42.347636,-66.284437,-5.5081115,114.83411,51.102936,-2.1247038,99.136607,44.824566,-6.7725595
0.19210695,-21.230552,46.982872,-4.6221811,42.797371,-65.220629,-6.0918791,113.39635,46.710317,-1.765765,100.94894,46.897203,-6.9650281
0.19213752,-20.703382,47.2128,-4.8127497,43.24821,-63.838115,-6.6806797,111.67851,41.713877,-1.4486524,102.9367,48.593275,-7.1681082
0.19216809,-20.092614,47.236186,-5.0424838,43.643828,-62.129852,-7.2385324,109.67532,36.13286,-1.1466508,105.05196,49.973979,-7.3645274
0.19219866,-19.399558,47.039879,-5.3085866,43.945465,-60.095624,-7.729011,107.52093,30.051753,-0.90224134,107.23066,51.112251,-7.5367978
0.19222924,-18.638043,46.622484,-5.6078091,44.1282,-57.739574,-8.1464403,105.16862,23.502132,-0.72245256,109.41875,52.079414,-7.6869031
0.19225981,-17.827577,46.036177,-5.92998,44.171016,-55.060948,-8.4786233,102.63871,16.506286,-0.6134478,111.57628,52.934577,-7.8029404
0.19229038,-16.979772,45.269253,-6.2617573,44.105138,-52.100561,-8.7447091,99.982546,9.1835276,-0.5827412,113.66373,53.730366,-7.8812877
0.19232095,-16.091328,44.271692,-6.5959322,43.895784,-48.849558,-8.9633168,97.275542,1.6068783,-0.61933543,115.65192,54.499211,-7.940655
0.19235153,-15.171169,43.066018,-6.9319971,43.553474,-45.311964,-9.1442738,94.542085,-6.0695442,-0.68060464,117.52078,55.262301,-7.958178
0.1923821,-14.229543,41.672566,-7.2708976,43.065651,-41.501719,-9.3068669,91.836158,-13.756801,-0.88355746,119.25804,56.051746,-7.9270323
0.19241267,-13.278521,40.105323,-7.6063708,42.394022,-37.40796,-9.42863,89.369565,-21.338869,-1.1648592,120.85151,56.842718,-7.8351378
0.19244325,-12.335143,38.382545,-7.9275263,41.593687,-33.044883,-9.5123702,87.284459,-28.653221,-1.4873636,122.30008,57.624077,-7.669412
0.19247382,-11.416302,36.509231,-8.2333863,40.743299,-28.438992,-9.5630561,85.503396,-35.560938,-1.8146808,123.60679,58.366798,-7.4336357
0.1925044,-10.512885,34.488273,-8.5202613,39.796167,-23.575233,-9.6029894,84.191352,-42.034143,-2.14911,124.77468,59.016101,-7.1361545
0.19253497,-9.621548,32.318745,-8.7850882,38.767649,-18.434137,-9.6338762,83.32862,-47.910523,-2.4856743,125.79982,59.541788,-6.7980951
0.19256555,-8.7566536,30.008089,-9.0314325,37.6773,-13.001913,-9.6822801,82.862109,-53.043277,-2.8388865,126.67846,59.946478,-6.4215692
0.19259612,-7.9130602,27.558178,-9.2617576,36.42706,-7.2886444,-9.6121425,82.715985,-57.379537,-3.2006698,127.40467,60.232295,-6.006214
0.1926267,-7.0960666,24.968875,-9.4527013,35.125511,-1.50016,-9.4446017,82.86918,-60.844089,-3.5791583,127.97458,60.370366,-5.5567706
0.19265728,-6.2535947,22.262018,-9.6287724,33.809022,4.4707915,-9.2325944,83.268063,-63.256657,-3.9889807,128.38453,60.398884,-5.0854703
0.19268786,-5.482038,19.482669,-9.81323,32.519819,10.58921,-8.9186121,83.975329,-64.939053,-4.4222468,128.63461,60.3383,-4.5990736
0.19271844,-4.7811749,16.640098,-9.9915456,31.335285,16.799526,-8.6178807,84.923589,-66.069618,-4.8717018,128.69129,60.180449,-4.0879941
0.19274902,-4.0972142,13.72145,-10.130456,30.268228,22.944774,-8.2335329,86.036136,-66.765683,-5.3439457,128.52399,59.677261,-3.5582777
0.1927796,-3.439495,10.6891,-10.274617,29.143361,28.954841,-7.7825479,87.270293,-67.147916,-5.8281211,128.1119,58.530799,-3.0103013
0.19281018,-2.8184657,7.5946173,-10.328847,28.177038,34.770855,-7.2237747,88.573831,-67.348859,-6.3044079,127.45674,56.566963,-2.4636313
0.19284076,-2.1564741,4.4922964,-10.258622,27.546698,40.292901,-6.6720798,89.873352,-67.394777,-6.7716556,126.56283,53.718711,-1.9576649
0.19287134,-1.5078413,1.4096496,-10.120788,27.304956,45.45433,-6.1802291,91.097659,-67.311739,-7.2158224,125.43022,49.95313,-1.5012971
0.19290192,-0.84423017,-1.6883366,-10.072372,27.69109,50.172212,-5.7767326,92.219201,-67.075087,-7.607764,124.06407,45.489786,-1.0867942
0.19293251,-0.17868448,-4.6544344,-10.039205,28.516196,54.419234,-5.4908206,93.226895,-66.648272,-7.9636462,122.46916,40.3239,-0.71887946
0.19296309,0.50085824,-7.5593476,-9.8983156,29.784187,58.143701,-5.3318121,94.093576,-66.014941,-8.2633404,120.68469,34.513466,-0.41214385
0.19299368,1.1882392,-10.421223,-9.6600043,31.444815,61.332264,-5.3353483,94.787098,-65.188319,-8.5032015,118.75014,28.168736,-0.17805963
0.19302426,1.6965084,-13.203715,-9.3387911,33.455631,63.992364,-5.4834251,95.275983,-64.169689,-8.6848915,116.78146,21.416479,-0.021681899
0.19305485,2.0170846,-15.90202,-8.9905326,35.80787,66.123983,-5.744308,95.548063,-62.983133,-8.8151325,114.80064,14.348608,0.026381449
0.19308544,2.186734,-18.500009,-8.6395397,38.411981,67.79991,-6.0951374,95.600631,-61.619121,-8.8936426,112.84682,7.0753819,-0.055365971
0.19311603,2.2145868,-20.97855,-8.2975834,41.211272,69.072755,-6.5141917,95.430914,-60.042472,-8.9260471,110.98114,-0.26823155,-0.18007683
0.19314662,2.2420867,-23.298192,-7.9439464,44.142328,70.013953,-6.9733603,95.037827,-58.220128,-8.933429,109.25958,-7.5269582,-0.3872851
0.1931772,2.2130038,-25.445387,-7.5521898,47.210993,70.694764,-7.4730581,94.428544,-56.098967,-8.9253676,107.74119,-14.602479,-0.67376854
0.19320779,2.0712633,-27.407973,-7.1417092,50.528822,71.14302,-8.006299,93.609347,-53.629541,-8.906662,106.45981,-21.376162,-1.0262411
0.19323838,1.7782669,-29.16868,-6.7245323,54.053288,71.427034,-8.5534975,92.590294,-50.749029,-8.883009,105.43739,-27.748258,-1.4292143
0.19326897,1.3591945,-30.724858,-6.2992042,57.697324,71.590552,-9.0903793,91.374198,-47.387262,-8.8598161,104.73223,-33.646791,-1.862793
0.19329955,0.8426809,-32.068383,-5.9101747,61.38948,71.647291,-9.561111,89.977389,-43.515265,-8.8417716,104.35496,-39.004245,-2.310701
0.19333014,0.24559091,-33.196174,-5.537871,64.845644,71.607031,-9.9591259,88.414273,-39.147743,-8.8259921,104.26044,-43.753608,-2.7748004
0.19336073,-0.40741181,-34.090491,-5.1827286,67.993329,71.445342,-10.24042,86.697466,-34.307052,-8.7959622,104.43773,-47.918874,-3.237554
0.19339131,-1.1219241,-34.754359,-4.8515947,70.816122,71.157843,-10.447611,84.880139,-29.019543,-8.7606051,104.88078,-51.504957,-3.6996106
0.1934219,-1.8780361,-35.17459,-4.5547232,73.315176,70.742507,-10.540241,82.980642,-23.3189,-8.6981237,105.56462,-54.491237,-4.1529306
0.19345249,-2.6312471,-35.350409,-4.2994242,75.511472,70.15658,-10.532182,81.050599,-17.281884,-8.6580676,106.40179,-56.895308,-4.5936192
0.19348307,-3.3736092,-35.297838,-4.0889043,77.413555,69.389137,-10.442664,79.062984,-10.986251,-8.6253385,107.37823,-58.786444,-5.0176979
0.19351366,-4.0854763,-35.018381,-3.9174307,79.016228,68.37451,-10.280829,77.10644,-4.4043848,-8.5489192,108.45635,-60.190815,-5.432789
0.19354425,-4.8142567,-34.506888,-3.8226525,80.316085,67.123898,-10.070507,75.216089,2.238537,-8.4354188,109.58765,-61.18337,-5.83727
0.19357483,-5.536713,-33.766746,-3.7504913,81.334843,65.655886,-9.8280674,73.490684,8.9199209,-8.2676531,110.73321,-61.838744,-6.229317
0.19360542,-6.2258414,-32.807595,-3.7265856,82.087454,63.957463,-9.5715334,72.249389,15.524721,-8.1450792,111.84777,-62.239152,-6.5921681
0.19363601,-6.8809565,-31.633607,-3.7413918,82.588606,62.016186,-9.3017889,71.35772,21.856571,-8.011232,112.89449,-62.450812,-6.9247907
0.1936666,-7.4939626,-30.255272,-3.7959185,82.821466,59.790946,-9.017677,70.927772,27.888239,-7.8563047,113.85172,-62.531055,-7.2069684
0.19369718,-8.0747654,-28.677923,-3.8831128,82.782317,57.244985,-8.715765,70.941188,33.51044,-7.7088292,114.70107,-62.514665,-7.437039
0.19372777,-8.6515178,-26.906184,-3.9984188,82.524842,54.347312,-8.3751495,71.247207,38.65408,-7.5836959,115.42739,-62.426686,-7.6289858
0.19375836,-9.2218317,-24.953589,-4.1452721,82.047314,51.036014,-8.0041359,71.979724,43.247134,-7.4851658,116.02122,-62.295565,-7.7644521
0.19378895,-9.7892552,-22.838917,-4.3068661,81.348071,47.333844,-7.6246252,73.226458,47.269483,-7.4393266,116.47684,-62.118983,-7.8411386
0.19381954,-10.351934,-20.569987,-4.4749596,80.408994,43.262289,-7.2418128,74.993549,50.766807,-7.414287,116.7802,-61.863519,-7.8587518
0.19385013,-10.906842,-18.154413,-4.6405561,79.210369,38.857885,-6.8354847,77.136425,53.704149,-7.4830401,116.92423,-61.481512,-7.824715
0.19388072,-11.458192,-15.608489,-4.7770474,77.894924,34.169146,-6.4263309,79.606731,56.099917,-7.644889,116.90243,-60.880069,-7.7448496
0.19391131,-11.971901,-12.947716,-4.911802,76.412107,29.173362,-6.0322604,82.396656,57.982887,-7.8994137,116.69262,-60.020614,-7.6276146
0.1939419,-12.516399,-10.199958,-5.0521251,74.750854,23.894672,-5.7018084,85.406933,59.421305,-8.2330136,116.2893,-58.879911,-7.4804226
0.19397249,-13.137748,-7.3586327,-5.1956344,72.894587,18.371115,-5.4663539,88.590459,60.538498,-8.5798812,115.68593,-57.401758,-7.3138576
0.19400308,-13.782588,-4.4271385,-5.3108099,70.856634,12.64849,-5.156861,91.811729,61.423096,-8.9062448,114.87364,-55.536126,-7.1450778
0.19403368,-14.431865,-1.3899206,-5.3334682,68.633529,6.7346773,-4.8424881,94.956111,62.138398,-9.2107209,113.85555,-53.282142,-6.9886765
0.19406427,-15.078115,1.6210039,-5.2863556,66.210997,0.70852432,-4.4758729,97.961942,62.731873,-9.459336,112.64497,-50.575873,-6.8541989
0.19409486,-15.71945,4.6910781,-5.2967017,63.592519,-5.421125,-4.2045607,100.77944,63.238683,-9.6378539,111.24834,-47.36791,-6.7382946
0.19412546,-16.340677,7.6825819,-5.3838738,60.811011,-11.606648,-3.9598205,103.38119,63.690374,-9.7650855,109.68833,-43.588148,-6.647503
0.19415605,-16.944188,10.613445,-5.4780061,57.907466,-17.780766,-3.698323,105.75492,64.106993,-9.7864312,107.98507,-39.22524,-6.5793171
0.19418665,-17.514754,13.565153,-5.4820417,55.06032,-23.89486,-3.424921,107.89485,64.49387,-9.70537,106.17506,-34.346494,-6.5367971
0.19421725,-18.17515,16.494419,-5.4173513,52.290712,-29.829102,-3.134807,109.80188,64.828679,-9.5381055,104.30275,-29.004853,-6.5111272
0.19424785,-18.864596,19.39567,-5.3098096,49.709322,-35.512468,-2.8698339,111.48808,65.123422,-9.3170538,102.39423,-23.270314,-6.5129219
0.19427845,-19.573871,22.234699,-5.2137732,47.510356,-40.87848,-2.6342861,112.95577,65.362007,-9.018705,100.59603,-17.232434,-6.5471536
0.19430905,-20.198873,24.959175,-5.123439,45.661759,-45.8389,-2.4545559,114.21393,65.525411,-8.6485587,98.894046,-11.014961,-6.6058793
0.19433965,-20.74433,27.56975,-5.0152054,44.042715,-50.349385,-2.3622387,115.27374,65.603589,-8.1965171,97.373651,-4.6997945,-6.6853553
0.19437025,-21.278132,30.045688,-4.8848585,42.662734,-54.350825,-2.3688521,116.15346,65.59689,-7.6841166,96.139471,1.638123,-6.7447507
0.19440085,-21.798614,32.369134,-4.7429752,41.505519,-57.798184,-2.4801944,116.8658,65.531854,-7.1555329,95.242239,7.8137561,-6.8442129
0.19443145,-22.287963,34.533244,-4.6155911,40.672155,-60.648172,-2.6849666,117.39818,65.410689,-6.6184556,94.647136,13.766,-6.935725
0.19446206,-22.722221,36.521264,-4.5109018,40.160246,-62.833094,-2.9620148,117.7394,65.152047,-6.0740538,94.292817,19.414814,-7.0608502
0.19449266,-23.069606,38.332599,-4.4339197,39.782884,-64.449437,-3.3046528,117.88153,64.50168,-5.5244813,94.233303,24.655204,-7.1258943
0.19452326,-23.337129,39.94477,-4.3823433,39.490518,-65.562195,-3.7135021,117.80603,63.371599,-4.9773692,94.466261,29.443209,-7.1870454
0.19455386,-23.503064,41.356092,-4.3561354,39.277993,-66.215678,-4.1811385,117.50894,61.684682,-4.4527819,94.919149,33.747719,-7.251104
0.19458447,-23.561001,42.531185,-4.3654735,39.128635,-66.458829,-4.7025482,116.98305,59.393192,-3.9709485,95.699157,37.528388,-7.3353088
0.19461507,-23.504816,43.50955,-4.4217951,39.206864,-66.324358,-5.2713412,116.19912,56.468165,-3.5185948,96.817438,40.79108,-7.443096
0.19464567,-23.336324,44.257517,-4.5279965,39.444772,-65.827181,-5.8776997,115.18758,53.013462,-3.1039896,98.239133,43.557609,-7.5772552
0.19467627,-23.050386,44.735835,-4.6780612,39.793233,-64.986368,-6.5261917,113.90053,49.010605,-2.7305895,99.926425,45.866323,-7.7346204
0.19470687,-22.663591,45.032234,-4.8760253,40.203029,-63.832403,-7.1938265,112.3495,44.420881,-2.3831593,101.83907,47.763473,-7.909215
0.19473747,-22.184611,45.145804,-5.1158522,40.603409,-62.34777,-7.8600768,110.54366,39.258937,-2.0684663,103.90742,49.31668,-8.0925309
0.19476808,-21.631324,45.044218,-5.3966278,40.942547,-60.539498,-8.4877698,108.44758,33.555025,-1.7970209,106.0736,50.588457,-8.2629007
0.19479868,-21.014341,44.735814,-5.7121025,41.184233,-58.410441,-9.0314982,106.22371,27.389117,-1.5802448,108.28322,51.646272,-8.4209641
0.19482928,-20.350549,44.254335,-6.0548245,41.308424,-55.961921,-9.4838588,103.816,20.796435,-1.441731,110.48601,52.557626,-8.5525972
0.19485988,-19.633589,43.609314,-6.413666,41.309312,-53.223115,-9.8450187,101.24143,13.807187,-1.4155247,112.63552,53.381201,-8.6514963
0.19489048,-18.872502,42.757281,-6.7790849,41.19868,-50.205399,-10.127549,98.561549,6.5396582,-1.3973072,114.70127,54.156037,-8.7278062
0.19492109,-18.076931,41.681669,-7.1429256,40.963348,-46.909343,-10.368722,95.840841,-0.90727521,-1.4578106,116.65723,54.911691,-8.7675495
0.19495169,-17.25635,40.419486,-7.5075056,40.587919,-43.334418,-10.571582,93.078926,-8.4653009,-1.5220088,118.48601,55.674095,-8.7551732
0.19498229,-16.421451,38.98638,-7.8756946,40.070982,-39.488959,-10.738399,90.389555,-15.985936,-1.7295754,120.1724,56.444294,-8.691732
0.19501289,-15.593932,37.397035,-8.239987,39.363893,-35.373761,-10.841212,87.986451,-23.354547,-1.9997727,121.71359,57.207674,-8.5533842
0.1950435,-14.78113,35.656189,-8.5824422,38.645956,-31.024348,-10.919967,85.965009,-30.456443,-2.3082944,123.10975,57.95794,-8.3487608
0.1950741,-13.96174,33.775207,-8.9005013,37.809138,-26.417167,-10.969612,84.219505,-37.110794,-2.6044546,124.36408,58.641886,-8.0903791
0.1951047,-13.144551,31.748757,-9.1902697,36.888952,-21.55538,-11.019039,82.949463,-43.33218,-2.9171649,125.47814,59.209717,-7.7693963
0.19513531,-12.332249,29.580184,-9.4581807,35.913037,-16.456234,-11.101059,82.109322,-48.954926,-3.2476758,126.44478,59.655582,-7.4087691
0.19516591,-11.526084,27.271779,-9.6952744,34.802704,-11.041586,-11.058062,81.595884,-53.850765,-3.5870888,127.26257,59.990352,-7.0089578
0.19519652,-10.729707,24.838704,-9.9119869,33.618583,-5.4247491,-10.969475,81.414769,-57.954878,-3.9398038,127.92829,60.184742,-6.5729622
0.19522712,-9.9497023,22.29157,-10.119056,32.379205,0.30350254,-10.730513,81.547441,-61.127496,-4.3199204,128.43294,60.260207,-6.110398
0.19525773,-9.1916329,19.67243,-10.309501,31.13331,6.1856222,-10.447879,81.985022,-63.383014,-4.7472692,128.78639,60.236786,-5.6284736
0.19528834,-8.46775,16.974348,-10.478406,29.925662,12.183108,-10.155376,82.728857,-64.946319,-5.2093885,128.96289,60.130089,-5.1289263
0.19531894,-7.7089768,14.195779,-10.623011,28.819457,18.261063,-9.7711491,83.71057,-65.968095,-5.6980322,128.92686,59.879293,-4.6087631
0.19534955,-7.0030177,11.33962,-10.758202,27.805421,24.247192,-9.3042896,84.853519,-66.592087,-6.2191426,128.65509,59.100871,-4.0585359
0.19538016,-6.3144967,8.4027742,-10.830036,26.734172,30.090342,-8.7012339,86.105767,-66.951921,-6.7633249,128.13518,57.625076,-3.5049109
0.19541077,-5.6234794,5.4123626,-10.790569,25.840391,35.725264,-8.0332705,87.416592,-67.133371,-7.3055148,127.37549,55.322912,-2.9680707
0.19544138,-4.9295837,2.4341595,-10.693045,25.313586,41.060412,-7.3953148,88.722939,-67.133967,-7.8406274,126.35984,52.112096,-2.4813379
0.19547199,-4.2088507,-0.53912102,-10.65258,25.172108,46.043866,-6.8323473,89.937171,-66.985464,-8.3520845,125.12313,48.132278,-2.0461539
0.1955026,-3.4558415,-3.3847942,-10.644529,25.644963,50.595834,-6.3793006,91.036312,-66.678829,-8.8184717,123.66172,43.477154,-1.6573285
0.19553321,-2.651886,-6.1680017,-10.550179,26.522856,54.685007,-6.0592549,92.020802,-66.180357,-9.2322258,121.97009,38.145289,-1.329122
0.19556383,-1.8819376,-8.9039111,-10.388297,27.833669,58.2597,-5.9001753,92.858916,-65.482596,-9.5857967,120.11849,32.230161,-1.0576517
0.19559444,-1.1608277,-11.58228,-10.160026,29.531999,61.295991,-5.9294147,93.515998,-64.592449,-9.8757457,118.16671,25.831067,-0.86297902
0.19562505,-0.5985283,-14.187233,-9.8367644,31.566053,63.833396,-6.1156941,93.968815,-63.522407,-10.101691,116.15558,19.049286,-0.75083481
0.19565567,-0.19335497,-16.676828,-9.4707305,33.93811,65.879116,-6.4229755,94.205411,-62.287274,-10.263648,114.14714,11.996149,-0.74608556
0.19568629,0.050407057,-19.062608,-9.1083569,36.547232,67.490371,-6.8297251,94.229746,-60.867291,-10.367024,112.18163,4.7768995,-0.83969495
0.1957169,0.25277861,-21.307241,-8.7313778,39.345737,68.721765,-7.3037455,94.032302,-59.223453,-10.42056,110.31528,-2.4886638,-1.0123655
0.19574752,0.38923977,-23.395156,-8.3190187,42.275151,69.628728,-7.8282323,93.615428,-57.326977,-10.448022,108.60664,-9.6388635,-1.2611144
0.19577814,0.43078326,-25.316216,-7.8836073,45.287196,70.262998,-8.3948234,92.986615,-55.124548,-10.46279,107.11025,-16.574756,-1.5920325
0.19580875,0.3420003,-27.054133,-7.4252591,48.523918,70.6808,-8.9894772,92.141407,-52.562513,-10.463345,105.85471,-23.204686,-1.9823355
0.19583937,0.12545728,-28.602713,-6.9575695,51.949969,70.946523,-9.6009388,91.122919,-49.583242,-10.457158,104.88449,-29.428191,-2.40958
0.19586999,-0.21649427,-29.953921,-6.5189406,55.493495,71.091381,-10.210165,89.912809,-46.118422,-10.444617,104.22115,-35.159402,-2.8626232
0.19590061,-0.66013836,-31.103015,-6.1136924,59.082369,71.124505,-10.776115,88.527497,-42.162457,-10.437636,103.8823,-40.337059,-3.3253102
0.19593122,-1.1834053,-32.026226,-5.7246292,62.469386,71.066653,-11.254085,86.984023,-37.749335,-10.426649,103.82407,-44.919523,-3.7918816
0.19596184,-1.7837215,-32.728436,-5.3628808,65.558739,70.88869,-11.597225,85.258004,-32.860505,-10.409586,104.03638,-48.939069,-4.2560432
0.19599246,-2.4499971,-33.215155,-5.0285837,68.336298,70.578474,-11.814976,83.495843,-27.580151,-10.385541,104.53039,-52.370397,-4.7175802
0.19602307,-3.162875,-33.472744,-4.7273478,70.796744,70.116622,-11.939231,81.644125,-21.913597,-10.336576,105.24017,-55.205942,-5.1666965
0.19605369,-3.8976313,-33.512053,-4.4560526,72.954826,69.48595,-11.969475,79.799667,-15.9112,-10.295517,106.10018,-57.464946,-5.6046781
0.19608431,-4.6491347,-33.338422,-4.2579267,74.814991,68.647015,-11.90793,77.860546,-9.6755743,-10.218009,107.10169,-59.228396,-6.0327532
0.19611492,-5.4315653,-32.95477,-4.117658,76.378587,67.569357,-11.772111,75.962756,-3.1388195,-10.108133,108.20247,-60.503177,-6.4543707
0.19614554,-6.2112282,-32.360689,-3.9956896,77.654937,66.288314,-11.579529,74.115876,3.4031029,-9.936856,109.3574,-61.38346,-6.8683442
0.19617616,-6.9679263,-31.562469,-3.9212733,78.654845,64.79004,-11.340085,72.419297,9.96067,-9.7480417,110.51969,-61.955792,-7.2732599
0.19620677,-7.6951945,-30.567095,-3.892787,79.40433,63.063591,-11.063558,71.189666,16.42577,-9.5607287,111.64685,-62.289069,-7.6555178
0.19623739,-8.3908664,-29.379396,-3.9085688,79.894369,61.081802,-10.767417,70.301102,22.635784,-9.3563237,112.70703,-62.454043,-8.0048471
0.19626801,-9.0544865,-28.002995,-3.9643952,80.130157,58.816199,-10.44707,69.852198,28.537216,-9.1355884,113.67394,-62.496535,-8.3086742
0.19629863,-9.6836551,-26.444566,-4.0520233,80.094901,56.218454,-10.114077,69.872791,34.048636,-8.9138474,114.52983,-62.438449,-8.5643896
0.19632924,-10.288659,-24.711592,-4.1649802,79.840306,53.25675,-9.7543679,70.161684,39.093278,-8.7154741,115.25806,-62.332104,-8.7641302
0.19635986,-10.856255,-22.810743,-4.311459,79.367114,49.893928,-9.3669359,70.92328,43.59385,-8.5595256,115.85113,-62.184573,-8.9076153
0.19639048,-11.41578,-20.762132,-4.4714178,78.680259,46.160053,-8.9676899,72.183852,47.52523,-8.4618263,116.30103,-61.97976,-8.9904411
0.1964211,-11.969925,-18.575661,-4.6362791,77.76051,42.081004,-8.5769944,73.963973,50.950397,-8.3978003,116.59498,-61.683264,-9.0165383
0.19645172,-12.517433,-16.260737,-4.7991865,76.569382,37.690697,-8.1761301,76.131819,53.841906,-8.4557993,116.72643,-61.215305,-8.9935049
0.19648234,-13.06546,-13.83153,-4.9517329,75.322319,33.074645,-7.7711103,78.650847,56.206445,-8.620338,116.68488,-60.506332,-8.9275529
0.19651296,-13.575295,-11.303196,-5.1113093,73.896065,28.125764,-7.3865145,81.487185,58.082339,-8.8795495,116.45613,-59.542615,-8.8272077
0.19654358,-14.134953,-8.6835342,-5.253214,72.300295,22.967371,-7.0518664,84.536848,59.534841,-9.2290345,116.02973,-58.294788,-8.6997747
0.1965742,-14.721719,-5.9789171,-5.3797795,70.520084,17.595507,-6.818942,87.730313,60.665981,-9.6230645,115.40429,-56.705172,-8.5599138
0.19660482,-15.329074,-3.1969286,-5.4682471,68.574039,12.054867,-6.5068897,90.976841,61.562206,-9.9981765,114.57386,-54.765718,-8.4255741
0.19663545,-15.946558,-0.32478603,-5.4774776,66.442479,6.375367,-6.1902882,94.143751,62.282268,-10.3254,113.54519,-52.44261,-8.3072359
0.19666607,-16.568961,2.4885389,-5.4631625,64.113467,0.59293724,-5.8245595,97.170317,62.878308,-10.599645,112.33052,-49.667222,-8.2104953
0.1966967,-17.18442,5.3176503,-5.4969558,61.595378,-5.2593579,-5.5440668,100.00557,63.384321,-10.782551,110.94211,-46.38877,-8.1324721
0.19672732,-17.786609,8.0788076,-5.5712983,58.933082,-11.152898,-5.2996039,102.61846,63.822174,-10.894645,109.38993,-42.54656,-8.0801183
0.19675795,-18.372043,10.836671,-5.6383398,56.134584,-17.018746,-5.0116989,104.99833,64.219584,-10.929882,107.70182,-38.152317,-8.0471271
0.19678857,-18.944469,13.618298,-5.6081745,53.306819,-22.823576,-4.6854718,107.14119,64.570453,-10.877888,105.91715,-33.263765,-8.0282129
0.1968192,-19.595787,16.346859,-5.5171485,50.55854,-28.466754,-4.3328383,109.04846,64.877172,-10.758857,104.07474,-27.932395,-8.0319924
0.19684983,-20.269005,19.005034,-5.4146914,47.970834,-33.87582,-3.9942677,110.73021,65.128506,-10.583504,102.18948,-22.235761,-8.0616678
0.19688046,-20.939794,21.598065,-5.3139268,45.66752,-39.004396,-3.6842726,112.1892,65.320905,-10.335107,100.40708,-16.251229,-8.1093111
0.19691108,-21.532339,24.103578,-5.2095464,43.75845,-43.75263,-3.413405,113.43605,65.421795,-9.9916161,98.714761,-10.106114,-8.1738234
0.19694171,-22.077884,26.495152,-5.0967727,42.035041,-48.092178,-3.2256327,114.48376,65.44592,-9.5146397,97.196632,-3.8812917,-8.2498502
0.19697235,-22.621818,28.752505,-4.9706215,40.528089,-51.963607,-3.1420024,115.35247,65.411532,-8.9234392,95.943802,2.3455908,-8.3129399
0.19700298,-23.145214,30.891809,-4.8399199,39.233757,-55.334041,-3.1805383,116.05275,65.329023,-8.3123583,95.034022,8.4371046,-8.3866462
0.19703361,-23.650346,32.875362,-4.7265883,38.225672,-58.184616,-3.3384394,116.57166,65.189063,-7.7008573,94.423716,14.298034,-8.4457267
0.19706424,-24.105497,34.69974,-4.6351646,37.522621,-60.523552,-3.5887765,116.89875,64.862493,-7.085741,94.055659,19.859167,-8.5353205
0.19709488,-24.490776,36.350549,-4.5677875,37.035547,-62.29165,-3.9164853,117.03032,64.135462,-6.4763226,93.983641,25.024656,-8.5688153
0.19712551,-24.818834,37.822787,-4.5288163,36.624842,-63.539812,-4.3225795,116.94387,62.897804,-5.8884113,94.208121,29.739762,-8.605729
0.19715614,-25.061895,39.097068,-4.5217658,36.267524,-64.311136,-4.7980349,116.64382,61.114865,-5.3349613,94.654406,33.983957,-8.6413414
0.19718678,-25.214002,40.18731,-4.5549984,35.964197,-64.66194,-5.3336076,116.12657,58.738146,-4.8403206,95.416207,37.716555,-8.690172
0.19721741,-25.260469,41.07699,-4.6361306,35.771271,-64.629204,-5.9197703,115.357,55.787006,-4.3913126,96.515422,40.941537,-8.7525149
0.19724804,-25.210959,41.744612,-4.7665776,35.779891,-64.215884,-6.5533198,114.36411,52.336824,-3.987658,97.926555,43.680721,-8.8371458
0.19727868,-25.059508,42.170854,-4.9458821,35.944985,-63.455534,-7.2247116,113.10012,48.362726,-3.6271581,99.609498,45.974434,-8.9392258
0.19730931,-24.815368,42.439154,-5.1701977,36.20718,-62.372411,-7.91883,111.57982,43.83742,-3.3118174,101.53238,47.86437,-9.0601802
0.19733994,-24.491999,42.529853,-5.4343789,36.499354,-60.956935,-8.5940133,109.82679,38.791126,-3.0364069,103.61861,49.415445,-9.1999233
0.19737057,-24.109979,42.444623,-5.7402833,36.76593,-59.216553,-9.2408155,107.79319,33.239422,-2.8200047,105.81168,50.688637,-9.3378383
0.19740121,-23.665992,42.161784,-6.0780946,36.962856,-57.154376,-9.8133326,105.6408,27.263856,-2.6639891,108.05264,51.752812,-9.473701
0.19743184,-23.157556,41.691757,-6.4377614,37.062091,-54.779296,-10.301765,103.30233,20.894713,-2.5730067,110.28971,52.670475,-9.5923809
0.19746247,-22.591284,41.07417,-6.8124219,37.074823,-52.128103,-10.715059,100.79271,14.156644,-2.5929639,112.47373,53.496781,-9.6859283
0.19749311,-21.975359,40.247482,-7.1946678,36.98184,-49.199474,-11.053559,98.170036,7.1601858,-2.6164738,114.57195,54.269415,-9.7505538
0.19752374,-21.313218,39.203472,-7.5765527,36.781015,-45.999187,-11.332423,95.484323,-0.019159244,-2.7104396,116.55671,55.011248,-9.7863538
0.19755437,-20.618034,37.984668,-7.9605412,36.449838,-42.534207,-11.560145,92.756895,-7.3063371,-2.8072353,118.41047,55.754647,-9.7894259
0.19758501,-19.908767,36.603982,-8.3424551,35.990802,-38.787404,-11.748319,90.0376,-14.576143,-3.0157947,120.11807,56.497823,-9.7295755
0.19761564,-19.185757,35.07711,-8.7185829,35.365025,-34.791915,-11.876615,87.53389,-21.733354,-3.2490908,121.67903,57.235054,-9.6014661
0.19764628,-18.455333,33.402946,-9.078683,34.727784,-30.567172,-11.966875,85.377564,-28.664764,-3.4932772,123.09254,57.94834,-9.4006904
0.19767691,-17.696792,31.591211,-9.4164823,33.984196,-26.102909,-12.036201,83.442573,-35.214817,-3.7327942,124.36252,58.579432,-9.1008548
0.19770754,-16.928877,29.637599,-9.7265851,33.16301,-21.381317,-12.098584,81.930457,-41.33684,-3.9777548,125.48918,59.10447,-8.7275515
0.19773818,-16.152079,27.549862,-10.012678,32.283229,-16.424773,-12.17981,80.808033,-46.977748,-4.2499799,126.46741,59.513468,-8.316555
0.19776882,-15.362733,25.332144,-10.269346,31.3093,-11.12313,-12.126185,80.010777,-51.965733,-4.5511177,127.29667,59.810747,-7.8688619
0.19779945,-14.563155,23.005238,-10.508953,30.221563,-5.7455725,-12.020684,79.548948,-56.175817,-4.8599795,127.97435,59.967404,-7.3901924
0.19783009,-13.832352,20.589499,-10.738697,29.091927,-0.19344447,-11.763543,79.429574,-59.643926,-5.200901,128.49155,60.011768,-6.8958789
0.19786073,-13.113595,18.108488,-10.937942,27.951562,5.5188811,-11.456398,79.680781,-62.191984,-5.5923724,128.85832,59.968787,-6.3911232
0.19789137,-12.393875,15.54085,-11.119831,26.848634,11.348234,-11.133644,80.220357,-63.99177,-6.0334463,129.0451,59.847681,-5.8738454
0.197922,-11.655206,12.89681,-11.283551,25.798555,17.261714,-10.69107,81.041175,-65.190003,-6.5094921,129.01594,59.553459,-5.3455633
0.19795264,-10.918935,10.177725,-11.425445,24.829623,23.095616,-10.159045,82.057658,-65.969113,-7.0257547,128.75694,58.740207,-4.7970021
0.19798328,-10.161881,7.3861412,-11.466533,23.789535,28.822305,-9.4929482,83.209823,-66.439406,-7.5757835,128.25199,57.237143,-4.2540887
0.19801393,-9.3684007,4.5504792,-11.432939,22.883246,34.355686,-8.6883404,84.453442,-66.680477,-8.1519062,127.51232,54.930184,-3.7386558
0.19804457,-8.5283798,1.712025,-11.421063,22.321227,39.612157,-7.9252076,85.718788,-66.694865,-8.7194121,126.52722,51.753526,-3.2845042
0.19807521,-7.6516906,-1.0414845,-11.423738,22.098002,44.547114,-7.2452259,86.927256,-66.524479,-9.2679801,125.31457,47.871284,-2.8838648
0.19810585,-6.7599876,-3.682437,-11.3575,22.466235,49.078178,-6.682894,88.037139,-66.215235,-9.7801308,123.87729,43.339058,-2.5332068
0.1981365,-5.8616136,-6.288891,-11.219704,23.227593,53.178882,-6.2690443,89.060293,-65.730377,-10.244353,122.21051,38.15491,-2.2586339
0.19816714,-4.9642682,-8.8530415,-11.046069,24.406063,56.779212,-6.02999,89.95871,-65.040565,-10.653633,120.38472,32.408049,-2.0386203
0.19819779,-4.1044898,-11.361006,-10.804287,25.963133,59.872313,-6.0056924,90.703174,-64.15931,-10.996353,118.44407,26.18405,-1.8955841
0.19822843,-3.3573692,-13.776024,-10.515193,27.851268,62.482521,-6.1723498,91.255798,-63.107906,-11.283726,116.43873,19.579317,-1.8486766
0.19825908,-2.7644468,-16.078936,-10.237413,30.080314,64.624542,-6.4900425,91.596888,-61.890367,-11.529512,114.41895,12.694836,-1.903251
0.19828973,-2.3421004,-18.273671,-9.9159843,32.559125,66.342584,-6.9366852,91.731778,-60.471317,-11.708357,112.41639,5.6317755,-2.0426868
0.19832038,-1.9840305,-20.319817,-9.5598556,35.244202,67.686,-7.4647875,91.645327,-58.831213,-11.821966,110.49714,-1.5127837,-2.2622532
0.19835103,-1.704037,-22.222774,-9.1417063,38.069658,68.700329,-8.0549221,91.341855,-56.945093,-11.895697,108.7038,-8.5539691,-2.5608374
0.19838168,-1.5189384,-23.974149,-8.6950482,40.976523,69.411597,-8.6807937,90.833012,-54.762461,-11.949702,107.09885,-15.4186,-2.9218142
0.19841233,-1.4607298,-25.556446,-8.2203104,44.019694,69.884177,-9.333438,90.102089,-52.234118,-11.987414,105.71233,-22.008005,-3.3280339
0.19844298,-1.526566,-26.96563,-7.7364607,47.25241,70.200767,-9.9930772,89.197407,-49.303756,-12.017009,104.57503,-28.224387,-3.7639187
0.19847363,-1.706806,-28.184505,-7.292825,50.641691,70.37982,-10.654927,88.103887,-45.914632,-12.032348,103.74472,-33.989706,-4.2132644
0.19850428,-1.9899764,-29.20389,-6.8780656,54.116593,70.430137,-11.293236,86.835229,-42.06994,-12.049644,103.24948,-39.234954,-4.664963
0.19853493,-2.35663,-30.01544,-6.4803139,57.599251,70.374816,-11.899929,85.417402,-37.787064,-12.059639,103.03765,-43.910275,-5.1208136
0.19856558,-2.812931,-30.623441,-6.1009671,60.811337,70.213173,-12.400457,83.812189,-33.053974,-12.062023,103.10191,-48.032464,-5.5638462
0.19859623,-3.3357503,-31.030428,-5.7372399,63.72605,69.920876,-12.742501,82.162798,-27.951052,-12.065555,103.47767,-51.585859,-5.9971358
0.19862688,-3.9306705,-31.222845,-5.4289614,66.333644,69.457507,-12.953653,80.416317,-22.468455,-12.047705,104.07456,-54.547858,-6.422582
0.19865754,-4.620736,-31.212698,-5.1639644,68.626482,68.817924,-13.059065,78.625451,-16.672736,-12.041365,104.83373,-56.937808,-6.8365674
0.19868819,-5.3486897,-31.00638,-4.9453727,70.609584,67.965817,-13.067862,76.772779,-10.620187,-11.980241,105.76162,-58.810809,-7.241102
0.19871884,-6.1115986,-30.608738,-4.7463697,72.288582,66.911357,-12.996788,74.943624,-4.2556668,-11.864976,106.82112,-60.195353,-7.6441422
0.19874949,-6.8888787,-30.023554,-4.5900426,73.681188,65.66162,-12.857362,73.129307,2.1326567,-11.674089,107.96064,-61.147653,-8.0421312
0.19878014,-7.6510996,-29.260044,-4.4792693,74.796836,64.18463,-12.656981,71.403203,8.5783552,-11.433342,109.13131,-61.779805,-8.4380717
0.19881079,-8.3950882,-28.320048,-4.4137008,75.663622,62.482353,-12.404985,70.013015,14.984647,-11.178205,110.29042,-62.162521,-8.8186964
0.19884144,-9.1192575,-27.206188,-4.3894514,76.264582,60.530257,-12.134398,68.986199,21.155568,-10.866159,111.39753,-62.357005,-9.1712147
0.19887209,-9.8207886,-25.918987,-4.3972058,76.605538,58.303125,-11.844154,68.3839,27.084686,-10.579178,112.42178,-62.414735,-9.4899144
0.19890275,-10.508835,-24.470529,-4.4474419,76.669449,55.740745,-11.535843,68.191507,32.629379,-10.218281,113.3431,-62.367274,-9.760175
0.1989334,-11.136434,-22.864277,-4.527021,76.514984,52.824836,-11.20534,68.421972,37.743952,-9.8934139,114.14214,-62.265358,-9.9802374
0.19896405,-11.731901,-21.106252,-4.6224515,76.137956,49.522457,-10.868301,68.990762,42.358106,-9.6274907,114.80807,-62.117372,-10.144269
0.1989947,-12.299768,-19.206449,-4.7316562,75.549579,45.876141,-10.523534,70.082246,46.426533,-9.4366288,115.32927,-61.903567,-10.250267
0.19902536,-12.834328,-17.176303,-4.8565914,74.734398,41.909985,-10.178683,71.696612,49.962558,-9.3091944,115.69347,-61.577165,-10.302503
0.19905601,-13.348512,-15.026094,-4.9978138,73.677939,37.660228,-9.8126889,73.747062,53.005985,-9.2959247,115.89505,-61.073845,-10.307728
0.19908667,-13.855461,-12.776246,-5.1356749,72.517848,33.19762,-9.4322533,76.132294,55.536172,-9.4109572,115.9249,-60.337606,-10.275467
0.19911732,-14.374436,-10.416137,-5.27667,71.220883,28.434137,-9.0650419,78.873028,57.566632,-9.6318545,115.7668,-59.361319,-10.215113
0.19914798,-14.896629,-7.9797154,-5.4046598,69.764231,23.492602,-8.7342586,81.856006,59.177145,-9.9639278,115.41476,-58.114575,-10.123779
0.19917863,-15.428085,-5.4619794,-5.5154185,68.131743,18.364267,-8.4942911,85.00433,60.419427,-10.368819,114.86433,-56.558986,-10.014133
0.19920929,-15.969007,-2.859768,-5.5924315,66.345997,13.110685,-8.1685128,88.305285,61.398554,-10.812819,114.11321,-54.689356,-9.9140375
0.19923995,-16.516946,-0.18629416,-5.5969482,64.398421,7.7085239,-7.8254721,91.548692,62.182595,-11.22184,113.16956,-52.457549,-9.8367878
0.19927061,-17.061427,2.4136798,-5.5961875,62.253964,2.2623203,-7.4230298,94.669173,62.82507,-11.572179,112.03901,-49.799856,-9.7861219
0.19930127,-17.6023,5.0296205,-5.6207586,59.913058,-3.2414313,-7.1036611,97.611588,63.371111,-11.833796,110.73268,-46.66194,-9.7606127
0.19933193,-18.139459,7.5788315,-5.6802961,57.412707,-8.7944853,-6.805531,100.33314,63.833829,-11.979061,109.26878,-42.982392,-9.763212
0.19936259,-18.670456,10.148521,-5.740934,54.777747,-14.325185,-6.4536103,102.81485,64.227692,-12.056321,107.67738,-38.756423,-9.7874494
0.19939325,-19.17932,12.732205,-5.7209294,52.081127,-19.8304,-6.0528491,105.0546,64.559255,-12.0587,105.96408,-34.050667,-9.8227831
0.19942391,-19.776071,15.248426,-5.6493412,49.2884,-25.20494,-5.5993516,107.05272,64.862545,-11.982256,104.18783,-28.902233,-9.8750043
0.19945458,-20.402367,17.710701,-5.5635649,46.635671,-30.394405,-5.1284796,108.81757,65.113358,-11.833372,102.35721,-23.377467,-9.9375312
0.19948524,-21.037477,20.097419,-5.4874307,44.167719,-35.353988,-4.6802096,110.34757,65.277759,-11.622836,100.53895,-17.561965,-10.009579
0.19951591,-21.613229,22.390105,-5.4113339,42.009822,-39.990118,-4.2512677,111.65858,65.352575,-11.318727,98.806985,-11.549749,-10.086546
0.19954657,-22.136172,24.579611,-5.3373447,40.206477,-44.273439,-3.8844675,112.75828,65.353256,-10.889611,97.223779,-5.4195448,-10.176313
0.19957724,-22.670786,26.644752,-5.2497278,38.552005,-48.148598,-3.6070111,113.66616,65.298572,-10.321216,95.848435,0.76785042,-10.215564
0.19960791,-23.192972,28.603217,-5.1579188,37.089109,-51.576008,-3.4622484,114.40455,65.184914,-9.6572544,94.789364,6.82418,-10.288495
0.19963857,-23.706799,30.412649,-5.0759875,35.833401,-54.551921,-3.4598969,114.95139,65.032463,-8.9823867,94.061298,12.704251,-10.329128
0.19966924,-24.202819,32.093713,-5.0085093,34.846434,-57.045538,-3.5920276,115.30957,64.690017,-8.3007986,93.575399,18.303975,-10.36715
0.19969991,-24.653465,33.624296,-4.9605866,34.144961,-59.083781,-3.8410611,115.46606,63.969483,-7.6271534,93.379811,23.554558,-10.38313
0.19973058,-25.056331,34.989853,-4.9409942,33.58303,-60.64988,-4.1820381,115.41626,62.766883,-6.9814445,93.48679,28.389195,-10.385863
0.19976125,-25.395684,36.1979,-4.9514987,33.069857,-61.725514,-4.6127527,115.17135,61.042483,-6.375782,93.783754,32.771234,-10.368461
0.19979192,-25.672045,37.228166,-4.9997021,32.608966,-62.353788,-5.1211294,114.70949,58.765891,-5.8374983,94.401636,36.650683,-10.355797
0.19982259,-25.864143,38.081299,-5.0878767,32.181457,-62.574052,-5.6925814,114.03316,55.971116,-5.3582872,95.365439,40.035595,-10.359223
0.19985327,-25.980011,38.727627,-5.2201876,31.830512,-62.394239,-6.3174761,113.12391,52.71319,-4.9323016,96.671435,42.931002,-10.374045
0.19988394,-26.013008,39.183157,-5.3975139,31.692992,-61.872017,-6.9903665,111.96661,48.972977,-4.5576963,98.274654,45.367289,-10.40974
0.19991461,-25.973024,39.497742,-5.6159591,31.717231,-61.012717,-7.7042772,110.57624,44.726784,-4.2368725,100.14289,47.393651,-10.471718
0.19994528,-25.860428,39.635196,-5.8740544,31.842128,-59.80867,-8.4359898,108.95578,39.994092,-3.9659529,102.20682,49.060724,-10.554333
0.19997595,-25.678448,39.587048,-6.165421,32.003334,-58.272586,-9.14413,107.09651,34.798197,-3.7553843,104.41084,50.428283,-10.642052
0.20000662,-25.427706,39.35151,-6.4863889,32.14093,-56.405412,-9.801326,105.08366,29.192961,-3.6152773,106.69204,51.564138,-10.745904
