time,p0_ux,p0_uy,p0_uz,p1_ux,p1_uy,p1_uz,p2_ux,p2_uy,p2_uz,p3_ux,p3_uy,p3_uz
0,0,0,0,0,0,0,0,0,0,0,0,0
6e-06,14.729853,0.035521666,1.6847577e-06,14.897909,0.01021717,7.8922333e-07,14.949944,0.0044065032,-1.2859598e-07,14.974341,0.0020984213,-6.3940171e-07
1.32e-05,14.72261,0.036607869,-2.7285713e-07,14.895378,0.010483988,-2.3837754e-07,14.948726,0.0045177764,-1.9682936e-07,14.973716,0.0021510267,-1.6799212e-07
2.184e-05,14.717629,0.037389872,-8.0715549e-08,14.893656,0.010668634,-5.2075937e-08,14.947905,0.0045928749,-2.9283735e-08,14.9733,0.0021858634,-1.1408188e-08
3.2208e-05,14.713756,0.038014381,-1.3020043e-07,14.892326,0.010812724,-9.1256903e-08,14.947271,0.0046510478,-5.7314198e-08,14.972979,0.0022127604,-3.151232e-08
4.46496e-05,14.710499,0.038552881,-1.8726251e-07,14.891213,0.010934583,-1.332849e-07,14.946742,0.0046999446,-8.5237754e-08,14.972712,0.0022353037,-4.9548671e-08
5.957952e-05,14.707595,0.039044461,-2.5289916e-07,14.890225,0.0110441,-1.8146206e-07,14.946272,0.0047436641,-1.1739011e-07,14.972475,0.0022554145,-7.0091694e-08
7.7495424e-05,14.704871,0.039515015,-3.107019e-07,14.8893,0.011147568,-2.2049125e-07,14.945833,0.0047847422,-1.4070896e-07,14.972253,0.0022742507,-8.2673236e-08
9.8994509e-05,14.702202,0.039984386,-3.8173176e-07,14.888397,0.011249813,-2.7151128e-07,14.945405,0.0048251651,-1.7358376e-07,14.972037,0.00229275,-1.0259325e-07
0.00012479341,14.699489,0.040468581,-4.5982039e-07,14.88748,0.011354484,-3.2575679e-07,14.944971,0.0048663645,-2.077238e-07,14.971819,0.0023115501,-1.2263109e-07
0.00015575209,14.696644,0.040982318,-5.5285027e-07,14.88652,0.011464945,-3.9011031e-07,14.944517,0.0049097048,-2.4779188e-07,14.971591,0.0023312924,-1.4568299e-07
0.00019290251,14.693589,0.041539622,-6.5674259e-07,14.88549,0.011584265,-4.6209615e-07,14.944031,0.0049564061,-2.9310114e-07,14.971347,0.0023525396,-1.7259925e-07
0.00023748301,14.690225,0.042156888,-7.6535373e-07,14.884358,0.011715935,-5.3765077e-07,14.943497,0.0050077641,-3.4068125e-07,14.971079,0.0023758253,-2.0054104e-07
0.00029097962,14.686468,0.042849782,-8.6949702e-07,14.883093,0.011863653,-6.0519643e-07,14.942901,0.0050653752,-3.8073735e-07,14.970779,0.0024019676,-2.2328679e-07
0.00035517554,14.682236,0.043632793,-9.6107835e-07,14.881668,0.012030419,-6.5973261e-07,14.942229,0.0051303775,-4.0943687e-07,14.970443,0.0024314545,-2.3703386e-07
0.00043221065,14.677459,0.044523144,-1.0312554e-06,14.880063,0.012218887,-6.8849903e-07,14.941474,0.0052037067,-4.0968585e-07,14.970065,0.0024646997,-2.2313015e-07
0.00052465278,14.672044,0.04554028,-1.1799455e-06,14.87825,0.012432485,-7.8168391e-07,14.940621,0.0052866224,-4.5961984e-07,14.969638,0.0025022429,-2.46918e-07
0.00063558333,14.665844,0.046715063,-1.3719538e-06,14.876182,0.01267671,-9.0624079e-07,14.93965,0.005381171,-5.2895864e-07,14.969153,0.0025449997,-2.8174679e-07
0.0007687,14.658637,0.048091677,-1.6548338e-06,14.873793,0.012959385,-1.0994397e-06,14.938531,0.0054902163,-6.4622372e-07,14.968594,0.0025942116,-3.4903772e-07
0.00092844,14.650202,0.049718882,-1.9581649e-06,14.871017,0.013288652,-1.3045454e-06,14.937233,0.0056167579,-7.6649304e-07,14.967947,0.0026512156,-4.1364347e-07
0.001120128,14.64023,0.051666127,-2.323258e-06,14.867762,0.013675685,-1.5512826e-06,14.935717,0.0057648589,-9.0958537e-07,14.967192,0.0027178194,-4.8896744e-07
0.0013501536,14.628328,0.054021803,-2.7596375e-06,14.863911,0.014134559,-1.8401723e-06,14.933928,0.0059395254,-1.0743568e-06,14.966304,0.0027961469,-5.7339812e-07
0.0016244235,14.614235,0.056873519,-3.2082954e-06,14.859405,0.014674398,-2.1216512e-06,14.931843,0.0061436266,-1.2126752e-06,14.965271,0.0028874275,-6.225423e-07
0.00189942,14.600209,0.059794826,-3.8418316e-06,14.854981,0.015208261,-2.5682053e-06,14.929806,0.0063437915,-1.4901592e-06,14.964264,0.0029766581,-7.8658792e-07
0.0021748624,14.58621,0.062808145,-4.475053e-06,14.850626,0.015737747,-3.018664e-06,14.927809,0.0065405025,-1.7623309e-06,14.963279,0.0030639673,-9.354787e-07
0.0024506351,14.57211,0.065953894,-5.11709e-06,14.8463,0.016267981,-3.4917297e-06,14.925834,0.0067357417,-2.0528713e-06,14.962307,0.0031502974,-1.0950701e-06
0.0027266356,14.55793,0.069252136,-5.8533489e-06,14.842016,0.016798003,-4.0553592e-06,14.923887,0.0069289654,-2.4108505e-06,14.961352,0.0032353531,-1.2977425e-06
0.0030028195,14.543552,0.072741393,-6.5771787e-06,14.837745,0.017331608,-4.6308259e-06,14.921956,0.0071215263,-2.7826672e-06,14.960406,0.0033197831,-1.5114236e-06
0.0032791612,14.528872,0.076434173,-7.3335986e-06,14.83346,0.017872238,-5.2470099e-06,14.920027,0.0073145505,-3.1874516e-06,14.959464,0.0034040309,-1.7470518e-06
0.0035556583,14.513803,0.08030816,-8.0646732e-06,14.829134,0.018423443,-5.8538551e-06,14.918088,0.0075093295,-3.5877694e-06,14.958519,0.0034887001,-1.9790239e-06
0.0038323296,14.498299,0.084292239,-8.7027696e-06,14.824744,0.018988102,-6.4086794e-06,14.916129,0.0077068402,-3.9588223e-06,14.957565,0.0035742221,-2.1940227e-06
0.0041092028,14.48242,0.08826392,-9.2891966e-06,14.820291,0.019566672,-6.9433816e-06,14.914149,0.0079071338,-4.3247956e-06,14.956604,0.0036606058,-2.4104467e-06
0.0043863088,14.466253,0.092094531,-9.8323217e-06,14.815774,0.020159579,-7.46128e-06,14.912149,0.0081102472,-4.6844313e-06,14.955634,0.0037478537,-2.6234709e-06
0.0046636782,14.449902,0.095688102,-1.0353586e-05,14.811188,0.020767919,-7.9776197e-06,14.910126,0.0083164365,-5.0487707e-06,14.954655,0.0038360589,-2.8414019e-06
0.0049413398,14.433505,0.099028125,-1.0842108e-05,14.806527,0.021393225,-8.4809604e-06,14.908078,0.0085260939,-5.4074094e-06,14.953666,0.0039253756,-3.054777e-06
0.0052193189,14.417194,0.10221171,-1.1281065e-05,14.80178,0.022037642,-8.9704543e-06,14.906001,0.0087396311,-5.7668419e-06,14.952664,0.0040159408,-3.2735224e-06
0.0054976342,14.401119,0.10550846,-1.1707686e-05,14.796949,0.022702918,-9.4647515e-06,14.903896,0.0089571375,-6.135956e-06,14.951651,0.0041077677,-3.5009788e-06
0.0057762988,14.385359,0.10941399,-1.2105504e-05,14.792029,0.023392198,-9.9536726e-06,14.901761,0.0091788076,-6.5073327e-06,14.950626,0.0042009042,-3.7303729e-06
0.0060553219,14.369892,0.1146023,-1.246814e-05,14.787012,0.024110595,-1.0431585e-05,14.899592,0.0094050452,-6.8767774e-06,14.949586,0.0042955007,-3.9598577e-06
0.0063347061,14.354589,0.12190218,-1.2786403e-05,14.781895,0.024864214,-1.0893736e-05,14.89739,0.0096360315,-7.2427384e-06,14.948533,0.0043915943,-4.1889279e-06
0.0066144532,14.339169,0.13230153,-1.3008222e-05,14.776674,0.025659917,-1.1315634e-05,14.895155,0.009871806,-7.5949569e-06,14.947466,0.0044891474,-4.4144029e-06
0.0068945663,14.323257,0.14675947,-1.3205173e-05,14.771349,0.026504188,-1.1732189e-05,14.892889,0.010112274,-7.9501764e-06,14.946386,0.0045880916,-4.6434968e-06
0.007175038,14.30621,0.1663655,-1.3367784e-05,14.765905,0.027404352,-1.2138364e-05,14.890587,0.010357965,-8.305494e-06,14.945292,0.004688614,-4.8745979e-06
0.0074558441,14.287354,0.19184275,-1.3492079e-05,14.760326,0.028363622,-1.252981e-05,14.888247,0.010609211,-8.6576443e-06,14.944182,0.004790828,-5.1058785e-06
0.0077369813,14.26592,0.22388489,-1.3548064e-05,14.75461,0.029377996,-1.2891383e-05,14.885871,0.010865939,-9.0012742e-06,14.943057,0.0048946903,-5.3363228e-06
0.0080184433,14.241103,0.26291141,-1.3595295e-05,14.748749,0.030434892,-1.3255291e-05,14.883456,0.011128253,-9.3522565e-06,14.941916,0.0050002619,-5.5728713e-06
0.0083002231,14.212091,0.30846325,-1.3582525e-05,14.742735,0.031511675,-1.3594405e-05,14.881001,0.01139636,-9.6985795e-06,14.940759,0.0051076599,-5.8109628e-06
0.0085823112,14.178246,0.35975016,-1.3541494e-05,14.736572,0.032573407,-1.392751e-05,14.878504,0.011670317,-1.0049491e-05,14.939585,0.0052169088,-6.0547182e-06
0.0088646988,14.13895,0.41723067,-1.3456165e-05,14.730275,0.033572077,-1.4241194e-05,14.875967,0.011950151,-1.0397228e-05,14.938394,0.0053280425,-6.3001286e-06
0.0091473786,14.093894,0.47785752,-1.333053e-05,14.723869,0.034450547,-1.4543239e-05,14.873388,0.012236086,-1.0748766e-05,14.937186,0.0054410883,-6.5522594e-06
0.0094303438,14.042884,0.53961123,-1.3168869e-05,14.717392,0.035147294,-1.4834702e-05,14.870769,0.012528656,-1.110486e-05,14.935961,0.0055560871,-6.8119262e-06
0.0097135881,13.985898,0.59926186,-1.2986146e-05,14.710896,0.03560243,-1.5122707e-05,14.868107,0.012828845,-1.1468886e-05,14.934718,0.0056730877,-7.0799137e-06
0.0099971029,13.923019,0.65545301,-1.2751539e-05,14.704436,0.035769751,-1.5387395e-05,14.865399,0.013138642,-1.1828675e-05,14.933456,0.0057922932,-7.3497975e-06
0.010280883,13.854497,0.70842624,-1.2487905e-05,14.698098,0.035623402,-1.5642017e-05,14.86265,0.013459776,-1.2193067e-05,14.932178,0.0059135249,-7.6272416e-06
0.010564923,13.780457,0.75843202,-1.2178089e-05,14.691952,0.035173644,-1.5877753e-05,14.859855,0.013795643,-1.255853e-05,14.93088,0.0060370039,-7.9110203e-06
0.010849218,13.701269,0.8056998,-1.183833e-05,14.686085,0.034474774,-1.609929e-05,14.857013,0.014149653,-1.2926952e-05,14.929563,0.0061627113,-8.2018813e-06
0.011133761,13.617188,0.85055201,-1.1471644e-05,14.680562,0.033641373,-1.6307665e-05,14.85412,0.01452593,-1.3297228e-05,14.928227,0.0062907575,-8.498306e-06
0.011418549,13.528559,0.89314452,-1.1073885e-05,14.675438,0.032849844,-1.650143e-05,14.851174,0.014928181,-1.3670698e-05,14.926872,0.0064211701,-8.8028048e-06
0.011703577,13.435725,0.93348026,-1.0664913e-05,14.670749,0.032344371,-1.6685341e-05,14.84817,0.015359068,-1.4049811e-05,14.925496,0.0065539366,-9.1163302e-06
0.011988837,13.339032,0.97149247,-1.0213898e-05,14.666495,0.032428459,-1.6847702e-05,14.845104,0.015819397,-1.4430649e-05,14.924101,0.0066890423,-9.4384813e-06
0.012274324,13.238846,1.0072517,-9.7380154e-06,14.662629,0.03347098,-1.7002749e-05,14.841971,0.016307096,-1.4819209e-05,14.922686,0.0068264507,-9.7712401e-06
0.012560037,13.135468,1.0407711,-9.2295209e-06,14.659052,0.035894214,-1.7136957e-05,14.838766,0.016815964,-1.5206116e-05,14.921249,0.0069661226,-1.0109076e-05
0.012845973,13.029085,1.0719609,-8.7013026e-06,14.655632,0.040133209,-1.7257462e-05,14.835489,0.017334175,-1.5598099e-05,14.919792,0.0071079116,-1.0457737e-05
0.013132127,12.919892,1.1007073,-8.1443893e-06,14.652178,0.046609211,-1.7358136e-05,14.832139,0.017843972,-1.5991944e-05,14.918314,0.0072517181,-1.0816092e-05
0.013418497,12.808237,1.1270537,-7.5677221e-06,14.648419,0.05576527,-1.7446252e-05,14.828719,0.018321333,-1.6390138e-05,14.916815,0.0073975577,-1.1184068e-05
0.013705079,12.693872,1.1508507,-6.9618515e-06,14.64406,0.067953512,-1.7515852e-05,14.825238,0.018735548,-1.6790116e-05,14.915295,0.0075454935,-1.1561427e-05
0.013991872,12.57685,1.1720721,-6.3397312e-06,14.638764,0.083483751,-1.7568464e-05,14.821712,0.019050462,-1.7189776e-05,14.913754,0.0076957542,-1.1945786e-05
0.014278873,12.457081,1.1907073,-5.6872153e-06,14.632133,0.10255967,-1.760677e-05,14.818164,0.019226397,-1.7593188e-05,14.912193,0.0078488264,-1.2341934e-05
0.014566078,12.333419,1.2065831,-5.0060513e-06,14.623758,0.12514295,-1.7626395e-05,14.814619,0.019223238,-1.7998331e-05,14.910609,0.0080056334,-1.2748783e-05
0.014853483,12.207283,1.2198475,-4.3058616e-06,14.613292,0.15131973,-1.7630057e-05,14.811119,0.019001636,-1.8404763e-05,14.909005,0.0081673082,-1.3165226e-05
0.015141088,12.079503,1.2307019,-3.5948677e-06,14.600319,0.18081526,-1.7623819e-05,14.807705,0.018533448,-1.8814263e-05,14.907378,0.0083355893,-1.3592074e-05
0.015428889,11.951885,1.2392918,-2.8506271e-06,14.584518,0.21291106,-1.7598511e-05,14.804427,0.017800164,-1.9221831e-05,14.905728,0.0085125257,-1.402807e-05
0.015716884,11.82533,1.2458413,-2.1107425e-06,14.565654,0.24728963,-1.7562807e-05,14.801351,0.016795855,-1.9634353e-05,14.904055,0.0087002833,-1.4477385e-05
0.01600507,11.699512,1.2504607,-1.3660546e-06,14.54349,0.28354408,-1.7518607e-05,14.798529,0.015549061,-2.0051797e-05,14.902356,0.0089015009,-1.4939988e-05
0.016293444,11.574245,1.2535767,-6.0446035e-07,14.517991,0.31989428,-1.7459092e-05,14.795999,0.014110681,-2.0469564e-05,14.90063,0.0091186558,-1.5413257e-05
0.016582003,11.449001,1.255627,1.6673862e-07,14.489164,0.35533484,-1.7385863e-05,14.793822,0.012555077,-2.0887098e-05,14.898874,0.009353417,-1.5896074e-05
0.016870745,11.323942,1.256839,9.0412518e-07,14.457009,0.38786897,-1.7324279e-05,14.792032,0.010996306,-2.1320169e-05,14.897087,0.0096065167,-1.6399673e-05
0.017159669,11.199161,1.2574924,1.6905847e-06,14.421617,0.41752529,-1.723883e-05,14.79061,0.0096036268,-2.1743555e-05,14.895265,0.00987756,-1.6911018e-05
0.017448774,11.074809,1.2578903,2.4899278e-06,14.383091,0.44483316,-1.7128127e-05,14.789557,0.0085628761,-2.2163847e-05,14.893403,0.010163742,-1.7431098e-05
0.017738055,10.951038,1.2580696,3.3302901e-06,14.34149,0.47020726,-1.7002282e-05,14.788858,0.0080777832,-2.2568564e-05,14.891499,0.010459209,-1.7953378e-05
0.018027513,10.827984,1.2580175,4.1905749e-06,14.296906,0.49399478,-1.6847565e-05,14.788446,0.0084243685,-2.2965065e-05,14.889553,0.01075518,-1.848221e-05
0.018317144,10.705794,1.2577233,5.060618e-06,14.249379,0.51645109,-1.6681577e-05,14.788249,0.0098947396,-2.3362061e-05,14.887566,0.011039213,-1.9024775e-05
0.018606948,10.584634,1.257178,5.9517945e-06,14.198944,0.53773454,-1.6507726e-05,14.788077,0.012705195,-2.3733298e-05,14.885541,0.011293989,-1.9572615e-05
0.018896923,10.464554,1.2563651,6.9204548e-06,14.145687,0.55794163,-1.6304181e-05,14.787896,0.017157218,-2.4067238e-05,14.883481,0.011499117,-2.0121395e-05
0.019187067,10.345717,1.2552457,7.8547679e-06,14.089716,0.57709792,-1.6123155e-05,14.787872,0.023484844,-2.4405395e-05,14.881398,0.01163077,-2.0693123e-05
0.019477378,10.228241,1.2538035,8.8279932e-06,14.031166,0.59529127,-1.5913408e-05,14.787892,0.031946531,-2.4765412e-05,14.879304,0.011662666,-2.1261975e-05
0.019767856,10.112209,1.2520193,9.8526326e-06,13.970171,0.61249042,-1.5698665e-05,14.787475,0.042645622,-2.5125891e-05,14.877217,0.011565642,-2.1837596e-05
0.020058499,9.997672,1.2498809,1.0954346e-05,13.906806,0.6286461,-1.5423709e-05,14.786271,0.055635486,-2.5441007e-05,14.875155,0.011311076,-2.2397129e-05
0.020349308,9.8847077,1.2473833,1.2105133e-05,13.841213,0.64374044,-1.5102424e-05,14.783879,0.071000455,-2.5728313e-05,14.873147,0.010874532,-2.2954789e-05
0.020640281,9.7734007,1.2445251,1.3185185e-05,13.773326,0.65768231,-1.4832881e-05,14.779784,0.088696965,-2.6052288e-05,14.871222,0.010236416,-2.3545133e-05
0.020931418,9.6637581,1.2413189,1.4279599e-05,13.703153,0.670383,-1.4546445e-05,14.773774,0.10860626,-2.6392205e-05,14.869415,0.0093881403,-2.4145469e-05
0.021222719,9.5557891,1.2377813,1.5405e-05,13.630434,0.6817639,-1.4190857e-05,14.765992,0.13057741,-2.6700037e-05,14.867767,0.0083509532,-2.4744363e-05
0.021514183,9.4495196,1.2339326,1.6538894e-05,13.554684,0.69168883,-1.3827528e-05,14.756211,0.15420418,-2.6988078e-05,14.866318,0.0071257198,-2.5349951e-05
0.021805811,9.3449471,1.2297926,1.7615054e-05,13.476897,0.70024534,-1.3553534e-05,14.744355,0.17885836,-2.7345269e-05,14.865101,0.0057976462,-2.5999021e-05
0.022097602,9.2419947,1.2253741,1.8748615e-05,13.397658,0.70754121,-1.322038e-05,14.730327,0.20479772,-2.763535e-05,14.864147,0.004398117,-2.6618448e-05
0.022389556,9.140646,1.2207042,2.004209e-05,13.318971,0.71354933,-1.2740738e-05,14.713884,0.23093631,-2.7820748e-05,14.863474,0.0031528608,-2.7175819e-05
0.022681671,9.0409434,1.2157985,2.1331927e-05,13.240539,0.71845908,-1.2283381e-05,14.694978,0.25635522,-2.8006239e-05,14.863051,0.0020819406,-2.7734287e-05
0.02297395,8.9428276,1.2106888,2.2625982e-05,13.162218,0.72239885,-1.1833631e-05,14.67362,0.28038214,-2.8190606e-05,14.862864,0.0010774905,-2.8286054e-05
0.023266393,8.8462991,1.2054015,2.3749076e-05,13.083731,0.72554348,-1.1475702e-05,14.64973,0.30175361,-2.8411126e-05,14.862836,9.6369931e-05,-2.8852147e-05
0.023558991,8.7513932,1.1999596,2.4836098e-05,13.005057,0.72799256,-1.1204844e-05,14.623383,0.32113716,-2.8679142e-05,14.863029,-0.00067388415,-2.9464062e-05
0.023851734,8.657935,1.1944244,2.5967011e-05,12.926239,0.72980073,-1.0931714e-05,14.594632,0.33894299,-2.8953006e-05,14.863486,-0.0011966521,-3.0083785e-05
0.024144616,8.5658191,1.1888478,2.7111922e-05,12.847413,0.73103851,-1.063843e-05,14.563516,0.35548916,-2.9212324e-05,14.864368,-0.0018051594,-3.0708546e-05
0.02443763,8.4749923,1.1832734,2.8305869e-05,12.768746,0.73177774,-1.0306684e-05,14.53003,0.37104769,-2.943821e-05,14.865604,-0.0026167105,-3.1315442e-05
0.024730774,8.385438,1.1777304,2.9465273e-05,12.690338,0.73206261,-9.9874689e-06,14.494256,0.3857749,-2.9659597e-05,14.866983,-0.0023091059,-3.1912956e-05
0.025024044,8.2971179,1.1722472,3.0539644e-05,12.612268,0.73192114,-9.6990766e-06,14.456252,0.39973517,-2.9892741e-05,14.86838,-0.00038810883,-3.251907e-05
0.025317436,8.2100185,1.1668306,3.1819309e-05,12.534654,0.7314035,-9.3280933e-06,14.416099,0.41303568,-3.0098694e-05,14.86973,0.0037930329,-3.3105368e-05
0.02561095,8.1239325,1.16154,3.3259057e-05,12.457509,0.73054905,-8.7993902e-06,14.373823,0.4256589,-3.0179718e-05,14.870947,0.011038564,-3.3624168e-05
0.025904583,8.0389784,1.1563677,3.4418329e-05,12.380937,0.72938495,-8.407217e-06,14.329484,0.43757449,-3.0309452e-05,14.871975,0.02037294,-3.4159804e-05
0.026198337,7.955158,1.1513237,3.5581193e-05,12.305019,0.72794321,-8.0160912e-06,14.283162,0.44877022,-3.0433032e-05,14.872745,0.031654644,-3.4709033e-05
0.026492213,7.8724355,1.1464237,3.6711291e-05,12.229825,0.72624932,-7.6267515e-06,14.234791,0.45917232,-3.0524536e-05,14.873194,0.044766683,-3.5259752e-05
0.02678621,7.7907624,1.1416822,3.7827624e-05,12.155412,0.72429706,-7.231668e-06,14.184347,0.46871467,-3.0608998e-05,14.873524,0.059613713,-3.5821183e-05
0.027080329,7.7100785,1.1371162,3.8880009e-05,12.081836,0.72209805,-6.8881691e-06,14.131773,0.47735034,-3.0652959e-05,14.872496,0.075847314,-3.6432322e-05
0.02737457,7.630337,1.132724,3.9907216e-05,12.009153,0.7196848,-6.5784269e-06,14.07642,0.48493718,-3.0720721e-05,14.869622,0.093417276,-3.7053327e-05
0.027668934,7.5515157,1.1285071,4.0817624e-05,11.937409,0.71707604,-6.3558035e-06,14.019213,0.49154896,-3.0860993e-05,14.86446,0.11219672,-3.7705346e-05
0.02796342,7.4735653,1.1244819,4.1969417e-05,11.866643,0.7142858,-6.0478165e-06,13.96069,0.49725655,-3.0991431e-05,14.856273,0.13180271,-3.8362737e-05
0.028258028,7.3961812,1.120723,4.3137797e-05,11.796826,0.71133445,-5.6622331e-06,13.902245,0.5020629,-3.1029712e-05,14.846151,0.15173598,-3.8955507e-05
0.028552757,7.3195166,1.117203,4.4149924e-05,11.728028,0.70822334,-5.3726849e-06,13.84405,0.50608976,-3.1182733e-05,14.834134,0.17241606,-3.9588792e-05
0.028847607,7.2435352,1.1139314,4.5207294e-05,11.660267,0.70499324,-5.0837675e-06,13.785938,0.50944241,-3.1383837e-05,14.820282,0.19267838,-4.0227362e-05
0.029142579,7.1682222,1.1109114,4.604192e-05,11.593558,0.70164844,-4.8583444e-06,13.727741,0.51222459,-3.1659171e-05,14.804745,0.21196963,-4.0876973e-05
0.02943767,7.0935392,1.1081473,4.6952244e-05,11.527906,0.69818495,-4.6296064e-06,13.669275,0.51455187,-3.1954578e-05,14.787273,0.22961911,-4.152334e-05
0.02973288,7.0195802,1.1056514,4.7766535e-05,11.463314,0.69459896,-4.437285e-06,13.610627,0.51645476,-3.2278991e-05,14.767797,0.24523874,-4.217077e-05
0.030028207,6.9462828,1.1034316,4.8455887e-05,11.399778,0.69088879,-4.2946858e-06,13.551875,0.51795615,-3.2641187e-05,14.746328,0.25933627,-4.2826722e-05
0.030323651,6.8736429,1.101476,4.9116777e-05,11.337301,0.68705388,-4.1681295e-06,13.493147,0.51910755,-3.3020351e-05,14.722805,0.27225663,-4.3478317e-05
0.03061921,6.8017165,1.0997584,4.9482018e-05,11.275893,0.68309315,-4.1945429e-06,13.434529,0.51992552,-3.3485328e-05,14.69732,0.28428934,-4.4174625e-05
0.030914882,6.7303177,1.0983074,5.0461548e-05,11.215509,0.67901239,-3.9274277e-06,13.37604,0.52042517,-3.3788181e-05,14.669933,0.29560658,-4.4762282e-05
0.031210666,6.6591155,1.0971954,5.1354308e-05,11.156073,0.67482386,-3.562931e-06,13.31771,0.52062509,-3.3970788e-05,14.640659,0.3063106,-4.5263364e-05
0.031506561,6.5883923,1.096353,5.2178166e-05,11.097639,0.6705232,-3.2379597e-06,13.259632,0.52054792,-3.4168313e-05,14.60954,0.31647197,-4.5746174e-05
0.031802566,6.5181616,1.095765,5.2751998e-05,11.0402,0.66611461,-3.0347656e-06,13.201851,0.52020819,-3.4425559e-05,14.576637,0.32610171,-4.6230321e-05
0.032098681,6.4483376,1.095434,5.3286208e-05,10.983729,0.66160554,-2.8236072e-06,13.14441,0.51961797,-3.4667166e-05,14.541957,0.33518544,-4.6675221e-05
0.032394905,6.3789149,1.0953376,5.3947842e-05,10.928218,0.65700144,-2.6322646e-06,13.087366,0.51879654,-3.4898582e-05,14.505577,0.34372588,-4.7091423e-05
0.032691237,6.3098878,1.0954699,5.4431738e-05,10.873652,0.65230901,-2.5432328e-06,13.030765,0.51775014,-3.5152244e-05,14.467337,0.35162556,-4.7482388e-05
0.03298768,6.2412083,1.0958416,5.4792095e-05,10.820007,0.64753777,-2.5109298e-06,12.97464,0.51649412,-3.5418242e-05,14.427315,0.35886094,-4.7855869e-05
0.033284233,6.1728658,1.096451,5.494882e-05,10.767264,0.64269601,-2.5880557e-06,12.91903,0.51503883,-3.5750636e-05,14.385226,0.3653617,-4.8207746e-05
0.033580896,6.1048329,1.097304,5.4930507e-05,10.715397,0.6377925,-2.7215337e-06,12.863971,0.51339401,-3.6121063e-05,14.340987,0.37106569,-4.8600162e-05
0.03387767,6.0372342,1.0983171,5.4426586e-05,10.66441,0.63283279,-3.0392618e-06,12.809508,0.51156486,-3.662528e-05,14.2953,0.37604002,-4.9104641e-05
0.034174554,5.9696343,1.0996061,5.4655629e-05,10.614202,0.62783608,-3.0263392e-06,12.755647,0.50956431,-3.6928398e-05,14.248585,0.38035358,-4.9533342e-05
0.034471548,5.9016218,1.1012983,5.4674913e-05,10.564681,0.62282126,-2.8868017e-06,12.70239,0.5074034,-3.7053078e-05,14.202187,0.38399287,-4.9842505e-05
0.034768651,5.833671,1.1032682,5.4696468e-05,10.515922,0.61778434,-2.8074944e-06,12.649799,0.50508534,-3.7214942e-05,14.155967,0.38707944,-5.0241611e-05
0.035065863,5.7658177,1.1055004,5.433689e-05,10.467911,0.61273329,-2.82661e-06,12.597895,0.5026163,-3.7411962e-05,14.109804,0.38969356,-5.0707216e-05
0.035363181,5.6980333,1.1079921,5.3946298e-05,10.420626,0.60767746,-2.8774993e-06,12.546695,0.5000019,-3.7648135e-05,14.063534,0.39192702,-5.1266704e-05
0.035660604,5.6303398,1.1107312,5.3285273e-05,10.374053,0.60262446,-2.9982257e-06,12.496217,0.49724885,-3.7921716e-05,14.017012,0.39386527,-5.1883749e-05
0.03595813,5.5627006,1.1137163,5.2486278e-05,10.328171,0.59758304,-3.1240933e-06,12.446465,0.49436126,-3.8202105e-05,13.970306,0.39552451,-5.2529852e-05
0.036255756,5.4950673,1.1169546,5.1215571e-05,10.282961,0.59256127,-3.3091124e-06,12.397445,0.49134413,-3.8503472e-05,13.923477,0.39692132,-5.320031e-05
0.036553481,5.4274063,1.120451,5.0159722e-05,10.238409,0.58756566,-3.3866933e-06,12.349161,0.48820277,-3.8754659e-05,13.876619,0.3980933,-5.3868689e-05
0.036851303,5.3597994,1.1241834,4.9148563e-05,10.194525,0.58259954,-3.5631423e-06,12.301621,0.4849388,-3.9105424e-05,13.829784,0.39904682,-5.461327e-05
0.037149221,5.2922791,1.1281331,4.7704245e-05,10.151308,0.57766715,-3.9229252e-06,12.254826,0.48155602,-3.9586181e-05,13.783004,0.39978873,-5.5446971e-05
0.037447235,5.2250143,1.1322316,4.592489e-05,10.108781,0.57276995,-4.5230585e-06,12.208787,0.47805755,-4.0254085e-05,13.736324,0.40032798,-5.6405191e-05
0.037745345,5.1569214,1.1368131,4.3790632e-05,10.066771,0.56793822,-4.9869154e-06,12.163436,0.47445506,-4.0735818e-05,13.689753,0.40067898,-5.7223223e-05
0.038043548,5.0878452,1.1419367,4.1790627e-05,10.025252,0.5631809,-5.0447783e-06,12.118758,0.4707543,-4.0892708e-05,13.643316,0.40084423,-5.7842686e-05
0.038341844,5.0184276,1.147408,3.9525324e-05,9.984326,0.55848918,-5.2103673e-06,12.074787,0.46695693,-4.1126432e-05,13.597063,0.40082649,-5.8511788e-05
0.038640232,4.9486311,1.1532324,3.6914924e-05,9.9439818,0.55387287,-5.4231501e-06,12.031514,0.46306293,-4.1376747e-05,13.551033,0.40063561,-5.9187813e-05
0.038938712,4.878374,1.1594407,3.3884285e-05,9.9042065,0.54934269,-5.6677305e-06,11.988927,0.45907564,-4.1645436e-05,13.505259,0.4002748,-5.9878064e-05
0.039237282,4.8076252,1.1660377,3.0727232e-05,9.8649929,0.54490824,-5.9472302e-06,11.947017,0.45500473,-4.1948956e-05,13.459773,0.39974764,-6.0594619e-05
0.039535941,4.7363769,1.1730207,2.7345959e-05,9.8263351,0.54057745,-6.2388983e-06,11.905771,0.45085836,-4.2258164e-05,13.414601,0.39905874,-6.1315646e-05
0.039834688,4.6646139,1.1803876,2.3573115e-05,9.7882267,0.53636439,-6.5680871e-06,11.865181,0.44664375,-4.2581282e-05,13.36978,0.39821541,-6.2040316e-05
0.040133521,4.5923138,1.1882441,1.970331e-05,9.7506643,0.53228355,-6.8774538e-06,11.825235,0.44236675,-4.2906027e-05,13.325331,0.39721932,-6.2761701e-05
0.04043244,4.5196031,1.1965438,1.5209987e-05,9.7136479,0.52834051,-7.3485271e-06,11.785926,0.43803726,-4.3289076e-05,13.281276,0.39607417,-6.3505971e-05
0.040731444,4.4464826,1.2051729,1.0646042e-05,9.6771706,0.52453662,-7.7803299e-06,11.747242,0.43366435,-4.3670955e-05,13.237639,0.3947867,-6.4263012e-05
0.041030531,4.3734404,1.2139132,6.5743126e-06,9.6412847,0.52085979,-8.0930765e-06,11.709193,0.4292482,-4.408973e-05,13.19445,0.39336222,-6.5086217e-05
0.041329702,4.2996304,1.2230398,1.352219e-06,9.6058753,0.51735487,-9.1306343e-06,11.671728,0.42479517,-4.4804693e-05,13.151704,0.39180723,-6.5995034e-05
0.041628956,4.2240645,1.2328987,-3.8134275e-06,9.5708151,0.51404008,-9.7360867e-06,11.634794,0.42031147,-4.5130324e-05,13.109392,0.39012759,-6.6634642e-05
0.041928291,4.1478255,1.243099,-9.8003472e-06,9.5362461,0.51086933,-1.0384384e-05,11.598435,0.41579388,-4.5446062e-05,13.067553,0.38832375,-6.726857e-05
0.042227708,4.0709034,1.2536355,-1.606558e-05,9.5021717,0.50782158,-1.1108929e-05,11.562645,0.41124419,-4.5805386e-05,13.026197,0.3864024,-6.7928825e-05
0.042527204,3.993243,1.264536,-2.2683729e-05,9.468588,0.50487949,-1.1891338e-05,11.527418,0.40666451,-4.6163234e-05,12.985329,0.38436852,-6.8581185e-05
0.04282678,3.9147898,1.2758073,-2.9728837e-05,9.435488,0.5020138,-1.2703412e-05,11.492745,0.40205728,-4.6499846e-05,12.944953,0.38222672,-6.9210377e-05
0.043126434,3.8355047,1.2874496,-3.7473494e-05,9.402861,0.49917811,-1.368957e-05,11.458621,0.397425,-4.6906809e-05,12.905071,0.37998187,-6.9873407e-05
0.043426166,3.7552692,1.2995016,-4.6146752e-05,9.370685,0.49637099,-1.4776083e-05,11.425037,0.39277031,-4.7353177e-05,12.865685,0.37763915,-7.0555635e-05
0.043725974,3.6741196,1.3119537,-5.5065508e-05,9.3389523,0.49359143,-1.5856978e-05,11.39199,0.38809518,-4.7789217e-05,12.826796,0.37520276,-7.1228495e-05
0.044025858,3.592164,1.3247715,-6.4454437e-05,9.3076566,0.49084075,-1.7000764e-05,11.359476,0.38340159,-4.8249607e-05,12.788403,0.37267626,-7.1906268e-05
0.044325818,3.5095615,1.3378966,-7.4311464e-05,9.2767902,0.48812215,-1.8177762e-05,11.327497,0.3786916,-4.8715751e-05,12.750503,0.3700636,-7.2579593e-05
0.044625851,3.4266437,1.3512104,-8.4773916e-05,9.2463559,0.48543985,-1.9400349e-05,11.296054,0.37396705,-4.9181142e-05,12.713098,0.36736854,-7.3247854e-05
0.044925958,3.3446297,1.3642998,-9.6195489e-05,9.2164153,0.48279324,-2.1377816e-05,11.265174,0.36922814,-5.0140408e-05,12.676194,0.36459425,-7.4176106e-05
0.045226136,3.2603909,1.3782486,-0.00011031228,9.1866739,0.48023931,-2.3797824e-05,11.234761,0.36448798,-5.1051139e-05,12.639749,0.36174912,-7.496653e-05
0.045526386,3.1733242,1.3932019,-0.0001227321,9.1570946,0.47779013,-2.5031343e-05,11.204804,0.35974947,-5.1189759e-05,12.603753,0.35883681,-7.5328257e-05
0.045826707,3.0853017,1.4084432,-0.00013551948,9.1278522,0.47542574,-2.6347533e-05,11.175371,0.355009,-5.1366564e-05,12.568232,0.35585877,-7.571878e-05
0.046127098,2.9965438,1.4238471,-0.00014894208,9.0989442,0.47315377,-2.7944696e-05,11.146464,0.35026883,-5.1634083e-05,12.533179,0.35281861,-7.6150491e-05
0.04642756,2.9071027,1.4391837,-0.00016312922,9.0703461,0.47098577,-2.9749784e-05,11.118082,0.34553202,-5.1967166e-05,12.498591,0.34972027,-7.6618477e-05
0.046728091,2.816993,1.4544694,-0.00017797411,9.0420419,0.46893182,-3.164248e-05,11.090225,0.3408014,-5.2277625e-05,12.464461,0.34656736,-7.7075581e-05
0.047028692,2.7261556,1.4697192,-0.00019308773,9.014017,0.46700244,-3.3520567e-05,11.062895,0.33608,-5.2535838e-05,12.430787,0.34336359,-7.751137e-05
0.047329361,2.6346503,1.4848698,-0.00020913139,8.9862627,0.46520714,-3.5567312e-05,11.036095,0.33137088,-5.2799495e-05,12.397563,0.34011194,-7.7946195e-05
0.047630097,2.542555,1.4998297,-0.00022649551,8.9587624,0.4635569,-3.7893237e-05,11.009828,0.32667732,-5.3141255e-05,12.364787,0.33681514,-7.8430074e-05
0.047930901,2.449816,1.5145698,-0.00024541516,8.9314883,0.46206127,-4.0355788e-05,10.984093,0.32200235,-5.3496315e-05,12.332453,0.33347641,-7.8933399e-05
0.048231772,2.3566483,1.5289478,-0.00026455233,8.9044294,0.46072257,-4.2758739e-05,10.958891,0.31734982,-5.3785685e-05,12.300559,0.33009828,-7.9429927e-05
0.048532709,2.2634771,1.5427416,-0.00028302433,8.8775795,0.45954575,-4.4895048e-05,10.934229,0.31272313,-5.3928047e-05,12.269103,0.326683,-7.9894107e-05
0.048833711,2.1713389,1.5553393,-0.00029951294,8.8509751,0.45852998,-4.6678679e-05,10.910128,0.30812329,-5.4039618e-05,12.238093,0.32323206,-8.0440262e-05
0.049134777,2.0791346,1.567485,-0.00032564525,8.8244821,0.45771135,-5.2101356e-05,10.886552,0.30355814,-5.5587524e-05,12.207507,0.3197494,-8.1506893e-05
0.049435907,1.9829619,1.5813713,-0.00035375944,8.7977702,0.4571539,-5.6395497e-05,10.863407,0.29903952,-5.6045277e-05,12.177307,0.31623926,-8.1934648e-05
0.0497371,1.8858701,1.5954635,-0.0003769556,8.7710351,0.45683188,-5.9533065e-05,10.840766,0.29456389,-5.600272e-05,12.147522,0.31270391,-8.2187878e-05
0.050038354,1.7887111,1.6093683,-0.0003993694,8.7443182,0.45674719,-6.2797903e-05,10.818646,0.29013146,-5.5945393e-05,12.118157,0.30914539,-8.2457174e-05
0.05033967,1.6915533,1.6229752,-0.00042266187,8.7175941,0.45691368,-6.6377357e-05,10.797046,0.28574149,-5.5899066e-05,12.089212,0.30556429,-8.2742596e-05
0.050641047,1.594366,1.6361856,-0.00044642121,8.6908359,0.45734573,-7.0385105e-05,10.775963,0.28139148,-5.5947506e-05,12.060686,0.30196131,-8.3096442e-05
0.050942485,1.4969788,1.6489052,-0.00047064401,8.6640042,0.45805916,-7.4675031e-05,10.755393,0.27707716,-5.6001244e-05,12.032577,0.29833724,-8.3466509e-05
0.051243984,1.3992122,1.6609353,-0.00049580236,8.6370707,0.45906624,-7.9264724e-05,10.73533,0.27280723,-5.6033465e-05,12.004885,0.29469274,-8.3833092e-05
0.051545542,1.3009018,1.6720329,-0.00052142873,8.6100017,0.46038209,-8.4113219e-05,10.715774,0.26857299,-5.6031403e-05,11.977609,0.29102666,-8.4187816e-05
0.05184716,1.2019011,1.6820584,-0.00054741453,8.5827713,0.46201924,-8.9361197e-05,10.696723,0.2643657,-5.6019432e-05,11.950751,0.28733429,-8.4539405e-05
0.052148837,1.1019347,1.6908502,-0.00057450638,8.5553479,0.46398963,-9.5111704e-05,10.678175,0.26017798,-5.5994544e-05,11.924313,0.28361666,-8.4877202e-05
0.052450573,1.0003139,1.6982435,-0.00060298795,8.5276895,0.46630601,-0.00010116897,10.660125,0.25600321,-5.5887084e-05,11.898295,0.27987467,-8.5199497e-05
0.052752367,0.89583363,1.7041856,-0.00062853618,8.4997933,0.46895561,-0.00010664602,10.642576,0.2518314,-5.5328735e-05,11.872702,0.27610881,-8.535773e-05
0.053054218,0.78484148,1.7072751,-0.00064463336,8.4717298,0.47192542,-0.00011254511,10.625556,0.2476499,-5.5519913e-05,11.847551,0.27231909,-8.6024844e-05
0.053356126,0.67386892,1.7098631,-0.00068450433,8.4432495,0.47527463,-0.0001247339,10.608989,0.24346564,-5.7587793e-05,11.822811,0.26850914,-8.7229464e-05
0.05365809,0.57454589,1.7159093,-0.00072419163,8.413997,0.47907154,-0.00013476876,10.592785,0.23928501,-5.7847666e-05,11.798455,0.26468153,-8.7484115e-05
0.053960111,0.47684008,1.7218629,-0.00075978303,8.3842467,0.48326755,-0.00014426876,10.577028,0.23509821,-5.7638537e-05,11.774521,0.26083411,-8.7542206e-05
0.054262186,0.3787043,1.7274202,-0.00079144014,8.3539939,0.48786765,-0.0001537906,10.561724,0.23090615,-5.7274152e-05,11.751017,0.2569673,-8.7557059e-05
0.054564316,0.28031753,1.732364,-0.00082245014,8.3232374,0.49287172,-0.00016374618,10.546872,0.22671069,-5.681614e-05,11.727946,0.25308128,-8.7518697e-05
0.054866501,0.18169646,1.7366404,-0.00085236728,8.2919607,0.49828178,-0.00017432491,10.532465,0.22251548,-5.6300975e-05,11.705312,0.2491763,-8.7422328e-05
0.05516874,0.082771705,1.7402561,-0.000883861,8.260135,0.50410042,-0.00018567993,10.518497,0.21832557,-5.5750813e-05,11.683118,0.24525262,-8.7285805e-05
0.055471033,-0.016557364,1.743258,-0.00091658495,8.2277356,0.51032845,-0.00019791379,10.50496,0.21414699,-5.5261925e-05,11.661367,0.24131051,-8.7185282e-05
0.055773379,-0.11658098,1.7457503,-0.000949798,8.1947308,0.51696388,-0.0002107051,10.491842,0.20998676,-5.4719906e-05,11.640062,0.23735012,-8.7059467e-05
0.056075779,-0.21709803,1.7475253,-0.00098484858,8.1611007,0.5240045,-0.00022436652,10.479134,0.20585228,-5.413809e-05,11.619206,0.23337147,-8.6892416e-05
0.056378233,-0.31818572,1.7486507,-0.0010201884,8.1268139,0.53144589,-0.00023862181,10.466823,0.20175167,-5.3428123e-05,11.5988,0.22937456,-8.6643078e-05
0.056680739,-0.4201159,1.7493227,-0.0010563507,8.0918467,0.53928006,-0.0002533999,10.454899,0.19769316,-5.2524793e-05,11.57885,0.22535911,-8.6272757e-05
0.056983297,-0.52348057,1.7498453,-0.0010944775,8.0561773,0.54749699,-0.00026821748,10.443352,0.19368564,-5.109621e-05,11.559357,0.22132296,-8.5629896e-05
0.057285907,-0.63017589,1.7510036,-0.0011409527,8.0198331,0.55607637,-0.00028292035,10.432184,0.18973787,-4.9800589e-05,11.540332,0.21726525,-8.5181648e-05
0.057588568,-0.74356717,1.754237,-0.0011664371,7.9829522,0.56498569,-0.00030639747,10.421413,0.18585909,-5.2202998e-05,11.521785,0.21318573,-8.6156836e-05
0.05789128,-0.84707404,1.7540227,-0.001194573,7.9449435,0.57434737,-0.00033266557,10.410867,0.18207695,-5.4436854e-05,11.503659,0.20908797,-8.6621291e-05
0.058194043,-0.93781588,1.7490681,-0.0012247177,7.9057058,0.58416928,-0.00035220399,10.400516,0.17840263,-5.3595502e-05,11.485957,0.20497026,-8.585321e-05
0.058496857,-1.0263907,1.7428062,-0.0012581681,7.8656438,0.59435583,-0.00037282705,10.390443,0.17483697,-5.2835316e-05,11.468715,0.20082743,-8.4973528e-05
0.058799721,-1.1130704,1.735369,-0.0012965912,7.8247541,0.60489342,-0.00039490844,10.380629,0.17139218,-5.2302319e-05,11.451937,0.19666003,-8.4078263e-05
0.059102636,-1.1987709,1.7271737,-0.0013321131,7.7830025,0.61577364,-0.00041733254,10.371051,0.16808131,-5.178194e-05,11.435624,0.19246758,-8.3102053e-05
0.059405599,-1.2828007,1.7178811,-0.0013663317,7.7404164,0.6269724,-0.0004405373,10.361691,0.16491578,-5.1333807e-05,11.419777,0.18824644,-8.2015313e-05
0.059708612,-1.3652011,1.7074575,-0.0013974755,7.6969923,0.63847221,-0.00046438991,10.35253,0.1619078,-5.0968037e-05,11.404397,0.18399054,-8.080752e-05
0.060011674,-1.4457907,1.695824,-0.0014305349,7.65274,0.65025324,-0.00048938518,10.343547,0.15906972,-5.0773407e-05,11.389485,0.17969449,-7.9490124e-05
0.060314784,-1.5247031,1.6830106,-0.0014639263,7.6076444,0.66230411,-0.00051529408,10.334718,0.15641394,-5.0803188e-05,11.375041,0.1753553,-7.8094911e-05
0.060617943,-1.6020341,1.6690836,-0.0015004082,7.5617008,0.67459985,-0.00054223805,10.326022,0.15395241,-5.1091964e-05,11.361067,0.17097082,-7.6631212e-05
0.060921149,-1.6777908,1.654114,-0.0015352705,7.5148866,0.68712241,-0.00057025073,10.317429,0.15169744,-5.154244e-05,11.347559,0.16653935,-7.5030253e-05
0.061224403,-1.7516929,1.6382736,-0.0015698699,7.4671827,0.6998575,-0.00059890086,10.308916,0.14966054,-5.1938122e-05,11.33452,0.16203609,-7.3159059e-05
0.061527704,-1.8234684,1.6216572,-0.0016071206,7.4185976,0.71278711,-0.00062763744,10.300461,0.14785179,-5.2092427e-05,11.321952,0.1574617,-7.0967824e-05
0.061831052,-1.8927661,1.6044647,-0.0016472125,7.3692277,0.72588454,-0.00065667846,10.29206,0.14628033,-5.3197394e-05,11.30986,0.15282557,-6.9193291e-05
0.062134446,-1.9582606,1.5874738,-0.0017056101,7.3194513,0.73908597,-0.00069122448,10.283741,0.14495051,-5.8578555e-05,11.298259,0.14813483,-6.8929524e-05
0.062437887,-2.0244744,1.5691315,-0.001721539,7.268524,0.75256278,-0.00073735781,10.275297,0.14389399,-6.4875086e-05,11.287079,0.14340127,-6.8087682e-05
0.062741375,-2.0932002,1.5485444,-0.0017472962,7.2161651,0.76635813,-0.0007765891,10.266657,0.14312231,-6.8044063e-05,11.276307,0.13864636,-6.5656039e-05
0.063044908,-2.1610075,1.5269553,-0.0017777825,7.1629459,0.78031591,-0.00081468408,10.257925,0.14262718,-7.1248992e-05,11.265984,0.13390538,-6.2966137e-05
0.063348487,-2.2273911,1.5043551,-0.0018090067,7.1089288,0.79440394,-0.00085321504,10.249082,0.14241382,-7.4790251e-05,11.256106,0.12918027,-6.0064431e-05
0.063652111,-2.2922174,1.4807505,-0.0018407263,7.0541404,0.80859967,-0.00089274572,10.240106,0.14248712,-7.8781593e-05,11.24667,0.12446967,-5.697112e-05
0.063955781,-2.3555906,1.4562454,-0.0018917506,6.9985909,0.82288641,-0.00093383689,10.230973,0.1428512,-8.3386262e-05,11.237671,0.11977262,-5.3779776e-05
0.064259495,-2.4186862,1.4317022,-0.0019220537,6.9422598,0.83725436,-0.00097464095,10.221654,0.14350909,-8.8387642e-05,11.229105,0.11508843,-5.0432163e-05
0.064563254,-2.480052,1.4068024,-0.0019523266,6.8851816,0.851681,-0.0010161274,10.212132,0.1444612,-9.3857262e-05,11.220964,0.11041556,-4.6904423e-05
0.064867057,-2.5395011,1.3814926,-0.0019818963,6.8273553,0.86615618,-0.0010586983,10.202385,0.14570779,-9.9786133e-05,11.213242,0.10574975,-4.318324e-05
0.065170904,-2.5968001,1.355749,-0.0020061937,6.768776,0.88067944,-0.0011024486,10.192392,0.14724911,-0.00010625739,11.205933,0.10109013,-3.9282397e-05
0.065474796,-2.6518776,1.329665,-0.0020344057,6.7094537,0.89523848,-0.0011469196,10.18213,0.14908421,-0.00011321317,11.199031,0.096437732,-3.5190846e-05
0.06577873,-2.7049055,1.3034299,-0.0020675936,6.6493984,0.9098098,-0.0011920058,10.171576,0.15121134,-0.0001205005,11.192526,0.091795136,-3.0814741e-05
0.066082709,-2.7559122,1.2771735,-0.0021008125,6.5886226,0.92438224,-0.0012371644,10.160709,0.15362695,-0.00012781821,11.186412,0.087166071,-2.6030898e-05
0.06638673,-2.8048552,1.2510466,-0.002132481,6.5271846,0.93894197,-0.001283157,10.149524,0.15632649,-0.0001361014,11.180684,0.082555866,-2.1492323e-05
0.066690794,-2.8515862,1.2251671,-0.0021672975,6.4651682,0.95346477,-0.0013283906,10.13802,0.15930264,-0.00014585672,11.175337,0.077971091,-1.7567566e-05
0.066994901,-2.8953533,1.1998958,-0.0022142357,6.4029275,0.96783172,-0.0013766071,10.126238,0.16254363,-0.00016072112,11.170376,0.073419215,-1.5238837e-05
0.067299051,-2.9380019,1.1745731,-0.0022121062,6.3396557,0.98227707,-0.0014478078,10.113977,0.16606693,-0.00017791825,11.165723,0.068915081,-1.2453609e-05
0.067603243,-2.9808505,1.148696,-0.0022299826,6.2748728,0.99693234,-0.001508432,10.10115,0.16987215,-0.00019100603,11.16135,0.064470093,-7.9922648e-06
0.067907478,-3.0239803,1.1242754,-0.002271614,6.2093886,1.0115886,-0.0015652275,10.087892,0.17393241,-0.00020418575,11.157294,0.060093008,-3.5815455e-06
0.068211755,-3.0660192,1.1008748,-0.002303751,6.1433318,1.0262099,-0.0016217567,10.074205,0.17823564,-0.00021799205,11.153546,0.055804015,7.5346177e-07
0.068516073,-3.1065138,1.0779102,-0.0023293389,6.0767349,1.0407818,-0.0016787618,10.060083,0.18277091,-0.00023249096,11.15009,0.051621178,5.0682573e-06
0.068820433,-3.1454401,1.0548118,-0.0023539996,6.0095966,1.0553,-0.0017365446,10.045515,0.18752727,-0.00024772603,11.146907,0.047557397,9.4655854e-06
0.069124834,-3.18282,1.0310664,-0.0023794405,5.9419048,1.0697651,-0.0017953891,10.030493,0.19249357,-0.00026367951,11.143974,0.0436441,1.3928082e-05
0.069429276,-3.2198048,1.0073956,-0.0024416298,5.8736226,1.0841873,-0.001855242,10.015008,0.19765931,-0.0002803019,11.141269,0.039902038,1.8407827e-05
0.069733758,-3.2567916,0.98355375,-0.0024654342,5.804744,1.0985708,-0.0019151164,9.9990551,0.20301294,-0.00029758893,11.138773,0.036386821,2.2913286e-05
0.070038282,-3.2917985,0.95844109,-0.0024866592,5.7352919,1.1129111,-0.0019758634,9.9826288,0.2085424,-0.00031553995,11.136455,0.0330889,2.7461576e-05
0.070342846,-3.3250023,0.93195734,-0.0025054002,5.6652776,1.1272392,-0.0020371946,9.9657235,0.21423365,-0.00033400738,11.134296,0.029994784,3.2084208e-05
0.07064745,-3.3561169,0.90403821,-0.002519934,5.5947997,1.1415319,-0.0020992073,9.9483374,0.22007599,-0.00035283958,11.132278,0.027091042,3.690398e-05
0.070952094,-3.3853038,0.87488697,-0.0025458555,5.5238928,1.1557584,-0.0021613263,9.9304699,0.22606003,-0.00037206072,11.130381,0.024363383,4.1841972e-05
0.071256778,-3.4129851,0.84478489,-0.0025745121,5.4525439,1.1698924,-0.0022241045,9.9121319,0.23217396,-0.00039220868,11.12859,0.021800284,4.6310278e-05
0.071561502,-3.4390578,0.81383538,-0.0026053055,5.3808738,1.1839264,-0.0022861211,9.8933293,0.23840604,-0.00041315132,11.12689,0.019395544,5.0418938e-05
0.071866265,-3.4633349,0.78217685,-0.002639896,5.3090686,1.1977958,-0.002344979,9.8740879,0.24474136,-0.00043602335,11.12527,0.017144259,5.3661745e-05
0.072171068,-3.4850745,0.75012968,-0.002659147,5.2377661,1.2112854,-0.0024202072,9.8544828,0.25115959,-0.0004675747,11.123728,0.015042627,5.452927e-05
0.07247591,-3.5060272,0.71717315,-0.0026554605,5.1654365,1.2249541,-0.0025199289,9.8342467,0.25768546,-0.00049897325,11.122166,0.013095059,5.6109881e-05
0.072780792,-3.5266487,0.68305611,-0.002669146,5.0917363,1.23891,-0.0026000574,9.8133578,0.26430791,-0.00052407713,11.120567,0.01130029,5.9371614e-05
0.073085711,-3.5458597,0.6480282,-0.0026862225,5.0177093,1.2528027,-0.0026767021,9.791989,0.27099266,-0.00054946242,11.118963,0.0096537438,6.2388147e-05
0.073390669,-3.5636952,0.61391571,-0.0027648462,4.9433425,1.266626,-0.0027535433,9.7701511,0.27772905,-0.00057555184,11.11734,0.0081547813,6.5057238e-05
0.073695665,-3.58037,0.58277971,-0.0028068987,4.8685762,1.2803944,-0.0028295963,9.7478488,0.28450782,-0.00060216191,11.115683,0.0068035875,6.7459731e-05
0.074000699,-3.5954343,0.55268329,-0.002837642,4.7933955,1.2941165,-0.0029058817,9.7250899,0.29131993,-0.0006292058,11.113976,0.0056037049,6.9653779e-05
0.074305771,-3.6073887,0.52264945,-0.0028626185,4.7177864,1.3078041,-0.002983178,9.7018821,0.29815683,-0.00065678325,11.112206,0.0045588104,7.1644537e-05
0.07461088,-3.6165454,0.49281351,-0.0028854472,4.6417388,1.3214718,-0.0030618936,9.6782305,0.30501264,-0.00068496285,11.110356,0.0036728907,7.3395714e-05
0.074916027,-3.6231576,0.46361301,-0.0029204291,4.5652557,1.335132,-0.0031429269,9.6541369,0.31188452,-0.00071363909,11.10841,0.0029501565,7.4867117e-05
0.07522121,-3.6273134,0.44041145,-0.0030038406,4.4883,1.348807,-0.0032232794,9.6295982,0.31877041,-0.00074241261,11.106353,0.0023938942,7.6011612e-05
0.07552643,-3.6290942,0.4181504,-0.0030205573,4.4109822,1.3624711,-0.0033041678,9.6046238,0.32566531,-0.00077131078,11.104172,0.0020197568,7.6804735e-05
0.075831687,-3.6289059,0.39587369,-0.0030245237,4.3334328,1.3761021,-0.0033862273,9.5792235,0.33256261,-0.00080023174,11.101853,0.001832073,7.6581098e-05
0.07613698,-3.6264267,0.37340584,-0.0030125991,4.2558219,1.389634,-0.0034681893,9.5534221,0.33945039,-0.00083009138,11.099386,0.0018299886,7.4631025e-05
0.07644231,-3.6218556,0.35100207,-0.0030241041,4.1781715,1.4029882,-0.0035506479,9.5272304,0.34631978,-0.00086073851,11.096757,0.0020117982,7.2055312e-05
0.076747675,-3.6158318,0.32878126,-0.0030383423,4.1005579,1.4161107,-0.0036322184,9.5006605,0.35316326,-0.00089196825,11.093956,0.0023753278,6.901699e-05
0.077053077,-3.6083792,0.30659658,-0.003054441,4.0231604,1.4289347,-0.0037109186,9.4737362,0.35997281,-0.00092376619,11.090973,0.0029283446,6.5416003e-05
0.077358514,-3.5996251,0.2843789,-0.0030741309,3.946396,1.4414958,-0.0037805142,9.4465141,0.36673764,-0.00095864245,11.08781,0.0036852457,6.0134538e-05
0.077663986,-3.5896248,0.26207211,-0.0030549239,3.8709141,1.4536672,-0.0039140382,9.4189982,0.37345813,-0.0010049964,11.08444,0.0046556018,5.2753164e-05
0.077969493,-3.5795093,0.23930083,-0.003024876,3.7936845,1.4663664,-0.0040749919,9.3908979,0.38017431,-0.0010470584,11.080777,0.0058502297,4.6588177e-05
0.078275036,-3.5691626,0.21599688,-0.0030260859,3.7148186,1.4793735,-0.0041661179,9.362335,0.38686481,-0.001082276,11.076848,0.0072657588,4.0846999e-05
0.078580612,-3.558322,0.19220333,-0.0030266307,3.6355487,1.492334,-0.0042622563,9.3334333,0.39351546,-0.0011178109,11.072669,0.0089262938,3.4172685e-05
0.078886224,-3.5470489,0.16788835,-0.0030284256,3.5559418,1.5052858,-0.0043617766,9.3042083,0.40012569,-0.0011538709,11.068235,0.010852621,2.6946152e-05
0.07919187,-3.5347402,0.14359599,-0.0030685433,3.4759847,1.5182721,-0.0044655532,9.2746634,0.40669729,-0.001190397,11.063537,0.013049437,2.0311041e-05
0.079497549,-3.5203038,0.12033538,-0.0030836765,3.395657,1.5313212,-0.0045705097,9.2448033,0.41323206,-0.0012273475,11.058567,0.015518708,1.3009213e-05
0.079803263,-3.5049922,0.097656214,-0.0030992482,3.3150156,1.5444303,-0.0046778086,9.2146346,0.41973145,-0.0012647597,11.05332,0.018261352,4.6287305e-06
0.08010901,-3.4892531,0.075696113,-0.0031117711,3.2341031,1.5575955,-0.0047879855,9.1841597,0.42619754,-0.0013025897,11.047791,0.021282207,-4.6284024e-06
0.08041479,-3.4731289,0.054381301,-0.0031250335,3.1529529,1.5708097,-0.0049011858,9.1533782,0.43263153,-0.0013406596,11.041964,0.024748807,-1.4636369e-05
0.080720604,-3.4566375,0.033701298,-0.0031602257,3.0715906,1.5840597,-0.0050178696,9.1223079,0.43901934,-0.001378576,11.035836,0.028612475,-2.5094e-05
0.08102645,-3.4368537,0.015965364,-0.0031980483,2.9899747,1.5973498,-0.0051322833,9.0909513,0.44536062,-0.0014162793,11.029404,0.032814428,-3.5471339e-05
0.081332329,-3.4166573,-0.00068784244,-0.0032017629,2.9082647,1.6106083,-0.0052465144,9.0593301,0.45165633,-0.0014545171,11.02267,0.037298957,-4.6445994e-05
0.081638241,-3.3963452,-0.016417411,-0.0031613682,2.8265598,1.6237761,-0.0053616214,9.0274574,0.45790789,-0.001493615,11.015635,0.042014676,-5.7830978e-05
0.081944185,-3.3758195,-0.030504261,-0.0031534288,2.7449834,1.6365319,-0.0054729993,8.9953459,0.46411763,-0.0015335021,11.008303,0.046914229,-6.9586049e-05
0.082250161,-3.3549961,-0.043466676,-0.0031549576,2.6636012,1.6486558,-0.0055833406,8.9630046,0.47028822,-0.0015738863,11.000675,0.05195388,-8.1696403e-05
0.082556169,-3.3338342,-0.055549485,-0.0031554536,2.582548,1.66013,-0.0056883381,8.9304616,0.47641974,-0.0016152119,10.992758,0.057092465,-9.4463997e-05
0.082862209,-3.3122537,-0.066894226,-0.0031551205,2.5021246,1.6708064,-0.0057734079,8.8977639,0.48250958,-0.0016590047,10.984558,0.062288371,-0.00010856424
0.08316828,-3.2899163,-0.077596453,-0.0031206375,2.4240068,1.6798868,-0.0059095798,8.8650176,0.48854746,-0.0017202788,10.976088,0.067469392,-0.00012565323
0.083474384,-3.2676031,-0.087967349,-0.0030802666,2.343895,1.6897583,-0.0061217747,8.8318124,0.49460442,-0.001779312,10.967246,0.072414946,-0.00014062747
0.083780518,-3.2454873,-0.098118195,-0.0030631332,2.2609678,1.7009436,-0.0062825592,8.7981413,0.50068188,-0.0018251062,10.958043,0.077118163,-0.00015274895
0.084086683,-3.2231512,-0.10805724,-0.0030436613,2.1781592,1.7121763,-0.0064310552,8.7642522,0.5067447,-0.0018714433,10.948543,0.081588945,-0.00016488545
0.08439288,-3.2006309,-0.11822347,-0.0030210832,2.0956038,1.7234046,-0.0065787765,8.7301508,0.51279629,-0.0019189534,10.938756,0.085844651,-0.00017711975
0.084699106,-3.1780182,-0.12888797,-0.0029964858,2.0132804,1.7345935,-0.0067289441,8.6958318,0.51884207,-0.0019675368,10.92869,0.089904248,-0.00018944171
0.085005363,-3.1553674,-0.14005608,-0.0029804635,1.9310847,1.7457291,-0.0068831644,8.6612894,0.52488638,-0.0020172026,10.918354,0.093786975,-0.00020184624
0.08531165,-3.1318516,-0.15122129,-0.0029714711,1.8488616,1.756788,-0.0070395393,8.6265108,0.53093458,-0.0020672567,10.907755,0.097511811,-0.00021425236
0.085617967,-3.1077682,-0.16236738,-0.0029512259,1.7666246,1.7676977,-0.0071966378,8.5915059,0.53698735,-0.0021176309,10.896901,0.10109591,-0.00022660602
0.085924314,-3.083345,-0.1726789,-0.0029321334,1.6843964,1.7783963,-0.0073553559,8.5562824,0.54305269,-0.0021685996,10.885799,0.1045549,-0.00023862512
0.08623069,-3.0586275,-0.18220836,-0.0029144323,1.6021788,1.7888325,-0.0075162885,8.5208491,0.54913752,-0.0022208213,10.874465,0.10790783,-0.0002507786
0.086537096,-3.0336787,-0.19101731,-0.0029021933,1.5199398,1.7989619,-0.0076797378,8.48521,0.55524691,-0.0022743671,10.862911,0.11118196,-0.00026315849
0.086843531,-3.0079208,-0.19883518,-0.002915509,1.4375392,1.8087679,-0.0078447329,8.4493594,0.56138584,-0.0023289512,10.851142,0.11439896,-0.00027563434
0.087149995,-2.9810607,-0.20562391,-0.0028771482,1.3549199,1.8181927,-0.0080011299,8.4133077,0.56755667,-0.0023843503,10.839167,0.11757223,-0.00028808026
0.087456488,-2.9545452,-0.21223458,-0.002822553,1.2721419,1.8270964,-0.00815532,8.3770769,0.5737574,-0.0024412485,10.826997,0.12071016,-0.00030082686
0.08776301,-2.9285473,-0.21850563,-0.0027978147,1.1890278,1.8353748,-0.0083060533,8.340672,0.57998862,-0.0024989624,10.814638,0.12381836,-0.00031374331
0.08806956,-2.9024911,-0.22427648,-0.0027780056,1.1052137,1.8428875,-0.0084452901,8.3041001,0.58625164,-0.0025575948,10.8021,0.12689971,-0.00032704416
0.088376139,-2.8764142,-0.22958804,-0.0027570401,1.0200466,1.8493689,-0.0085692441,8.267381,0.59254585,-0.0026178147,10.789393,0.12995427,-0.00034112295
0.088682747,-2.8502978,-0.23445959,-0.0027331491,0.9320473,1.8543782,-0.0086375749,8.2305698,0.59886365,-0.0026835241,10.776535,0.13297984,-0.00035697055
0.088989382,-2.8240754,-0.23890454,-0.0026767867,0.83705167,1.8566375,-0.0088949266,8.1937243,0.60520152,-0.0027763754,10.763525,0.13597519,-0.00037569846
0.089296046,-2.798364,-0.24305071,-0.002620111,0.7479303,1.8610267,-0.0092392134,8.1563245,0.61165711,-0.0028642792,10.750276,0.13894615,-0.00039107656
0.089602737,-2.773197,-0.24691964,-0.0025824386,0.66665007,1.868345,-0.0094315806,8.1183954,0.61822537,-0.0029304258,10.736822,0.14188443,-0.00040319161
0.089909456,-2.748221,-0.25046496,-0.0025406517,0.58517591,1.8755046,-0.0096109617,8.0802084,0.62486208,-0.0029993734,10.723219,0.14478051,-0.00041526967
0.090216202,-2.723418,-0.25360256,-0.0024953806,0.50331952,1.8823941,-0.0097894228,8.0417552,0.63157034,-0.0030711636,10.709475,0.1476298,-0.00042743464
0.090522976,-2.6988197,-0.25621437,-0.0024503497,0.42105619,1.8889741,-0.0099708898,8.0030863,0.63836377,-0.0031449072,10.695595,0.15042799,-0.00043959384
0.090829777,-2.6744705,-0.25842299,-0.0024055764,0.33839219,1.8951375,-0.01016014,7.9641979,0.64524847,-0.003220771,10.681584,0.15317188,-0.00045155481
0.091136604,-2.6504037,-0.26034317,-0.0023646504,0.25532067,1.9007423,-0.010359227,7.9250751,0.65222614,-0.0032987255,10.667446,0.15585935,-0.00046319427
0.091443459,-2.6263631,-0.26194331,-0.0023285417,0.17169343,1.9058337,-0.010564897,7.8857083,0.65929777,-0.0033789037,10.653186,0.15848959,-0.00047488248
0.09175034,-2.6023532,-0.26328763,-0.002280953,0.087510549,1.9104285,-0.010769469,7.8460942,0.66646083,-0.0034608274,10.638807,0.16106153,-0.00048652159
0.092057248,-2.5785032,-0.26450054,-0.0022293829,0.002885413,1.9144999,-0.010975505,7.8062378,0.67371038,-0.0035449556,10.624317,0.16357496,-0.0004983959
0.092364182,-2.5547995,-0.26562711,-0.0021754933,-0.08214261,1.9180579,-0.011185379,7.766137,0.68104219,-0.0036311614,10.609722,0.16602971,-0.00051032946
0.092671142,-2.5312124,-0.26669994,-0.0021232041,-0.16759625,1.9211483,-0.011400803,7.7257912,0.68845257,-0.0037198087,10.595024,0.16842662,-0.00052251417
0.092978128,-2.5076256,-0.26795152,-0.0020865596,-0.25356187,1.9238268,-0.011627443,7.6851953,0.69593792,-0.0038101678,10.580228,0.17076685,-0.00053474871
0.093285141,-2.483562,-0.26908778,-0.0019915854,-0.34034398,1.926251,-0.011838525,7.6443476,0.70349752,-0.0039012607,10.565339,0.17305246,-0.00054702045
0.093592179,-2.4600768,-0.27047649,-0.0019064109,-0.42767827,1.9283384,-0.012056858,7.6032741,0.71112407,-0.0039940826,10.550368,0.17528498,-0.00055960862
0.093899243,-2.4370278,-0.27199164,-0.0018439872,-0.51578767,1.9301839,-0.012286153,7.5619749,0.71881636,-0.0040892881,10.535317,0.1774671,-0.00057301413
0.094206333,-2.414007,-0.2734549,-0.0017760468,-0.60513408,1.931968,-0.012527349,7.5204564,0.72657227,-0.0041871846,10.520193,0.17960173,-0.0005874157
0.094513448,-2.391008,-0.27484658,-0.0017086688,-0.6966391,1.9341867,-0.012808996,7.4787496,0.73438759,-0.004289919,10.505005,0.18169157,-0.00060363575
0.094820588,-2.3679923,-0.27614317,-0.0016263765,-0.79333479,1.9381005,-0.013243468,7.436985,0.74223568,-0.0044172921,10.489768,0.18373952,-0.00062369102
0.095127754,-2.3452456,-0.27737401,-0.0015357357,-0.8881255,1.9416154,-0.013214671,7.3947076,0.75021995,-0.0045692152,10.474397,0.18575878,-0.00064286862
0.095434945,-2.3230054,-0.27855974,-0.0014631229,-0.97203831,1.9411591,-0.013286346,7.3515267,0.75841322,-0.0046917758,10.458861,0.18775604,-0.00065697447
0.095742161,-2.3010245,-0.27964282,-0.0013876615,-1.0538903,1.9397044,-0.013462612,7.3078975,0.76672696,-0.0048125356,10.443242,0.18972623,-0.00067058312
0.096049402,-2.2792777,-0.28059875,-0.0013104312,-1.1347403,1.9376387,-0.013658293,7.2638667,0.77515404,-0.0049360483,10.427548,0.19167267,-0.00068385109
0.096356668,-2.2577793,-0.28140725,-0.0012311881,-1.2147748,1.9350421,-0.013864971,7.2194435,0.78369343,-0.0050629874,10.411781,0.19359733,-0.00069711096
0.096663959,-2.2365384,-0.2820365,-0.0011521168,-1.2940462,1.9319488,-0.014080337,7.1746468,0.79234288,-0.0051938625,10.395947,0.19550366,-0.00071126373
0.096971274,-2.215596,-0.28248224,-0.0010741981,-1.3725826,1.9283917,-0.014303829,7.1294818,0.80110132,-0.0053282618,10.380048,0.19739527,-0.00072593587
0.097278613,-2.1949761,-0.2827531,-0.00099902974,-1.4500504,1.9240626,-0.014531208,7.0839603,0.80996003,-0.0054659414,10.364081,0.19927555,-0.00073988117
0.097585977,-2.1746836,-0.28285986,-0.00091975879,-1.5264184,1.9189795,-0.014769789,7.0380918,0.81890953,-0.0056070189,10.348051,0.20114837,-0.00075428665
0.097893366,-2.1545644,-0.28272377,-0.00084085725,-1.6019545,1.9133357,-0.015017257,6.9918635,0.8279441,-0.0057508942,10.331957,0.20301691,-0.00077012794
0.098200779,-2.1346407,-0.28235566,-0.00075570055,-1.6766723,1.9071879,-0.015254909,6.945277,0.83705496,-0.0058977912,10.315801,0.20488263,-0.00078670158
0.098508216,-2.1149873,-0.28179171,-0.00066984661,-1.7503812,1.9004845,-0.015486543,6.8983405,0.84623452,-0.0060479285,10.299586,0.20674779,-0.00080375844
0.098815677,-2.0955925,-0.28103645,-0.00058349393,-1.8229736,1.8932003,-0.015719006,6.8510547,0.85547886,-0.0062005018,10.283311,0.20861519,-0.00082107346
0.099123162,-2.0764318,-0.28010079,-0.00049687638,-1.894433,1.8853591,-0.01595419,6.8034225,0.86478584,-0.0063556927,10.266977,0.21048811,-0.00083954968
0.099430671,-2.0574429,-0.27897851,-0.00039852545,-1.9647979,1.8770106,-0.016205859,6.7554358,0.87415356,-0.0065131812,10.250584,0.21236898,-0.0008589783
0.099738205,-2.038646,-0.27767235,-0.0002952934,-2.0343869,1.8683658,-0.016440344,6.7070955,0.88357801,-0.0066739342,10.234136,0.2142606,-0.000879307
0.10004576,-2.0202562,-0.27629392,-0.00020447037,-2.1026679,1.8592461,-0.01668424,6.6584247,0.89305167,-0.0068385329,10.217634,0.21616606,-0.00090102661
0.10035334,-2.0020219,-0.27477908,-0.00011205745,-2.1696472,1.8497199,-0.016942301,6.6094297,0.90257099,-0.0070068736,10.20108,0.21808931,-0.00092494284
0.10066095,-1.9839309,-0.27316893,-1.3706893e-05,-2.2351305,1.8399315,-0.017236352,6.5601513,0.91212552,-0.0071832678,10.184479,0.2200324,-0.00095209192
0.10096858,-1.9659394,-0.27148772,9.9846231e-05,-2.2981704,1.83046,-0.017602697,6.510798,0.92166785,-0.0073973454,10.167845,0.22199633,-0.0009849167
0.10127623,-1.948272,-0.26979133,0.00021714705,-2.36038,1.8202499,-0.017604691,6.4607178,0.93137619,-0.0076548676,10.151064,0.22399601,-0.0010168099
0.1015839,-1.9310337,-0.26810668,0.00031972472,-2.4252264,1.808023,-0.017769118,6.4094303,0.94135177,-0.0078644498,10.134111,0.22603383,-0.0010433202
0.1018916,-1.9140522,-0.26642287,0.00042169759,-2.4899256,1.795094,-0.017997293,6.3576629,0.9514411,-0.0080725942,10.117079,0.22810182,-0.0010707079
0.10219933,-1.8973221,-0.26475006,0.00052406343,-2.5541691,1.7815901,-0.018240898,6.3054919,0.96162814,-0.0082856687,10.099975,0.23020161,-0.0010997592
0.10250707,-1.8808491,-0.26309575,0.00062654749,-2.6179326,1.7675312,-0.018493477,6.2529255,0.97190377,-0.0085037922,10.082795,0.23233462,-0.0011302626
0.10281484,-1.8646383,-0.26146793,0.00073104309,-2.6812032,1.7529199,-0.018753549,6.1999678,0.98225987,-0.0087274682,10.065539,0.23450284,-0.0011623883
0.10312263,-1.8486975,-0.25990901,0.00084272864,-2.7439831,1.7377527,-0.019018984,6.1466132,0.99268913,-0.0089563983,10.048207,0.23670895,-0.0011958773
0.10343045,-1.833028,-0.25840792,0.00096264837,-2.8062415,1.7220186,-0.019283926,6.0928645,1.003184,-0.0091911326,10.030796,0.238955,-0.0012313094
0.10373829,-1.8176434,-0.25695919,0.0010882416,-2.8678613,1.7056997,-0.019523276,6.0387075,1.0137223,-0.009429108,10.013303,0.24124279,-0.001267843
0.10404615,-1.8025294,-0.25554651,0.0012121092,-2.9286587,1.6887967,-0.019765625,5.9841269,1.0242967,-0.00967211,9.9957296,0.24357377,-0.0013064414
0.10435404,-1.7876812,-0.25416843,0.0013301165,-2.9885853,1.6713619,-0.02004597,5.9291068,1.0349115,-0.0099200354,9.9780717,0.2459494,-0.0013466249
0.10466195,-1.7730058,-0.25279142,0.0014492961,-3.0483659,1.6537957,-0.020316463,5.8736325,1.0455743,-0.010171178,9.960326,0.24837177,-0.0013881467
0.10496988,-1.7585556,-0.25143733,0.0015722558,-3.1075507,1.6359092,-0.020568468,5.8177297,1.0562821,-0.010426739,9.942493,0.25084256,-0.0014316722
0.10527784,-1.7443368,-0.25010001,0.0016959699,-3.1657758,1.6175246,-0.020808495,5.7614062,1.0670346,-0.010685876,9.9245715,0.25336299,-0.0014767844
0.10558581,-1.730327,-0.24879685,0.0018263261,-3.2228649,1.5985639,-0.021047603,5.7046746,1.0778327,-0.010949375,9.9065579,0.25593464,-0.0015243647
0.10589381,-1.7165385,-0.24752943,0.0019695477,-3.2787091,1.5789902,-0.021282944,5.6475452,1.0886738,-0.011217154,9.8884511,0.25855858,-0.0015742259
0.10620184,-1.703001,-0.24626435,0.0021087901,-3.333414,1.5589611,-0.021588603,5.5900309,1.0995591,-0.011488754,9.870251,0.26123764,-0.0016267512
0.10650989,-1.6896189,-0.24498279,0.0022460469,-3.3874624,1.5386808,-0.021839879,5.5321562,1.1104713,-0.01176235,9.8519616,0.26396728,-0.0016819697
0.10681796,-1.6763956,-0.24369182,0.0023903966,-3.4400692,1.5181773,-0.022100554,5.4740028,1.1213902,-0.012041826,9.8335875,0.26674531,-0.0017410714
0.10712605,-1.6632831,-0.24237923,0.0025427341,-3.4908231,1.4978058,-0.022379466,5.4157679,1.1322851,-0.012340634,9.8151391,0.26956984,-0.0018077174
0.10743417,-1.6503082,-0.24105654,0.0027075651,-3.5389376,1.47765,-0.02245077,5.3576913,1.1431372,-0.012768997,9.7965819,0.27244513,-0.0018814017
0.1077423,-1.6376425,-0.23974407,0.0028674425,-3.5871916,1.4568894,-0.02251614,5.2982584,1.1543668,-0.013174079,9.7777782,0.27538737,-0.0019494003
0.10805047,-1.6251918,-0.23843212,0.0030247985,-3.6351317,1.4358429,-0.022740685,5.2378853,1.1658073,-0.013503255,9.758809,0.27838761,-0.0020152167
0.10835865,-1.6128939,-0.23711479,0.0031870985,-3.6816113,1.4148613,-0.022966215,5.1771142,1.1773084,-0.013836758,9.7397177,0.28143943,-0.0020843241
0.10866686,-1.6007352,-0.23579122,0.0033526648,-3.7265949,1.3940093,-0.02318806,5.1159394,1.1888482,-0.014177647,9.7205071,0.28454306,-0.0021579687
0.10897509,-1.5887146,-0.23447175,0.0035251798,-3.7700869,1.373357,-0.023406814,5.0543399,1.2004163,-0.014525758,9.7011748,0.28770058,-0.0022348391
0.10928334,-1.5768234,-0.23315082,0.003700376,-3.8120858,1.3529625,-0.023622599,4.9922977,1.212006,-0.01488011,9.6817164,0.29091263,-0.0023146107
0.10959162,-1.56505,-0.23182843,0.0038759986,-3.8525624,1.3328749,-0.023834642,4.9298292,1.2236145,-0.015242159,9.662131,0.29418129,-0.002397302
0.10989992,-1.5533929,-0.23051166,0.0040501058,-3.891507,1.3131314,-0.024040742,4.8669451,1.2352365,-0.015611162,9.642418,0.29750475,-0.0024825975
0.11020824,-1.5418293,-0.22921539,0.0042288787,-3.9289135,1.2937605,-0.024226994,4.8036324,1.2468699,-0.015984217,9.6225734,0.30088458,-0.0025708399
0.11051659,-1.5303612,-0.22794606,0.004412619,-3.9649285,1.2747308,-0.024408278,4.7398631,1.258524,-0.016367701,9.6025942,0.30432163,-0.0026629158
0.11082496,-1.5189903,-0.22670446,0.0045980601,-3.9996648,1.2560499,-0.024594485,4.6756836,1.2702268,-0.016757817,9.5824756,0.30781571,-0.0027581119
0.11113335,-1.5077092,-0.22549331,0.0047853035,-4.0330976,1.2377211,-0.024817594,4.6111227,1.2819867,-0.017152977,9.5622156,0.31136576,-0.0028563379
0.11144176,-1.4964709,-0.22430008,0.0049770476,-4.0662317,1.2203797,-0.025130031,4.5461898,1.2938144,-0.01755265,9.5418067,0.31497341,-0.0029584658
0.1117502,-1.4852719,-0.22313596,0.0051747252,-4.0991333,1.204074,-0.025372344,4.4809029,1.3056981,-0.017954323,9.521249,0.31863619,-0.0030635473
0.11205866,-1.4741166,-0.2220016,0.0053807041,-4.131064,1.1883114,-0.025551998,4.4153011,1.3176296,-0.018361143,9.5005396,0.32235406,-0.0031727729
0.11236714,-1.462972,-0.22092256,0.0056056782,-4.161917,1.1726467,-0.025692209,4.3494142,1.3295951,-0.018770924,9.4796903,0.32611608,-0.0032860883
0.11267565,-1.4519321,-0.21989614,0.0058322576,-4.1913325,1.1569211,-0.025843409,4.2833026,1.3415726,-0.019184802,9.4586958,0.3299222,-0.0034040888
0.11298418,-1.4409343,-0.21887043,0.0060554334,-4.219496,1.1412904,-0.02609355,4.2170452,1.3535468,-0.019601892,9.4375579,0.33377472,-0.00352834
0.11329274,-1.4299124,-0.21785084,0.0062803282,-4.2482488,1.1268121,-0.026380797,4.1507574,1.3654795,-0.020017634,9.4162741,0.3376737,-0.0036592418
0.11360131,-1.4188453,-0.2168433,0.0065149662,-4.275876,1.1122809,-0.026550033,4.0849701,1.3772434,-0.020434744,9.3948586,0.3416175,-0.0037992136
0.11390991,-1.4077703,-0.21585143,0.0067610393,-4.301412,1.0965122,-0.026552723,4.0205698,1.388655,-0.021087822,9.3732931,0.3456116,-0.0039518026
0.11421854,-1.3968141,-0.21488428,0.0070056499,-4.3264673,1.079175,-0.026557959,3.9544947,1.4005027,-0.021754232,9.351394,0.34967899,-0.0040990105
0.11452719,-1.3859258,-0.21390043,0.0072387396,-4.3509119,1.0604209,-0.026674018,3.8865414,1.4126667,-0.022217741,9.3292402,0.35380748,-0.0042434057
0.11483586,-1.3750537,-0.21294549,0.0074790953,-4.3740555,1.0405492,-0.026789441,3.8180745,1.4247857,-0.022698276,9.3069115,0.35798697,-0.0043928065
0.11514455,-1.3641943,-0.21199469,0.0077214842,-4.3958994,1.0197045,-0.02690194,3.7491799,1.436862,-0.023195515,9.2844136,0.36221683,-0.0045478864
0.11545327,-1.3533453,-0.21104323,0.0079645013,-4.4164581,0.99802545,-0.027012171,3.6799046,1.4489015,-0.023705471,9.2617429,0.36649645,-0.0047075299
0.11576201,-1.3424766,-0.21008318,0.0082114288,-4.4356724,0.97567546,-0.027115354,3.6102962,1.4609162,-0.024225889,9.2388969,0.37082445,-0.004871231
0.11607078,-1.331597,-0.20912749,0.0084648312,-4.4535797,0.95278716,-0.027209338,3.5404159,1.4729099,-0.02475544,9.2158778,0.37520048,-0.0050403101
0.11637956,-1.3207204,-0.20817103,0.0087245789,-4.4702023,0.92945744,-0.027294487,3.4702988,1.4848844,-0.025291731,9.1926824,0.37962431,-0.0052144055
0.11668838,-1.3098446,-0.20721298,0.0089893794,-4.4855365,0.90575758,-0.027370047,3.3999785,1.4968338,-0.025835624,9.1693089,0.38409394,-0.0053930353
0.11699721,-1.2989691,-0.20623687,0.0092564798,-4.4995957,0.88173816,-0.027431569,3.3294725,1.5088214,-0.026398262,9.1457513,0.38860888,-0.0055768294
0.11730607,-1.2880698,-0.20525281,0.0095331813,-4.5124513,0.85740589,-0.027475054,3.2587674,1.5209672,-0.02696282,9.1220061,0.39316702,-0.0057662192
0.11761496,-1.2771841,-0.2042584,0.0098140117,-4.5241384,0.83275136,-0.027521556,3.1878565,1.5332093,-0.027526951,9.0980693,0.39776707,-0.0059599236
0.11792387,-1.2663187,-0.20324316,0.010097195,-4.5346118,0.80777434,-0.027568065,3.1167508,1.5455191,-0.028093435,9.0739394,0.40240917,-0.0061593992
0.1182328,-1.2554733,-0.20221008,0.010385424,-4.5438922,0.78244161,-0.027719113,3.0454305,1.5578705,-0.028662766,9.0496137,0.40709128,-0.0063636366
0.11854176,-1.2446267,-0.20115256,0.01068099,-4.5521578,0.75948721,-0.028088513,2.9738463,1.5702513,-0.029230118,9.0250937,0.41181471,-0.0065727171
0.11885074,-1.2338011,-0.2000737,0.010983936,-4.5595484,0.73844078,-0.028169667,2.90204,1.5826348,-0.02979623,9.0003814,0.41658123,-0.0067889221
0.11915975,-1.2230484,-0.19898791,0.01129108,-4.5648899,0.7179125,-0.028156468,2.8300831,1.5949899,-0.030360461,8.9754916,0.42139028,-0.0070120641
0.11946878,-1.2123656,-0.19788567,0.011599258,-4.5673862,0.69750646,-0.028163701,2.7580042,1.6072677,-0.030918075,8.9504234,0.42624287,-0.0072430161
0.11977784,-1.2017499,-0.19674912,0.011900251,-4.5671947,0.67731155,-0.028255658,2.6858796,1.6193965,-0.031453588,8.9251819,0.43113709,-0.0074827798
0.12008692,-1.1911258,-0.19557205,0.012206184,-4.5650114,0.65781397,-0.028846061,2.6139113,1.6310401,-0.031923018,8.8997734,0.4360722,-0.0077334897
0.12039602,-1.1804592,-0.19434959,0.012524439,-4.5605993,0.64352186,-0.028718435,2.5430335,1.6416433,-0.032403483,8.8742256,0.44104449,-0.0080019331
0.12070515,-1.1698711,-0.1930972,0.012844426,-4.5543603,0.62912672,-0.028461651,2.4725536,1.6517642,-0.033514085,8.8483977,0.44607207,-0.0082776211
0.12101431,-1.1594055,-0.19181892,0.013158378,-4.5470942,0.61457966,-0.028274687,2.3985902,1.6631726,-0.03433239,8.822177,0.45117424,-0.0085408627
0.12132349,-1.1489938,-0.19052601,0.013477181,-4.5383565,0.59988367,-0.028089855,2.3241277,1.6747558,-0.035062944,8.7957435,0.45632378,-0.0088077842
0.1216327,-1.1386207,-0.18921133,0.013803281,-4.5282128,0.58496637,-0.027896446,2.2495674,1.6863645,-0.035790399,8.7691116,0.46151742,-0.0090817415
0.12194193,-1.1283227,-0.18788331,0.014133644,-4.5167387,0.56974524,-0.027694934,2.1749685,1.6979814,-0.036519201,8.7422785,0.4667525,-0.0093615344
0.12225119,-1.1181051,-0.1865412,0.014466572,-4.5040392,0.55416211,-0.027491042,2.1003467,1.709608,-0.037252498,8.715242,0.47202971,-0.009648547
0.12256047,-1.1079718,-0.18518586,0.014800369,-4.4904971,0.53816321,-0.027279733,2.0257131,1.7212184,-0.037988679,8.6880059,0.47735139,-0.0099414149
0.12286978,-1.0979374,-0.18381838,0.015135858,-4.476228,0.52170374,-0.027052207,1.9510779,1.7327896,-0.038724724,8.6605626,0.48271628,-0.010241247
0.12317911,-1.0879938,-0.18244161,0.015473803,-4.461271,0.5047629,-0.026809141,1.8764197,1.7443035,-0.039461968,8.6329056,0.48812293,-0.010547319
0.12348848,-1.0781402,-0.18106281,0.015815839,-4.4456842,0.48730713,-0.026549735,1.8016978,1.7557413,-0.0402023,8.6050273,0.49356848,-0.010858304
0.12379786,-1.0683852,-0.17967281,0.016160002,-4.4295236,0.46930409,-0.026271265,1.7268942,1.7670922,-0.04095364,8.5769234,0.49905694,-0.011181102
0.12410728,-1.0587361,-0.17827394,0.016505772,-4.4128942,0.45071787,-0.025983151,1.6520021,1.7783474,-0.041700136,8.5485921,0.50459622,-0.011511896
0.12441672,-1.0491866,-0.1768665,0.016852368,-4.3958713,0.43151419,-0.025690323,1.5769315,1.7894701,-0.042447598,8.5200248,0.51018137,-0.011849632
0.12472618,-1.0397385,-0.17545187,0.017200041,-4.3785147,0.41160622,-0.025394054,1.5016281,1.8004167,-0.043194412,8.4912548,0.51582148,-0.012194343
0.12503567,-1.0303765,-0.17402798,0.017551246,-4.3609276,0.39083873,-0.02510653,1.4260474,1.8111514,-0.043936024,8.4622747,0.52151882,-0.012548247
0.12534519,-1.0211009,-0.17259377,0.017906196,-4.3426793,0.36916444,-0.024776841,1.3500846,1.8216554,-0.04466997,8.4330806,0.52727826,-0.012911685
0.12565474,-1.0119472,-0.17115973,0.01826469,-4.3225967,0.34872049,-0.024432701,1.2737161,1.8318537,-0.045393236,8.4036639,0.53310534,-0.013287321
0.12596431,-1.0028994,-0.16971722,0.018624173,-4.3017263,0.32919089,-0.024096567,1.1967979,1.8416797,-0.046091801,8.3740291,0.53899771,-0.013673412
0.12627391,-0.99398034,-0.16827357,0.018983057,-4.2803393,0.31138045,-0.023851533,1.1191455,1.8510434,-0.046743468,8.3441738,0.54495719,-0.014072313
0.12658354,-0.98515192,-0.16681943,0.019342443,-4.2583972,0.29470571,-0.023609817,1.0401689,1.8598314,-0.047282315,8.3140938,0.55098753,-0.014484586
0.1268932,-0.97641498,-0.16535805,0.019704506,-4.235751,0.27891082,-0.023404206,0.95858265,1.8675806,-0.047544342,8.2838093,0.55709056,-0.014917997
0.12720288,-0.9677723,-0.16387989,0.020066418,-4.2104526,0.26536513,-0.023050346,0.87067266,1.8725715,-0.048880861,8.253317,0.56326951,-0.015381831
0.12751259,-0.95928555,-0.16240215,0.020427722,-4.1845715,0.25296193,-0.022591043,0.7885477,1.8796709,-0.050996422,8.2222747,0.56958636,-0.015834265
0.12782233,-0.95094172,-0.16092706,0.020787787,-4.158647,0.24123773,-0.022134106,0.71157031,1.8892645,-0.051647391,8.1907901,0.57602685,-0.016279031
0.12813209,-0.94271423,-0.15945149,0.021148331,-4.1324073,0.23011754,-0.021654201,0.6342104,1.8987187,-0.052343958,8.1589877,0.58256675,-0.016734255
0.12844188,-0.93460428,-0.15797559,0.021510154,-4.1057893,0.21951615,-0.021149575,0.55645964,1.9079554,-0.053044444,8.1268688,0.58921194,-0.017203749
0.12875171,-0.92660957,-0.15649889,0.021871732,-4.0787611,0.209352,-0.020623496,0.47824401,1.9169313,-0.053739057,8.0944137,0.59596488,-0.017685578
0.12906156,-0.91873309,-0.15502246,0.022232984,-4.0513003,0.19954199,-0.020076216,0.39957347,1.925632,-0.054427594,8.0616096,0.60282977,-0.018179329
0.12937144,-0.91096636,-0.1535451,0.022593171,-4.02331,0.18997741,-0.019521859,0.3204395,1.9340354,-0.055118415,8.0284448,0.60981127,-0.018686124
0.12968134,-0.90331008,-0.1520656,0.022953867,-3.9948292,0.18057113,-0.018952803,0.24087411,1.9421317,-0.055819085,7.9949134,0.61691789,-0.019208411
0.12999128,-0.89574683,-0.15058387,0.023315999,-3.9659675,0.17122679,-0.018364547,0.16086068,1.9498294,-0.056530493,7.9609965,0.62415364,-0.019744425
0.13030124,-0.88827863,-0.14910126,0.02368083,-3.9367379,0.1618643,-0.017763333,0.080422717,1.9570136,-0.057240538,7.9266998,0.63152257,-0.020293764
0.13061124,-0.88092612,-0.14761081,0.024042668,-3.9071848,0.15241219,-0.017153645,-0.00044210833,1.9636295,-0.057934978,7.892008,0.6390272,-0.020855998
0.13092126,-0.87367699,-0.14611893,0.024405485,-3.8773358,0.14260071,-0.0165155,-0.081689455,1.9696671,-0.058625642,7.8569158,0.64667386,-0.02143623
0.13123132,-0.86654383,-0.14462574,0.02476715,-3.8471845,0.132075,-0.015858557,-0.16335745,1.9750554,-0.05933079,7.8214118,0.65446781,-0.022028702
0.1315414,-0.85952723,-0.14313206,0.025128073,-3.8167418,0.12076433,-0.015149061,-0.24543054,1.979875,-0.060047052,7.7854918,0.66240918,-0.022633898
0.13185151,-0.85264041,-0.14164419,0.025488642,-3.7865171,0.10852322,-0.014407966,-0.32779625,1.9841618,-0.060764451,7.7491605,0.67050383,-0.023258951
0.13216165,-0.84586424,-0.14015906,0.025847187,-3.7562542,0.0958808,-0.013698878,-0.41067076,1.9880019,-0.061481187,7.7123951,0.67874958,-0.023894659
0.13247183,-0.83920987,-0.13866787,0.026203396,-3.7255502,0.083151866,-0.012898045,-0.49414653,1.9915167,-0.062203894,7.6751755,0.68715578,-0.024549143
0.13278203,-0.83267955,-0.13717493,0.026555443,-3.6946799,0.070594706,-0.012179335,-0.57840481,1.9947822,-0.062977108,7.637509,0.69572154,-0.025220192
0.13309226,-0.82625789,-0.13567716,0.026904745,-3.6631649,0.058209955,-0.011381131,-0.66385844,1.998158,-0.063818154,7.5993888,0.70444885,-0.025910501
0.13340253,-0.81995419,-0.13417599,0.027250113,-3.6312786,0.046015425,-0.010555719,-0.75149631,2.0020813,-0.064873458,7.560837,0.71333632,-0.026630675
0.13371282,-0.81375126,-0.13267848,0.027592487,-3.599001,0.034093962,-0.0096937691,-0.84427177,2.008011,-0.065474984,7.5218815,0.72237762,-0.027401501
0.13402315,-0.80768785,-0.13117591,0.027932122,-3.5659434,0.022930947,-0.008724368,-0.93224687,2.01262,-0.064561996,7.4820858,0.73166368,-0.028169985
0.1343335,-0.80177608,-0.12967752,0.028266714,-3.5329969,0.012138162,-0.0077727721,-1.0119882,2.0136961,-0.064872985,7.4414219,0.74119644,-0.028914748
0.13464389,-0.79598747,-0.12818231,0.028597554,-3.5001092,0.001693835,-0.0068428391,-1.090599,2.0140573,-0.065238361,7.4001657,0.75092506,-0.029673523
0.13495431,-0.79032469,-0.12669165,0.028926407,-3.4673259,-0.0084191705,-0.005936435,-1.1683769,2.0138455,-0.065595726,7.3583343,0.76084826,-0.03045122
0.13526476,-0.78477219,-0.12520395,0.029252472,-3.4347028,-0.01818539,-0.0050388603,-1.2453727,2.0130926,-0.065935505,7.3159141,0.7709698,-0.031247712
0.13557524,-0.77934125,-0.12372237,0.029575027,-3.4022518,-0.027583355,-0.0041515645,-1.3215144,2.0117362,-0.066264426,7.272896,0.78128446,-0.032060182
0.13588576,-0.77403078,-0.12224377,0.029894683,-3.3700159,-0.036645395,-0.0032612816,-1.3965062,2.0094403,-0.06656637,7.229276,0.79179471,-0.032886835
0.13619631,-0.76884519,-0.1207723,0.030209777,-3.3379975,-0.045342127,-0.0023629403,-1.4703438,2.0062485,-0.066830373,7.1850583,0.80248784,-0.033726424
0.13650688,-0.76379083,-0.11930939,0.030521979,-3.3061674,-0.053698295,-0.0014576515,-1.5429697,2.0021904,-0.067047949,7.1402542,0.81336021,-0.034587118
0.13681749,-0.75886639,-0.1178565,0.030829991,-3.2745148,-0.061746086,-0.00054334521,-1.614359,1.9972802,-0.067218303,7.0948623,0.82440817,-0.035464296
0.13712814,-0.7540731,-0.11641147,0.031134048,-3.2430393,-0.069500848,0.00037469943,-1.6844955,1.9915559,-0.067341161,7.0488584,0.83562638,-0.036356179
0.13743881,-0.74941832,-0.11497351,0.031431055,-3.2117303,-0.076994296,0.0013101599,-1.7533695,1.9850435,-0.067416977,7.0022196,0.84701347,-0.037264093
0.13774952,-0.74489926,-0.11354768,0.031721727,-3.1805906,-0.0842821,0.0022840834,-1.8209139,1.9777588,-0.067438956,6.9549436,0.85857322,-0.0381963
0.13806026,-0.7405154,-0.11213409,0.032005669,-3.1498456,-0.091496993,0.0033007587,-1.8870595,1.9697004,-0.06743355,6.9070041,0.87031084,-0.039147921
0.13837104,-0.7362584,-0.11073508,0.032284465,-3.1196503,-0.098413846,0.0042925343,-1.9517912,1.9608992,-0.067418397,6.858386,0.88223303,-0.040111562
0.13868185,-0.73213503,-0.10934849,0.032558248,-3.0897127,-0.10501461,0.0052527045,-2.0151288,1.9514809,-0.067368168,6.8090754,0.89434945,-0.041096809
0.13899269,-0.72813985,-0.10797325,0.032822975,-3.0600085,-0.11132634,0.0061498659,-2.0773471,1.9416224,-0.067311503,6.7590727,0.90665176,-0.042089361
0.13930356,-0.72426495,-0.10660667,0.033081279,-3.0301661,-0.11730648,0.0070490401,-2.1384094,1.931379,-0.067216881,6.7084069,0.91914391,-0.043114318
0.13961447,-0.72051226,-0.10525302,0.033331881,-3.000374,-0.12303364,0.007926898,-2.1981148,1.9207582,-0.06713533,6.6570986,0.93180612,-0.044171573
0.13992541,-0.71685756,-0.10390458,0.033576364,-2.970684,-0.12824739,0.0087939279,-2.2561151,1.9099464,-0.067077513,6.6051708,0.94461751,-0.045254052
0.14023639,-0.71330903,-0.1025624,0.033813933,-2.9410897,-0.13316038,0.0096844326,-2.3107558,1.8992917,-0.066343707,6.5526546,0.95756319,-0.046403706
0.1405474,-0.70989955,-0.1012308,0.034044164,-2.9116627,-0.13771135,0.010592361,-2.3665443,1.8870263,-0.065356668,6.4988141,0.97078445,-0.047521745
0.14085845,-0.70662089,-0.099907798,0.034266253,-2.8823454,-0.14191905,0.011531099,-2.4247898,1.8733244,-0.064904087,6.4438104,0.98421825,-0.048608007
0.14116953,-0.70346309,-0.0985926,0.034479945,-2.8533232,-0.14601424,0.012504723,-2.4823776,1.8588971,-0.064308989,6.3880585,0.99777512,-0.049722199
0.14148064,-0.70042706,-0.097287423,0.034684049,-2.8246027,-0.14983747,0.013505168,-2.5390095,1.8437605,-0.063656769,6.3315648,1.0114473,-0.050851108
0.14179179,-0.69751047,-0.095989013,0.034881096,-2.7961874,-0.1534326,0.01454304,-2.5945547,1.8279412,-0.062949402,6.2743338,1.0252317,-0.051999216
0.14210298,-0.69471912,-0.094698902,0.035067872,-2.7680875,-0.15682172,0.015611172,-2.6489128,1.8114623,-0.062182054,6.2163879,1.0391238,-0.053165213
0.1424142,-0.69205345,-0.093414711,0.035247387,-2.7403032,-0.16001279,0.016707011,-2.7020147,1.7943542,-0.061356899,6.157743,1.0531261,-0.054348711
0.14272545,-0.68950735,-0.092136363,0.035417518,-2.7128508,-0.16301713,0.017821632,-2.7538438,1.7766332,-0.060482849,6.0983722,1.0672343,-0.055553001
0.14303674,-0.68707788,-0.090859628,0.035577485,-2.6857372,-0.16583484,0.018948303,-2.80437,1.7583312,-0.059561163,6.0382659,1.0814706,-0.056760553
0.14334807,-0.68477639,-0.089589481,0.035729778,-2.658972,-0.16847975,0.020073079,-2.8535167,1.7394657,-0.058580109,5.9774832,1.0958201,-0.057979248
0.14365943,-0.68261185,-0.088324876,0.035868853,-2.6325725,-0.1709576,0.021193603,-2.9012452,1.7200512,-0.057540021,5.9160246,1.1102593,-0.05920716
0.14397083,-0.68058181,-0.087067744,0.035996081,-2.6065408,-0.17327829,0.022314468,-2.9475132,1.700117,-0.05643966,5.8538557,1.1247584,-0.060437271
0.14428227,-0.67869267,-0.085819601,0.03610991,-2.5810626,-0.17551842,0.023419962,-2.992029,1.6796716,-0.055303469,5.790997,1.1392895,-0.061670448
0.14459374,-0.67693457,-0.084582531,0.036212814,-2.5561438,-0.17766631,0.024500975,-3.0347194,1.6587913,-0.054137603,5.7274283,1.1538459,-0.06292716
0.14490524,-0.67531899,-0.083349544,0.036302239,-2.531671,-0.17968423,0.025571866,-3.0756039,1.6378133,-0.052902856,5.6631507,1.1684172,-0.064205277
0.14521679,-0.67382447,-0.082124668,0.036383868,-2.5076376,-0.18166164,0.026615451,-3.11458,1.6170657,-0.051673828,5.5981472,1.1829725,-0.065491744
0.14552837,-0.67244097,-0.080898872,0.036454791,-2.4837853,-0.18343657,0.027673749,-3.1520326,1.5968202,-0.050402721,5.5324623,1.1975128,-0.066812389
0.14583999,-0.67117252,-0.079680259,0.036513435,-2.4601628,-0.18506974,0.028738786,-3.1880124,1.5770901,-0.049028786,5.466088,1.2119778,-0.06815285
0.14615164,-0.67001356,-0.078461975,0.036560999,-2.436808,-0.18661072,0.029825039,-3.2219314,1.5578078,-0.047543362,5.3990749,1.2263895,-0.069551348
0.14646334,-0.6689798,-0.077249862,0.036597189,-2.4137951,-0.18796986,0.030927822,-3.253306,1.5389341,-0.045865579,5.3316075,1.2407202,-0.071028668
0.14677507,-0.66808467,-0.076042177,0.036622273,-2.3911936,-0.18919202,0.032030436,-3.2820471,1.5200769,-0.043865777,5.2636051,1.2551185,-0.07262529
0.14708683,-0.66733364,-0.074830714,0.036631392,-2.3690658,-0.19022341,0.033112487,-3.3105564,1.5009011,-0.042042373,5.1942353,1.2697457,-0.074122699
0.14739864,-0.66671544,-0.073623076,0.036626284,-2.3472499,-0.19109888,0.034192429,-3.3389414,1.4819085,-0.040321118,5.1239572,1.2843262,-0.075504892
0.14771048,-0.66622461,-0.072412492,0.036607219,-2.3258369,-0.19190595,0.035262266,-3.3657915,1.4630608,-0.038533075,5.0531762,1.2987819,-0.076870624
0.14802236,-0.66586169,-0.071200559,0.036574369,-2.3048476,-0.19274469,0.036317857,-3.390791,1.444266,-0.036660081,4.9818548,1.3130577,-0.078225864
0.14833428,-0.66563561,-0.069986501,0.036527195,-2.2843001,-0.19360511,0.037362741,-3.4140379,1.4255551,-0.034700427,4.9099605,1.3271301,-0.079570514
0.14864623,-0.66554581,-0.068767133,0.036465179,-2.2642059,-0.19445548,0.038392561,-3.4356012,1.4069508,-0.032653268,4.8374522,1.340986,-0.080906898
0.14895823,-0.66558665,-0.067543491,0.036390695,-2.2445581,-0.19527945,0.039414464,-3.4555078,1.3884733,-0.030509734,4.7643154,1.3546304,-0.082237231
0.14927026,-0.66577072,-0.066315065,0.036300822,-2.2253562,-0.19606244,0.040420095,-3.4737473,1.3701446,-0.028271651,4.6905997,1.3680664,-0.083582447
0.14958233,-0.66609313,-0.065081197,0.036193164,-2.2065792,-0.1967839,0.041399339,-3.4904108,1.3520066,-0.025959012,4.6162723,1.3812924,-0.084930246
0.14989444,-0.66654675,-0.063843896,0.036069149,-2.1881665,-0.19745004,0.042363995,-3.505596,1.3340636,-0.023556309,4.5413493,1.3942912,-0.08629561
0.15020659,-0.66714179,-0.062608998,0.035931747,-2.1702118,-0.19809269,0.043315475,-3.5189401,1.316047,-0.021073623,4.4658735,1.4071969,-0.087660578
0.15051877,-0.66787743,-0.061365182,0.035780071,-2.1528119,-0.19869204,0.044244961,-3.530587,1.2979591,-0.018539001,4.3899193,1.4200606,-0.089000748
0.150831,-0.66875989,-0.060121329,0.035609108,-2.1358606,-0.19923805,0.045153161,-3.5408304,1.2799812,-0.015954497,4.3135836,1.432802,-0.090293546
0.15114326,-0.66977602,-0.05887918,0.035419808,-2.119369,-0.19977054,0.046058559,-3.549451,1.2621705,-0.013402788,4.2369247,1.4451573,-0.091532253
0.15145556,-0.67095788,-0.057635174,0.035224033,-2.1033282,-0.20019956,0.046943729,-3.5568614,1.2446907,-0.010865841,4.1600073,1.4570125,-0.092752342
0.15176791,-0.67228459,-0.056395324,0.03501251,-2.087732,-0.2005583,0.047806563,-3.5629973,1.2275146,-0.0083454272,4.0829026,1.4684051,-0.093964745
0.15208029,-0.67374828,-0.055156345,0.034787121,-2.0725742,-0.20080424,0.048637798,-3.5685867,1.2110999,-0.0058251295,4.0056904,1.47934,-0.095159758
0.15239271,-0.67535385,-0.053920074,0.034544411,-2.0578438,-0.20096607,0.049449382,-3.5736331,1.1954805,-0.0032435017,3.9284773,1.4898036,-0.096338685
0.15270517,-0.67711792,-0.052686984,0.034286609,-2.0435845,-0.20104497,0.050240356,-3.5774375,1.1804039,-0.00061134585,3.8515117,1.4997278,-0.097543537
0.15301767,-0.67901906,-0.051459216,0.034015208,-2.0297537,-0.20103395,0.051004545,-3.5797313,1.1657447,0.0020804367,3.7752018,1.5090447,-0.098911956
0.15333021,-0.68106607,-0.050233771,0.033724501,-2.0164451,-0.20094402,0.051733868,-3.5811719,1.1512457,0.0048571294,3.6984438,1.5182321,-0.10032153
0.1536428,-0.68327158,-0.049006924,0.033419969,-2.003687,-0.20076066,0.052435025,-3.582889,1.1371287,0.0075758618,3.6197076,1.5275445,-0.10142594
0.15395542,-0.68563123,-0.047782407,0.033096746,-1.9913814,-0.20048009,0.053097707,-3.5844745,1.1235148,0.010368163,3.5401802,1.5365539,-0.10242186
0.15426808,-0.68812785,-0.046563511,0.032757574,-1.9795537,-0.20014354,0.053736746,-3.5848209,1.1097069,0.013161458,3.4602472,1.5451971,-0.1033329
0.15458078,-0.69078265,-0.045352261,0.032401711,-1.9681547,-0.19974155,0.054359885,-3.5838325,1.0956497,0.015946147,3.3799532,1.5534654,-0.10417994
0.15489352,-0.69358781,-0.044146172,0.032025919,-1.9572206,-0.19924677,0.054951202,-3.5815144,1.081349,0.01871827,3.2993973,1.5613731,-0.10498066
0.1552063,-0.69652954,-0.042941962,0.031638826,-1.9467777,-0.19868412,0.055505323,-3.5780495,1.0667699,0.021490891,3.2186488,1.5689227,-0.10569295
0.15551913,-0.69961783,-0.041748243,0.031234218,-1.9368172,-0.19806168,0.056031682,-3.5735068,1.0518784,0.024263717,3.1378453,1.5761047,-0.1063123
0.15583199,-0.70284446,-0.040566567,0.030809705,-1.927336,-0.19738946,0.056515846,-3.5673591,1.0367427,0.02694842,3.056995,1.582913,-0.10687599
0.15614489,-0.70620504,-0.039400702,0.030377584,-1.9184239,-0.19667511,0.056966852,-3.5601914,1.0215158,0.029621957,2.9761743,1.589348,-0.10738702
0.15645784,-0.70974107,-0.038334012,0.029943227,-1.910027,-0.19591836,0.057375608,-3.5521401,1.0063393,0.032276963,2.8953895,1.5954079,-0.10785623
0.15677082,-0.71334318,-0.037140698,0.029471249,-1.9022117,-0.19513062,0.057741173,-3.54308,0.99121394,0.034967772,2.8146962,1.6010595,-0.10820357
0.15708385,-0.71707052,-0.03594872,0.02898865,-1.8948944,-0.19430254,0.058068345,-3.533655,0.97629108,0.037750234,2.7341161,1.6062183,-0.10840842
0.15739692,-0.72094045,-0.034764416,0.028489192,-1.888093,-0.19345012,0.058353142,-3.5235389,0.96134974,0.04056933,2.6537209,1.6107709,-0.10847766
0.15771003,-0.72494621,-0.033591309,0.027973787,-1.8817819,-0.19257267,0.058596372,-3.5127654,0.94635602,0.04337048,2.573558,1.6146281,-0.10845269
0.15802318,-0.72906922,-0.032433827,0.02745673,-1.8759671,-0.19168211,0.058804036,-3.501282,0.93122509,0.046177505,2.4936316,1.617854,-0.10830844
0.15833637,-0.73331332,-0.031266672,0.026919898,-1.8706165,-0.19077561,0.058971657,-3.4891044,0.91593924,0.048956076,2.4139687,1.6204542,-0.10798334
0.1586496,-0.73766891,-0.030103156,0.026369746,-1.8657309,-0.1898519,0.05909836,-3.4765798,0.90209469,0.052157241,2.33485,1.6224414,-0.1075468
0.15896288,-0.74213245,-0.028941157,0.02580962,-1.8612627,-0.18890718,0.059190342,-3.4636648,0.8890192,0.055298267,2.2564311,1.6237285,-0.1069589
0.15927619,-0.74669483,-0.027782928,0.025235755,-1.8572785,-0.18796112,0.059242421,-3.4496499,0.87596004,0.058477943,2.1792776,1.6243526,-0.10633706
0.15958955,-0.75135852,-0.026631422,0.024650762,-1.8538205,-0.18699964,0.05923238,-3.4348118,0.86262004,0.061688657,2.1035081,1.624233,-0.10620192
0.15990295,-0.75614948,-0.025483879,0.02405136,-1.8509164,-0.18603461,0.059176814,-3.4197671,0.84881509,0.064856314,2.0258714,1.6245975,-0.10576231
0.16021639,-0.76104932,-0.024341812,0.02343074,-1.8484659,-0.1850567,0.059066219,-3.4045995,0.83471446,0.068015697,1.9462535,1.6252364,-0.10452
0.16052987,-0.76603818,-0.023203523,0.022801292,-1.8464905,-0.18405053,0.05890757,-3.3890307,0.82225803,0.07161928,1.867147,1.6254117,-0.10311134
0.16084339,-0.77112969,-0.022070221,0.022157382,-1.845079,-0.18305291,0.058701916,-3.3731646,0.81051765,0.074795779,1.7886201,1.6250518,-0.1014977
0.16115696,-0.77631871,-0.020943491,0.021507417,-1.8441823,-0.18206436,0.058438518,-3.3570804,0.79966292,0.077732895,1.7106599,1.6241098,-0.099684523
0.16147057,-0.78159245,-0.019822336,0.020851424,-1.8437944,-0.1810752,0.05812764,-3.340861,0.7899477,0.080414885,1.63329,1.6225892,-0.097676547
0.16178422,-0.78697504,-0.018704024,0.020176798,-1.8439315,-0.18007512,0.057779341,-3.3245898,0.7808036,0.08329736,1.5564844,1.6204937,-0.09544159
0.16209791,-0.79242127,-0.017588313,0.019493014,-1.8445268,-0.17907329,0.057377196,-3.3083687,0.77192374,0.086122104,1.4801539,1.6178858,-0.093008854
0.16241164,-0.79795116,-0.016474863,0.018802098,-1.8456286,-0.17805785,0.056922925,-3.2924225,0.76318045,0.088848658,1.4044471,1.6147777,-0.090332534
0.16272541,-0.80356398,-0.015371959,0.018099019,-1.8471865,-0.17704311,0.056414945,-3.2768775,0.75446284,0.091511741,1.329418,1.6110556,-0.087389458
0.16303923,-0.80923617,-0.014277459,0.017391005,-1.8491391,-0.17601117,0.055855287,-3.2617405,0.74567513,0.094097391,1.2549438,1.6067306,-0.084185023
0.16335309,-0.814986,-0.013186309,0.016670491,-1.8515424,-0.17497499,0.055270753,-3.246941,0.73683169,0.096544401,1.180881,1.6018152,-0.080713624
0.16366699,-0.82079774,-0.012091326,0.015939723,-1.8543926,-0.1739202,0.054653086,-3.2326258,0.7279316,0.098904839,1.1072899,1.5962631,-0.076931257
0.16398093,-0.82667579,-0.011005033,0.015205195,-1.8577138,-0.17287152,0.053987628,-3.2189718,0.71894733,0.10115205,1.0341924,1.5899368,-0.072838742
0.16429492,-0.83261356,-0.0099247664,0.01446339,-1.8614509,-0.17181267,0.05328063,-3.2060102,0.70973951,0.10335442,0.96157586,1.5828271,-0.068342659
0.16460894,-0.83859413,-0.0088480035,0.013720835,-1.865568,-0.17070708,0.052493654,-3.1937719,0.70021443,0.10540179,0.88963022,1.5749164,-0.063619028
0.16492301,-0.84463636,-0.0077771544,0.012965484,-1.8701499,-0.16965725,0.051682025,-3.1830078,0.69038714,0.10715141,0.81815293,1.5662536,-0.058615163
0.16523712,-0.8507318,-0.0067005961,0.012201026,-1.8751714,-0.16859375,0.050837138,-3.172219,0.68112761,0.10890428,0.74717615,1.5567421,-0.053401593
0.16555128,-0.85687989,-0.005636788,0.011434033,-1.88064,-0.16752907,0.049956664,-3.1630514,0.67189467,0.11043734,0.67630749,1.5465114,-0.047992381
0.16586547,-0.8630772,-0.0045689757,0.010657502,-1.8865536,-0.16639948,0.049034064,-3.1534244,0.6635915,0.11210184,0.60403742,1.5350915,-0.044026923
0.16617971,-0.86931537,-0.0035144326,0.0098791343,-1.8929578,-0.16512672,0.04808966,-3.1453443,0.65538382,0.11357747,0.53598606,1.5226204,-0.039768326
0.16649399,-0.87561776,-0.0024638875,0.0090933706,-1.899584,-0.16393042,0.047066467,-3.137988,0.64734111,0.114964,0.47262997,1.5114894,-0.03373397
0.16680831,-0.88198159,-0.0014135467,0.0083032924,-1.9065527,-0.16288641,0.046038606,-3.131479,0.63965683,0.11628925,0.41075903,1.5010668,-0.027442408
0.16712267,-0.88840094,-0.00037882883,0.0075105223,-1.9139197,-0.16187174,0.044981543,-3.1257143,0.63236579,0.11744374,0.34968357,1.4898814,-0.02071029
0.16743707,-0.89487777,0.00065118486,0.0067112607,-1.9216467,-0.16087812,0.043881847,-3.1208139,0.62540728,0.11851986,0.28932146,1.4783354,-0.012954806
0.16775152,-0.90138659,0.0016789349,0.0059103117,-1.9296459,-0.15976385,0.042760048,-3.1166949,0.61888882,0.11947491,0.22969962,1.4662986,-0.0058228573
0.16806601,-0.90793101,0.0027026718,0.0051030994,-1.9379948,-0.15879246,0.041619759,-3.1132732,0.61231325,0.12036602,0.17081776,1.4540092,0.0014700395
0.16838054,-0.91451244,0.0037268155,0.0042937924,-1.946669,-0.15782221,0.040455074,-3.1109702,0.60599301,0.12109758,0.11280343,1.4413638,0.0093400125
0.16869511,-0.92112138,0.0047421209,0.0034834743,-1.9556415,-0.15687379,0.039274739,-3.1095729,0.60012793,0.12153235,0.05540163,1.4282691,0.01743499
0.16900972,-0.92779205,0.0057446256,0.002669987,-1.9649796,-0.15588759,0.038069029,-3.1089018,0.59467299,0.12176064,-0.0014592932,1.4149078,0.025970226
0.16932437,-0.93450295,0.0067396753,0.0018510481,-1.9745966,-0.15491,0.036842298,-3.1089552,0.58949956,0.12182006,-0.057490692,1.4011776,0.034573716
0.16963907,-0.94125999,0.0077415416,0.0010425396,-1.9844967,-0.15399309,0.035616675,-3.1097049,0.58450718,0.12172255,-0.11308918,1.3872061,0.043333494
0.16995381,-0.94806989,0.0087236218,0.00022799127,-1.9947156,-0.15311803,0.034373449,-3.1111421,0.5797926,0.12147127,-0.16768138,1.3729786,0.052337472
0.17026858,-0.9549193,0.0096996739,-0.00058482267,-2.0052065,-0.15229453,0.033113457,-3.1131538,0.57541157,0.12108709,-0.2222064,1.3586292,0.061266733
0.1705834,-0.96181342,0.010658903,-0.0014037711,-2.0159868,-0.15147205,0.031839789,-3.115699,0.57130839,0.12059714,-0.27611638,1.3442683,0.070611455
0.17089826,-0.96876426,0.011614551,-0.002225802,-2.0270812,-0.15063083,0.030549962,-3.1186316,0.56759398,0.11997565,-0.32950962,1.3298647,0.080049995
0.17121317,-0.97574483,0.012566678,-0.0030577122,-2.0383443,-0.14987383,0.029265064,-3.1221571,0.56409611,0.11922392,-0.38307229,1.3156025,0.08902946
0.17152811,-0.98277977,0.013505133,-0.0038893393,-2.0498829,-0.14916449,0.027968415,-3.1260752,0.56099263,0.11827511,-0.43644567,1.3015106,0.09898203
0.17184309,-0.98985234,0.014428564,-0.0047209924,-2.0616552,-0.14849383,0.026666509,-3.1306727,0.55817239,0.11726301,-0.49000112,1.2873068,0.11120734
0.17215812,-0.99695547,0.015339816,-0.0055528944,-2.0736259,-0.14785627,0.025362241,-3.1355366,0.55563134,0.11610567,-0.54153161,1.2736168,0.1227939
0.17247318,-1.0041089,0.016248681,-0.0063854817,-2.0858576,-0.14723422,0.024040833,-3.1408826,0.55330209,0.11487015,-0.58902128,1.2586712,0.13297344
0.17278829,-1.0112889,0.017150853,-0.0072210331,-2.0982299,-0.14667719,0.022717557,-3.1466154,0.55131779,0.11346265,-0.63519347,1.2427124,0.14288084
0.17310343,-1.0185141,0.018051797,-0.0080530801,-2.1108257,-0.14614549,0.021394423,-3.1525867,0.54973113,0.11181507,-0.68088009,1.2269702,0.15271044
0.17341862,-1.0258011,0.018936513,-0.0088848675,-2.1237115,-0.14567227,0.020070999,-3.1588172,0.54834912,0.10999567,-0.72622817,1.2112573,0.16240923
0.17373385,-1.0331231,0.019808824,-0.0097196737,-2.1368024,-0.14522131,0.018751955,-3.1653567,0.54698446,0.10818853,-0.77102331,1.1956072,0.17185835
0.17404912,-1.040495,0.020669831,-0.010554844,-2.150084,-0.1447985,0.017432915,-3.1721398,0.54579818,0.10611553,-0.81537174,1.1801359,0.18109816
0.17436443,-1.0478955,0.021517489,-0.011386286,-2.1634684,-0.14441111,0.016127943,-3.1789404,0.54494687,0.10393277,-0.85946017,1.1648861,0.19001226
0.17467978,-1.0553385,0.02235105,-0.012216772,-2.1770651,-0.14405181,0.014819608,-3.1859559,0.54493902,0.10155948,-0.90325867,1.1500526,0.19846675
0.17499516,-1.0628401,0.023172851,-0.013049134,-2.190852,-0.14373676,0.013518784,-3.1930366,0.54547605,0.099468732,-0.94743202,1.1355677,0.20658094
0.17531059,-1.0703874,0.023980239,-0.013884528,-2.2048461,-0.14345838,0.012215005,-3.2001394,0.54661971,0.097406158,-0.99184428,1.1210162,0.21456808
0.17562606,-1.0779757,0.02476967,-0.014717092,-2.2190256,-0.14322288,0.010932306,-3.2072453,0.54822471,0.095418562,-1.0361832,1.1063618,0.2221687
0.17594157,-1.0856034,0.02553725,-0.015550057,-2.2333629,-0.14302886,0.0096585567,-3.2141611,0.55006683,0.093374176,-1.0810632,1.0918479,0.22975684
0.17625712,-1.0932737,0.0262881,-0.016379177,-2.2478709,-0.14287285,0.0083985867,-3.2209788,0.55213265,0.091320096,-1.1262737,1.0772532,0.23695555
0.17657271,-1.1009966,0.027024522,-0.017207916,-2.2625781,-0.1427526,0.0071374096,-3.2276392,0.55441037,0.089275854,-1.1715335,1.063792,0.24388526
0.17688834,-1.1087752,0.027740246,-0.018037614,-2.2775021,-0.1426578,0.0058991146,-3.2340641,0.55691625,0.087275328,-1.2170772,1.0495359,0.25077003
0.17720401,-1.1165897,0.02843434,-0.018866994,-2.2926267,-0.14260218,0.0046742814,-3.2403647,0.55983069,0.085220658,-1.2656653,1.0332989,0.2559557
0.17751972,-1.1244381,0.029109133,-0.019695618,-2.3079164,-0.14257738,0.0034769479,-3.2465186,0.56378347,0.083435157,-1.3153111,1.0166368,0.26037241
0.17783546,-1.1323431,0.029764703,-0.020520392,-2.323441,-0.14258766,0.0022838817,-3.2526001,0.5673551,0.08163145,-1.365933,0.99947338,0.26409228
0.17815125,-1.1402987,0.030399104,-0.02134495,-2.3391566,-0.14262599,0.0011051623,-3.2584879,0.5713172,0.080004745,-1.4175418,0.98179612,0.26719786
0.17846708,-1.1483147,0.031006823,-0.022168562,-2.3551079,-0.14272665,-6.0951533e-05,-3.2642066,0.5751271,0.078350968,-1.469847,0.96396444,0.26925099
0.17878294,-1.1563813,0.031593274,-0.022989451,-2.371277,-0.14285665,-0.0011978461,-3.2697618,0.57907251,0.076742183,-1.5222786,0.94506399,0.27051919
0.17909884,-1.1644903,0.032148445,-0.023806931,-2.3876092,-0.14302978,-0.0023483594,-3.2751151,0.58311576,0.075054362,-1.5749453,0.92529995,0.27063873
0.17941478,-1.1726354,0.032683015,-0.024624808,-2.4041177,-0.14323088,-0.0034504875,-3.2801158,0.5874239,0.073419649,-1.6275494,0.90359582,0.27006021
0.17973076,-1.1808474,0.033194816,-0.025439541,-2.4208963,-0.14344631,-0.0045304133,-3.2847215,0.59265181,0.071746731,-1.6814302,0.88129763,0.26892982
0.18004678,-1.1891032,0.033681321,-0.026255024,-2.4378804,-0.14373731,-0.0055864672,-3.2890171,0.59848875,0.070105965,-1.73622,0.85750696,0.26686027
0.18036284,-1.1973985,0.034148739,-0.0270699,-2.4550721,-0.144063,-0.0066223135,-3.2930463,0.60444867,0.068460693,-1.7892244,0.83377282,0.26438797
0.18067893,-1.2057449,0.034590235,-0.027887851,-2.4725311,-0.14442194,-0.0076746784,-3.2971076,0.61035895,0.066890644,-1.8430279,0.80891446,0.2609798
0.18099506,-1.2141231,0.03501398,-0.028704162,-2.4901901,-0.14481,-0.0087272629,-3.3012019,0.61615228,0.065396368,-1.8976573,0.78220163,0.25687272
0.18131123,-1.222543,0.035409217,-0.02952114,-2.508068,-0.14523867,-0.0097762411,-3.3049669,0.62178957,0.063976819,-1.9522974,0.75397955,0.25212151
0.18162744,-1.2310003,0.035787131,-0.030335384,-2.5261484,-0.14568636,-0.010797571,-3.3088134,0.62745403,0.06273733,-2.007163,0.72465954,0.24659122
0.18194369,-1.2394973,0.036140314,-0.031148301,-2.5444577,-0.14617134,-0.011812605,-3.3127161,0.63306845,0.061601843,-2.062257,0.69409356,0.24026046
0.18225997,-1.2480351,0.036467858,-0.031964583,-2.5629813,-0.14669715,-0.012826637,-3.3164663,0.63855343,0.060606722,-2.1172862,0.66228344,0.23331057
0.18257629,-1.2566093,0.03678242,-0.032778108,-2.5817039,-0.1472511,-0.013817024,-3.3200877,0.64388673,0.059718362,-2.172067,0.62942672,0.225867
0.18289264,-1.2652164,0.037073624,-0.033590895,-2.6006349,-0.14785619,-0.014795547,-3.3236165,0.64910357,0.058964209,-2.226652,0.59586897,0.21768125
0.18320904,-1.2738581,0.037345354,-0.034406943,-2.6197913,-0.14850542,-0.015770034,-3.3269364,0.65410347,0.058407504,-2.2813995,0.56077233,0.20890098
0.18352547,-1.2825471,0.037591027,-0.035221761,-2.63918,-0.14920965,-0.016726217,-3.3302604,0.65891196,0.05772473,-2.3355251,0.52448265,0.1998507
0.18384193,-1.2912809,0.037821485,-0.036034823,-2.6588097,-0.14993834,-0.01765702,-3.3339897,0.66366568,0.057471562,-2.3898516,0.48710408,0.19020692
0.18415844,-1.300052,0.038035959,-0.036853702,-2.6786542,-0.15071115,-0.018582628,-3.3374816,0.66810026,0.057383082,-2.4435768,0.44883571,0.18005444
0.18447498,-1.3088643,0.038230945,-0.037672601,-2.6987384,-0.15153359,-0.019497461,-3.3412124,0.67237952,0.0575374,-2.4964894,0.40974551,0.16949815
0.18479155,-1.3177128,0.038404035,-0.038490488,-2.7190276,-0.15241344,-0.020403359,-3.3446945,0.67626219,0.057769812,-2.548593,0.36981758,0.15837359
0.18510816,-1.3266016,0.038557572,-0.039309061,-2.7395091,-0.15335969,-0.021288104,-3.3480998,0.67957061,0.05817408,-2.6000102,0.32901605,0.14666523
0.18542481,-1.3355236,0.038690474,-0.040122794,-2.7601698,-0.15438911,-0.022154326,-3.3514036,0.68235299,0.058675692,-2.6504971,0.28763501,0.13446933
0.18574149,-1.3444884,0.038814082,-0.040936745,-2.781022,-0.15547,-0.023010043,-3.3546723,0.68482187,0.059278675,-2.6998157,0.24565219,0.12176713
0.18605821,-1.3534988,0.038923312,-0.041757186,-2.8020699,-0.15660223,-0.023856351,-3.3579876,0.6870781,0.059994658,-2.7480762,0.20313747,0.10877392
0.18637496,-1.3625561,0.039011015,-0.042576788,-2.8233093,-0.1578098,-0.024671209,-3.3613411,0.68913558,0.060852155,-2.7948545,0.16016862,0.095528585
0.18669175,-1.3716527,0.039084823,-0.043398358,-2.8447328,-0.15907728,-0.025475516,-3.3648435,0.69102602,0.061775127,-2.840139,0.11678615,0.081741118
0.18700857,-1.3808023,0.039145099,-0.044221561,-2.8663696,-0.16040615,-0.026258979,-3.3685276,0.69273813,0.062788738,-2.8837708,0.073254016,0.067710382
0.18732543,-1.3900007,0.039193611,-0.045045318,-2.8881945,-0.16179069,-0.027014865,-3.3723214,0.69435943,0.063946673,-2.9256989,0.029430596,0.053459462
0.18764232,-1.3992421,0.039226665,-0.045870166,-2.9101905,-0.16324388,-0.027750127,-3.3761917,0.69591538,0.0652202,-2.9661053,-0.014548105,0.03954424
0.18795925,-1.4085309,0.039236127,-0.04669609,-2.9323567,-0.16477499,-0.02846727,-3.3801919,0.69741994,0.066610335,-3.0043377,-0.059475334,0.025721793
0.18827621,-1.4178731,0.039233038,-0.047527701,-2.9547045,-0.16637089,-0.029164681,-3.3843202,0.69888286,0.068042685,-3.0408725,-0.10093044,0.01115745
0.1885932,-1.4272713,0.03921461,-0.048359617,-2.9772255,-0.16803408,-0.029835752,-3.3884956,0.70037217,0.069552686,-3.075498,-0.14220387,-0.0033783785
0.18891023,-1.4367175,0.039181796,-0.049197608,-2.9998851,-0.16975768,-0.030507842,-3.3927782,0.70193613,0.071119867,-3.108204,-0.18314322,-0.017396819
0.18922729,-1.4462141,0.039131147,-0.050035132,-3.0226755,-0.17154155,-0.031163649,-3.3971499,0.70355957,0.072726179,-3.1386508,-0.22405971,-0.03082537
0.18954438,-1.4557769,0.039064398,-0.050874369,-3.0456462,-0.17338731,-0.031773528,-3.4015898,0.70541849,0.07432827,-3.167427,-0.26490819,-0.043898835
0.18986151,-1.4653947,0.038985844,-0.05171772,-3.0687211,-0.17526102,-0.032356688,-3.4063723,0.70744679,0.075913708,-3.1943447,-0.30510904,-0.056452974
0.19017867,-1.4750723,0.038893337,-0.05255983,-3.0918968,-0.17717405,-0.032916992,-3.4114012,0.70956192,0.077420801,-3.2196309,-0.34458552,-0.06877049
0.19049586,-1.4848123,0.038790108,-0.053406847,-3.1151841,-0.1791141,-0.033467847,-3.4166039,0.71182442,0.078858562,-3.2430168,-0.38318975,-0.080607992
0.19081308,-1.4946166,0.038664601,-0.054260321,-3.1385786,-0.18109548,-0.034004368,-3.4219369,0.71410168,0.080196428,-3.2647513,-0.42101706,-0.091807057
0.19113034,-1.5044853,0.038523505,-0.055117657,-3.1620528,-0.18307219,-0.034510307,-3.4275361,0.71649722,0.081354977,-3.2847278,-0.45791229,-0.10209935
0.19144762,-1.5144226,0.038363699,-0.055974103,-3.1855919,-0.18506258,-0.03499411,-3.4333705,0.7189621,0.082348849,-3.3031721,-0.49388885,-0.11128675
0.19176494,-1.5244229,0.038186996,-0.056831917,-3.2091831,-0.18704648,-0.03550052,-3.4394383,0.72156618,0.083113979,-3.3203938,-0.52889394,-0.11927706
0.19208229,-1.5344915,0.037987689,-0.057693152,-3.2328365,-0.18903705,-0.03601371,-3.4456172,0.72429426,0.083623569,-3.3362318,-0.56267612,-0.12547156
0.19239967,-1.5446378,0.037772253,-0.058560486,-3.2565561,-0.19101582,-0.036553363,-3.4518987,0.72713883,0.084010807,-3.3505385,-0.59523331,-0.12956436
0.19271708,-1.5548571,0.037538056,-0.059431474,-3.2803266,-0.19298482,-0.037077209,-3.4583625,0.73004226,0.084543959,-3.3634764,-0.62661203,-0.13217914
0.19303452,-1.5651552,0.037289549,-0.060305704,-3.3041362,-0.19491174,-0.037576642,-3.4650422,0.73300783,0.085259049,-3.3750661,-0.65667343,-0.13328053
0.193352,-1.5755272,0.037020478,-0.061185846,-3.3279707,-0.19679784,-0.038070829,-3.4719466,0.73601268,0.085898779,-3.3851716,-0.68537225,-0.13291103
0.1936695,-1.5859761,0.036728383,-0.062069797,-3.3518274,-0.19864003,-0.038550093,-3.4790488,0.73901679,0.086436444,-3.3939099,-0.71268373,-0.13104348
0.19398703,-1.5965125,0.036417189,-0.062957882,-3.3757066,-0.20041287,-0.038981686,-3.486356,0.74198782,0.086903958,-3.4012613,-0.7385938,-0.12762486
0.19430459,-1.6071228,0.036087263,-0.063852231,-3.3995983,-0.20213406,-0.039304133,-3.4937934,0.74492442,0.087285251,-3.4071427,-0.76306994,-0.12258335
0.19462218,-1.6178203,0.035738311,-0.064752149,-3.4235032,-0.20376366,-0.039735909,-3.5013498,0.74782942,0.08763636,-3.411683,-0.78617894,-0.11595054
0.1949398,-1.6286023,0.035368518,-0.065659822,-3.4473991,-0.20528211,-0.040176228,-3.5090544,0.75075256,0.08792077,-3.4149844,-0.80778488,-0.10774019
0.19525745,-1.6394665,0.03498193,-0.066563767,-3.47127,-0.20668381,-0.040599234,-3.5168708,0.75370934,0.08811171,-3.4168715,-0.82804396,-0.097906234
0.19557513,-1.6504133,0.034574795,-0.067475962,-3.4950905,-0.20795384,-0.041011487,-3.5247681,0.75663794,0.088282722,-3.4173657,-0.84684357,-0.086484369
0.19589283,-1.6614517,0.034146075,-0.06839203,-3.5188931,-0.20905211,-0.041420237,-3.5326645,0.75939548,0.088382099,-3.4165033,-0.86408758,-0.073630948
0.19621056,-1.6725708,0.033695553,-0.069314337,-3.5426452,-0.20998739,-0.041857962,-3.5405431,0.76199166,0.088438806,-3.4142977,-0.87969864,-0.059279254
0.19652833,-1.6837765,0.033221087,-0.070244389,-3.5663237,-0.2107612,-0.042326884,-3.5485244,0.76450329,0.088465135,-3.411066,-0.8937155,-0.043508541
0.19684611,-1.6950583,0.032725999,-0.071178105,-3.5899706,-0.21132398,-0.042822539,-3.5566177,0.76697969,0.088344758,-3.4066023,-0.90695803,-0.026284229
0.19716393,-1.7064271,0.032208084,-0.072117818,-3.6135157,-0.21164035,-0.043344834,-3.5648619,0.76926491,0.088066502,-3.4011106,-0.91858848,-0.0076859548
0.19748177,-1.7178698,0.031668485,-0.07306556,-3.6369734,-0.21170968,-0.043906204,-3.5733229,0.77126569,0.087532965,-3.3946505,-0.9287273,0.0122968
0.19779964,-1.7293981,0.031106176,-0.074017262,-3.6603744,-0.21153325,-0.044433615,-3.5819907,0.77312548,0.08689745,-3.3873317,-0.9374295,0.033636155
0.19811754,-1.7410119,0.030521653,-0.074976806,-3.6835751,-0.21105559,-0.044946159,-3.5909981,0.77482776,0.086176144,-3.3791117,-0.94477975,0.056100288
0.19843546,-1.7527011,0.029915835,-0.075945242,-3.7065942,-0.21021934,-0.045454739,-3.6001372,0.77629135,0.085409574,-3.3702095,-0.95072816,0.079637099
0.19875341,-1.7644439,0.029289785,-0.07692059,-3.7296261,-0.2091901,-0.045950954,-3.609508,0.77745105,0.084527413,-3.3606753,-0.95537236,0.10421324
0.19907139,-1.7762572,0.02864009,-0.077905316,-3.752504,-0.20786413,-0.046465249,-3.6190672,0.77830207,0.083449051,-3.3504303,-0.95877398,0.12959514
0.19938939,-1.7881479,0.027967979,-0.078902313,-3.775196,-0.20616759,-0.046969612,-3.628873,0.7787911,0.082201,-3.339438,-0.96087942,0.15572187
0.19970742,-1.8001072,0.027278708,-0.079903334,-3.7977984,-0.20420399,-0.047424594,-3.6388025,0.77897404,0.080698026,-3.3278404,-0.96204301,0.18245149
0.20002547,-1.812137,0.026567457,-0.080913446,-3.8202707,-0.20189253,-0.047868685,-3.6493129,0.77860183,0.078889905,-3.3153468,-0.96206562,0.20966448
0.20034355,-1.8242417,0.025835209,-0.08193249,-3.8426124,-0.19921799,-0.048274802,-3.6601608,0.77783056,0.076740897,-3.3022043,-0.96095826,0.2371772
0.20066165,-1.8364344,0.025083918,-0.082960652,-3.864808,-0.19615797,-0.04862602,-3.6713191,0.77665412,0.074291756,-3.2886561,-0.95875661,0.2648955
0.20097978,-1.848729,0.02431285,-0.083998115,-3.8869088,-0.1927071,-0.048968676,-3.68254,0.77484401,0.071598422,-3.2748709,-0.95556549,0.29279274
0.20129793,-1.8611191,0.023521522,-0.085044424,-3.9088721,-0.18886967,-0.04927942,-3.6939331,0.77249131,0.068537285,-3.2607478,-0.95142943,0.32074069
0.20161611,-1.8736009,0.022716878,-0.086098617,-3.9306896,-0.1846142,-0.049595983,-3.7054949,0.76964687,0.065125783,-3.2464425,-0.94647139,0.34862838
0.20193431,-1.8861828,0.021897373,-0.087163421,-3.952357,-0.17993611,-0.049890051,-3.717255,0.76630533,0.061371459,-3.2320343,-0.94072221,0.37631472
0.20225254,-1.8988596,0.021060082,-0.08824486,-3.9738739,-0.17484032,-0.050098674,-3.7292477,0.7624604,0.05725747,-3.2176326,-0.93425536,0.40367589
0.20257079,-1.9116435,0.020212593,-0.089336005,-3.9952359,-0.16935972,-0.050250873,-3.7415837,0.75803014,0.052749085,-3.203239,-0.92713093,0.43063851
0.20288906,-1.9245226,0.019349249,-0.090442413,-4.0164944,-0.16344643,-0.050357484,-3.7541853,0.75309851,0.047952041,-3.1888471,-0.91933925,0.45711293
0.20320736,-1.937499,0.018471798,-0.091563161,-4.0376033,-0.15711305,-0.050477448,-3.7671453,0.74749823,0.042770133,-3.1745501,-0.9108479,0.48288074
0.20352568,-1.9505755,0.017583224,-0.092697805,-4.058546,-0.15037259,-0.05051545,-3.7805252,0.74131815,0.03724145,-3.160128,-0.90241402,0.50800515
0.20384402,-1.963757,0.01667772,-0.093847426,-4.0793987,-0.14325987,-0.050505771,-3.7943035,0.73449187,0.031426157,-3.1456529,-0.89350475,0.53239596
0.20416239,-1.977043,0.015760387,-0.095013652,-4.1000902,-0.13577688,-0.050454979,-3.8085179,0.72703941,0.02528479,-3.1312867,-0.88420015,0.55596877
0.20448078,-1.9904371,0.014830489,-0.096196846,-4.1206267,-0.12794907,-0.050374759,-3.8231957,0.71896999,0.018676465,-3.117035,-0.87452517,0.57873798
0.20479919,-2.0039375,0.013889237,-0.097395818,-4.1410274,-0.11977907,-0.050244018,-3.8382662,0.71025247,0.011598185,-3.1029974,-0.86460542,0.60072586
0.20511762,-2.0175531,0.012942373,-0.098610028,-4.161246,-0.1113011,-0.050078559,-3.8537469,0.70082907,0.0040609125,-3.0892241,-0.85453797,0.62179996
0.20543608,-2.0312806,0.011997398,-0.099840931,-4.1812922,-0.10250172,-0.049865923,-3.8698268,0.69076398,-0.004044262,-3.0753671,-0.84411938,0.64219561
0.20575456,-2.0451232,0.011054524,-0.10108863,-4.2011894,-0.093394449,-0.049616027,-3.8865363,0.68008129,-0.012815796,-3.0616966,-0.83356786,0.66172443
0.20607306,-2.0590853,0.010111882,-0.10235342,-4.2208953,-0.08400735,-0.049328995,-3.9038867,0.66872113,-0.02225467,-3.0482807,-0.8230379,0.68043257
0.20639159,-2.0731712,0.0091674612,-0.10363803,-4.240403,-0.074314399,-0.049024243,-3.9220137,0.65675862,-0.032336133,-3.0355127,-0.81250532,0.69852452
0.20671013,-2.0873823,0.0082168856,-0.1049409,-4.2596853,-0.064368149,-0.048619124,-3.9409641,0.64412524,-0.04300205,-3.0232764,-0.80191542,0.7157933
0.2070287,-2.1017191,0.0072653119,-0.10626216,-4.2787219,-0.054137723,-0.048160879,-3.9605837,0.62986244,-0.054149823,-3.0116382,-0.79133661,0.73215714
0.20734729,-2.116175,0.0063200102,-0.10760204,-4.2974471,-0.043529475,-0.047625273,-3.9809418,0.61406853,-0.066088007,-3.0006961,-0.7807348,0.74784886
0.2076659,-2.1307603,0.005373771,-0.10896323,-4.31593,-0.032624061,-0.046968084,-4.001996,0.59701544,-0.078423727,-2.9904959,-0.7703978,0.76294245
0.20798453,-2.1454806,0.0044267379,-0.11034029,-4.3341131,-0.021372887,-0.046181047,-4.0237668,0.57851015,-0.091405022,-2.9810573,-0.7598927,0.77737742
0.20830319,-2.1603385,0.0034723522,-0.1117335,-4.3520162,-0.0099294145,-0.045228857,-4.0461516,0.55832173,-0.10449715,-2.9725356,-0.74951906,0.79118232
0.20862186,-2.1753398,0.0025073293,-0.11314615,-4.3696658,0.0017266016,-0.044278159,-4.0690848,0.53638004,-0.11759115,-2.9649614,-0.73923842,0.80438637
0.20894056,-2.1904838,0.0015267202,-0.11457511,-4.3870405,0.013607464,-0.043248147,-4.0926275,0.51279388,-0.13080589,-2.958085,-0.72916647,0.81697823
0.20925927,-2.2057702,0.00052981171,-0.11602668,-4.4041603,0.025647173,-0.042161898,-4.1165647,0.48757398,-0.1438102,-2.9520164,-0.71967214,0.82914256
0.20957801,-2.2212083,-0.00049428995,-0.11749467,-4.4211405,0.037864044,-0.040909098,-4.1409991,0.46078773,-0.15668943,-2.9467898,-0.71067505,0.84094
0.20989676,-2.2368066,-0.0015070575,-0.11898409,-4.4378721,0.050176993,-0.039551041,-4.1657958,0.43229958,-0.16943664,-2.9425097,-0.702255,0.85224079
0.21021554,-2.2525765,-0.0025370554,-0.12048606,-4.454374,0.062596099,-0.038053197,-4.190988,0.40215293,-0.18206167,-2.9391245,-0.69434448,0.86305413
0.21053434,-2.268517,-0.0035815636,-0.1220028,-4.4706207,0.075107855,-0.036412997,-4.2165352,0.3701753,-0.19438208,-2.936602,-0.68693604,0.87351888
0.21085315,-2.2846381,-0.0046435849,-0.12353563,-4.4866458,0.087709073,-0.034646592,-4.2421232,0.33622868,-0.20653889,-2.9351489,-0.68004585,0.88359817
0.21117199,-2.3009386,-0.0057308513,-0.12508127,-4.5024926,0.10041134,-0.032735341,-4.2679581,0.30016019,-0.21839978,-2.9344456,-0.67361575,0.89338754
0.21149084,-2.3174405,-0.0068339054,-0.12663087,-4.5182199,0.11320549,-0.030702989,-4.294102,0.26323556,-0.22982853,-2.9343071,-0.66783882,0.90279817
0.21180972,-2.3341293,-0.0079648565,-0.12818914,-4.533651,0.12616612,-0.028630079,-4.3206282,0.22596759,-0.24143961,-2.9348447,-0.66270651,0.9118561
0.21212861,-2.3510109,-0.0091187395,-0.12975442,-4.5489432,0.13923452,-0.026324969,-4.3470356,0.18844556,-0.25311415,-2.9359315,-0.65820199,0.92060393
0.21244752,-2.3680829,-0.010302886,-0.13132387,-4.5641079,0.15236711,-0.023880183,-4.3729267,0.15078006,-0.26429105,-2.937899,-0.65416426,0.92897995
0.21276645,-2.3853585,-0.011517115,-0.13289582,-4.5787373,0.16575902,-0.021236658,-4.3992791,0.11251882,-0.27537358,-2.9406532,-0.65102041,0.9368443
0.2130854,-2.4028387,-0.012760597,-0.13446709,-4.5930798,0.17931044,-0.018380346,-4.4252406,0.074306127,-0.28618381,-2.9447669,-0.64867909,0.94440825
0.21340437,-2.4205244,-0.014035798,-0.13603522,-4.6068912,0.19311568,-0.015323982,-4.4507174,0.03617713,-0.29668114,-2.9500171,-0.64722951,0.95152218
0.21372336,-2.4384295,-0.015348318,-0.1375958,-4.6205941,0.20697278,-0.012196237,-4.4755641,-0.0017121249,-0.30669947,-2.9561987,-0.6466892,0.95821806
0.21404236,-2.4565501,-0.016699865,-0.13915,-4.6340558,0.22093901,-0.0090155262,-4.499724,-0.039201412,-0.31619629,-2.9632632,-0.64704365,0.96438844
0.21436138,-2.4748886,-0.018093032,-0.14068928,-4.6472644,0.23451767,-0.0056925575,-4.5231913,-0.076015733,-0.32505627,-2.9713964,-0.64835357,0.97018798
0.21468042,-2.4934548,-0.019566231,-0.14221062,-4.6602645,0.24793243,-0.0023085324,-4.5455772,-0.11155906,-0.33286871,-2.9803535,-0.65069259,0.97562508
0.21499947,-2.5122492,-0.021151348,-0.14371417,-4.6731103,0.26110762,0.0011290312,-4.5665186,-0.14735708,-0.34007668,-2.9899928,-0.65391934,0.98067433
0.21531855,-2.5312725,-0.022850635,-0.1451932,-4.6857054,0.27404213,0.0046399829,-4.5861791,-0.18237437,-0.34603985,-3.0003924,-0.65808679,0.98535844
0.21563764,-2.5505192,-0.024664089,-0.1466463,-4.6981104,0.28671,0.0081539705,-4.6043228,-0.21659411,-0.35073546,-3.0111559,-0.66315282,0.98967544
0.21595674,-2.5700015,-0.026594279,-0.14807012,-4.710299,0.29949623,0.011745394,-4.6208868,-0.24973949,-0.354434,-3.0221018,-0.66917953,0.99362894
0.21627587,-2.589714,-0.028643458,-0.14946086,-4.7222738,0.31225708,0.015336853,-4.6359021,-0.2818828,-0.3575931,-3.0335049,-0.67627334,0.9971887
0.216595,-2.6096466,-0.030809144,-0.15081682,-4.7341099,0.32474938,0.018849945,-4.6492917,-0.31294711,-0.36073288,-3.045271,-0.68442307,1.0002026
0.21691416,-2.6297971,-0.033096628,-0.15213372,-4.7458291,0.33683335,0.022287705,-4.6610932,-0.34249708,-0.3626796,-3.0572942,-0.69361525,1.0028284
0.21723333,-2.6501636,-0.035505853,-0.15341031,-4.7574174,0.3484029,0.025605658,-4.6712834,-0.37096964,-0.36319265,-3.0696112,-0.70387,1.0050732
0.21755252,-2.6707364,-0.038037142,-0.15463952,-4.7688674,0.35929852,0.028786405,-4.6799366,-0.39876091,-0.362083,-3.0820767,-0.71515885,1.0070036
0.21787172,-2.6915122,-0.040682059,-0.15581809,-4.780151,0.3696891,0.031804222,-4.6871311,-0.42521737,-0.35939777,-3.094711,-0.72734935,1.0085507
0.21819094,-2.712484,-0.043431758,-0.15693916,-4.7912544,0.38015925,0.034830729,-4.6928797,-0.45018069,-0.35493421,-3.1073098,-0.74015987,1.0099845
0.21851017,-2.7337561,-0.046280531,-0.15799763,-4.8022362,0.39069151,0.037885652,-4.6971441,-0.47357933,-0.34855698,-3.1199724,-0.75414157,1.011201
0.21882942,-2.7552989,-0.049222701,-0.15898055,-4.8130196,0.40085938,0.040767858,-4.6999984,-0.49546334,-0.34012487,-3.1328876,-0.76942656,1.0117954
0.21914868,-2.7770967,-0.052251209,-0.15988684,-4.8236552,0.41047734,0.043109994,-4.7013765,-0.51573186,-0.32959261,-3.1457993,-0.78574177,1.0121931
0.21946796,-2.799117,-0.055364808,-0.16071199,-4.8341471,0.41956792,0.045479566,-4.7012422,-0.53435568,-0.31646705,-3.158715,-0.80318773,1.0124284
0.21978725,-2.8213351,-0.058556871,-0.16145685,-4.8445009,0.42812973,0.04766272,-4.698856,-0.55179335,-0.30016722,-3.1713414,-0.82157136,1.0123772
0.22010656,-2.8437181,-0.06181743,-0.16211133,-4.8546698,0.43600598,0.049514094,-4.695673,-0.56816461,-0.27971472,-3.1836013,-0.84075759,1.0121496
0.22042588,-2.8662359,-0.065135527,-0.16267311,-4.8648474,0.44278231,0.05110178,-4.6908993,-0.58358793,-0.2557097,-3.1954717,-0.8606107,1.0116061
0.22074521,-2.8888724,-0.068498705,-0.16314356,-4.874928,0.448695,0.052328612,-4.6853039,-0.59776115,-0.22804254,-3.2068465,-0.88108989,1.0106968
0.22106456,-2.9116118,-0.071894315,-0.16352303,-4.8849263,0.45386077,0.053339917,-4.6787411,-0.61068034,-0.19694514,-3.2177914,-0.90197709,1.0094955
0.22138392,-2.9344207,-0.075308703,-0.163809,-4.8948697,0.45843368,0.053852542,-4.6714479,-0.6222769,-0.16233386,-3.228251,-0.92335688,1.0080957
0.22170329,-2.957283,-0.078724885,-0.16400164,-4.9047543,0.46248535,0.0538944,-4.661693,-0.63249701,-0.12448763,-3.2379914,-0.9459659,1.0065027
0.22202268,-2.9801818,-0.08211981,-0.16410597,-4.9146866,0.46605436,0.053430649,-4.6492886,-0.64157279,-0.083626047,-3.2469901,-0.96981965,1.0049225
0.22234207,-3.0030994,-0.085464425,-0.16412414,-4.9246839,0.46920581,0.05249961,-4.6342865,-0.64938421,-0.040156192,-3.2550274,-0.9948399,1.0032968
0.22266148,-3.0260194,-0.088748725,-0.16405531,-4.9346156,0.47203189,0.051025567,-4.6165382,-0.65584777,0.005483309,-3.262462,-1.0202739,1.0017762
0.2229809,-3.0489347,-0.091962072,-0.1639043,-4.9445382,0.47446584,0.048993767,-4.596161,-0.66100624,0.05221573,-3.2689426,-1.0459922,1.0001535
0.22330033,-3.0718394,-0.095087164,-0.16367491,-4.9545213,0.476459,0.046395178,-4.5729217,-0.66486278,0.099339259,-3.2743323,-1.0720576,0.99845119
0.22361978,-3.0947016,-0.098111325,-0.16336058,-4.9646946,0.4781613,0.043361705,-4.547251,-0.6674825,0.14665481,-3.278696,-1.098465,0.99679946
0.22393923,-3.1175079,-0.10100782,-0.16296307,-4.9751403,0.47959491,0.039800381,-4.5190919,-0.66887186,0.1939022,-3.2819093,-1.1251053,0.99505914
0.22425869,-3.1402488,-0.10376395,-0.16248782,-4.9856038,0.48062462,0.035690424,-4.4886193,-0.66913202,0.2408908,-3.2839153,-1.1517024,0.99324006
0.22457817,-3.1629096,-0.10636659,-0.16194022,-4.996099,0.48114229,0.031031241,-4.4557524,-0.667841,0.28746124,-3.2847301,-1.1781554,0.99134127
0.22489765,-3.1854612,-0.108796,-0.16131067,-5.0066634,0.48122206,0.025735303,-4.4211434,-0.66516459,0.33302124,-3.283955,-1.2045636,0.98937142
0.22521715,-3.2077094,-0.11103663,-0.1606023,-5.0173316,0.48078491,0.019930899,-4.3867163,-0.66139258,0.37733232,-3.2817454,-1.2312542,0.98761055
0.22553665,-3.2296662,-0.11307525,-0.1598086,-5.0281004,0.47988608,0.013585529,-4.3526543,-0.65682208,0.42025912,-3.2780225,-1.2581591,0.98614251
0.22585617,-3.2513489,-0.11490685,-0.15893264,-5.0390085,0.47853517,0.0068524403,-4.319397,-0.65160276,0.46184078,-3.2725952,-1.2848086,0.98480972
0.22617569,-3.2727635,-0.11652487,-0.15797235,-5.0502074,0.47678005,-0.00022177099,-4.2869123,-0.64545017,0.50178172,-3.2655496,-1.3109047,0.9834059
0.22649522,-3.2939234,-0.11790962,-0.15693292,-5.0616767,0.47449532,-0.0077968419,-4.255494,-0.63869657,0.53995026,-3.2568497,-1.3361697,0.98195336
0.22681477,-3.3148342,-0.11902963,-0.15581219,-5.0731048,0.47168466,-0.016185954,-4.2260606,-0.63125997,0.57633017,-3.2463881,-1.3602419,0.98018233
0.22713431,-3.3354951,-0.11986818,-0.15461187,-5.0847188,0.46835937,-0.025217045,-4.1981926,-0.62351756,0.61094402,-3.2344601,-1.3830454,0.97808888
0.22745387,-3.3558964,-0.12040985,-0.15333246,-5.0965551,0.46449201,-0.034834179,-4.1719082,-0.6155599,0.64382513,-3.2213587,-1.4050203,0.97597621
0.22777344,-3.3760517,-0.1206483,-0.15197463,-5.1086004,0.46005527,-0.044960235,-4.1472967,-0.60734514,0.67475827,-3.2068774,-1.4253377,0.97388772
0.22809301,-3.3959611,-0.12060161,-0.15054194,-5.1207844,0.45508867,-0.055629721,-4.1247117,-0.59886133,0.70340144,-3.1910528,-1.4439683,0.97205972
0.22841259,-3.4156187,-0.12029292,-0.14903675,-5.133153,0.44961476,-0.06681589,-4.1042049,-0.59040731,0.73015506,-3.1741366,-1.4606589,0.97058821
0.22873217,-3.4350386,-0.1197282,-0.14745104,-5.1457058,0.44372324,-0.078480531,-4.0855785,-0.5821228,0.75526128,-3.155723,-1.4752509,0.96954695
0.22905176,-3.4542388,-0.11891265,-0.14579279,-5.1583228,0.43764768,-0.09050234,-4.0689506,-0.57383694,0.77866914,-3.1362379,-1.4876285,0.96891508
0.22937136,-3.4731929,-0.11781994,-0.14404741,-5.1712101,0.43176537,-0.10257255,-4.0541425,-0.56558005,0.80040556,-3.1152889,-1.4979267,0.96868085
0.22969097,-3.4919189,-0.11637215,-0.14221656,-5.1846042,0.42573724,-0.11447393,-4.0411686,-0.55754828,0.82046396,-3.0935826,-1.5054268,0.96871113
0.23001058,-3.5104179,-0.1145731,-0.14031541,-5.1985916,0.4174832,-0.12620852,-4.0299917,-0.54974232,0.83873288,-3.0713575,-1.5096501,0.96879498
0.23033019,-3.5286976,-0.11242151,-0.13834968,-5.2129015,0.40684465,-0.13758794,-4.0204993,-0.54232144,0.85536092,-3.0486486,-1.5107502,0.9690422
0.23064982,-3.5467665,-0.10992306,-0.1363239,-5.2271254,0.39370706,-0.14842162,-4.0128062,-0.53529498,0.87037506,-3.0256424,-1.5082754,0.96951037
0.23096944,-3.5646418,-0.10706398,-0.1342312,-5.2415506,0.3779447,-0.15950773,-4.0067941,-0.52878169,0.88387373,-3.0024619,-1.5026072,0.97010785
0.23128907,-3.5823697,-0.10382858,-0.13207881,-5.2561167,0.35945246,-0.17042258,-4.0024027,-0.52290464,0.89591351,-2.977553,-1.4942575,0.97112467
0.23160871,-3.5999533,-0.10035076,-0.12988474,-5.2706255,0.33810349,-0.181031,-3.9994169,-0.51778794,0.90664672,-2.9507444,-1.482894,0.97256132
0.23192835,-3.617409,-0.096739172,-0.12765477,-5.285074,0.31366338,-0.19121317,-3.9978549,-0.51320525,0.91604708,-2.9228838,-1.4683875,0.97440662
0.23224799,-3.6347401,-0.093007745,-0.1253997,-5.2994535,0.28575565,-0.20085717,-3.9977018,-0.50904357,0.92413756,-2.8946803,-1.4507751,0.97670626
0.23256764,-3.6519437,-0.089161762,-0.12312349,-5.3133824,0.2539667,-0.20979946,-3.9990697,-0.50531582,0.93102122,-2.8664388,-1.4299718,0.97922896
0.23288729,-3.6690102,-0.085179685,-0.12084071,-5.3270669,0.21879461,-0.21860018,-4.0017768,-0.5020843,0.93683483,-2.8395109,-1.406078,0.98201296
0.23320695,-3.6859614,-0.081045256,-0.11856199,-5.3412584,0.18186749,-0.22733226,-4.0057842,-0.49938156,0.94152663,-2.8140927,-1.3793126,0.98491493
0.2335266,-3.7028308,-0.076736159,-0.11630778,-5.355315,0.14393079,-0.23584252,-4.0110186,-0.4972451,0.94521582,-2.7903103,-1.3499909,0.98790123
0.23384627,-3.7195963,-0.072247985,-0.11408548,-5.3685886,0.10520053,-0.24405641,-4.0174295,-0.49581691,0.94797518,-2.7682229,-1.3178416,0.99112072
0.23416593,-3.7362728,-0.067573875,-0.11191824,-5.3809677,0.066142922,-0.25165916,-4.0250182,-0.49510308,0.94984181,-2.7478357,-1.2828219,0.99473689
0.2344856,-3.7528722,-0.062697971,-0.10982073,-5.3927509,0.027028217,-0.25851264,-4.0336144,-0.49524118,0.9508082,-2.7297294,-1.2448564,0.99849769
0.23480527,-3.7694164,-0.057608373,-0.10780616,-5.4039309,-0.011859247,-0.26442648,-4.0432073,-0.49627593,0.95082952,-2.7129328,-1.2033846,1.0022366
0.23512494,-3.7859159,-0.052302229,-0.1058991,-5.4142733,-0.050051205,-0.26909381,-4.0537067,-0.49837907,0.95000186,-2.6973256,-1.1586765,1.0061049
0.23544461,-3.8023598,-0.046643354,-0.10411398,-5.4235014,-0.087841279,-0.27288164,-4.0648878,-0.50159775,0.94846324,-2.6836339,-1.1115103,1.0102031
0.23576429,-3.818769,-0.040399452,-0.10247008,-5.4314847,-0.12556485,-0.2755152,-4.0766405,-0.50613386,0.94607406,-2.6709869,-1.0622573,1.0147205
0.23608396,-3.8351498,-0.033549937,-0.10099117,-5.4382667,-0.16212821,-0.27725522,-4.0888699,-0.51198665,0.94281737,-2.6588293,-1.0117374,1.0198851
0.23640364,-3.8515098,-0.026130153,-0.099673164,-5.4440873,-0.19729914,-0.27855786,-4.1015492,-0.51914781,0.93876255,-2.6471635,-0.96047613,1.0254584
0.23672332,-3.8678622,-0.018168382,-0.098538323,-5.4489222,-0.2309388,-0.28000977,-4.1146621,-0.52746557,0.93392875,-2.6366448,-0.90769917,1.0280757
0.237043,-3.8842271,-0.0096588356,-0.09761798,-5.4528378,-0.26289191,-0.28288,-4.127951,-0.53707441,0.9284544,-2.6272106,-0.85136758,1.0320235
0.23736268,-3.9005985,-0.00061282874,-0.096934555,-5.4556573,-0.29307175,-0.28335781,-4.1411507,-0.54804044,0.92234727,-2.6189891,-0.79396226,1.0357977
0.23768236,-3.9169628,0.0089279538,-0.096494579,-5.4575142,-0.32139492,-0.28027776,-4.1543841,-0.56052893,0.91570258,-2.6117057,-0.73578938,1.0394715
0.23800203,-3.9333428,0.018907205,-0.096318198,-5.4584425,-0.34720769,-0.27414118,-4.1676275,-0.57434482,0.90850717,-2.6050332,-0.67730804,1.0431973
0.23832171,-3.9497621,0.029305279,-0.096396805,-5.4584428,-0.3710655,-0.2652448,-4.1809019,-0.58935457,0.90090461,-2.5982103,-0.61885082,1.0464767
0.23864139,-3.9661959,0.040066064,-0.096767038,-5.4570389,-0.39331415,-0.25365187,-4.1942326,-0.60544968,0.89294272,-2.5937435,-0.55885485,1.0495147
0.23896107,-3.9826841,0.051105968,-0.097423608,-5.454226,-0.41339151,-0.23931698,-4.2075405,-0.62261859,0.88474673,-2.5940259,-0.49750556,1.0515338
0.23928075,-3.9992293,0.062332179,-0.098384542,-5.4502646,-0.43192813,-0.22118655,-4.2206981,-0.64116076,0.87602964,-2.5956037,-0.4367101,1.0529951
0.23960042,-4.015843,0.073652861,-0.099620905,-5.4454369,-0.44900605,-0.19906068,-4.2334924,-0.66038319,0.8666141,-2.5984087,-0.37654524,1.0541785
0.2399201,-4.0325468,0.084977726,-0.10116013,-5.439716,-0.46431933,-0.17235275,-4.2459603,-0.68095262,0.85692747,-2.6026626,-0.31732029,1.0553644
0.24023977,-4.049335,0.096241565,-0.1030084,-5.4331583,-0.47790509,-0.13976652,-4.2581456,-0.70227892,0.84696679,-2.6085733,-0.25875113,1.0558713
0.24055944,-4.0662302,0.10736939,-0.10517016,-5.4257288,-0.48979524,-0.10528791,-4.2697764,-0.72479354,0.83663409,-2.6155404,-0.20158632,1.0560066
0.24087911,-4.0832496,0.11830422,-0.10764073,-5.4173493,-0.50013185,-0.069464088,-4.2806479,-0.74827559,0.82617821,-2.6262277,-0.14506464,1.0554917
0.24119878,-4.1004014,0.12916501,-0.11039936,-5.4079341,-0.50905831,-0.032728982,-4.2907979,-0.77256445,0.81555941,-2.6405138,-0.089046138,1.0546819
0.24151844,-4.1176967,0.13980856,-0.11342298,-5.3980956,-0.51659871,0.0047253592,-4.3008609,-0.7974308,0.80492877,-2.6568473,-0.034541192,1.0534985
0.24183811,-4.1351276,0.15012842,-0.11669219,-5.3875734,-0.52289857,0.042453489,-4.3102597,-0.82298038,0.79406275,-2.6757586,0.018931389,1.0514326
0.24215777,-4.1527076,0.16004324,-0.12016705,-5.3763752,-0.52787443,0.0812842,-4.3191267,-0.84916582,0.78329746,-2.6974986,0.070908468,1.0485919
0.24247743,-4.1704615,0.16950276,-0.12382991,-5.364341,-0.53161469,0.12048018,-4.3271807,-0.87596383,0.7726301,-2.7218129,0.12051802,1.0447389
0.24279708,-4.188419,0.17846597,-0.127672,-5.3515804,-0.53442144,0.15925076,-4.3340831,-0.90344708,0.76192558,-2.748682,0.16836866,1.03804
0.24311674,-4.20654,0.18696068,-0.13168659,-5.3382077,-0.53625703,0.19693125,-4.3394897,-0.9312983,0.75116322,-2.7783365,0.21441485,1.0292421
0.24343638,-4.2248898,0.19499186,-0.13585196,-5.3241273,-0.53714311,0.23286771,-4.3439825,-0.95962463,0.74032762,-2.8109587,0.25759669,1.0195281
0.24375603,-4.243447,0.20254953,-0.14015639,-5.3095971,-0.53715613,0.26686102,-4.3475194,-0.98824859,0.72958296,-2.8462582,0.29800971,1.0089618
0.24407567,-4.2621739,0.20963575,-0.14456928,-5.2948571,-0.53629565,0.2988763,-4.3499495,-1.0171473,0.71909019,-2.8848077,0.33679841,0.99728706
0.24439531,-4.2810831,0.21625389,-0.1490649,-5.2800325,-0.53465964,0.32881013,-4.3512828,-1.0461537,0.70908116,-2.9267643,0.37429627,0.9835065
0.24471494,-4.300168,0.22240203,-0.15359524,-5.265236,-0.53228994,0.35662972,-4.3509842,-1.0754546,0.69933613,-2.9723658,0.40917672,0.96843254
0.24503457,-4.3193952,0.2280726,-0.15812218,-5.2503907,-0.5291211,0.38191922,-4.3494456,-1.1048333,0.69005216,-3.0201048,0.4406457,0.95208644
0.2453542,-4.3387549,0.23327752,-0.16262934,-5.2350276,-0.52523943,0.40403141,-4.3466695,-1.1342026,0.6811768,-3.0704595,0.46836851,0.93403995
0.24567382,-4.3582825,0.23804355,-0.16712776,-5.2192292,-0.52062065,0.42342041,-4.3424737,-1.1635417,0.67278046,-3.1236564,0.49188888,0.91447935
0.24599344,-4.3779737,0.24238571,-0.17160485,-5.2032874,-0.51533168,0.44051608,-4.3369909,-1.1925091,0.66471823,-3.1795989,0.51111937,0.89336146
0.24631305,-4.3978067,0.246351,-0.17604516,-5.1873363,-0.50930989,0.45562326,-4.3300527,-1.2209191,0.65687774,-3.2386397,0.52633683,0.87068782
0.24663266,-4.4177797,0.24993117,-0.18041258,-5.1714993,-0.50265574,0.46905155,-4.3217333,-1.2487599,0.64939381,-3.30082,0.54061639,0.84699005
0.24695226,-4.4378611,0.25304232,-0.18469308,-5.1559452,-0.49548287,0.48099704,-4.3119621,-1.275763,0.6424113,-3.3657895,0.55404417,0.8217317
0.24727186,-4.4580066,0.25568059,-0.18887244,-5.1409836,-0.48786254,0.49167548,-4.301027,-1.3019565,0.63597438,-3.4303389,0.56454892,0.7943339
0.24759145,-4.478219,0.2578582,-0.19293087,-5.1266538,-0.47988311,0.50127398,-4.2889932,-1.3272474,0.63013569,-3.4987435,0.57209422,0.76583945
0.24791104,-4.4984481,0.25961572,-0.19686378,-5.1129259,-0.47170597,0.50998584,-4.2759283,-1.3514763,0.6248729,-3.5705543,0.57687529,0.73587163
0.24823063,-4.5186932,0.26100328,-0.20069286,-5.0999076,-0.46335943,0.51779178,-4.2617429,-1.3746373,0.62018786,-3.6458352,0.5793677,0.70370197
0.24855021,-4.5388503,0.26208258,-0.20441034,-5.0877445,-0.4548891,0.5247511,-4.2465489,-1.3968295,0.61589301,-3.7251901,0.57700979,0.66961173
0.24886978,-4.5588277,0.26296898,-0.2080508,-5.0764397,-0.4464185,0.53096226,-4.2302024,-1.4179482,0.6120613,-3.8075405,0.57067051,0.63358908
0.24918935,-4.5788337,0.26361381,-0.21160241,-5.0659944,-0.43752503,0.53681969,-4.2134047,-1.437805,0.6087155,-3.8930114,0.56091962,0.59553025
0.24950891,-4.5988163,0.26400597,-0.21508358,-5.0570239,-0.42830144,0.54218492,-4.1960937,-1.4562742,0.60568796,-3.9819464,0.54804569,0.55566222
0.24982848,-4.6186279,0.26407537,-0.21848969,-5.0495673,-0.41884704,0.5471068,-4.1784016,-1.4731801,0.60315066,-4.0743169,0.5319679,0.51409707
0.25014803,-4.6382292,0.26376709,-0.22181826,-5.0436198,-0.40927657,0.5515631,-4.160354,-1.4883371,0.60105646,-4.1701868,0.51256816,0.47100923
0.25046758,-4.6575641,0.26295246,-0.22505983,-5.0391199,-0.39950609,0.55557523,-4.1418258,-1.5017176,0.59921723,-4.2695219,0.48967993,0.42660048
0.25078713,-4.6766337,0.26182811,-0.22820365,-5.0357409,-0.38985516,0.5594976,-4.1226561,-1.5131249,0.59769872,-4.3719128,0.46207879,0.38153413
0.25110667,-4.6953672,0.26047952,-0.23129225,-5.0335445,-0.38037071,0.56342852,-4.1030727,-1.522396,0.59643002,-4.4769938,0.42983051,0.3356936
0.2514262,-4.7136826,0.25891211,-0.2343347,-5.0324803,-0.3710394,0.56721072,-4.0830304,-1.5296234,0.59553899,-4.5846098,0.39335644,0.28947553
0.25174573,-4.7314827,0.2571715,-0.23732093,-5.0324333,-0.36211118,0.57096018,-4.0626645,-1.5349568,0.59496033,-4.6954418,0.35271281,0.24318282
0.25206526,-4.7487074,0.25541156,-0.24024211,-5.0331527,-0.3538485,0.57469183,-4.0421672,-1.5383576,0.59478012,-4.8095164,0.30809562,0.19607428
0.25238477,-4.7654071,0.25386082,-0.24313194,-5.0347205,-0.346152,0.57834439,-4.0219743,-1.539514,0.59499969,-4.9268966,0.25938042,0.14911488
0.25270429,-4.7814973,0.2528598,-0.24597618,-5.0370678,-0.3389506,0.5818071,-4.0020766,-1.5384246,0.59557521,-5.0459186,0.20622472,0.10241208
0.2530238,-4.7969791,0.25074581,-0.24882039,-5.040067,-0.33219966,0.58510981,-3.9824853,-1.5349633,0.59641017,-5.1682467,0.14836275,0.055893753
0.2533433,-4.8118929,0.24739005,-0.25162267,-5.0435813,-0.32594586,0.58826702,-3.9634116,-1.5291975,0.59755839,-5.2926606,0.085101595,0.0087374574
0.2536628,-4.8263586,0.24279869,-0.25433967,-5.0478424,-0.32012966,0.59122798,-3.9449081,-1.5212822,0.59899823,-5.4215775,0.01632589,-0.036955157
0.2539823,-4.840329,0.23702,-0.25688969,-5.0526805,-0.31461832,0.5939987,-3.9268266,-1.5112584,0.6006969,-5.5546666,-0.057771365,-0.077726964
0.25430179,-4.8536278,0.22982041,-0.25917821,-5.0580052,-0.30944716,0.59661024,-3.9092892,-1.4988882,0.60260782,-5.6904039,-0.13740458,-0.1165189
0.25462127,-4.8662661,0.22114479,-0.26122888,-5.0636498,-0.30465524,0.59902668,-3.8924403,-1.4842714,0.60471279,-5.827359,-0.22286422,-0.15437517
0.25494075,-4.8783585,0.21076067,-0.26305878,-5.0695011,-0.30033893,0.60111368,-3.8764404,-1.4675977,0.60706938,-5.9659414,-0.31392121,-0.19080329
0.25526022,-4.8897975,0.19864151,-0.2647118,-5.0754321,-0.29648983,0.60286908,-3.8616152,-1.4486332,0.6096694,-6.105934,-0.40972195,-0.22491145
0.2555797,-4.9006314,0.18457894,-0.26627264,-5.0813925,-0.29317777,0.60421459,-3.8477382,-1.4273652,0.61231373,-6.2444376,-0.51065328,-0.25604606
0.25589916,-4.9108251,0.16821558,-0.26777158,-5.0872493,-0.2904502,0.60520809,-3.8346157,-1.4038182,0.61503841,-6.383918,-0.61717065,-0.28478774
0.25621862,-4.9202342,0.15013022,-0.26907439,-5.0929496,-0.28827838,0.60588707,-3.8221753,-1.3779335,0.6178185,-6.5237519,-0.72874215,-0.31077655
0.25653808,-4.9288334,0.13127547,-0.27005639,-5.0983835,-0.28665729,0.60625776,-3.8105614,-1.3498755,0.62059694,-6.6638293,-0.84711909,-0.33713935
0.25685753,-4.9366904,0.11189952,-0.27064261,-5.103512,-0.28557996,0.60633698,-3.799709,-1.3197526,0.62348074,-6.8042824,-0.97007856,-0.36241497
0.25717698,-4.9438093,0.09218303,-0.27078056,-5.1082207,-0.28497975,0.60611407,-3.7896781,-1.2875951,0.62640503,-6.9447031,-1.0973051,-0.38362157
0.25749643,-4.9502034,0.072289504,-0.27057762,-5.1124047,-0.28546287,0.60570248,-3.7807735,-1.2533313,0.62931777,-7.0829887,-1.2286213,-0.40160607
0.25781587,-4.9558772,0.052364432,-0.27023423,-5.115999,-0.28699772,0.60518079,-3.7728855,-1.2169375,0.63190978,-7.2185796,-1.3629413,-0.41656551
0.2581353,-4.960861,0.03259308,-0.2699232,-5.1189115,-0.28914945,0.60449981,-3.7660073,-1.17842,0.63430302,-7.3517067,-1.506356,-0.4290221
0.25845474,-4.9652057,0.013122276,-0.2697418,-5.1211437,-0.29197242,0.60364131,-3.7598416,-1.1377712,0.63663576,-7.4825444,-1.6576596,-0.43981034
0.25877417,-4.9689272,-0.0059178597,-0.27000493,-5.1226706,-0.29558918,0.60267233,-3.7544881,-1.0950642,0.6387601,-7.6107721,-1.8197861,-0.44946097
0.25909359,-4.971928,-0.024358283,-0.26927562,-5.1233841,-0.30000548,0.60156114,-3.750038,-1.0503412,0.64078706,-7.7378177,-1.9860978,-0.45573418
0.25941301,-4.974242,-0.042067147,-0.26719725,-5.1233273,-0.30526378,0.60031068,-3.7465411,-1.0040021,0.64226992,-7.857105,-2.1582419,-0.45958999
0.25973243,-4.9758645,-0.058896564,-0.26379829,-5.1224355,-0.31127702,0.59900402,-3.7442761,-0.95598386,0.64376918,-7.9727815,-2.3347892,-0.46173602
0.26005185,-4.9768322,-0.07477628,-0.25914576,-5.1207818,-0.31808264,0.59764862,-3.7412855,-0.90593816,0.64488633,-8.0823044,-2.5142538,-0.46179932
0.26037126,-4.9771956,-0.089613626,-0.25329142,-5.1183502,-0.3257875,0.5962684,-3.7388469,-0.85436539,0.64466848,-8.1839268,-2.6960149,-0.45721714
0.26069067,-4.9769477,-0.10334036,-0.24620081,-5.1150065,-0.33432567,0.59483949,-3.7368814,-0.80120534,0.64457382,-8.2896863,-2.8811961,-0.44975524
0.26101008,-4.9761022,-0.11591777,-0.23774893,-5.1108085,-0.3438706,0.59341481,-3.7355613,-0.74655111,0.64494237,-8.3932446,-3.0647108,-0.43972469
0.26132949,-4.9747294,-0.12732065,-0.22793541,-5.1058758,-0.35392197,0.59185904,-3.7346443,-0.69089597,0.64466013,-8.4915288,-3.2442243,-0.42967725
0.26164889,-4.9728716,-0.13751463,-0.21673648,-5.1001863,-0.36465006,0.59021028,-3.7339727,-0.63482235,0.64374805,-8.5826065,-3.4194342,-0.4176632
0.2619683,-4.9704955,-0.14645728,-0.20409166,-5.0936152,-0.37601608,0.58846,-3.7334907,-0.57534577,0.64328181,-8.667104,-3.5897833,-0.40585756
0.2622877,-4.9676453,-0.154184,-0.18990282,-5.0864095,-0.38785648,0.58658263,-3.7331653,-0.51441243,0.64031118,-8.744285,-3.7545767,-0.39222838
0.2626071,-4.9643525,-0.16074354,-0.17406032,-5.0785994,-0.40036796,0.5847011,-3.7328208,-0.45268176,0.63581584,-8.8151878,-3.9189645,-0.37767542
0.2629265,-4.9605549,-0.16617321,-0.15688754,-5.0698525,-0.41376136,0.58267488,-3.732884,-0.39014359,0.63111475,-8.8782939,-4.0867407,-0.36156111
0.2632459,-4.9563165,-0.17052831,-0.13941855,-5.0602541,-0.4278505,0.58047368,-3.732813,-0.32702598,0.62631292,-8.9364959,-4.2586185,-0.34406492
0.26356529,-4.9515548,-0.17384209,-0.12182823,-5.049856,-0.44265305,0.57808945,-3.7323417,-0.26356093,0.62044645,-8.9893432,-4.4343691,-0.32498971
0.26388469,-4.9462877,-0.17609767,-0.10433507,-5.0386764,-0.45810322,0.57552598,-3.7352848,-0.19942487,0.61425773,-9.037334,-4.6074833,-0.30319207
0.26420409,-4.9405954,-0.17736964,-0.087065121,-5.0267592,-0.474144,0.57274298,-3.7394661,-0.13478098,0.60643335,-9.0795401,-4.7668141,-0.27897611
0.26452349,-4.934502,-0.17788766,-0.070202628,-5.0141054,-0.49062244,0.56985783,-3.7440919,-0.069618154,0.59722754,-9.1162429,-4.9133733,-0.25372778
0.26484289,-4.9276928,-0.17766352,-0.053451658,-5.0007496,-0.50746319,0.56675683,-3.7490013,-0.0060393339,0.5867896,-9.1462581,-5.0491365,-0.22667745
0.26516228,-4.9200425,-0.17672163,-0.037016466,-4.9866809,-0.52458501,0.56349151,-3.7541953,0.056340258,0.57533889,-9.1706478,-5.1691335,-0.19820068
0.26548168,-4.9118938,-0.17511438,-0.020868854,-4.9719481,-0.54196687,0.56007433,-3.7597933,0.11802984,0.5633447,-9.1890866,-5.2727586,-0.16833791
0.26580108,-4.9032832,-0.17282776,-0.00533629,-4.9563572,-0.55960624,0.55642342,-3.7671896,0.17945769,0.54869664,-9.2047909,-5.3601546,-0.13695904
0.26612048,-4.8942133,-0.17023888,0.009468952,-4.9400243,-0.5775846,0.55260017,-3.7759721,0.23995211,0.53227034,-9.2177134,-5.4316644,-0.10518087
0.26643988,-4.8846257,-0.1671369,0.023567697,-4.9232397,-0.59553699,0.54860725,-3.7861463,0.29881684,0.51467338,-9.2287375,-5.4877832,-0.070851974
0.26675928,-4.8745833,-0.16353121,0.036923833,-4.9060189,-0.61349495,0.5442756,-3.7975442,0.35456179,0.49536929,-9.2389542,-5.5303888,-0.034993457
0.26707869,-4.8642111,-0.15941786,0.049485075,-4.8883568,-0.63142805,0.53973221,-3.8103291,0.40789625,0.4745362,-9.2494098,-5.5608398,0.00084776465
0.26739809,-4.8534959,-0.15483463,0.061184024,-4.8702322,-0.64912005,0.53506133,-3.8261851,0.46192651,0.45207628,-9.2606357,-5.579432,0.034473341
0.2677175,-4.8425494,-0.15004574,0.072154752,-4.8517512,-0.66656916,0.53028289,-3.8437433,0.51649753,0.4298011,-9.2583907,-5.5859877,0.064375475
0.26803691,-4.8314058,-0.14503987,0.082353443,-4.8330679,-0.683664,0.52544617,-3.8607841,0.57014825,0.40567901,-9.252054,-5.5819335,0.093585673
0.26835631,-4.8200625,-0.13980528,0.091935514,-4.8138987,-0.7005177,0.52052493,-3.878547,0.62155236,0.37992342,-9.2443967,-5.5679751,0.12357047
0.26867573,-4.8086421,-0.1343398,0.10080585,-4.7944588,-0.71696005,0.51558631,-3.9004139,0.67212656,0.35387029,-9.2299674,-5.544176,0.15238283
0.26899514,-4.7972125,-0.12876351,0.10902162,-4.7747605,-0.73299343,0.5105327,-3.9269308,0.72046606,0.32688623,-9.2135805,-5.5117326,0.17870859
0.26931455,-4.7858108,-0.12311126,0.1166699,-4.7547069,-0.7488336,0.50542625,-3.9554167,0.76655583,0.29892245,-9.1995509,-5.4692919,0.20108663
0.26963397,-4.774529,-0.1174171,0.12381083,-4.7343233,-0.7642817,0.50038556,-3.9829205,0.80997445,0.27000419,-9.1889672,-5.4184227,0.2188406
0.26995339,-4.763398,-0.1117052,0.1303854,-4.7136501,-0.77909082,0.49538249,-4.0130923,0.85029344,0.23973036,-9.1811933,-5.3600285,0.23053504
0.27027281,-4.7524405,-0.10598763,0.13646013,-4.6927471,-0.79316827,0.49042812,-4.0461824,0.88756758,0.20844693,-9.1767009,-5.3061393,0.2360971
0.27059224,-4.7418356,-0.10019381,0.14206487,-4.6719006,-0.8065086,0.48551084,-4.0824891,0.92164208,0.17621985,-9.1751386,-5.2599172,0.2351203
0.27091166,-4.7316934,-0.094715723,0.14724519,-4.6509601,-0.81907121,0.48070102,-4.1213354,0.95209033,0.14328728,-9.1765824,-5.2156913,0.2280167
0.27123109,-4.7220476,-0.089560517,0.15199447,-4.6297306,-0.83083498,0.47602259,-4.1641141,0.97857959,0.10973186,-9.1802036,-5.16613,0.21573727
0.27155052,-4.7129703,-0.084522515,0.15624972,-4.6083304,-0.84169718,0.47150652,-4.2107914,1.0009658,0.075773735,-9.1861913,-5.1122829,0.19747841
0.27186996,-4.7046588,-0.079464235,0.16024561,-4.5867204,-0.85158416,0.46714583,-4.2619124,1.0191582,0.041791925,-9.1947591,-5.0510527,0.17441093
0.2721894,-4.6970229,-0.075003384,0.16374622,-4.5650661,-0.86036549,0.46298387,-4.3174337,1.032777,0.0080115086,-9.2066285,-4.9843819,0.14651284
0.27250884,-4.6901665,-0.070899246,0.16686841,-4.5433467,-0.86803701,0.45904782,-4.3769149,1.0409706,-0.025228768,-9.2217168,-4.9126742,0.11295568
0.27282828,-4.6840427,-0.067379584,0.16979329,-4.5216817,-0.87450265,0.45536315,-4.4399528,1.0440468,-0.057493365,-9.2391868,-4.8355752,0.074759197
0.27314773,-4.6787229,-0.064122738,0.17255378,-4.4999462,-0.87976218,0.4519133,-4.5076406,1.0423283,-0.088714603,-9.2602479,-4.7547732,0.033152486
0.27346718,-4.6742719,-0.061015302,0.17532241,-4.4781844,-0.88371553,0.44875224,-4.5798247,1.0350013,-0.1184211,-9.2777503,-4.6702473,-0.012237769
0.27378663,-4.6707122,-0.058054438,0.17815001,-4.4565806,-0.88630522,0.44590609,-4.6557772,1.0228136,-0.14599235,-9.2850603,-4.582822,-0.060052808
0.27410609,-4.6679805,-0.05520619,0.18088374,-4.4349828,-0.88759354,0.44333343,-4.7365218,1.0050577,-0.17176314,-9.2850313,-4.4899282,-0.10928102
0.27442555,-4.6659059,-0.052541628,0.18350804,-4.4135434,-0.88749457,0.44093563,-4.8221225,0.98193563,-0.19376331,-9.2763696,-4.3910883,-0.16032935
0.27474501,-4.6646528,-0.05015843,0.18612565,-4.3922164,-0.88607801,0.43873641,-4.9124428,0.95335937,-0.21265002,-9.2599351,-4.2865014,-0.21379995
0.27506448,-4.6642111,-0.047995888,0.18866703,-4.3710546,-0.88330887,0.43682515,-5.0070571,0.91981214,-0.22795586,-9.2351353,-4.1753158,-0.26836895
0.27538395,-4.6644898,-0.046103883,0.19121345,-4.3501105,-0.87925687,0.43517537,-5.1064101,0.88087083,-0.23937065,-9.1986344,-4.0596224,-0.32378865
0.27570343,-4.6653638,-0.044554889,0.19372957,-4.3293511,-0.87395256,0.43379153,-5.21023,0.83696351,-0.24720623,-9.1477518,-3.9387853,-0.37970723
0.27602291,-4.6668258,-0.043328566,0.19619326,-4.3087973,-0.86718609,0.43266143,-5.3178041,0.78878695,-0.2515404,-9.0834346,-3.8130529,-0.43492063
0.27634239,-4.6689877,-0.042421275,0.19860504,-4.2885291,-0.85902806,0.43166686,-5.4282416,0.73677894,-0.2526727,-9.0083909,-3.6830142,-0.49059646
0.27666188,-4.67186,-0.041718493,0.20112141,-4.2686296,-0.84980089,0.43086133,-5.5420748,0.68227621,-0.25128541,-8.9237855,-3.5485296,-0.54515379
0.27698137,-4.6755148,-0.04124194,0.20364556,-4.2492223,-0.83938052,0.43023673,-5.6585825,0.62735411,-0.24619123,-8.8332192,-3.409086,-0.59912942
0.27730086,-4.6792,-0.041301973,0.2060684,-4.2301632,-0.82767015,0.4298618,-5.7785113,0.5656997,-0.23963173,-8.7380452,-3.2650413,-0.65398606
0.27762036,-4.6830823,-0.041801349,0.20846537,-4.2114477,-0.81482006,0.42961607,-5.8997565,0.48784362,-0.22994736,-8.6384902,-3.1181675,-0.71174224
0.27793987,-4.6871739,-0.042634655,0.21090024,-4.1931874,-0.80078438,0.42948532,-6.0210392,0.40374584,-0.21849696,-8.538045,-2.9599473,-0.77143083
0.27825938,-4.6917085,-0.043690218,0.21334307,-4.1753406,-0.78570521,0.42941579,-6.1412512,0.3141035,-0.20401652,-8.4383131,-2.7991768,-0.83399925
0.27857889,-4.696568,-0.044989282,0.21555738,-4.1580126,-0.7696733,0.42930085,-6.2590345,0.21726359,-0.18729526,-8.3399049,-2.6341822,-0.8950364
0.2788984,-4.7015901,-0.0464444,0.21824279,-4.1410139,-0.75246022,0.42937241,-6.373694,0.11372141,-0.16908378,-8.245972,-2.4628194,-0.9557603
0.27921792,-4.7067135,-0.0481903,0.22140373,-4.1244785,-0.73409632,0.42940633,-6.4844919,0.0057187188,-0.15104618,-8.153083,-2.2883567,-1.017365
0.27953745,-4.7118596,-0.050372416,0.22502656,-4.1085486,-0.71466106,0.42929165,-6.5907001,-0.10536323,-0.13505534,-8.0619597,-2.1051617,-1.0712801
0.27985698,-4.7169791,-0.052838272,0.22863955,-4.093221,-0.69436033,0.42923219,-6.6939523,-0.22045812,-0.12001084,-7.9727411,-1.913236,-1.1213785
0.28017651,-4.7220082,-0.055587098,0.23225171,-4.0784918,-0.673228,0.42892139,-6.7930674,-0.33896288,-0.10482749,-7.881691,-1.7090122,-1.1672083
0.28049604,-4.7269141,-0.058616402,0.23579662,-4.0635468,-0.65092885,0.42828642,-6.8840321,-0.4591712,-0.088466234,-7.7868536,-1.4930325,-1.2066715
0.28081558,-4.7316458,-0.061899105,0.23931448,-4.0487903,-0.62736587,0.42818482,-6.9674645,-0.58148792,-0.071201712,-7.6885237,-1.2696545,-1.2401681
0.28113513,-4.7362507,-0.065548887,0.24281003,-4.0344965,-0.60302571,0.42792488,-7.0454875,-0.70883437,-0.055038245,-7.5863715,-1.0380082,-1.2667652
0.28145468,-4.7407302,-0.069549009,0.2460999,-4.0206852,-0.57800288,0.42725881,-7.1143726,-0.83927823,-0.040587494,-7.4809688,-0.79807039,-1.2863128
0.28177423,-4.7448912,-0.073738107,0.24916075,-4.0071891,-0.55229705,0.42645789,-7.1744208,-0.97217182,-0.029729291,-7.3715453,-0.54878338,-1.30072
0.28209379,-4.7486463,-0.078228157,0.25211231,-3.9939076,-0.52505302,0.42521843,-7.2271847,-1.1120229,-0.022075133,-7.2598833,-0.29134423,-1.3077888
0.28241335,-4.7519252,-0.083069097,0.25506116,-3.9811229,-0.49667076,0.4239099,-7.2739139,-1.2573331,-0.011828064,-7.1469431,-0.027162099,-1.3102627
0.28273291,-4.7548311,-0.088125857,0.25794764,-3.9685955,-0.46725798,0.42163789,-7.3160336,-1.4033213,-0.0022727787,-7.0329032,0.24813936,-1.3029484
0.28305249,-4.7573143,-0.093324451,0.2607146,-3.9560646,-0.43730023,0.41906162,-7.3519265,-1.5495176,0.0056920588,-6.9246002,0.53198108,-1.2875057
0.28337206,-4.7593928,-0.098746969,0.26344662,-3.9437759,-0.40687713,0.41605629,-7.3734579,-1.6992791,0.010490549,-6.8208043,0.82301295,-1.2636249
0.28369164,-4.7610683,-0.10435475,0.26616265,-3.9331739,-0.37590468,0.41256362,-7.388229,-1.8491569,0.014838237,-6.7213935,1.1173993,-1.2267712
0.28401122,-4.7623555,-0.11011593,0.26885675,-3.9230967,-0.34427925,0.40859962,-7.3978229,-1.996313,0.01902741,-6.6264463,1.4123933,-1.1767852
0.28433081,-4.7632215,-0.11600885,0.27125636,-3.9135735,-0.31215391,0.4037062,-7.3973995,-2.1395393,0.022675507,-6.5340865,1.702806,-1.1185745
0.2846504,-4.7636661,-0.12200856,0.27368659,-3.9042905,-0.28011118,0.39821302,-7.3856155,-2.2775142,0.026205053,-6.4461058,1.9875668,-1.0639051
0.28497,-4.7637054,-0.12817862,0.27605108,-3.8960235,-0.2480243,0.39222366,-7.3640768,-2.4101982,0.030443886,-6.36317,2.2665146,-1.0096888
0.28528961,-4.7632812,-0.13448801,0.2782735,-3.8882638,-0.21604594,0.3855468,-7.3338966,-2.5377646,0.0362433,-6.2797866,2.5325416,-0.95538469
0.28560921,-4.7624164,-0.14094836,0.28030705,-3.8811627,-0.18419925,0.37785484,-7.2940052,-2.6605966,0.043136936,-6.1954192,2.7833394,-0.89798298
0.28592883,-4.7611053,-0.14744119,0.28224244,-3.8745246,-0.15264608,0.36944621,-7.2430392,-2.7810004,0.05236582,-6.11331,3.0167686,-0.83937047
0.28624845,-4.7592961,-0.15394138,0.28410748,-3.8683307,-0.12244238,0.36053983,-7.1809694,-2.9013241,0.063588356,-6.0292176,3.2302821,-0.78233377
0.28656807,-4.7571431,-0.1605032,0.28585139,-3.8628779,-0.093352218,0.35105718,-7.108714,-3.0199476,0.076465058,-5.9439235,3.4243547,-0.72902803
0.2868877,-4.754654,-0.16713057,0.28751378,-3.8579817,-0.065714559,0.3410557,-7.0263263,-3.1345812,0.091710621,-5.8579934,3.5970599,-0.6816029
0.28720733,-4.7517726,-0.17375279,0.2891049,-3.853892,-0.038451363,0.33014113,-6.9345152,-3.243868,0.10870001,-5.7700339,3.7443779,-0.64182041
0.28752697,-4.7484847,-0.18040717,0.29063862,-3.8508372,-0.012031,0.3186761,-6.833123,-3.3463089,0.12749083,-5.6820139,3.8657742,-0.61077303
0.28784662,-4.744886,-0.18700325,0.29221341,-3.8486328,0.012889768,0.30651759,-6.7227014,-3.4408572,0.14787395,-5.592603,3.9609438,-0.58822961
0.28816627,-4.741086,-0.19347247,0.29381075,-3.8472164,0.035943594,0.29378997,-6.6039764,-3.5267268,0.16960752,-5.5008454,4.0299889,-0.57477313
0.28848593,-4.7369828,-0.19982811,0.29545136,-3.8468427,0.057252106,0.28076893,-6.479874,-3.6029081,0.19255287,-5.4063283,4.0763014,-0.57030129
0.28880559,-4.732679,-0.20594101,0.29704038,-3.8476793,0.076895072,0.26742875,-6.3520631,-3.6690806,0.21647353,-5.3106848,4.1001173,-0.57495858
0.28912526,-4.7278885,-0.21187741,0.29859312,-3.8498305,0.094841899,0.25312011,-6.2221848,-3.7249364,0.24097738,-5.2118211,4.1043877,-0.58763761
0.28944493,-4.7227414,-0.21758657,0.30005752,-3.8537091,0.11049863,0.23819678,-6.0888548,-3.7709353,0.26646615,-5.1114578,4.0889552,-0.60940635
0.28976461,-4.7172793,-0.22304139,0.30141821,-3.8578643,0.12507455,0.22257054,-5.9523482,-3.8069027,0.29277832,-5.0079057,4.0579729,-0.63760731
0.29008429,-4.7115197,-0.2280857,0.30260779,-3.8619472,0.13957865,0.20623917,-5.8143416,-3.8327606,0.31905895,-4.9020857,4.0116483,-0.67152609
0.29040399,-4.7056112,-0.23279943,0.30372806,-3.8675734,0.15471941,0.18954947,-5.6749748,-3.8487344,0.34561456,-4.7964452,3.9509678,-0.7092079
0.29072368,-4.699489,-0.23720245,0.30468296,-3.8749882,0.16906646,0.1727109,-5.534517,-3.8554237,0.37238683,-4.6891113,3.8705524,-0.75197905
0.29104339,-4.6932354,-0.24120218,0.3055089,-3.8841117,0.18252672,0.15632172,-5.3937247,-3.8535046,0.39914228,-4.5813367,3.7763757,-0.79700557
0.2913631,-4.6867627,-0.24480847,0.30615021,-3.8946662,0.19430991,0.1400183,-5.2529876,-3.842971,0.4257675,-4.4731835,3.6708886,-0.84364626
0.29168282,-4.6800414,-0.24801094,0.30660158,-3.9070202,0.20412822,0.12406423,-5.1124873,-3.8238005,0.4525379,-4.3660454,3.5541081,-0.89128258
0.29200254,-4.673204,-0.25078236,0.30692065,-3.9210424,0.21156717,0.10801208,-4.9725475,-3.7966188,0.47874786,-4.2604328,3.4275061,-0.93863546
0.29232227,-4.6661239,-0.25328296,0.30707354,-3.9369802,0.21640299,0.092098145,-4.8337508,-3.7612662,0.50495648,-4.1557866,3.292773,-0.985351
0.292642,-4.6587452,-0.2555676,0.3070992,-3.9543963,0.21812339,0.07656716,-4.6963384,-3.7179651,0.53123191,-4.0487852,3.1441499,-1.030147
0.29296175,-4.6512818,-0.25739901,0.3069492,-3.9735053,0.21639683,0.061440859,-4.5606994,-3.6678979,0.55733343,-3.9390836,2.9827194,-1.0737724
0.29328149,-4.6437056,-0.25882624,0.30661866,-3.9941782,0.21112384,0.046732696,-4.4267259,-3.6121014,0.58321816,-3.8287024,2.80922,-1.1161239
0.29360125,-4.6360192,-0.25983265,0.30613583,-4.0162636,0.20278912,0.03213825,-4.294547,-3.5483554,0.60786956,-3.7199193,2.6255502,-1.1573382
0.29392101,-4.628255,-0.2603804,0.3054671,-4.0396802,0.19106195,0.018039372,-4.1643665,-3.4763717,0.63162622,-3.6127511,2.4319568,-1.1953543
0.29424078,-4.6204373,-0.26054997,0.30463523,-4.0642728,0.17609469,0.0048907499,-4.0359707,-3.3964238,0.65480516,-3.5074649,2.2280891,-1.2302363
0.29456055,-4.6125439,-0.26033283,0.303699,-4.0905245,0.15799983,-0.0073159538,-3.9096961,-3.3073338,0.67813655,-3.4038532,2.0167753,-1.2598175
0.29488033,-4.6045639,-0.25964918,0.30270644,-4.1179572,0.13565825,-0.018735651,-3.7860662,-3.2104446,0.70011354,-3.3016093,1.7988674,-1.2844279
0.29520012,-4.5965276,-0.25852846,0.30164996,-4.146276,0.11035961,-0.029401742,-3.6651274,-3.1074136,0.72079907,-3.2014454,1.5732355,-1.3037473
0.29551992,-4.5884547,-0.25699763,0.30053905,-4.1752785,0.081346406,-0.039146667,-3.54694,-2.9991885,0.74040232,-3.1087628,1.3433904,-1.3184576
0.29583972,-4.5803724,-0.25513337,0.2993501,-4.2046335,0.048634779,-0.047836157,-3.4311445,-2.8880294,0.75880056,-3.0197428,1.1087984,-1.3287323
0.29615953,-4.5722461,-0.25293341,0.29804885,-4.2341883,0.011920553,-0.055736768,-3.3185787,-2.7762049,0.77590892,-2.9353827,0.87006659,-1.3347105
0.29647934,-4.5640379,-0.25025516,0.29671598,-4.2637753,-0.02926796,-0.062559396,-3.2087489,-2.663207,0.79124858,-2.8569138,0.6297388,-1.3353528
0.29679916,-4.5558908,-0.24702219,0.29534637,-4.2925355,-0.074287735,-0.06825011,-3.1013945,-2.5495817,0.80517292,-2.7852596,0.38585267,-1.3298888
0.29711899,-4.5477073,-0.24301395,0.29392595,-4.3206181,-0.12388957,-0.072890273,-2.9962479,-2.4365632,0.81690481,-2.7209582,0.13987317,-1.3198823
0.29743882,-4.5396365,-0.23854337,0.29234464,-4.3483256,-0.17631781,-0.076289898,-2.894267,-2.3243171,0.82790997,-2.6643045,-0.10361387,-1.3009981
0.29775867,-4.5316132,-0.23354292,0.29065289,-4.3745015,-0.23100229,-0.078523657,-2.7953877,-2.2122117,0.8395906,-2.617411,-0.34131497,-1.272843
0.29807851,-4.523506,-0.22806967,0.28891221,-4.4000338,-0.28858934,-0.079584551,-2.7000115,-2.1013056,0.84917927,-2.5797815,-0.57273364,-1.2383831
0.29839837,-4.5155573,-0.22224761,0.28715726,-4.4254766,-0.34889434,-0.07980766,-2.6080259,-1.9922,0.85682284,-2.551645,-0.79594087,-1.2001858
0.29871823,-4.50774,-0.21606093,0.28551772,-4.4492001,-0.41167443,-0.078707883,-2.5195217,-1.8854293,0.86268801,-2.5332777,-1.0062966,-1.1628054
0.2990381,-4.4999359,-0.20948589,0.28370191,-4.4710323,-0.47632057,-0.07620074,-2.4350873,-1.7818569,0.86675036,-2.5254864,-1.2032976,-1.1320158
0.29935797,-4.4921854,-0.20250485,0.28177271,-4.4908623,-0.5416442,-0.072487277,-2.3543691,-1.681762,0.86917683,-2.5286764,-1.3862643,-1.1074862
0.29967785,-4.4844372,-0.19513529,0.27989909,-4.5084554,-0.61030083,-0.068443229,-2.2772152,-1.585557,0.86976443,-2.5425664,-1.553153,-1.0882729
0.29999774,-4.4767239,-0.1873585,0.27810858,-4.5242612,-0.68066195,-0.0634284,-2.204015,-1.4934757,0.86882833,-2.5680709,-1.6998521,-1.0701283
0.30031764,-4.4689893,-0.17942631,0.27619201,-4.5366579,-0.75200242,-0.057322108,-2.1350109,-1.4056893,0.86746174,-2.604422,-1.8249086,-1.0523998
0.30063754,-4.4613466,-0.1718361,0.27406134,-4.5461969,-0.82319994,-0.050110129,-2.0696621,-1.322312,0.86434247,-2.6512176,-1.9294485,-1.0358454
0.30095745,-4.4538413,-0.16425259,0.27204379,-4.552256,-0.89449877,-0.04173054,-2.0087913,-1.2425767,0.85705411,-2.7069326,-2.0126964,-1.020911
0.30127737,-4.4464865,-0.15619301,0.27003126,-4.5555862,-0.96508411,-0.032491384,-1.9516859,-1.168593,0.84864995,-2.7698353,-2.0746238,-1.0087168
0.30159729,-4.4393229,-0.14773902,0.26788018,-4.5564436,-1.0346882,-0.022217577,-1.8994076,-1.1008295,0.83907274,-2.838401,-2.1154096,-0.99977083
0.30191722,-4.4323559,-0.13878097,0.2655961,-4.5544544,-1.1029735,-0.011335107,-1.8510588,-1.0393282,0.82791543,-2.9121582,-2.1363008,-0.99398004
0.30223715,-4.4249153,-0.12963467,0.26349756,-4.5490594,-1.1705398,0.00014529981,-1.807199,-0.9833365,0.8152954,-2.989499,-2.1372503,-0.99138591
0.3025571,-4.417545,-0.12015171,0.26145968,-4.5399166,-1.2367817,0.012029765,-1.7684819,-0.93336297,0.80112816,-3.0658643,-2.1193035,-0.99141242
0.30287705,-4.4103323,-0.11005801,0.2597089,-4.5273905,-1.3003936,0.024270847,-1.7352402,-0.88616095,0.78613233,-3.1391871,-2.0817897,-0.99403142
0.30319701,-4.4032641,-0.10050829,0.25796671,-4.5119245,-1.3612701,0.037107887,-1.7055208,-0.84492642,0.77065083,-3.2081607,-2.0231227,-0.99888662
0.30351697,-4.3964899,-0.091175799,0.25616108,-4.4938831,-1.4188232,0.050399892,-1.6794159,-0.81028811,0.75473992,-3.2710758,-1.9439103,-1.0048127
0.30383694,-4.3897798,-0.082439901,0.25429587,-4.4733354,-1.4727604,0.064023208,-1.6586416,-0.78302661,0.73828615,-3.3258942,-1.8463367,-1.0121324
0.30415692,-4.3833138,-0.074001217,0.25228623,-4.450723,-1.5225401,0.077903519,-1.6441124,-0.76256551,0.72221087,-3.371407,-1.7311268,-1.0202032
0.3044769,-4.3769446,-0.065619444,0.2502501,-4.4261466,-1.5682436,0.091732864,-1.6327216,-0.74849481,0.70446111,-3.4075927,-1.5993636,-1.028321
0.30479689,-4.3704017,-0.057612506,0.24829847,-4.3991855,-1.6097124,0.10548383,-1.6248372,-0.74121103,0.68548372,-3.4341887,-1.4515372,-1.0369944
0.30511689,-4.3636204,-0.05002832,0.24677997,-4.3696943,-1.6473329,0.1192082,-1.6209476,-0.74059067,0.66556059,-3.4510073,-1.2894642,-1.0451984
0.30543689,-4.3569216,-0.042629088,0.24568372,-4.338014,-1.6810723,0.13282598,-1.6202496,-0.74559938,0.64514568,-3.4574503,-1.1133011,-1.0515693
0.3057569,-4.3499614,-0.035253302,0.24454795,-4.3043889,-1.7104527,0.14647839,-1.6216791,-0.75738721,0.62514742,-3.4524293,-0.92264706,-1.0548526
0.30607692,-4.3428191,-0.027974559,0.24346768,-4.2692381,-1.7354605,0.16017992,-1.62725,-0.77702761,0.60530843,-3.4336168,-0.71859518,-1.0554242
0.30639695,-4.3358388,-0.020861103,0.24204141,-4.2327243,-1.7559065,0.17373318,-1.6346559,-0.80470771,0.58573781,-3.4004916,-0.50242638,-1.0540543
0.30671698,-4.3288577,-0.013999498,0.24044012,-4.1945519,-1.7715986,0.18710469,-1.643465,-0.83999292,0.56696648,-3.3534558,-0.27357809,-1.0512504
0.30703701,-4.3226466,-0.0079291892,0.23826672,-4.156345,-1.782685,0.20002922,-1.6526181,-0.88404478,0.54891093,-3.2941585,-0.034266047,-1.0460752
0.30735706,-4.3168054,-0.0026495318,0.2359996,-4.1180188,-1.7892223,0.2124404,-1.6619913,-0.93644186,0.53113518,-3.2222613,0.21532081,-1.0416342
0.30767711,-4.31081,0.0014402829,0.23377346,-4.0798763,-1.7911366,0.22458804,-1.6719674,-0.9979497,0.51518079,-3.1398218,0.47311103,-1.0355456
0.30799717,-4.3044625,0.0046269945,0.23146569,-4.0416013,-1.7882835,0.23663935,-1.6820724,-1.0681861,0.50055445,-3.0505638,0.73947432,-1.030987
0.30831723,-4.2980295,0.0069657494,0.2291128,-4.0013028,-1.7807748,0.24859731,-1.6916271,-1.146486,0.48747983,-2.9502907,1.0152563,-1.0214815
0.3086373,-4.2914785,0.0077850653,0.22659567,-3.9609867,-1.7684332,0.26042988,-1.6987957,-1.2336801,0.47612745,-2.8401762,1.2999998,-1.006158
0.30895738,-4.2847658,0.0077264596,0.22392671,-3.9205667,-1.7514248,0.27189818,-1.7040785,-1.3285888,0.46733756,-2.7235897,1.5877371,-0.9819467
0.30927747,-4.2779117,0.006736826,0.22109607,-3.8793715,-1.7298144,0.28284919,-1.7071944,-1.4318441,0.46086441,-2.6000714,1.8762356,-0.95005951
0.30959756,-4.271018,0.0047781938,0.21817458,-3.8371545,-1.7039515,0.29358841,-1.7078197,-1.5430845,0.45616357,-2.4691217,2.168492,-0.91202109
0.30991766,-4.264115,0.0018202669,0.21512261,-3.7942544,-1.6742295,0.30388462,-1.7063717,-1.6637185,0.45390502,-2.3326997,2.4642611,-0.86548978
0.31023776,-4.2571807,-0.0022296493,0.21199399,-3.751125,-1.6406375,0.31384437,-1.7013099,-1.792138,0.451877,-2.1912573,2.7619601,-0.80820055
0.31055787,-4.2502769,-0.007354225,0.20880977,-3.7079268,-1.6034939,0.32353935,-1.6918389,-1.9277279,0.45273155,-2.0457752,3.0579554,-0.74576522
0.31087799,-4.2435478,-0.013649353,0.2055129,-3.6647984,-1.5630994,0.33281795,-1.6772603,-2.0678042,0.45695756,-1.8936428,3.3479455,-0.67927178
0.31119812,-4.2369845,-0.021073182,0.20206814,-3.6219176,-1.5196127,0.34130737,-1.657992,-2.2124486,0.46478167,-1.7366294,3.6292148,-0.60623589
0.31151825,-4.2307834,-0.029530122,0.19848072,-3.5789598,-1.4716614,0.3496151,-1.6340432,-2.3584986,0.47559292,-1.5806671,3.8965895,-0.52077963
0.31183839,-4.2252532,-0.039066464,0.19476337,-3.5365872,-1.4202102,0.3571032,-1.6037964,-2.5089843,0.48883605,-1.4328043,4.1490378,-0.42537251
0.31215853,-4.2202794,-0.049651738,0.19097708,-3.4950467,-1.3656551,0.36469285,-1.5661392,-2.6641427,0.5028631,-1.2939626,4.3843751,-0.32474468
0.31247868,-4.2157541,-0.061147359,0.187048,-3.4540859,-1.3081154,0.37202412,-1.5209636,-2.8209119,0.51907889,-1.1648121,4.5998685,-0.22853069
0.31279884,-4.2110362,-0.073395365,0.1830035,-3.4139805,-1.2482779,0.37915596,-1.4685893,-2.9772371,0.53765883,-1.0443886,4.7959151,-0.13720913
0.31311901,-4.2060466,-0.087345679,0.17876773,-3.3749996,-1.1864365,0.38524631,-1.408042,-3.1312722,0.55881309,-0.93247289,4.9724956,-0.048971249
0.31343918,-4.2008926,-0.10258707,0.17443006,-3.3371018,-1.1229318,0.39134864,-1.3392756,-3.2816563,0.58263107,-0.83295702,5.1294581,0.035924355
0.31375936,-4.1955225,-0.11956039,0.17007842,-3.3009351,-1.0577523,0.39847394,-1.2607604,-3.4271879,0.60922619,-0.75090717,5.2667421,0.11442338
0.31407954,-4.1899418,-0.13754663,0.16555318,-3.2634083,-0.99097488,0.40529807,-1.1732123,-3.5655552,0.63786216,-0.68612912,5.3859668,0.18485187
0.31439974,-4.1838091,-0.15634987,0.16015296,-3.2265699,-0.92330632,0.41282932,-1.0792918,-3.6958691,0.66731206,-0.63870963,5.4884986,0.24627108
0.31471993,-4.1779247,-0.17662567,0.15492132,-3.1900742,-0.85431644,0.41780737,-0.98118782,-3.8172649,0.6977565,-0.60980597,5.572972,0.29818918
0.31504014,-4.1728776,-0.19842257,0.15033942,-3.1538212,-0.78524466,0.42195144,-0.87933997,-3.9263861,0.72935876,-0.59888898,5.6392243,0.3397799
0.31536035,-4.1679842,-0.22102322,0.14591386,-3.1189801,-0.71660805,0.42637934,-0.77299862,-4.0219276,0.76219694,-0.60178641,5.6861484,0.3670347
0.31568057,-4.1630247,-0.24484432,0.14131003,-3.0852618,-0.64671135,0.43078957,-0.6626331,-4.1024752,0.79547767,-0.61577552,5.7132776,0.37645011
0.3160008,-4.1580284,-0.27046776,0.13679618,-3.0522854,-0.57748469,0.43501139,-0.55004641,-4.1676395,0.82851631,-0.63876362,5.7189043,0.37375071
0.31632103,-4.1529884,-0.29866732,0.13255755,-3.0205451,-0.50900728,0.43750312,-0.43748431,-4.2242232,0.86201003,-0.66950778,5.7021167,0.35712415
0.31664127,-4.1488455,-0.32859959,0.12842171,-2.9881716,-0.44259962,0.43982662,-0.32586773,-4.2690105,0.89544343,-0.70458204,5.6694525,0.33499947
0.31696151,-4.1450849,-0.35901422,0.12449791,-2.9588054,-0.37687055,0.44201056,-0.21290011,-4.2986516,0.92781148,-0.73979963,5.622771,0.31048069
0.31728177,-4.1419218,-0.38956591,0.12077601,-2.9313975,-0.31278595,0.44397157,-0.10229562,-4.3126946,0.95832629,-0.77642374,5.5639396,0.28333284
0.31760202,-4.1393519,-0.42046027,0.11770526,-2.9054642,-0.2501925,0.44519171,0.0018554961,-4.311141,0.98849149,-0.81139438,5.4929895,0.2515291
0.31792229,-4.1363973,-0.45196618,0.11520247,-2.8806113,-0.19020738,0.44603505,0.09712004,-4.2932116,1.0164845,-0.84270505,5.4054499,0.21340924
0.31824256,-4.132972,-0.48406284,0.11245348,-2.8574705,-0.13419635,0.4466075,0.18807721,-4.2604888,1.0415183,-0.87163489,5.300623,0.16997476
0.31856284,-4.1294066,-0.51611077,0.10997477,-2.8373416,-0.080841357,0.44644925,0.27251525,-4.2083613,1.0634428,-0.89747912,5.1794353,0.12269375
0.31888312,-4.1257115,-0.54797319,0.10774437,-2.8196508,-0.030092704,0.44547714,0.35074905,-4.1393016,1.0817577,-0.91824604,5.0429735,0.072782473
0.31920341,-4.1217705,-0.57952463,0.10585788,-2.8047939,0.017427817,0.44272148,0.41738858,-4.0541572,1.0961415,-0.93518653,4.892665,0.022045355
0.3195237,-4.1176648,-0.61063822,0.10423854,-2.7919028,0.060987889,0.43967905,0.47371717,-3.9541125,1.1069296,-0.94977452,4.7292959,-0.029242805
0.319844,-4.1133139,-0.64101003,0.10300577,-2.781741,0.10105699,0.43642028,0.521797,-3.8397019,1.1129451,-0.96031533,4.5535274,-0.08052034
0.32016431,-4.1085803,-0.67054014,0.10225865,-2.7734556,0.13675396,0.43252427,0.55938925,-3.7115478,1.1155468,-0.96528443,4.3665364,-0.1316368
0.32048462,-4.1035464,-0.69905717,0.10176068,-2.7676111,0.16797826,0.42929841,0.58819902,-3.570998,1.1139943,-0.9677883,4.1683565,-0.18129204
0.32080493,-4.0985675,-0.72634939,0.10168655,-2.7643683,0.19534176,0.42540249,0.60810265,-3.4186348,1.1086572,-0.96669988,3.9564231,-0.22952334
0.32112525,-4.0938136,-0.75218459,0.10202614,-2.7641675,0.21939829,0.42091321,0.62272944,-3.2557325,1.0988228,-0.96530194,3.7353382,-0.27361771
0.32144557,-4.0893543,-0.77663369,0.10282798,-2.7662232,0.23756069,0.4165879,0.6339083,-3.0816321,1.0873982,-0.96546214,3.5056327,-0.31299815
0.3217659,-4.0852583,-0.79983381,0.10396158,-2.7712826,0.25024723,0.41218555,0.64066218,-2.8979961,1.0746173,-0.9690063,3.2640449,-0.34757394
0.32208624,-4.081339,-0.82147994,0.10546303,-2.7795872,0.25789335,0.40753204,0.64335366,-2.7059314,1.0600443,-0.97772206,3.0103497,-0.37701159
0.32240658,-4.0775548,-0.8416084,0.10722765,-2.7901097,0.25958984,0.40279798,0.64359945,-2.5050088,1.0454702,-0.98606798,2.7475955,-0.40183303
0.32272692,-4.0736761,-0.85994505,0.10932252,-2.8017794,0.25529451,0.39795847,0.6408455,-2.2974148,1.0287529,-0.98558712,2.4786534,-0.42458132
0.32304727,-4.0698577,-0.87628931,0.11176409,-2.815061,0.24575326,0.39275507,0.63377604,-2.0853568,1.0110648,-0.98544147,2.1987994,-0.44490929
0.32336762,-4.0665354,-0.89064426,0.11454315,-2.8311923,0.23060853,0.38721338,0.63674003,-1.8655076,0.99008783,-0.98385866,1.9105054,-0.46026593
0.32368798,-4.0633885,-0.90322621,0.11760907,-2.8494928,0.20974347,0.38190519,0.64115477,-1.6408183,0.96746304,-0.97891672,1.6145105,-0.46798738
0.32400835,-4.0599857,-0.91386712,0.12091573,-2.870317,0.18274412,0.37727051,0.64886638,-1.4126142,0.94530489,-0.97687836,1.3115012,-0.4691714
0.32432871,-4.056362,-0.92243839,0.12446478,-2.8925705,0.14870691,0.37311367,0.65923471,-1.1812232,0.92341347,-0.98451267,1.0038828,-0.46327916
0.32464909,-4.0525693,-0.92872614,0.12813049,-2.9159099,0.10820387,0.36915924,0.67153749,-0.95051172,0.90046502,-0.99413013,0.68892255,-0.44944943
0.32496946,-4.048489,-0.93278054,0.13207194,-2.940593,0.061356843,0.36505045,0.68709935,-0.7216982,0.88077683,-1.0084938,0.37615469,-0.4350743
0.32528984,-4.0441942,-0.93453628,0.13615403,-2.9671382,0.0081816134,0.36086447,0.70635353,-0.49348756,0.86666375,-1.0297847,0.065307408,-0.42129716
0.32561023,-4.0399826,-0.93405595,0.14057033,-2.9946655,-0.052311825,0.3569616,0.72754193,-0.25835402,0.84545224,-1.0574742,-0.24133539,-0.41014307
0.32593062,-4.0360769,-0.93141441,0.14514824,-3.0226114,-0.12088083,0.35603654,0.75003341,-0.024895889,0.82550723,-1.0918607,-0.54732611,-0.39588699
0.32625102,-4.0327636,-0.92658945,0.14997688,-3.0508752,-0.19666512,0.35380246,0.77448392,0.20525809,0.80621491,-1.1318694,-0.85216673,-0.37992024
0.32657142,-4.0301479,-0.91987168,0.15476267,-3.0787938,-0.27760477,0.351922,0.79896946,0.42978659,0.78758218,-1.1753644,-1.1587721,-0.3630264
0.32689182,-4.0281502,-0.91122808,0.15951549,-3.1058556,-0.36443144,0.35164116,0.82706102,0.65062785,0.77023459,-1.219858,-1.4617263,-0.34537776
0.32721223,-4.0261858,-0.90098316,0.16420845,-3.1312426,-0.45848227,0.35290746,0.85840336,0.86363292,0.75374819,-1.276819,-1.7412472,-0.32324397
0.32753265,-4.023839,-0.88881877,0.16877626,-3.1535639,-0.56187581,0.35484794,0.89121481,1.0751789,0.73898447,-1.3487972,-2.006553,-0.3039705
0.32785307,-4.0213545,-0.87502744,0.17331745,-3.1752067,-0.67252369,0.35382273,0.9253022,1.2797701,0.72631502,-1.4231867,-2.2578486,-0.28706897
0.32817349,-4.0186352,-0.85981749,0.17788562,-3.195289,-0.79078755,0.35213295,0.95002889,1.4807754,0.71438157,-1.4986228,-2.4965805,-0.272998
0.32849392,-4.0154355,-0.84297086,0.18237036,-3.2127382,-0.91543326,0.35137066,0.97167496,1.6734406,0.70379345,-1.5747975,-2.7208534,-0.26217988
0.32881435,-4.012123,-0.82485516,0.1868338,-3.2267863,-1.045907,0.35602411,0.98881494,1.85801,0.69491248,-1.6497202,-2.9294541,-0.25432061
0.32913479,-4.0093035,-0.80547599,0.19081641,-3.236973,-1.1800461,0.3628773,0.99875522,2.0356729,0.68538767,-1.7255112,-3.1228047,-0.24957474
0.32945523,-4.0070571,-0.78490226,0.19443921,-3.242948,-1.3164239,0.37219707,1.0026471,2.2043967,0.67559217,-1.8058176,-3.2966458,-0.24927028
0.32977568,-4.0049692,-0.76326954,0.19774713,-3.2453653,-1.4543041,0.38224485,1.0014328,2.3645134,0.6673286,-1.8869643,-3.4515691,-0.25263269
0.33009613,-4.0031641,-0.74069676,0.20071323,-3.2434155,-1.5948999,0.39219109,0.99389196,2.5215245,0.65991681,-1.9567222,-3.5825309,-0.25822123
0.33041658,-4.0016829,-0.71738128,0.20337902,-3.2323782,-1.7394069,0.40270937,0.97919186,2.6719084,0.65469415,-2.0216387,-3.6940065,-0.26685544
0.33073704,-4.0004674,-0.69322418,0.20583628,-3.214999,-1.8857232,0.41372273,0.95281384,2.8152177,0.65103737,-2.0804043,-3.7858979,-0.27936808
0.33105751,-3.9994856,-0.66838666,0.20791463,-3.1911481,-2.0332665,0.42762031,0.91302253,2.9513893,0.64890712,-2.1331635,-3.8564718,-0.29485069
0.33137797,-3.9987733,-0.64324268,0.20963219,-3.1614281,-2.180476,0.44332452,0.8595935,3.0808409,0.64765781,-2.1790919,-3.9062647,-0.31364426
0.33169845,-3.9983348,-0.61775303,0.211042,-3.1265315,-2.3221967,0.46112584,0.79247376,3.2037385,0.64671574,-2.2190051,-3.9356093,-0.3363504
0.33201892,-3.9980643,-0.59217439,0.21196041,-3.0864183,-2.4617109,0.48095867,0.71623745,3.3195491,0.6460894,-2.2515447,-3.944835,-0.3624867
0.3323394,-3.9979326,-0.56641261,0.21256348,-3.0382918,-2.5980657,0.50245538,0.62813369,3.430912,0.6465089,-2.2775335,-3.9363095,-0.39028211
0.33265989,-3.998031,-0.54058165,0.21265804,-2.9830874,-2.7293691,0.52353791,0.5276695,3.5363223,0.64743165,-2.2929302,-3.9086716,-0.4183261
0.33298038,-3.9985755,-0.51422126,0.21224039,-2.9215493,-2.8548443,0.54545437,0.41412502,3.6372608,0.64746676,-2.2978273,-3.861952,-0.44665939
0.33330087,-3.9995493,-0.4880224,0.21145217,-2.8532358,-2.9723283,0.56998606,0.28928803,3.7328668,0.64563835,-2.2947029,-3.797326,-0.47531711
0.33362137,-4.001042,-0.46260605,0.21036184,-2.7790985,-3.0804865,0.59598319,0.15016171,3.8244774,0.64067878,-2.2837289,-3.7152632,-0.50346092
0.33394187,-4.0026546,-0.43766616,0.2086183,-2.7003812,-3.1785446,0.62202022,-0.0012692062,3.913554,0.63159478,-2.2637208,-3.6162486,-0.53153797
0.33426238,-4.0045877,-0.41311206,0.20653603,-2.6190635,-3.2659954,0.64838115,-0.1608337,3.9990302,0.61679428,-2.2353601,-3.501845,-0.55814658
0.33458289,-4.0068652,-0.38929888,0.20428046,-2.5355604,-3.3416712,0.67518074,-0.32651656,4.0791871,0.59849842,-2.1988613,-3.3719979,-0.58292839
0.3349034,-4.0094101,-0.36588682,0.20122346,-2.4488572,-3.4063008,0.70218844,-0.49332347,4.1509135,0.57551582,-2.1555839,-3.2283618,-0.60534473
0.33522392,-4.0121362,-0.34358381,0.19768671,-2.359915,-3.4607331,0.73019137,-0.65617853,4.2149631,0.55064309,-2.1069525,-3.0704829,-0.62511011
0.33554444,-4.0148962,-0.32294288,0.19353387,-2.2657023,-3.5059503,0.75811463,-0.80299448,4.268206,0.52000506,-2.0537139,-2.8981254,-0.64289623
0.33586497,-4.0196894,-0.30325104,0.18918823,-2.1729375,-3.5410509,0.78565075,-0.93737191,4.3133516,0.48124388,-1.9964409,-2.7125715,-0.65856836
0.3361855,-4.0247322,-0.28515753,0.18472908,-2.080802,-3.5655166,0.81281298,-1.0631725,4.3468998,0.43879913,-1.9402698,-2.5171976,-0.6721258
0.33650603,-4.0300775,-0.26891029,0.17969221,-1.9896017,-3.578342,0.83959059,-1.1853472,4.3681518,0.39189445,-1.8838232,-2.3113425,-0.68453338
0.33682657,-4.0350896,-0.2548645,0.17407379,-1.900953,-3.5781564,0.86617107,-1.3083967,4.3770332,0.33888953,-1.8276623,-2.0936999,-0.69492103
0.33714711,-4.0400342,-0.242486,0.16765264,-1.8162317,-3.5651616,0.89226285,-1.4309677,4.3739726,0.2831282,-1.7738408,-1.8635141,-0.7023319
0.33746766,-4.0448901,-0.23208599,0.1608365,-1.7358698,-3.5400373,0.91763356,-1.5523771,4.3578309,0.22107018,-1.7141143,-1.625991,-0.70882576
0.33778821,-4.0503619,-0.2232312,0.15345811,-1.658755,-3.5035633,0.94246568,-1.66462,4.3282898,0.15182905,-1.6517242,-1.3778085,-0.71379471
0.33810877,-4.0561246,-0.21615927,0.14570063,-1.5867342,-3.4559182,0.96664622,-1.7612747,4.2841257,0.080250402,-1.5866641,-1.1197318,-0.72018343
0.33842933,-4.062289,-0.21077606,0.13755404,-1.5194168,-3.3987638,0.99035757,-1.8427044,4.2279834,0.0076176818,-1.5255387,-0.85236132,-0.72557971
0.33874989,-4.0688267,-0.20689899,0.12898887,-1.4582446,-3.3315504,1.013356,-1.9062485,4.1531436,-0.062532081,-1.4722056,-0.57271502,-0.73032216
0.33907046,-4.07535,-0.20455572,0.11990195,-1.4024187,-3.2550154,1.036214,-1.9538172,4.0636784,-0.1301572,-1.4181041,-0.28339299,-0.72857949
0.33939104,-4.0819154,-0.2040581,0.11051505,-1.351927,-3.1695376,1.0580417,-1.9875363,3.9587421,-0.19512478,-1.3603243,0.0017846382,-0.73058361
0.33971161,-4.0881948,-0.20538103,0.10095342,-1.3061574,-3.0746376,1.0792044,-2.0111342,3.8385634,-0.25643938,-1.3004099,0.29511924,-0.72889657
0.3400322,-4.0942116,-0.20810618,0.091166979,-1.264777,-2.9709144,1.099745,-2.0272225,3.7022811,-0.31155806,-1.2367562,0.59329883,-0.73247931
0.34035278,-4.0999728,-0.21239152,0.081152653,-1.228839,-2.8591299,1.1196129,-2.0344572,3.5494629,-0.36128961,-1.1655564,0.89607183,-0.74610035
0.34067338,-4.1055522,-0.21808686,0.071071945,-1.1971212,-2.739685,1.1390183,-2.0373808,3.3806689,-0.40582791,-1.0867512,1.1995966,-0.75537327
0.34099397,-4.1108186,-0.2254111,0.060735639,-1.1699906,-2.6133578,1.1574504,-2.0271023,3.2007276,-0.44748205,-1.007262,1.4983717,-0.75849163
0.34131457,-4.115766,-0.23445144,0.050144669,-1.1467205,-2.4836929,1.1762456,-2.0114085,3.0079438,-0.48324533,-0.92198444,1.8001677,-0.76201311
0.34163518,-4.1199952,-0.24495678,0.039195139,-1.1264454,-2.3470546,1.1945111,-1.9891881,2.8014959,-0.51418814,-0.83006535,2.1054556,-0.76386382
0.34195579,-4.1236048,-0.25707477,0.028046197,-1.1101256,-2.2072439,1.2120476,-1.95975,2.5823218,-0.53925916,-0.73192049,2.4133951,-0.76081731
0.3422764,-4.1276172,-0.27099036,0.016445744,-1.0968572,-2.063285,1.2295687,-1.9255969,2.3558447,-0.56053976,-0.62674829,2.7215913,-0.75630584
0.34259702,-4.13119,-0.28664991,0.0047014993,-1.0858667,-1.915657,1.246988,-1.8866649,2.1210544,-0.57798949,-0.51783251,3.0288631,-0.7484585
0.34291764,-4.1341545,-0.30410597,-0.0071545397,-1.0788149,-1.7661321,1.2645268,-1.8436624,1.8778337,-0.59063504,-0.39559943,3.3351764,-0.7335257
0.34323827,-4.1362767,-0.32308855,-0.019210669,-1.0667696,-1.611755,1.2819051,-1.8043208,1.630018,-0.59766248,-0.26108401,3.6367706,-0.71070338
0.3435589,-4.1375969,-0.34400525,-0.031286326,-1.0550359,-1.4565576,1.2987744,-1.7694545,1.3775438,-0.59973904,-0.11972393,3.9336059,-0.68209371
0.34387954,-4.1379218,-0.36648761,-0.042909616,-1.0440845,-1.3018586,1.3129576,-1.7318114,1.1244231,-0.59904231,0.029795592,4.2217559,-0.64479921
0.34420018,-4.1375656,-0.3903301,-0.055634039,-1.0327368,-1.1462894,1.331807,-1.6937197,0.86874505,-0.59775197,0.17497033,4.4990087,-0.60567821
0.34452083,-4.1363305,-0.41565162,-0.067839305,-1.0214596,-0.99401041,1.3508588,-1.6561256,0.6065278,-0.59519002,0.32047213,4.7620187,-0.56272457
0.34484148,-4.1338462,-0.44306786,-0.079939666,-1.009586,-0.84127109,1.3695667,-1.6199208,0.33917493,-0.58786575,0.46351657,5.0062117,-0.5134345
0.34516213,-4.130208,-0.47136873,-0.091885456,-0.9973495,-0.68506861,1.3841568,-1.5860564,0.070433254,-0.58463069,0.60535114,5.2289645,-0.46107995
0.34548279,-4.1255109,-0.49979576,-0.1035528,-0.98420538,-0.53201981,1.3992386,-1.5561974,-0.19807896,-0.5837123,0.74399996,5.4294446,-0.4119421
0.34580346,-4.1196456,-0.52875207,-0.11521098,-0.97061606,-0.38278323,1.4137597,-1.5287713,-0.46804518,-0.58410778,0.87938534,5.5992819,-0.36795646
0.34612413,-4.1128114,-0.55820087,-0.12659679,-0.95579763,-0.23741568,1.4269764,-1.5045702,-0.74015643,-0.5830457,1.0116612,5.7365812,-0.3304651
0.3464448,-4.1047993,-0.58814732,-0.13825935,-0.94014349,-0.095132581,1.441642,-1.4812569,-1.0107033,-0.57367413,1.1417895,5.8428916,-0.2989298
0.34676548,-4.0957776,-0.61831007,-0.15022783,-0.92300615,0.042517785,1.4563969,-1.4678679,-1.2634021,-0.55915325,1.2719095,5.9235247,-0.27414949
0.34708617,-4.085803,-0.64851751,-0.1623803,-0.91535732,0.17761378,1.4683485,-1.4652661,-1.5003351,-0.54259024,1.4017505,5.9810094,-0.25531572
0.34740686,-4.0731408,-0.67894566,-0.17382062,-0.90848442,0.30509911,1.4798759,-1.4688965,-1.731688,-0.5233616,1.5303826,6.0161726,-0.24441219
0.34772755,-4.0593652,-0.70905073,-0.18495635,-0.90170095,0.42403712,1.4910664,-1.480145,-1.9541351,-0.50227504,1.6578811,6.0298052,-0.24075289
0.34804825,-4.0443769,-0.73892693,-0.19609385,-0.89750353,0.53668042,1.5021597,-1.4997398,-2.1666892,-0.48262564,1.7843764,6.0226243,-0.24276308
0.34836896,-4.0284278,-0.76817969,-0.20708211,-0.89479434,0.64141216,1.5126375,-1.529292,-2.3602343,-0.46256417,1.9089153,5.9952998,-0.24921063
0.34868967,-4.0111693,-0.79679,-0.21808101,-0.89332473,0.73857747,1.5183585,-1.5693583,-2.540463,-0.44124199,2.0314116,5.9491619,-0.26094154
0.34901038,-3.9930781,-0.82412626,-0.22893926,-0.8943529,0.82977781,1.5262765,-1.6189539,-2.7060679,-0.41994617,2.1540677,5.8850627,-0.27606654
0.3493311,-3.9741378,-0.84982968,-0.23961075,-0.89799994,0.91748057,1.5333764,-1.6804438,-2.8561028,-0.39970439,2.276285,5.8051742,-0.29387095
0.34965182,-3.9538305,-0.87432655,-0.2499895,-0.90714217,0.99592497,1.539834,-1.7536287,-2.9896827,-0.37961729,2.3974769,5.709983,-0.31448765
0.34997255,-3.9326255,-0.89737529,-0.26024195,-0.92030077,1.0656575,1.5462744,-1.8372632,-3.107896,-0.35938464,2.5175569,5.5995069,-0.33789868
0.35029329,-3.9105143,-0.91820443,-0.27048362,-0.93873162,1.1267801,1.5505078,-1.925098,-3.2076367,-0.33903171,2.6365751,5.4770486,-0.3640834
0.35061403,-3.8876199,-0.93661916,-0.2809246,-0.95678167,1.1813855,1.5542863,-2.0110165,-3.2877782,-0.31956838,2.7543571,5.3433097,-0.39196389
0.35093477,-3.8639208,-0.95280172,-0.29147561,-0.97950703,1.2279422,1.5568434,-2.0962016,-3.3521541,-0.30231343,2.8717163,5.198268,-0.42081755
0.35125552,-3.8397107,-0.96647312,-0.30198671,-1.0053924,1.2652092,1.5581147,-2.1801697,-3.3991987,-0.28817032,2.9870197,5.0438737,-0.45101502
0.35157627,-3.815012,-0.97759265,-0.31242955,-1.0340656,1.2927495,1.5582801,-2.2616548,-3.4284061,-0.27670106,3.0995728,4.8825489,-0.48272324
0.35189703,-3.7900221,-0.98626648,-0.32284878,-1.0674452,1.3114357,1.5566993,-2.3394827,-3.4406422,-0.26683412,3.209114,4.7140341,-0.51563299
0.3522178,-3.7649434,-0.99209493,-0.3331656,-1.1037578,1.3213673,1.5535717,-2.4115629,-3.4362905,-0.25912768,3.3153511,4.5404581,-0.54821087
0.35253857,-3.7397763,-0.99519854,-0.34351291,-1.1449642,1.3228556,1.5491384,-2.4774201,-3.4153712,-0.25374366,3.4183259,4.3649267,-0.57935234
0.35285934,-3.714493,-0.99595248,-0.35404138,-1.1904703,1.3158308,1.5435611,-2.5364846,-3.3797583,-0.25055353,3.5173503,4.1877966,-0.60909758
0.35318012,-3.68935,-0.99405106,-0.36480093,-1.2402191,1.2999426,1.5366282,-2.5872586,-3.3290488,-0.2492913,3.6124908,4.0074022,-0.63812557
0.3535009,-3.6643957,-0.98955481,-0.37564097,-1.2922593,1.2754773,1.5277721,-2.6297249,-3.2632628,-0.24998592,3.7012232,3.8256141,-0.66716993
0.35382169,-3.6395687,-0.98236706,-0.38653802,-1.3476312,1.242164,1.5172966,-2.6641957,-3.1837389,-0.25256701,3.7851038,3.6448996,-0.69774058
0.35414248,-3.6152195,-0.97264622,-0.39738736,-1.4062459,1.1998253,1.506588,-2.6895998,-3.0912241,-0.25577809,3.8655045,3.4660929,-0.72672104
0.35446328,-3.5917878,-0.96028333,-0.40845736,-1.4692207,1.1493436,1.4948402,-2.7050025,-2.9821872,-0.25944856,3.9416333,3.2937941,-0.75147091
0.35478409,-3.5692514,-0.94562365,-0.41964434,-1.5337804,1.0894892,1.4820841,-2.712812,-2.8605491,-0.26427638,4.0112777,3.1222812,-0.77272344
0.3551049,-3.5476446,-0.92869974,-0.43091662,-1.5972802,1.019337,1.4677051,-2.7121702,-2.7269346,-0.27018305,4.073363,2.9494827,-0.79202977
0.35542571,-3.5271101,-0.90898996,-0.44243674,-1.6617934,0.94020117,1.4521051,-2.7043172,-2.5812408,-0.27559503,4.1263114,2.7783559,-0.80888507
0.35574653,-3.5074236,-0.88672787,-0.45400228,-1.7281904,0.85057399,1.4355971,-2.6912479,-2.4271098,-0.28192024,4.171469,2.609941,-0.82983669
0.35606735,-3.4885519,-0.86228466,-0.46565078,-1.7952588,0.75045586,1.4164872,-2.6743342,-2.2650415,-0.28778546,4.2148476,2.4488413,-0.84724227
0.35638818,-3.4709762,-0.83548968,-0.47747977,-1.8620394,0.64107843,1.3960979,-2.6535779,-2.0934256,-0.29362001,4.2545693,2.2965415,-0.85593758
0.35670901,-3.4544913,-0.80623659,-0.48951887,-1.9268545,0.52344497,1.3756872,-2.6287342,-1.9139627,-0.29810482,4.2845896,2.1473326,-0.86156713
0.35702985,-3.439941,-0.7755518,-0.50179115,-1.9889423,0.39835646,1.3556204,-2.602162,-1.7269281,-0.30228769,4.3049732,2.0015797,-0.86524058
0.35735069,-3.4266944,-0.74349884,-0.51389846,-2.0453907,0.26794157,1.3348984,-2.5740251,-1.5326719,-0.30768437,4.3176025,1.8581957,-0.86645151
0.35767152,-3.414717,-0.70966083,-0.5259437,-2.1020457,0.13147218,1.3132604,-2.5512496,-1.3323028,-0.31311869,4.3235892,1.7180703,-0.87012384
0.35799235,-3.4041943,-0.67430678,-0.53774222,-2.1562356,-0.0065884117,1.2922562,-2.531465,-1.1261762,-0.31996113,4.3159107,1.5850208,-0.87668307
0.35831318,-3.3949097,-0.63778982,-0.54929823,-2.2072793,-0.15731327,1.2724344,-2.5131765,-0.91653105,-0.32690332,4.2937693,1.4589822,-0.88038244
0.35863401,-3.3868733,-0.59921726,-0.56064184,-2.254058,-0.30878638,1.2541528,-2.4973224,-0.7078015,-0.33133337,4.2585379,1.3347781,-0.88160231
0.35895483,-3.3801891,-0.55933522,-0.57241651,-2.2955221,-0.46951323,1.2310757,-2.4852978,-0.49822091,-0.34231063,4.212099,1.2154857,-0.88452544
0.35927565,-3.3751247,-0.5187871,-0.58428081,-2.3310754,-0.63974365,1.2090886,-2.4744804,-0.27841925,-0.34934373,4.1563343,1.0995537,-0.88598312
0.35959647,-3.3716927,-0.47684156,-0.59600677,-2.3587699,-0.81175206,1.1836472,-2.4652739,-0.056949904,-0.35691676,4.0919486,0.98794877,-0.88785785
0.35991729,-3.3695578,-0.43375858,-0.60780088,-2.379417,-0.99076734,1.1618608,-2.4587867,0.16497456,-0.36381532,4.0127704,0.88461683,-0.89007915
0.36023811,-3.36828,-0.38963979,-0.62001894,-2.3927602,-1.1702619,1.1440706,-2.4468255,0.38913306,-0.37624325,3.9230925,0.78924571,-0.891455
0.36055892,-3.3674874,-0.3449537,-0.6319175,-2.3991953,-1.3490137,1.126416,-2.4327779,0.6151917,-0.39523625,3.8283244,0.701143,-0.89274535
0.36087974,-3.3677471,-0.30015066,-0.64315561,-2.3990352,-1.5251062,1.1093085,-2.4171643,0.84367568,-0.41085576,3.7316492,0.62189814,-0.89481077
0.36120055,-3.3685763,-0.25574283,-0.65473446,-2.3911667,-1.6961813,1.0921116,-2.4014613,1.0714755,-0.42264105,3.6340893,0.55078863,-0.89632465
0.36152136,-3.3694358,-0.21036769,-0.66622925,-2.3782264,-1.8604903,1.0764183,-2.3857897,1.2945679,-0.43320651,3.5369043,0.48897257,-0.8970733
0.36184216,-3.3707285,-0.16534973,-0.67699576,-2.3575051,-2.0188089,1.0596716,-2.3693126,1.5121211,-0.44128622,3.4396229,0.43769842,-0.89686939
0.36216297,-3.3726221,-0.12071928,-0.68757078,-2.3248681,-2.1696741,1.0469704,-2.3545357,1.7265457,-0.4460024,3.3461625,0.39640326,-0.89567206
0.36248377,-3.3749399,-0.076060704,-0.69797079,-2.2775626,-2.3163942,1.036557,-2.3436703,1.9387607,-0.44988059,3.2617764,0.36704145,-0.89371959
0.36280457,-3.3776502,-0.031524409,-0.70788274,-2.2242719,-2.4545556,1.0273288,-2.3381067,2.1446478,-0.45382246,3.1865346,0.34937071,-0.89150559
0.36312537,-3.3829874,0.0095080919,-0.71739938,-2.1655875,-2.5809538,1.0188678,-2.3407739,2.3442576,-0.4557224,3.1211095,0.34413197,-0.88797915
0.36344617,-3.3890744,0.048327815,-0.72662244,-2.1036179,-2.6934032,1.0110054,-2.3504556,2.5345052,-0.45470435,3.0663663,0.35121715,-0.88286693
0.36376697,-3.3959871,0.085397376,-0.73564892,-2.0392505,-2.7924371,1.0039631,-2.363645,2.7134472,-0.45274069,3.0230371,0.36948564,-0.87574767
0.36408776,-3.4035144,0.12118158,-0.74447907,-1.9737204,-2.8755699,0.99831836,-2.3798554,2.8821888,-0.44971208,2.9911935,0.4001188,-0.86702638
0.36440856,-3.4116781,0.15506924,-0.7531078,-1.9023215,-2.9450309,0.99420053,-2.4036231,3.0404999,-0.44646992,2.9710373,0.44028376,-0.8571583
0.36472935,-3.4209704,0.18686231,-0.76140518,-1.8252628,-3.0024541,0.99089895,-2.4337074,3.185843,-0.44454999,2.9622405,0.48986816,-0.84565445
0.36505014,-3.4317466,0.21670077,-0.76971436,-1.7477491,-3.047319,0.98792352,-2.4700037,3.3169818,-0.44426585,2.9664669,0.55167042,-0.83178384
0.36537093,-3.4430291,0.24448031,-0.77800734,-1.6697879,-3.0794851,0.98545092,-2.5097582,3.4328746,-0.44558497,2.9824346,0.62402715,-0.81578159
0.36569172,-3.4550641,0.27032984,-0.78591639,-1.592475,-3.1000051,0.98314146,-2.5506982,3.5331843,-0.44863909,3.0091353,0.70684405,-0.79731163
0.3660125,-3.468396,0.29361701,-0.79358767,-1.5178218,-3.108444,0.98088403,-2.5912981,3.6172631,-0.45367716,3.0473379,0.80102564,-0.77619109
0.36633328,-3.4823904,0.31378303,-0.80098721,-1.4467749,-3.1042446,0.9785617,-2.6284128,3.6848649,-0.46038471,3.0962985,0.90674587,-0.75186503
0.36665407,-3.4955486,0.33209021,-0.80783719,-1.3788872,-3.0882305,0.97604195,-2.6595349,3.7313747,-0.46846326,3.1541682,1.0256226,-0.72395187
0.36697485,-3.5099973,0.34779642,-0.81430449,-1.312973,-3.0623278,0.97313489,-2.685362,3.7605439,-0.47806054,3.2175179,1.1577077,-0.69452117
0.36729562,-3.5252006,0.36079286,-0.82045371,-1.2507655,-3.0257931,0.96948191,-2.7050283,3.772499,-0.48938615,3.2852242,1.3027016,-0.66231744
0.36761639,-3.5406887,0.37083669,-0.82628973,-1.1932796,-2.9778311,0.96492324,-2.7169975,3.7668395,-0.50175248,3.3570887,1.4596677,-0.62614505
0.36793716,-3.5568918,0.37725875,-0.83186054,-1.1414516,-2.9198423,0.96004976,-2.7230912,3.7431468,-0.5142815,3.4319272,1.6264482,-0.58512594
0.36825792,-3.5739052,0.37969201,-0.83716022,-1.0958774,-2.8515597,0.95482126,-2.7250176,3.7004199,-0.52759115,3.5084571,1.8044409,-0.54365383
0.36857868,-3.5910415,0.37840056,-0.84211307,-1.0550083,-2.7743169,0.94919057,-2.7227015,3.6429823,-0.54082426,3.5824338,1.9944651,-0.50267217
0.36889943,-3.6085127,0.37386202,-0.84674271,-1.0193915,-2.688145,0.94274994,-2.7139755,3.5705361,-0.55340621,3.6566786,2.1948867,-0.45931878
0.36922018,-3.6266748,0.36568831,-0.85083697,-0.98973729,-2.5937009,0.9358097,-2.7003798,3.4838732,-0.56429932,3.7267612,2.4019913,-0.41214744
0.36954092,-3.6452992,0.3541199,-0.85455599,-0.96513524,-2.4923798,0.92810499,-2.6816952,3.3819956,-0.57484532,3.7940656,2.6151944,-0.36285095
0.36986166,-3.6642992,0.3390568,-0.85770609,-0.94563204,-2.3840435,0.91949338,-2.657796,3.2660473,-0.58333308,3.8554832,2.8299389,-0.30889455
0.37018239,-3.6838204,0.32035429,-0.86017256,-0.93217009,-2.2693872,0.91026955,-2.6278131,3.1374403,-0.58963421,3.9071898,3.0384683,-0.25291119
0.37050312,-3.7040234,0.29818524,-0.86146373,-0.92210724,-2.1483054,0.90037482,-2.5951865,2.9975744,-0.59413456,3.9480524,3.2401863,-0.19901032
0.37082385,-3.7225472,0.27160397,-0.86177302,-0.91608503,-2.0219214,0.88942585,-2.5584531,2.8484611,-0.59628245,3.9807261,3.431412,-0.15042008
0.37114456,-3.7400156,0.24093093,-0.86135556,-0.91427679,-1.8915313,0.87724094,-2.5110451,2.692282,-0.59736387,3.9989714,3.6109702,-0.10398807
0.37146528,-3.7567985,0.20755331,-0.86050735,-0.915682,-1.757529,0.86478892,-2.4574316,2.5264101,-0.59870343,4.0014483,3.7774797,-0.065743477
0.37178599,-3.7732958,0.17164321,-0.85928047,-0.92028068,-1.6204295,0.85123944,-2.3995577,2.3521474,-0.59729503,3.9885694,3.9307738,-0.03488603
0.3721067,-3.7887546,0.1334465,-0.85769052,-0.9288396,-1.4821335,0.83862953,-2.3381848,2.1705831,-0.59521495,3.9591736,4.0708402,-0.0093640246
0.3724274,-3.8033015,0.092881786,-0.85578049,-0.93371124,-1.3387558,0.82382991,-2.2751746,1.9827566,-0.59620079,3.9130419,4.1971049,0.0095790714
0.37274809,-3.8172437,0.050157204,-0.85275387,-0.94014907,-1.1930392,0.80809745,-2.209535,1.7890534,-0.59092255,3.8512282,4.3028651,0.018764233
0.37306879,-3.8304918,0.0067738461,-0.84629317,-0.94719851,-1.0475699,0.7898866,-2.1405081,1.592188,-0.58585838,3.7761654,4.3891399,0.018243968
0.37338948,-3.8422834,-0.041866987,-0.83847944,-0.95358575,-0.9021369,0.77631008,-2.0693852,1.3874296,-0.58511609,3.6893931,4.4556008,0.0093401979
0.37371016,-3.8521531,-0.09600935,-0.82874022,-0.95967728,-0.75905448,0.76239828,-2.002702,1.1751038,-0.58283236,3.593806,4.5027262,-0.0059677229
0.37403084,-3.8596413,-0.15092679,-0.81730749,-0.96551767,-0.61840302,0.74987222,-1.940119,0.95333061,-0.57851997,3.4938441,4.53202,-0.028008027
0.37435152,-3.86771,-0.20787103,-0.80700303,-0.96996632,-0.47424736,0.73299116,-1.881301,0.72288401,-0.57131441,3.3944043,4.5444878,-0.056280533
0.37467219,-3.8738163,-0.26694979,-0.79796598,-0.97189753,-0.33194606,0.71687369,-1.8285184,0.48931055,-0.56766874,3.2959574,4.5422952,-0.09011621
0.37499285,-3.877284,-0.32822984,-0.78807465,-0.97219192,-0.19281066,0.69986527,-1.7863103,0.25367198,-0.5681484,3.2005029,4.5271041,-0.12831105
0.37531352,-3.877057,-0.39251449,-0.77662243,-0.96996473,-0.056456046,0.68402167,-1.7502947,0.012741876,-0.571195,3.1099101,4.4968904,-0.16858387
0.37563417,-3.8767334,-0.45709988,-0.76371217,-0.96917493,0.078423668,0.66871072,-1.7180733,-0.23258919,-0.57146791,3.0261215,4.4548599,-0.20968888
0.37595483,-3.8753151,-0.5242663,-0.74700862,-0.96202432,0.2072478,0.6534368,-1.6918032,-0.48287167,-0.57299021,2.9478249,4.4020027,-0.25183108
0.37627548,-3.8718245,-0.59279882,-0.73011945,-0.96274497,0.33306864,0.63636099,-1.6730033,-0.73343249,-0.56875911,2.8772904,4.3392153,-0.29440872
0.37659613,-3.8659621,-0.66138232,-0.71289013,-0.96303723,0.45129247,0.62020404,-1.6636396,-0.98028959,-0.55970592,2.8145637,4.2678905,-0.33655766
0.37691677,-3.8578883,-0.72717862,-0.69465055,-0.96259158,0.55973956,0.60360928,-1.6575025,-1.212489,-0.54851537,2.7605293,4.1876207,-0.37736727
0.37723741,-3.8485047,-0.79161357,-0.67523607,-0.96106603,0.66626832,0.58694416,-1.6538837,-1.4300806,-0.53728264,2.714132,4.0983474,-0.41731153
0.37755804,-3.8323827,-0.85660101,-0.65431799,-0.96105517,0.77070008,0.57008694,-1.6522841,-1.6348384,-0.52672579,2.6756565,4.0007332,-0.45629565
0.37787867,-3.8152677,-0.92019817,-0.6318329,-0.96100759,0.8705424,0.5531253,-1.6551695,-1.8265105,-0.51579001,2.6452618,3.8947243,-0.4940241
0.3781993,-3.7964754,-0.98156101,-0.60871823,-0.96279371,0.96396857,0.53571112,-1.6636658,-2.0019724,-0.5031217,2.6224443,3.7810585,-0.5306932
0.37851992,-3.7762451,-1.040272,-0.58493717,-0.96798561,1.0516662,0.51797585,-1.6768739,-2.1569678,-0.49303412,2.6059407,3.6604999,-0.56760312
0.37884054,-3.7545047,-1.0955604,-0.56034033,-0.97386787,1.1325691,0.49988962,-1.6952343,-2.2914043,-0.484288,2.5949497,3.5335134,-0.60479442
0.37916115,-3.7285992,-1.1481223,-0.53471372,-0.98169439,1.2052323,0.48096949,-1.7179384,-2.4033368,-0.47530519,2.5904686,3.4020302,-0.64142899
0.37948176,-3.6995033,-1.1976249,-0.50740398,-0.99240355,1.2711742,0.4617507,-1.7450783,-2.4935899,-0.46637722,2.5898172,3.2657793,-0.67769836
0.37980237,-3.667461,-1.2430558,-0.47884804,-1.0066109,1.3296806,0.44180415,-1.7724565,-2.5562078,-0.45774329,2.5929152,3.1255189,-0.71343936
0.38012297,-3.6337131,-1.2834802,-0.44987411,-1.0244119,1.3805602,0.42115159,-1.7999601,-2.5928444,-0.45023488,2.5980904,2.9813329,-0.74956188
0.38044357,-3.5983191,-1.3189928,-0.42043121,-1.0463665,1.4236848,0.39929874,-1.8263051,-2.6037674,-0.44444181,2.6104214,2.8347192,-0.78587456
0.38076416,-3.562095,-1.3502199,-0.3902736,-1.0737884,1.456474,0.37686945,-1.8535244,-2.5919865,-0.43954161,2.6267527,2.6864898,-0.82058801
0.38108475,-3.5239228,-1.3775377,-0.35986898,-1.1066243,1.4806594,0.35398972,-1.8802791,-2.5590171,-0.43602462,2.6455717,2.5344298,-0.85485214
0.38140534,-3.483801,-1.4001522,-0.32840387,-1.1452975,1.4975781,0.32989037,-1.9071859,-2.5053271,-0.43316968,2.6679511,2.3731801,-0.88541484
0.38172592,-3.4430127,-1.4183398,-0.29633559,-1.1893887,1.5075105,0.30531165,-1.9357437,-2.4312555,-0.43031395,2.6921906,2.2026193,-0.91417816
0.38204649,-3.4020943,-1.4318348,-0.26412211,-1.2386782,1.5113067,0.27969324,-1.965191,-2.3367412,-0.42821017,2.7179119,2.0212098,-0.94607767
0.38236707,-3.3618496,-1.4401985,-0.23201331,-1.2942058,1.5085237,0.25292934,-1.9942201,-2.2217729,-0.4260061,2.7450713,1.8286153,-0.97503523
0.38268763,-3.3221171,-1.44401,-0.19991225,-1.3562956,1.4984514,0.22545091,-2.022549,-2.0886581,-0.42426511,2.7724836,1.6243133,-0.99746152
0.3830082,-3.2836452,-1.4437008,-0.16802625,-1.4243983,1.4804679,0.19659718,-2.0490193,-1.9385765,-0.42417739,2.7941577,1.4134308,-1.0119944
0.38332876,-3.2461364,-1.4391871,-0.13659674,-1.4960745,1.4542035,0.16687402,-2.0731598,-1.7729087,-0.42431016,2.8135826,1.1906917,-1.0228708
0.38364932,-3.2097887,-1.430426,-0.10535294,-1.569437,1.4198808,0.13603252,-2.0936049,-1.5930446,-0.42325683,2.8306698,0.95666041,-1.0295691
0.38396987,-3.1744619,-1.4174426,-0.074603696,-1.6437932,1.3772771,0.10360213,-2.1078035,-1.4006933,-0.42156285,2.8443981,0.71356056,-1.0314503
0.38429042,-3.1402311,-1.4002701,-0.044361812,-1.7176637,1.3261964,0.06947479,-2.1189717,-1.1937617,-0.42223843,2.8496167,0.46587894,-1.0266245
0.38461096,-3.107149,-1.3794074,-0.014640537,-1.7914895,1.2644094,0.034651741,-2.1347719,-0.97936171,-0.42402327,2.8464874,0.21640104,-1.0168148
0.38493151,-3.0755156,-1.3547385,0.014439533,-1.8658659,1.1929831,-0.00052410907,-2.1568354,-0.76351885,-0.42794216,2.8345989,-0.035565453,-1.0024289
0.38525204,-3.0461368,-1.3265535,0.04341309,-1.9378233,1.1116876,-0.035095544,-2.175653,-0.54265278,-0.43197209,2.8165802,-0.28854859,-0.98315705
0.38557258,-3.0186963,-1.2947912,0.071870111,-2.0054282,1.019943,-0.068513772,-2.1904929,-0.30373133,-0.42704957,2.7905472,-0.53823001,-0.9623667
0.3858931,-2.9933957,-1.2597144,0.099696463,-2.0675912,0.91801142,-0.10183259,-2.197593,-0.056389721,-0.42780895,2.7560489,-0.77878483,-0.94531655
0.38621363,-2.9701217,-1.2214302,0.12723493,-2.123528,0.8055316,-0.13475167,-2.1881039,0.19602227,-0.43461848,2.714383,-1.0087695,-0.93201579
0.38653415,-2.9487855,-1.1804531,0.15437236,-2.1734609,0.67845843,-0.16289927,-2.168725,0.4534845,-0.44008702,2.665291,-1.2278423,-0.91944713
0.38685466,-2.9296462,-1.1375965,0.18125145,-2.2227805,0.53557992,-0.18968236,-2.1426165,0.7039044,-0.44223617,2.6070681,-1.434474,-0.90853062
0.38717517,-2.9124578,-1.0941281,0.20778264,-2.2691574,0.38087683,-0.21439402,-2.1079409,0.95075636,-0.44551185,2.5407595,-1.6248601,-0.90007742
0.38749568,-2.8968167,-1.0486129,0.23430678,-2.3163115,0.2158645,-0.2359952,-2.0648099,1.1982376,-0.44597793,2.4677215,-1.7947703,-0.8937439
0.38781618,-2.8828404,-1.000795,0.26034198,-2.3623711,0.039313518,-0.2555139,-2.0156486,1.4433249,-0.44394671,2.3880109,-1.9444556,-0.89018363
0.38813668,-2.8707434,-0.95144702,0.2861058,-2.4016922,-0.14818544,-0.27490401,-1.9613569,1.6904662,-0.44224641,2.3030432,-2.0731175,-0.88878675
0.38845718,-2.8602107,-0.90074828,0.31123862,-2.4345349,-0.34422375,-0.29041311,-1.9035575,1.9345532,-0.43869686,2.2135512,-2.176502,-0.88955985
0.38877767,-2.8512379,-0.84887001,0.33640538,-2.4607425,-0.55367667,-0.30188272,-1.8347307,2.1723057,-0.43199777,2.1225655,-2.2515477,-0.89268461
0.38909815,-2.8439615,-0.79563382,0.36208507,-2.4808543,-0.77705745,-0.31483277,-1.7565972,2.401609,-0.42215048,2.0313065,-2.2993855,-0.89786101
0.38941863,-2.8366464,-0.74164926,0.38749592,-2.4907534,-1.0084434,-0.32541069,-1.6757938,2.6246863,-0.40933995,1.9409985,-2.3216023,-0.90421545
0.38973911,-2.8304754,-0.68745633,0.41243926,-2.4909318,-1.2315684,-0.32891951,-1.5971111,2.8404797,-0.39324381,1.8530565,-2.3187191,-0.91129216
0.39005958,-2.8251954,-0.63294337,0.43666267,-2.4819507,-1.4462874,-0.32817298,-1.5205931,3.0483832,-0.37461785,1.7699375,-2.2914146,-0.91887278
0.39038004,-2.8208639,-0.57829461,0.46297862,-2.4634497,-1.6533,-0.32618439,-1.4457467,3.2451275,-0.35432867,1.6972132,-2.241491,-0.92707646
0.3907005,-2.8171124,-0.52404746,0.49012363,-2.4377434,-1.8549144,-0.32344715,-1.3728033,3.4267647,-0.33229528,1.6349639,-2.1698555,-0.93472617
0.39102096,-2.8136828,-0.47105877,0.51514638,-2.4012803,-2.0533427,-0.31773808,-1.3018889,3.5959204,-0.31073259,1.583569,-2.0765117,-0.9423568
0.39134141,-2.810434,-0.41846738,0.53939151,-2.3559266,-2.2455904,-0.30962076,-1.2347593,3.7502896,-0.28877145,1.5429304,-1.9614399,-0.95032725
0.39166186,-2.8069435,-0.36621548,0.56270602,-2.3030863,-2.4355921,-0.30119594,-1.1712876,3.8896514,-0.2673555,1.5140446,-1.8247358,-0.95675133
0.3919823,-2.8043778,-0.31411556,0.58674914,-2.2403364,-2.6164593,-0.29200464,-1.1104173,4.012133,-0.24853023,1.4967148,-1.6684331,-0.96193809
0.39230273,-2.8016102,-0.2630898,0.61045375,-2.1661232,-2.7844769,-0.28126556,-1.0503298,4.1161482,-0.23351516,1.4900463,-1.4933995,-0.96496839
0.39262316,-2.7990458,-0.21361174,0.63391594,-2.0800908,-2.9370334,-0.26832966,-0.99046024,4.2044905,-0.22339314,1.4942606,-1.2972805,-0.96564265
0.39294359,-2.7955809,-0.166746,0.65787231,-1.9886913,-3.0777155,-0.25450157,-0.92967022,4.2763268,-0.21927263,1.5091701,-1.0787589,-0.96527577
0.39326401,-2.7957569,-0.12061467,0.68066445,-1.8958749,-3.2037091,-0.23959461,-0.86525631,4.3312264,-0.22205282,1.5351671,-0.84020054,-0.95987171
0.39358442,-2.7964694,-0.076323552,0.70183991,-1.8008799,-3.3167087,-0.22326596,-0.79521827,4.3686404,-0.2296843,1.5677053,-0.58499908,-0.94964182
0.39390483,-2.7977723,-0.034614651,0.72240739,-1.7052076,-3.4129791,-0.20741557,-0.71815777,4.3897526,-0.24180316,1.6053902,-0.31561556,-0.93290382
0.39422523,-2.7988741,0.004851069,0.74217398,-1.609016,-3.492792,-0.19149525,-0.63393479,4.3961698,-0.2581403,1.6516021,-0.0274898,-0.91593903
0.39454563,-2.7999895,0.041749578,0.76096822,-1.5116436,-3.5581521,-0.17535047,-0.54132094,4.3882826,-0.27827414,1.7075648,0.28051032,-0.8970746
0.39486603,-2.8010618,0.076532212,0.77915376,-1.4145581,-3.6080175,-0.158141,-0.44184778,4.3625114,-0.30099624,1.7662577,0.6035955,-0.87108629
0.39518641,-2.8036066,0.10720309,0.79685185,-1.320243,-3.6419735,-0.1410173,-0.33159878,4.3204321,-0.32490563,1.8208139,0.93262255,-0.8360182
0.3955068,-2.8059557,0.13338948,0.81348529,-1.2338719,-3.6613709,-0.1236914,-0.2128897,4.2625923,-0.34951796,1.8750395,1.2683414,-0.79549307
0.39582717,-2.8089494,0.15586546,0.82967591,-1.1566383,-3.6649913,-0.10653411,-0.088389558,4.1904157,-0.37343969,1.9320851,1.6164313,-0.75271022
0.39614754,-2.8123977,0.1748054,0.84509679,-1.0886398,-3.6521144,-0.089131155,0.039795272,4.1048737,-0.39658969,1.9926896,1.9703818,-0.69791195
0.39646791,-2.8159764,0.18976811,0.85958759,-1.0311898,-3.6239896,-0.071836514,0.17023589,4.0045069,-0.42102551,2.0573261,2.3203234,-0.62847614
0.39678827,-2.8204266,0.200845,0.87449751,-0.9810778,-3.5826612,-0.055078221,0.30232044,3.8911129,-0.43937015,2.1252207,2.6590977,-0.55129062
0.39710863,-2.8261537,0.20868041,0.88859609,-0.93874048,-3.5284358,-0.038743379,0.43720018,3.7625207,-0.45456255,2.1937983,2.9897123,-0.47010445
0.39742898,-2.8325046,0.21357748,0.90181934,-0.90578211,-3.4608523,-0.02290564,0.58173929,3.6225764,-0.46740452,2.2601293,3.3126016,-0.38117423
0.39774933,-2.8385592,0.21486788,0.91456684,-0.88205448,-3.3809112,-0.0078161263,0.72891733,3.4706577,-0.47593401,2.3319013,3.6208372,-0.28583568
0.39806967,-2.8449428,0.21210233,0.92739475,-0.86722964,-3.289901,0.0068170785,0.87637461,3.3083821,-0.47767747,2.400164,3.9113294,-0.18743697
0.39839,-2.8519562,0.20522095,0.93999725,-0.86192698,-3.1900449,0.020496756,1.0179031,3.1344044,-0.47733743,2.4646735,4.1805223,-0.092116799
0.39871033,-2.8601167,0.19493112,0.95207319,-0.86477062,-3.0818875,0.033182987,1.1550909,2.949024,-0.473544,2.5235119,4.4306355,-0.002272106
0.39903066,-2.8677563,0.18205307,0.96361868,-0.87732579,-2.9662746,0.045114585,1.2878445,2.7517276,-0.47007059,2.5787867,4.6627391,0.079907969
0.39935098,-2.8754615,0.16593566,0.97501124,-0.89738641,-2.8430322,0.056430963,1.4217454,2.5459569,-0.46455402,2.6335116,4.8654567,0.15189518
0.3996713,-2.8833524,0.14522222,0.98690394,-0.92356132,-2.711621,0.066856372,1.5556464,2.3307081,-0.45677553,2.6885419,5.0352405,0.21202349
0.39999161,-2.8915229,0.11940657,0.99882577,-0.95502332,-2.5717983,0.076367383,1.6800756,2.1070671,-0.44776229,2.7484406,5.1706384,0.25822442
0.40031191,-2.9000552,0.089932848,1.0107919,-0.99102301,-2.4255271,0.084229222,1.7936481,1.873543,-0.44286101,2.8156658,5.2772037,0.29240363
0.40063222,-2.9086352,0.057453228,1.0225618,-1.0289798,-2.2733455,0.091192377,1.8964953,1.6318163,-0.43216818,2.8935326,5.3544243,0.30960252
0.40095251,-2.9163237,0.022202286,1.0339848,-1.0714076,-2.1170026,0.095723021,1.9883137,1.3806752,-0.4152951,2.9834496,5.4066323,0.30623795
0.4012728,-2.9233995,-0.015397398,1.0446963,-1.1156767,-1.95618,0.10009054,2.0667012,1.1260366,-0.40087146,3.0805436,5.4416264,0.28608539
0.40159309,-2.9299727,-0.055296661,1.0549851,-1.1624786,-1.7912828,0.10358669,2.1281209,0.86755851,-0.39151077,3.1861791,5.4574071,0.25777124
0.40191337,-2.9359833,-0.097314922,1.0642412,-1.2117316,-1.6241426,0.1071805,2.1732025,0.60132484,-0.37856684,3.2996864,5.4586019,0.21994013
0.40223365,-2.9411725,-0.14037294,1.0745897,-1.2602233,-1.4544525,0.10797304,2.2005582,0.33035591,-0.37111263,3.422781,5.4460717,0.1719241
0.40255393,-2.94583,-0.18819006,1.0869464,-1.300664,-1.2823937,0.10765691,2.2052188,0.056716876,-0.36698266,3.5538137,5.4221068,0.11638934
0.40287419,-2.9484196,-0.23890488,1.0989742,-1.338276,-1.1116356,0.10681458,2.194237,-0.22246415,-0.36159757,3.6989085,5.3880981,0.059306207
0.40319446,-2.9509377,-0.2924825,1.1105839,-1.3721781,-0.94196383,0.10173436,2.1584621,-0.50115225,-0.35617983,3.8664802,5.3430418,0.0027150547
0.40351472,-2.9526566,-0.34737618,1.1219553,-1.4016237,-0.77400509,0.10272185,2.0995896,-0.77823909,-0.35260304,4.0565458,5.2860749,-0.050777873
0.40383498,-2.9532622,-0.40329718,1.1336443,-1.4263239,-0.61142434,0.10625035,2.0247661,-1.053861,-0.35019682,4.2666521,5.2170356,-0.097937697
0.40415523,-2.9522242,-0.4598185,1.1460682,-1.4463512,-0.45121539,0.10935394,1.9337617,-1.3276029,-0.34950235,4.4937759,5.1360651,-0.13892876
0.40447548,-2.9495308,-0.51831471,1.1563781,-1.4631878,-0.28420489,0.10625227,1.8317848,-1.5958516,-0.34706245,4.7337662,5.0434937,-0.1745793
0.40479572,-2.944187,-0.57663732,1.1665844,-1.4768596,-0.11842506,0.10300087,1.7193315,-1.8560135,-0.34383329,4.9685607,4.9398922,-0.20365401
0.40511597,-2.9366274,-0.63597219,1.1771553,-1.4863691,0.043451123,0.10146361,1.5919639,-2.1065544,-0.34192295,5.1941181,4.8258553,-0.22757231
0.4054362,-2.9268442,-0.6958766,1.1886018,-1.4913315,0.19762772,0.10025212,1.4555195,-2.3464123,-0.34140245,5.4096366,4.7034042,-0.24770544
0.40575644,-2.9158104,-0.75390054,1.1996989,-1.496956,0.3479376,0.094784983,1.3085971,-2.5755506,-0.34046761,5.6151284,4.5732399,-0.26510293
0.40607667,-2.9033098,-0.81064751,1.2105172,-1.498415,0.49022825,0.087432463,1.1523713,-2.792112,-0.34055712,5.8094742,4.4364077,-0.28003428
0.40639689,-2.8897638,-0.86504091,1.2208686,-1.4953393,0.62158364,0.084497185,0.99548548,-2.9942576,-0.34183639,5.992539,4.2945068,-0.2924592
0.40671712,-2.8746073,-0.91789684,1.2305622,-1.4922852,0.75052643,0.080832434,0.83975929,-3.176339,-0.34239926,6.1639424,4.1471405,-0.30323268
0.40703733,-2.8574908,-0.9690277,1.2407702,-1.488059,0.8733622,0.074966152,0.6887501,-3.3338043,-0.34288064,6.3242833,3.9966286,-0.3123564
0.40735755,-2.8358237,-1.0192967,1.2508371,-1.4840007,0.98984452,0.069555184,0.54510897,-3.4655798,-0.34317811,6.4727662,3.8417409,-0.32109652
0.40767776,-2.8122951,-1.0665802,1.2606148,-1.4769341,1.0974764,0.065111404,0.41270215,-3.5720348,-0.34305994,6.6087225,3.6837832,-0.32986208
0.40799797,-2.7875487,-1.1108874,1.2697928,-1.468294,1.1966307,0.059254578,0.28825001,-3.6533304,-0.34659332,6.7327963,3.5237868,-0.33754806
0.40831817,-2.7621059,-1.1510428,1.2786752,-1.4606344,1.2874553,0.05206045,0.1743064,-3.7089685,-0.35128633,6.8434101,3.3606003,-0.34607699
0.40863837,-2.7357638,-1.1874609,1.2871364,-1.4548763,1.368559,0.044771612,0.071716118,-3.7399108,-0.35692774,6.9425791,3.1961606,-0.35452687
0.40895857,-2.7087496,-1.2200904,1.2957013,-1.447251,1.4392113,0.037732693,-0.021464192,-3.7460733,-0.36355626,7.0313326,3.0262103,-0.36466716
0.40927876,-2.6795824,-1.2493823,1.3037922,-1.4412916,1.4999126,0.030899309,-0.10745052,-3.7286773,-0.37026652,7.1082912,2.8539838,-0.37831864
0.40959895,-2.649288,-1.2746315,1.3115587,-1.4377813,1.5510033,0.024110766,-0.1854513,-3.6895566,-0.3761894,7.1737064,2.68085,-0.39034779
0.40991913,-2.6185002,-1.2958858,1.3190333,-1.4372255,1.5926389,0.016442901,-0.25625159,-3.6306033,-0.3832504,7.2252856,2.5036917,-0.40339706
0.4102393,-2.5878795,-1.3128678,1.3261001,-1.4388287,1.6242165,0.0078935229,-0.32845181,-3.5539382,-0.39149901,7.2648195,2.322703,-0.41622567
0.41055945,-2.557353,-1.3258246,1.3326871,-1.4443068,1.6458943,-0.0013634296,-0.4027883,-3.4628733,-0.39976302,7.2986845,2.1396649,-0.43054791
0.41087959,-2.5272702,-1.3344881,1.3387513,-1.4545024,1.6573272,-0.010822045,-0.47466598,-3.3492327,-0.40646734,7.3195958,1.9529602,-0.45021485
0.41119971,-2.497706,-1.339309,1.3443856,-1.4691831,1.6590097,-0.020415151,-0.54285618,-3.2203602,-0.41232107,7.3252438,1.7630956,-0.46186669
0.41151982,-2.4682599,-1.3402406,1.3495437,-1.4880912,1.6517903,-0.029982762,-0.60688881,-3.0775336,-0.41711666,7.315074,1.5658539,-0.47161149
0.41183991,-2.4393159,-1.3372432,1.3541659,-1.5106849,1.6335805,-0.03907351,-0.66721226,-2.9203806,-0.42164519,7.2855953,1.3593254,-0.47911964
0.41215998,-2.4110495,-1.3305124,1.3582469,-1.5364255,1.605271,-0.048026026,-0.72411606,-2.7517074,-0.42739439,7.2312571,1.1474632,-0.48527546
0.41248004,-2.3841086,-1.3200575,1.3620168,-1.5660654,1.567772,-0.056723855,-0.77751077,-2.5687813,-0.43325731,7.1544412,0.92431056,-0.49704904
0.41280008,-2.3586128,-1.3062051,1.3653758,-1.5992572,1.5203777,-0.066150381,-0.82830044,-2.3715843,-0.43839808,7.0535314,0.689612,-0.50581666
0.41312011,-2.334899,-1.2888674,1.3680875,-1.634753,1.4640531,-0.076613992,-0.87291955,-2.1644626,-0.44366043,6.9308692,0.44215929,-0.51234244
0.41344012,-2.3128158,-1.2684919,1.3703117,-1.6721854,1.3986304,-0.087647833,-0.9107986,-1.9486159,-0.44666054,6.7862773,0.18043619,-0.51837233
0.41376012,-2.2919183,-1.2452888,1.3721295,-1.7101782,1.3235422,-0.098615808,-0.94288438,-1.7233009,-0.44647425,6.6132137,-0.090242646,-0.52319056
0.4140801,-2.2721165,-1.2190694,1.3732744,-1.7488813,1.2382038,-0.10862703,-0.96945988,-1.4898945,-0.44587303,6.4183469,-0.3712894,-0.52983748
0.41440006,-2.2532781,-1.1905022,1.3740697,-1.7878404,1.1422342,-0.11883375,-0.9900604,-1.2494775,-0.44832762,6.2037772,-0.65826342,-0.53608603
0.41472,-2.2356493,-1.1596663,1.3744806,-1.8249327,1.0357037,-0.12975836,-1.0052742,-1.0009173,-0.45147369,5.9711826,-0.9501593,-0.54195698
0.41503993,-2.2197135,-1.1265618,1.3744345,-1.8584849,0.9188614,-0.14031534,-1.0168231,-0.74533615,-0.45402855,5.7182159,-1.2460119,-0.54923519
0.41535984,-2.2055505,-1.0913174,1.3741297,-1.8911331,0.79274997,-0.15093492,-1.0249579,-0.48322807,-0.45309228,5.4516421,-1.5394696,-0.55895989
0.41567973,-2.1930016,-1.0545697,1.3735648,-1.9190579,0.65760219,-0.16158315,-1.0344061,-0.21493259,-0.44836177,5.1865592,-1.8244099,-0.57134203
0.4159996,-2.182007,-1.0161221,1.3726836,-1.9411922,0.5136673,-0.16963064,-1.0506708,0.05618475,-0.44228075,4.9264693,-2.0979105,-0.58490335
0.41631946,-2.1723133,-0.97639302,1.3712488,-1.9597967,0.35999104,-0.1767487,-1.0676488,0.33185449,-0.44058277,4.6780557,-2.3559413,-0.59986502
0.41663929,-2.1637546,-0.9355462,1.3692996,-1.9787893,0.19678236,-0.18398241,-1.0859773,0.61272492,-0.44448746,4.4505955,-2.5917837,-0.61632734
0.41695911,-2.156236,-0.89381122,1.3671939,-1.994453,0.024398479,-0.19088012,-1.1068479,0.89840165,-0.4446725,4.2412779,-2.8024599,-0.63390389
0.41727891,-2.1499737,-0.85160349,1.3650109,-2.0051071,-0.15616738,-0.19736081,-1.1310264,1.1868216,-0.43746323,4.0494016,-2.986484,-0.65165843
0.41759869,-2.1449939,-0.80874947,1.3629476,-2.0105372,-0.34606365,-0.20170058,-1.157687,1.4736434,-0.4242099,3.8744615,-3.1381956,-0.66783272
0.41791845,-2.1418655,-0.76589631,1.3606391,-2.0097611,-0.52703641,-0.20562956,-1.186785,1.7578881,-0.4092248,3.7159396,-3.2612627,-0.6828534
0.41823819,-2.13917,-0.72285409,1.358548,-2.0018161,-0.70180592,-0.20795803,-1.218229,2.0399983,-0.39212179,3.5704436,-3.3567926,-0.69676022
0.41855791,-2.1371503,-0.67993121,1.3560333,-1.9872491,-0.87913012,-0.2100613,-1.253139,2.3202932,-0.37396169,3.4385714,-3.4252128,-0.7089735
0.41887762,-2.1359304,-0.63794276,1.352849,-1.9655365,-1.0545099,-0.21215272,-1.2930475,2.5971333,-0.35339559,3.3143929,-3.4685551,-0.71955437
0.41919731,-2.1354283,-0.59639769,1.3503794,-1.9376325,-1.2339731,-0.213775,-1.3386072,2.8666938,-0.32959931,3.1917432,-3.4884894,-0.72822957
0.41951698,-2.1356103,-0.55580678,1.3480655,-1.9053746,-1.4156965,-0.21389529,-1.3861261,3.1284794,-0.30607951,3.0775249,-3.4845376,-0.73668626
0.41983663,-2.1362124,-0.5162427,1.3459915,-1.8680702,-1.592668,-0.2126653,-1.4298227,3.3777335,-0.28362181,2.9703464,-3.4581454,-0.74608874
0.42015626,-2.1373072,-0.47675717,1.3441208,-1.8294771,-1.759541,-0.21130265,-1.473993,3.613838,-0.26286293,2.8716955,-3.4106849,-0.75640743
0.42047587,-2.1387108,-0.43828013,1.3409261,-1.7771912,-1.9149764,-0.20953209,-1.51711,3.8332695,-0.24459664,2.7858802,-3.3439863,-0.76771978
0.42079546,-2.1406574,-0.40100334,1.3378741,-1.7065972,-2.0574502,-0.20664107,-1.5552018,4.0330722,-0.2279222,2.7212027,-3.2602497,-0.78057195
0.42111504,-2.1428022,-0.36515937,1.3349612,-1.6277748,-2.1889922,-0.20405766,-1.5861253,4.2122769,-0.21378592,2.6717267,-3.1590304,-0.79544648
0.42143459,-2.1452144,-0.33105795,1.3320309,-1.5447811,-2.317886,-0.20011572,-1.6050785,4.3685491,-0.20351442,2.6381436,-3.0431994,-0.81229586
0.42175413,-2.1485818,-0.29903863,1.3293825,-1.4584861,-2.4349689,-0.19457404,-1.6089972,4.5010311,-0.198007,2.6188866,-2.9129123,-0.83089029
0.42207365,-2.1530379,-0.26897913,1.3270744,-1.3664932,-2.5381353,-0.18738275,-1.596427,4.6096237,-0.19765971,2.6150005,-2.7629194,-0.84938921
0.42239315,-2.1586769,-0.24028556,1.3244576,-1.2720906,-2.6266871,-0.18147186,-1.5706148,4.6946269,-0.20231976,2.622923,-2.592559,-0.86767668
0.42271263,-2.1646023,-0.21362657,1.3216519,-1.1753617,-2.6993001,-0.17664543,-1.5332096,4.7580881,-0.21026694,2.6408124,-2.4046349,-0.88409429
0.42303209,-2.1708686,-0.18864265,1.3189102,-1.0763251,-2.7584836,-0.17124396,-1.4831591,4.8008772,-0.22118931,2.6666748,-2.1997852,-0.89667153
0.42335154,-2.1771446,-0.16646201,1.3163378,-0.9755115,-2.8030424,-0.16483671,-1.4193598,4.824262,-0.23544198,2.7004358,-1.9759885,-0.90565653
0.42367096,-2.1841546,-0.14651726,1.3137411,-0.87437781,-2.8343404,-0.15825992,-1.3410161,4.8304455,-0.251918,2.7409065,-1.7299675,-0.90888963
0.42399037,-2.1915709,-0.12860058,1.3113274,-0.77372775,-2.8509049,-0.15134829,-1.2478216,4.8184972,-0.26959716,2.7840149,-1.4619834,-0.90693536
0.42430975,-2.1990666,-0.11291548,1.3085227,-0.67520935,-2.8540565,-0.1443355,-1.1431575,4.790189,-0.28783918,2.829443,-1.1735468,-0.89767199
0.42462912,-2.2065111,-0.099698929,1.3056058,-0.58008521,-2.8446141,-0.13696672,-1.0281614,4.7483399,-0.30557174,2.875431,-0.86756581,-0.88100427
0.42494847,-2.2134093,-0.089363725,1.3024502,-0.48971931,-2.8244879,-0.13000615,-0.90334004,4.6938953,-0.32251293,2.9193955,-0.5450268,-0.85692162
0.4252678,-2.2197078,-0.081991237,1.2997548,-0.40260533,-2.7947044,-0.12286889,-0.77236668,4.6276917,-0.33759571,2.9622109,-0.2070978,-0.82282095
0.42558711,-2.2255996,-0.077096433,1.2971759,-0.31873084,-2.7551694,-0.11596004,-0.63524779,4.5504332,-0.3514886,3.0015797,0.14351381,-0.78302128
0.42590639,-2.2312455,-0.074795802,1.2948639,-0.24088491,-2.705315,-0.10862737,-0.49422399,4.4598779,-0.36201622,3.037494,0.50652102,-0.73592112
0.42622566,-2.2369558,-0.075204662,1.2928103,-0.16785533,-2.6460568,-0.10139838,-0.35188161,4.3582795,-0.37010962,3.0601039,0.87667942,-0.68340474
0.42654491,-2.2423783,-0.078337909,1.2910467,-0.10052447,-2.5779182,-0.094109289,-0.20792378,4.2488564,-0.37413566,3.0727056,1.2531017,-0.62841366
0.42686413,-2.2473058,-0.083950658,1.2895074,-0.039092306,-2.5012966,-0.087046115,-0.068448658,4.1271872,-0.3747018,3.07696,1.6380351,-0.56967679
0.42718333,-2.25214,-0.091756261,1.2882691,0.015966694,-2.416722,-0.080208087,0.066456843,3.9974484,-0.37119687,3.0735696,2.02364,-0.51670159
0.42750251,-2.2571291,-0.10196711,1.2870822,0.064658119,-2.3251139,-0.074090626,0.20565194,3.8589253,-0.36949088,3.067378,2.4014577,-0.46097141
0.42782166,-2.2620492,-0.11435267,1.2856977,0.10764843,-2.2273949,-0.068682985,0.33490394,3.7119761,-0.36912383,3.0588052,2.7610093,-0.40680881
0.4281408,-2.2664286,-0.12931084,1.2846162,0.14453135,-2.1252274,-0.06443171,0.46812311,3.5579369,-0.36578798,3.047267,3.0949713,-0.35459413
0.42845991,-2.2704679,-0.14657674,1.2837242,0.17647884,-2.0194886,-0.060149914,0.5989624,3.3970967,-0.36013262,3.0330045,3.4002815,-0.30580188
0.428779,-2.2743541,-0.16581249,1.282961,0.20196741,-1.9104731,-0.056709269,0.72535197,3.2300663,-0.34970373,3.0163905,3.6768133,-0.26232311
0.42909806,-2.277762,-0.18718257,1.282487,0.22279611,-1.7982102,-0.054610491,0.85307392,3.0589267,-0.33711785,3.0096043,3.9219171,-0.22399658
0.4294171,-2.2806137,-0.21054272,1.2822356,0.24010795,-1.6821112,-0.051854796,0.98161784,2.8860202,-0.32564118,3.0119518,4.1349326,-0.19172712
0.42973612,-2.2829812,-0.23563455,1.2819383,0.25371094,-1.5652235,-0.049098098,1.1029683,2.7105599,-0.31481929,3.0188919,4.3160266,-0.16569551
0.43005512,-2.2844571,-0.26239719,1.2815184,0.26444096,-1.4446285,-0.04719736,1.2149756,2.5315645,-0.30615809,3.034015,4.4650764,-0.14552099
0.43037409,-2.2851676,-0.29081944,1.2814112,0.2714961,-1.322387,-0.045980302,1.3181418,2.3480056,-0.29821573,3.0601003,4.5827407,-0.1327833
0.43069304,-2.2850185,-0.32041115,1.2817223,0.28000175,-1.1988956,-0.046090452,1.4122699,2.1605702,-0.28612232,3.1011541,4.6701573,-0.12565882
0.43101197,-2.2840349,-0.35105948,1.2817494,0.28724803,-1.0763193,-0.048652505,1.4952887,1.9702849,-0.27173265,3.1545179,4.7319774,-0.12275801
0.43133088,-2.2822698,-0.38263176,1.2818157,0.29339337,-0.9548073,-0.047838022,1.5651879,1.7751761,-0.25501748,3.2174209,4.7704959,-0.12413019
0.43164976,-2.2796694,-0.41490054,1.2817493,0.29934013,-0.83521681,-0.045431498,1.6211494,1.5716637,-0.23941961,3.2887779,4.7897819,-0.1291145
0.43196862,-2.2755584,-0.4473511,1.2816768,0.30531961,-0.71848277,-0.045534283,1.6636225,1.3618305,-0.23217715,3.3672147,4.7939517,-0.13643569
0.43228745,-2.2709385,-0.48075182,1.2816562,0.31147511,-0.6053314,-0.046093218,1.6934647,1.1451279,-0.22983439,3.4514942,4.7840684,-0.14500898
0.43260627,-2.2653734,-0.51441136,1.2818719,0.31762609,-0.49162143,-0.046990914,1.7119714,0.92387174,-0.22566562,3.539916,4.7624464,-0.15430869
0.43292506,-2.2589536,-0.54687511,1.2826616,0.32533744,-0.38105261,-0.047954841,1.7084019,0.70155325,-0.22027176,3.6314808,4.7295992,-0.1640245
0.43324383,-2.2516302,-0.57876488,1.2828347,0.33390217,-0.274837,-0.049548301,1.6839977,0.48011148,-0.21428705,3.7256029,4.6871323,-0.17402481
0.43356257,-2.2435305,-0.61071596,1.2828212,0.34323085,-0.17328247,-0.050680573,1.6468346,0.25900021,-0.20665659,3.8212059,4.6343968,-0.18377503
0.43388129,-2.2347641,-0.64173139,1.28256,0.35463095,-0.078226703,-0.051368795,1.5962583,0.040627936,-0.1983714,3.9177214,4.5720345,-0.19278686
0.43419999,-2.2252093,-0.67181252,1.2826254,0.36839903,0.0094190143,-0.053362641,1.5331745,-0.17190134,-0.19105825,4.0138858,4.5007869,-0.20134386
0.43451867,-2.2151115,-0.70030016,1.2827725,0.37596854,0.091525005,-0.055221799,1.4566835,-0.37559617,-0.18317482,4.1087881,4.4227105,-0.20980369
0.43483732,-2.2044972,-0.72749999,1.2829413,0.38371992,0.16508975,-0.056826801,1.3657228,-0.56871357,-0.17409107,4.2035086,4.3380754,-0.21864384
0.43515596,-2.192505,-0.75340697,1.2831388,0.39148011,0.23086984,-0.058836192,1.260604,-0.74986924,-0.16456892,4.3018389,4.2477793,-0.22747318
0.43547456,-2.1800247,-0.7777348,1.2832079,0.39826512,0.28976583,-0.060588,1.1486101,-0.91782445,-0.15632024,4.4027268,4.1520807,-0.23722359
0.43579315,-2.1670125,-0.8004581,1.2832484,0.40531062,0.33794648,-0.062408957,1.0278196,-1.071084,-0.15028,4.5053045,4.0516738,-0.24783581
0.43611171,-2.1537819,-0.82106953,1.2832113,0.41069113,0.37910673,-0.064281749,0.89772666,-1.2064006,-0.143885,4.6089454,3.9495933,-0.25932855
0.43643025,-2.1398392,-0.83942674,1.2831332,0.41330578,0.41252298,-0.06537421,0.76094059,-1.3205599,-0.13879742,4.7132351,3.8451548,-0.2714636
0.43674877,-2.1256001,-0.85550448,1.2830858,0.41484185,0.43650232,-0.065041746,0.61982616,-1.4105358,-0.1340488,4.8172331,3.7387614,-0.28392798
0.43706727,-2.1110788,-0.86929951,1.2827987,0.41449315,0.45148642,-0.065422476,0.47831401,-1.4772702,-0.13030975,4.9192804,3.6311631,-0.29682874
0.43738574,-2.0962075,-0.88076651,1.2824283,0.41155637,0.45760557,-0.065808779,0.33975563,-1.5208872,-0.12718266,5.0168897,3.5219754,-0.31014318
0.43770419,-2.0810165,-0.88962298,1.2819433,0.40926661,0.45634579,-0.065796366,0.20119174,-1.5432108,-0.12613131,5.1090481,3.4136093,-0.32320383
0.43802262,-2.0657352,-0.8958711,1.2813685,0.40923618,0.44941469,-0.066052901,0.064683572,-1.5437754,-0.12725405,5.197476,3.3072293,-0.33593199
0.43834102,-2.050608,-0.8995792,1.280711,0.40718114,0.43456232,-0.065698134,-0.067213406,-1.522964,-0.1302122,5.2781185,3.2003398,-0.34841083
0.4386594,-2.0354596,-0.90074305,1.2799269,0.40512203,0.41305778,-0.06555851,-0.1953581,-1.4817465,-0.13632451,5.3499721,3.0931237,-0.360713
0.43897776,-2.0203308,-0.89936566,1.2789126,0.40212874,0.3849379,-0.065424642,-0.31835842,-1.4213283,-0.14329546,5.4102139,2.9841465,-0.37319309
0.4392961,-2.0053277,-0.89542139,1.2778374,0.39832843,0.34908186,-0.065265642,-0.43572392,-1.3425206,-0.15203584,5.4638271,2.8758733,-0.38610044
0.43961441,-1.9906532,-0.88901086,1.2766418,0.39457226,0.30762661,-0.06537005,-0.54375992,-1.2437859,-0.16232776,5.5134598,2.7696434,-0.39581638
0.4399327,-1.9765508,-0.88006768,1.2752628,0.39072104,0.25974866,-0.064609121,-0.63947276,-1.1245052,-0.17483329,5.5535257,2.6604644,-0.40411498
0.44025097,-1.9629443,-0.86881445,1.2737233,0.38752821,0.2048232,-0.063712593,-0.73181977,-0.98373817,-0.18556796,5.5831935,2.5464486,-0.41154189
0.44056921,-1.9499671,-0.85535759,1.2720765,0.38512882,0.14337822,-0.062828436,-0.81800129,-0.82687566,-0.19472144,5.6023459,2.4228836,-0.41662442
0.44088743,-1.9374487,-0.83954618,1.2704402,0.383408,0.075299742,-0.062231609,-0.89486346,-0.65606242,-0.20198725,5.6101877,2.2913669,-0.42343348
0.44120561,-1.9255421,-0.82157368,1.2686401,0.382524,0.0010806622,-0.060961099,-0.96139043,-0.47180792,-0.20714915,5.6049272,2.1505604,-0.42424529
0.44152377,-1.9142539,-0.80168827,1.2665575,0.38240211,-0.080273671,-0.058801816,-1.0177363,-0.27610253,-0.21163373,5.5863241,1.9967983,-0.41874241
0.44184191,-1.9035794,-0.779918,1.2644251,0.38425381,-0.16713946,-0.05635686,-1.0650775,-0.07167229,-0.21840564,5.5552226,1.8277528,-0.40942202
0.44216002,-1.8940311,-0.75658646,1.2623378,0.38913799,-0.25969127,-0.053395845,-1.1063873,0.14056678,-0.22344808,5.5132171,1.6419625,-0.39887252
0.4424781,-1.885644,-0.73174666,1.2600402,0.39506575,-0.35746399,-0.050578379,-1.1447807,0.35810054,-0.22702035,5.454829,1.4408641,-0.39014514
0.44279615,-1.8784448,-0.70548258,1.2574404,0.40383623,-0.45885846,-0.047915821,-1.1750705,0.58063113,-0.22593954,5.3804891,1.2268914,-0.37959099
0.44311418,-1.8724515,-0.67814435,1.2546274,0.4154907,-0.56274656,-0.04459167,-1.1974608,0.80842162,-0.22440407,5.2921015,1.0024908,-0.36569469
0.44343217,-1.867086,-0.64944982,1.2520653,0.43055889,-0.6697281,-0.04070427,-1.2186783,1.0404002,-0.22049149,5.191461,0.76856024,-0.34861612
0.44375015,-1.8626653,-0.61986893,1.2494781,0.44978672,-0.77971237,-0.036579859,-1.2368433,1.2746328,-0.21778618,5.0794182,0.53467054,-0.33601138
0.44406809,-1.8592561,-0.58942861,1.2468824,0.47311539,-0.89349278,-0.032064368,-1.2501977,1.5028056,-0.21450606,4.9530337,0.30356508,-0.32557877
0.44438601,-1.8567022,-0.55813079,1.2439144,0.50095278,-1.008567,-0.028648264,-1.2594103,1.7218988,-0.20989122,4.8162065,0.079417268,-0.31766827
0.4447039,-1.8550541,-0.52649683,1.2408006,0.53293902,-1.1224064,-0.025179943,-1.2647116,1.9335892,-0.20432541,4.6760822,-0.13248502,-0.30963556
0.44502176,-1.85424,-0.49521754,1.2380227,0.56903467,-1.2345039,-0.021295157,-1.2678159,2.1383991,-0.19825438,4.5346512,-0.33006142,-0.30232889
0.4453396,-1.854109,-0.46349303,1.2355485,0.60839945,-1.343635,-0.017402418,-1.2709719,2.3347626,-0.19171083,4.3943628,-0.50996777,-0.29820572
0.44565741,-1.8547843,-0.4318343,1.2325701,0.64980999,-1.4500472,-0.013674159,-1.2757362,2.5209974,-0.18386812,4.2577234,-0.67002839,-0.29698547
0.44597519,-1.8562384,-0.40069113,1.2295201,0.69533075,-1.5507845,-0.010537921,-1.2811282,2.6914838,-0.17610811,4.12034,-0.80896958,-0.29752834
0.44629295,-1.8583708,-0.37023621,1.2265017,0.74466796,-1.6475951,-0.0081102103,-1.2848999,2.8455602,-0.16809252,3.9823964,-0.92456102,-0.30012456
0.44661068,-1.8604407,-0.33973828,1.2238544,0.79789576,-1.7366304,-0.0065415146,-1.2927834,2.9874039,-0.16009978,3.8446505,-1.0137829,-0.30320093
0.44692838,-1.864055,-0.30926267,1.2212078,0.85304632,-1.8183576,-0.0038839545,-1.3076458,3.1191429,-0.1519315,3.7090602,-1.0767231,-0.30763794
0.44724605,-1.8681945,-0.27876159,1.21847,0.90851184,-1.8910555,-0.0012858609,-1.3291864,3.2386592,-0.14533464,3.5773865,-1.114582,-0.3126404
0.4475637,-1.8728979,-0.24915746,1.2154013,0.9626201,-1.9558787,0.00060644331,-1.3574914,3.3432168,-0.13934093,3.4505284,-1.1295188,-0.31815311
0.44788132,-1.8779856,-0.22100428,1.2119368,1.0175667,-2.0120347,0.0019379622,-1.3923019,3.4308742,-0.13333059,3.3287797,-1.1223901,-0.32347593
0.44819891,-1.8831533,-0.19431566,1.2086553,1.0703611,-2.0569767,0.0039312785,-1.4313583,3.500191,-0.12717599,3.2125572,-1.0938209,-0.3281366
0.44851648,-1.889219,-0.1688376,1.2054843,1.1228444,-2.0930323,0.0064361478,-1.475303,3.5540812,-0.12108941,3.1012801,-1.0455098,-0.33164585
0.44883402,-1.8957698,-0.14499746,1.2028178,1.1741846,-2.1198144,0.00852153,-1.5239114,3.5923529,-0.11500474,2.9958513,-0.97835567,-0.33299774
0.44915154,-1.9024734,-0.12258332,1.2002716,1.2235854,-2.1366419,0.0098025731,-1.5771142,3.6165381,-0.10926274,2.895855,-0.89379135,-0.33343326
0.44946902,-1.9097367,-0.10194401,1.1978195,1.2696604,-2.1442453,0.010532318,-1.6325589,3.6231284,-0.10221852,2.7988774,-0.79240074,-0.332625
0.44978648,-1.9172444,-0.083047645,1.1954332,1.3115832,-2.1429618,0.011196762,-1.6875664,3.612944,-0.09451286,2.7049593,-0.67915727,-0.32937993
0.45010392,-1.9252695,-0.066057046,1.1932897,1.3500945,-2.1330675,0.012102537,-1.7416988,3.5857299,-0.086764234,2.6142653,-0.55225734,-0.32392161
0.45042132,-1.933767,-0.050614633,1.1912966,1.3849296,-2.1139239,0.012607377,-1.7939037,3.5467741,-0.078259466,2.5276249,-0.41300685,-0.31708826
0.4507387,-1.9424266,-0.037030136,1.1895587,1.4155945,-2.0855008,0.012811799,-1.8426796,3.4932577,-0.070139056,2.4458687,-0.26260266,-0.30977673
0.45105606,-1.9510854,-0.025449467,1.1877886,1.441193,-2.0488347,0.01269441,-1.8877644,3.4231545,-0.062612695,2.3688533,-0.10105129,-0.30348009
0.45137339,-1.9598719,-0.016014929,1.1861403,1.4617618,-2.0042799,0.012480457,-1.9302687,3.3359037,-0.055011337,2.2998467,0.070201144,-0.29754242
0.45169069,-1.9688686,-0.0088651335,1.1846588,1.4778978,-1.9524084,0.011930644,-1.9662016,3.2293239,-0.047600958,2.2366009,0.25065659,-0.29144302
0.45200796,-1.9780108,-0.0037254245,1.1832992,1.490214,-1.8936315,0.011146154,-1.9998753,3.1052867,-0.039445582,2.1771092,0.43800762,-0.28713039
0.45232521,-1.9874052,-0.0021171092,1.1822247,1.4991751,-1.8279526,0.009855337,-2.0271023,2.9632823,-0.031786442,2.1220645,0.63213843,-0.28506272
0.45264243,-1.9964807,-0.0031763997,1.1815928,1.5040046,-1.7560123,0.0082774779,-2.0475006,2.8024475,-0.024695836,2.07106,0.83033433,-0.28565304
0.45295962,-2.005233,-0.0067584785,1.1812565,1.5043747,-1.6782334,0.0062940677,-2.060794,2.623739,-0.017827836,2.0248623,1.0361839,-0.28604746
0.45327679,-2.0135296,-0.012766018,1.1813547,1.5009637,-1.5951682,0.0042087888,-2.0674054,2.4277218,-0.010844543,1.9800592,1.249822,-0.28609124
0.45359393,-2.0214339,-0.021046134,1.1814828,1.4946297,-1.5071464,0.0016899959,-2.0666691,2.2141255,-0.0058427993,1.931523,1.4676955,-0.28874718
0.45391105,-2.0287688,-0.031467049,1.1819782,1.4850076,-1.413529,-0.0016032916,-2.0669242,1.9888422,-0.00034583644,1.8813673,1.6885596,-0.29370367
0.45422813,-2.035401,-0.044111783,1.182626,1.4720656,-1.3169423,-0.0053371534,-2.0695921,1.7531366,0.0079605172,1.8304913,1.9121945,-0.29728357
0.45454519,-2.0411814,-0.059208155,1.1835685,1.4561373,-1.2168237,-0.0089288548,-2.0670966,1.5118836,0.013982183,1.7792935,2.1365764,-0.29754553
0.45486223,-2.046227,-0.076460691,1.1847159,1.4375648,-1.1131102,-0.013251244,-2.0582335,1.2643094,0.015512275,1.728148,2.3610181,-0.29523795
0.45517923,-2.0502623,-0.096509347,1.1857128,1.4173588,-1.0060584,-0.017780951,-2.0432234,1.0097572,0.017745185,1.6777467,2.5775669,-0.29067275
0.4554962,-2.053482,-0.11911349,1.1868279,1.3956339,-0.89665081,-0.022385619,-2.0213635,0.75112526,0.026384201,1.6272807,2.7871352,-0.28398952
0.45581315,-2.0558023,-0.14364464,1.1877979,1.3724377,-0.78572577,-0.02816578,-1.9923566,0.48931591,0.035976754,1.576921,2.9875318,-0.27719758
0.45613006,-2.0573602,-0.16988048,1.1887086,1.3478624,-0.67357249,-0.033729478,-1.9570167,0.2292835,0.034565292,1.5279498,3.1802296,-0.26658116
0.45644694,-2.0580266,-0.19778235,1.189771,1.3222535,-0.56142289,-0.039746255,-1.9151158,-0.035126629,0.027513741,1.4805563,3.3621651,-0.25215669
0.45676379,-2.0575229,-0.22694827,1.1911778,1.2963489,-0.44945421,-0.044991425,-1.8637245,-0.29169208,0.022315843,1.4382577,3.5326417,-0.2335604
0.45708061,-2.0559423,-0.25701648,1.1927486,1.2704813,-0.33666452,-0.050832547,-1.8019123,-0.53587409,0.020088062,1.4061996,3.6895025,-0.21058803
0.45739741,-2.053282,-0.28841395,1.1943961,1.2442448,-0.22571598,-0.056699726,-1.7310349,-0.77638854,0.018639097,1.3836327,3.831186,-0.18524253
0.45771417,-2.0495568,-0.32060936,1.1959629,1.2177208,-0.11565024,-0.063332603,-1.6544839,-1.0122392,0.01841731,1.3710907,3.9578932,-0.15969155
0.4580309,-2.0449108,-0.3532767,1.197117,1.1921797,-0.0073683645,-0.069604679,-1.5815198,-1.2349988,0.016618798,1.3695695,4.070288,-0.13241548
0.4583476,-2.0396193,-0.38635697,1.1981359,1.1686142,0.0979638,-0.074778477,-1.5090974,-1.4518035,0.014684096,1.3796244,4.16809,-0.10423292
0.45866428,-2.0332657,-0.41959657,1.1996709,1.1452353,0.19970163,-0.081184651,-1.4370728,-1.6604525,0.010307997,1.402501,4.2501825,-0.076063695
0.45898092,-2.0255858,-0.45236995,1.2016486,1.1193142,0.29643201,-0.087175078,-1.3659311,-1.8594826,0.0029811422,1.4356174,4.3198085,-0.0487373
0.45929754,-2.0167876,-0.48490551,1.2034515,1.0934906,0.3873877,-0.093098822,-1.2968426,-2.0472806,-0.0041513389,1.4789544,4.3774366,-0.023420176
0.45961412,-2.0070054,-0.51676613,1.2051312,1.0686308,0.47281941,-0.09979469,-1.2309307,-2.2189736,-0.0085744801,1.5289284,4.4225197,0.0016720763
0.45993068,-1.9964129,-0.54806564,1.206768,1.0424579,0.55003193,-0.10518929,-1.1663339,-2.3738392,-0.012019735,1.5839755,4.4549024,0.024285979
0.4602472,-1.9851281,-0.57853197,1.2083438,1.0151478,0.62562536,-0.11018821,-1.1064113,-2.5110673,-0.016532776,1.6430739,4.4748599,0.042915431
0.4605637,-1.9730686,-0.60789782,1.2102802,0.98477543,0.69524624,-0.11495294,-1.0528656,-2.6321475,-0.02111175,1.7042798,4.4821548,0.058958732
0.46088017,-1.9605371,-0.63590286,1.2122073,0.95731438,0.75797686,-0.11949909,-1.0099645,-2.7323085,-0.025569988,1.7678046,4.4744546,0.071211909
0.46119662,-1.9472801,-0.66254407,1.2140236,0.93123772,0.81595453,-0.12398657,-0.97322174,-2.8121108,-0.03062683,1.8317964,4.4533879,0.080580602
0.46151303,-1.9334921,-0.68745502,1.2158692,0.90385344,0.8679932,-0.12874851,-0.94518665,-2.8727655,-0.035963735,1.8959027,4.4187422,0.088627916
0.46182942,-1.9192538,-0.7108031,1.2175918,0.87534352,0.91232406,-0.13371817,-0.92681366,-2.9147038,-0.041242723,1.9592978,4.3700765,0.093295493
0.46214578,-1.9045261,-0.7321689,1.2192711,0.84870323,0.94864517,-0.13784437,-0.92036521,-2.9396058,-0.04613454,2.0211722,4.3092647,0.09490096
0.46246211,-1.8893423,-0.75120138,1.2211105,0.82113214,0.97802655,-0.14183504,-0.92264187,-2.9460471,-0.051578546,2.0814087,4.2358215,0.091933832
0.46277841,-1.8733374,-0.76804546,1.2229225,0.79219483,0.99954161,-0.14568269,-0.93253572,-2.9342657,-0.05786504,2.139366,4.1511171,0.085263005
0.46309469,-1.8569754,-0.78261957,1.2246778,0.76300782,1.0123395,-0.14983632,-0.94968142,-2.9034077,-0.064862339,2.1973446,4.0574814,0.077119655
0.46341094,-1.8407805,-0.79499426,1.2264934,0.73354141,1.0172587,-0.15381656,-0.97539511,-2.8539929,-0.072448259,2.255505,3.9528484,0.066894368
0.46372716,-1.824719,-0.80511483,1.2281703,0.70307691,1.0143418,-0.15801231,-1.008347,-2.7862253,-0.080366926,2.3133794,3.8392311,0.054874669
0.46404335,-1.8087752,-0.81273592,1.2297514,0.67220416,1.0030517,-0.16250256,-1.0484071,-2.7011084,-0.088973271,2.3705364,3.7167233,0.040124255
0.46435952,-1.7929001,-0.81779911,1.2312149,0.64113121,0.98315224,-0.16736347,-1.0963847,-2.6002068,-0.098099449,2.4258725,3.585703,0.022940687
0.46467566,-1.7772948,-0.82039914,1.2326848,0.60849958,0.95552832,-0.17202434,-1.1484135,-2.4816612,-0.10784199,2.4819232,3.4488461,0.0041031108
0.46499177,-1.7621974,-0.82053898,1.2342028,0.57592106,0.92041152,-0.17608356,-1.2050061,-2.3459543,-0.1182211,2.5425359,3.3072241,-0.012688584
0.46530785,-1.7477053,-0.81831853,1.2356436,0.54342695,0.87705811,-0.18044014,-1.2642471,-2.1949355,-0.1299566,2.6044924,3.16077,-0.028253655
0.4656239,-1.7336581,-0.81374816,1.2371353,0.50989292,0.826023,-0.18330838,-1.3258206,-2.0290228,-0.14205264,2.6668016,3.0086525,-0.043215582
0.46593992,-1.7200719,-0.80681617,1.2387214,0.47705248,0.76694213,-0.18551238,-1.3900912,-1.8491295,-0.15471584,2.7269156,2.8480269,-0.059448013
0.46625591,-1.7069672,-0.79776633,1.2403149,0.44531739,0.69997953,-0.18707383,-1.4555621,-1.6566428,-0.16825483,2.7846042,2.6761189,-0.075874158
0.46657187,-1.6944366,-0.78651942,1.2418915,0.41418763,0.62621181,-0.18917448,-1.5208562,-1.4523385,-0.18121673,2.8381137,2.4931905,-0.091514485
0.4668878,-1.6824882,-0.77316206,1.2435855,0.38401239,0.54536675,-0.19156678,-1.5829564,-1.2367417,-0.19426618,2.8867291,2.2996687,-0.10510543
0.4672037,-1.6713148,-0.75789646,1.245231,0.35553868,0.45760576,-0.19406308,-1.6449871,-1.0129245,-0.20692408,2.930452,2.0950125,-0.11340814
0.46751957,-1.6608342,-0.74089213,1.2470291,0.3296088,0.36487253,-0.19667803,-1.7096674,-0.77929858,-0.21936824,2.9687622,1.8763492,-0.11908913
0.4678354,-1.6511264,-0.72207382,1.2487929,0.30636438,0.26930937,-0.19955161,-1.775547,-0.53793982,-0.23159102,3.0008603,1.6437052,-0.12333805
0.46815121,-1.642317,-0.70179205,1.2504303,0.28544808,0.16092989,-0.20134164,-1.8403841,-0.29220727,-0.24222869,3.0221896,1.3982372,-0.12601378
0.46846699,-1.6342454,-0.68006609,1.251971,0.26820235,0.04513741,-0.2053793,-1.9033436,-0.042670098,-0.25326311,3.0322629,1.1421256,-0.12780481
0.46878273,-1.6271452,-0.65699531,1.2534253,0.2547816,-0.076223469,-0.20912227,-1.9626062,0.21291685,-0.26062706,3.0306765,0.87701121,-0.12610085
0.46909845,-1.6209094,-0.63257627,1.2547772,0.24264395,-0.20420752,-0.21263177,-2.0192339,0.47212832,-0.27450074,3.0174075,0.60668789,-0.12147521
0.46941414,-1.615457,-0.60681753,1.2561861,0.23452495,-0.33649971,-0.21715714,-2.0730611,0.72569628,-0.2815697,2.9919928,0.33305916,-0.11367866
0.46972979,-1.6109808,-0.57998237,1.257823,0.23170092,-0.47094722,-0.22226718,-2.12475,0.97238173,-0.28862958,2.9529846,0.061207724,-0.10624574
0.47004542,-1.60731,-0.55237202,1.2593785,0.23400865,-0.60697116,-0.22813672,-2.176432,1.2126504,-0.2948819,2.9013553,-0.20677008,-0.10252621
0.47036101,-1.6051116,-0.52395133,1.2609961,0.24243068,-0.74242854,-0.2349257,-2.2227465,1.4519808,-0.2999082,2.837247,-0.46840316,-0.099657468
0.47067658,-1.6038405,-0.49506998,1.2623862,0.2583425,-0.88212042,-0.23763695,-2.2671602,1.6927036,-0.30274684,2.7652181,-0.72225849,-0.097042675
0.47099212,-1.6034905,-0.46586109,1.2634482,0.27676367,-1.0247741,-0.24405466,-2.3109266,1.9302567,-0.30405105,2.6873174,-0.96647057,-0.096118187
0.47130763,-1.6039312,-0.43652314,1.2645535,0.30206273,-1.1662716,-0.25106983,-2.3554208,2.1618777,-0.30547621,2.6049425,-1.1964641,-0.093156948
0.47162311,-1.6052086,-0.40698853,1.2658049,0.33329872,-1.3048539,-0.25894026,-2.3987755,2.3855168,-0.30461639,2.5203783,-1.4088694,-0.090399781
0.47193856,-1.607266,-0.37712308,1.2671066,0.36867116,-1.4382805,-0.26635882,-2.4353844,2.5995388,-0.30166413,2.4349165,-1.6026247,-0.090576096
0.47225399,-1.6102242,-0.34722676,1.2682619,0.40753534,-1.5669596,-0.27488096,-2.4669442,2.8035781,-0.29759924,2.3494377,-1.7769489,-0.09224604
0.47256938,-1.6140911,-0.31725991,1.2695682,0.45698599,-1.6920802,-0.28166656,-2.5003055,2.9989536,-0.29233799,2.2654106,-1.9303064,-0.095330296
0.47288475,-1.6186425,-0.28725103,1.2709307,0.51095256,-1.8092642,-0.28970336,-2.5362164,3.1850751,-0.28558721,2.1837239,-2.0576586,-0.0992521
0.47320009,-1.6239863,-0.25768994,1.2722117,0.56802483,-1.9174031,-0.29747658,-2.575687,3.3624196,-0.27672491,2.1052709,-2.1555046,-0.10391548
0.47351541,-1.6297941,-0.2288024,1.2735447,0.62684418,-2.0145561,-0.30570157,-2.6168082,3.5303102,-0.26686472,2.0312487,-2.2238803,-0.10981933
0.47383069,-1.6361549,-0.20089589,1.2748001,0.6888458,-2.1005605,-0.31389822,-2.6603031,3.6897791,-0.25524909,1.9616224,-2.2647332,-0.11710069
0.47414595,-1.6427456,-0.1741889,1.2757718,0.75298336,-2.1749261,-0.32148715,-2.7028489,3.8381238,-0.24180813,1.8929836,-2.2789966,-0.12559862
0.47446118,-1.6494465,-0.14870444,1.2768461,0.82084654,-2.236802,-0.32900049,-2.7456388,3.9714404,-0.22744833,1.8235965,-2.2679069,-0.13436964
0.47477639,-1.6562347,-0.12468598,1.2781073,0.88921579,-2.2930911,-0.33662221,-2.7877379,4.0915202,-0.21116751,1.7551983,-2.2317558,-0.14289128
0.47509157,-1.6633279,-0.10169591,1.2795504,0.95759778,-2.3401755,-0.34358162,-2.8295399,4.1996323,-0.19500601,1.6896874,-2.1688513,-0.15246671
0.47540672,-1.6708955,-0.079829908,1.2811418,1.0243901,-2.3772307,-0.35072795,-2.8692817,4.2964118,-0.17680368,1.6284805,-2.0820752,-0.16343134
0.47572185,-1.6790076,-0.059264111,1.2827879,1.0880238,-2.4046989,-0.35775308,-2.9036099,4.3730944,-0.15823434,1.5722032,-1.9730123,-0.17551879
0.47603695,-1.6875915,-0.040115116,1.2845982,1.1483427,-2.4222329,-0.36576343,-2.9323168,4.4343695,-0.1393062,1.5214953,-1.8412451,-0.18665784
0.47635202,-1.6962746,-0.022606847,1.2864781,1.2041105,-2.4276001,-0.37078874,-2.9544545,4.4806037,-0.11968245,1.4774298,-1.6879821,-0.1962372
0.47666707,-1.7049104,-0.0069868777,1.2883592,1.2548327,-2.4247459,-0.37461262,-2.9707932,4.5092656,-0.10004202,1.4405232,-1.5131551,-0.20713799
0.4769821,-1.7134983,0.0066043355,1.290551,1.3027563,-2.4132421,-0.37808734,-2.9797788,4.5219322,-0.080479061,1.4124267,-1.3203622,-0.22064672
0.4772971,-1.7219984,0.018171618,1.2929788,1.3461929,-2.3925464,-0.38093019,-2.9822337,4.5194384,-0.061675232,1.3933076,-1.1068747,-0.23035046
0.47761208,-1.7303816,0.027738542,1.2955548,1.3843429,-2.3639581,-0.38329444,-2.9781676,4.5019356,-0.043733157,1.3835058,-0.87475869,-0.23827086
0.47792704,-1.7384246,0.03527035,1.2981582,1.4172276,-2.327515,-0.38539264,-2.967266,4.4676376,-0.026665044,1.3807665,-0.62623933,-0.24311851
0.47824197,-1.7461125,0.040670608,1.3007426,1.4444472,-2.2840345,-0.38707958,-2.948504,4.4177915,-0.010183527,1.3858012,-0.35708309,-0.25090653
0.47855688,-1.7536581,0.044098885,1.3035181,1.4665326,-2.2334858,-0.38880077,-2.921959,4.3528465,0.0048592131,1.4015058,-0.070837885,-0.25880601
0.47887176,-1.7608975,0.045460219,1.3065298,1.4824905,-2.1763038,-0.39031367,-2.8880442,4.2721667,0.018221072,1.4274847,0.23253751,-0.26460776
0.47918662,-1.7678459,0.044883691,1.3098012,1.4928128,-2.1118113,-0.39179598,-2.848366,4.1776887,0.030314464,1.4621374,0.54905536,-0.27200523
0.47950146,-1.7742745,0.042356446,1.3131736,1.4979113,-2.0400247,-0.39307378,-2.8036962,4.06834,0.040708046,1.4961401,0.87399329,-0.27930825
0.47981628,-1.780245,0.037792049,1.3166047,1.4986154,-1.9622119,-0.39419142,-2.754963,3.9425719,0.049738011,1.5264988,1.2060591,-0.28274112
0.48013107,-1.7858294,0.031284157,1.3202515,1.4942474,-1.8791289,-0.39554779,-2.7006143,3.7991698,0.057087656,1.5605415,1.5501056,-0.28566948
0.48044585,-1.7911544,0.022751573,1.3238794,1.4853391,-1.7912708,-0.39729204,-2.6420107,3.63801,0.062337032,1.5959613,1.9013902,-0.28558647
0.4807606,-1.7958194,0.012246138,1.3276131,1.4711688,-1.6988516,-0.39909211,-2.5781543,3.4625416,0.066262428,1.6316375,2.2554893,-0.28836584
0.48107532,-1.7995959,6.3812714e-05,1.3313897,1.4538285,-1.6021704,-0.40094961,-2.5122848,3.271138,0.068287067,1.6672782,2.5972764,-0.29490604
0.48139003,-1.8021924,-0.013721965,1.3353544,1.433081,-1.5013989,-0.40303894,-2.4476544,3.0666912,0.069706609,1.7019084,2.924332,-0.29310724
0.48170471,-1.803563,-0.028990698,1.339541,1.4083322,-1.3982443,-0.4053522,-2.3715683,2.8530459,0.071007134,1.7359088,3.2438622,-0.28848961
0.48201937,-1.8037401,-0.045627449,1.3438869,1.3805104,-1.2910708,-0.40854122,-2.2846547,2.6285556,0.068040823,1.7670051,3.5514671,-0.28133773
0.48233401,-1.8027061,-0.063667166,1.3482074,1.3495791,-1.1796332,-0.41154998,-2.1958471,2.3929501,0.063883597,1.7969928,3.8426747,-0.27115859
0.48264862,-1.80062,-0.082871821,1.352389,1.3163485,-1.0676265,-0.41548911,-2.1115459,2.1481987,0.060279051,1.8337683,4.1108668,-0.25873427
0.48296321,-1.7973868,-0.10289829,1.3564126,1.2847024,-0.95321384,-0.4198068,-2.0282049,1.898491,0.056488913,1.8735599,4.3552698,-0.24082968
0.48327778,-1.7932714,-0.12375246,1.360094,1.2525605,-0.83596379,-0.4229128,-1.9407518,1.6442545,0.051287882,1.9164298,4.577381,-0.2195434
0.48359233,-1.7882715,-0.14523161,1.3634975,1.2198178,-0.71825777,-0.42548332,-1.8525785,1.3842705,0.048027529,1.9636086,4.7751995,-0.19544404
0.48390686,-1.7822871,-0.1674587,1.3671361,1.1864189,-0.60070115,-0.42806275,-1.7644719,1.1207622,0.048971479,2.019567,4.9466508,-0.16716814
0.48422136,-1.7755248,-0.18983161,1.3708621,1.1529808,-0.48410409,-0.43061857,-1.6763583,0.85872375,0.046476909,2.0849725,5.0910061,-0.13656963
0.48453584,-1.7679943,-0.21283189,1.3745235,1.1199715,-0.3694748,-0.43256612,-1.5921054,0.59607036,0.045297399,2.1579858,5.2099585,-0.10536661
0.4848503,-1.7596273,-0.23575954,1.3782824,1.0872002,-0.25150861,-0.43890817,-1.5147195,0.33192317,0.035818288,2.237173,5.3056075,-0.074802137
0.48516474,-1.7505157,-0.25841816,1.381816,1.0553144,-0.13399725,-0.44114264,-1.4425637,0.069125547,0.027021121,2.321837,5.3818146,-0.04393317
0.48547916,-1.7401773,-0.28110322,1.3852156,1.0251226,-0.019152955,-0.44231326,-1.3757627,-0.1971286,0.024035624,2.4117256,5.4380248,-0.013473875
0.48579355,-1.7296774,-0.30349903,1.3883547,0.99776404,0.091967752,-0.44463993,-1.3125209,-0.45295457,0.021950587,2.5060929,5.475391,0.015814473
0.48610792,-1.7184164,-0.32526021,1.3912494,0.97222405,0.20138558,-0.44672017,-1.2563132,-0.69578975,0.021207771,2.6040929,5.4953637,0.0438632
0.48642227,-1.706222,-0.34618686,1.3939618,0.94879174,0.30494751,-0.44897748,-1.2154274,-0.93084804,0.020809384,2.7050376,5.503372,0.069994087
0.4867366,-1.6934005,-0.36606883,1.3961881,0.92051594,0.40276569,-0.45128636,-1.1890624,-1.1499985,0.021249945,2.8060111,5.5013091,0.092766501
0.4870509,-1.6803094,-0.38455282,1.3982801,0.89028824,0.50239328,-0.45339514,-1.172139,-1.3620413,0.022811574,2.9052708,5.4883306,0.11198471
0.48736519,-1.6672489,-0.40233732,1.4007119,0.8601493,0.60000963,-0.4538903,-1.1679951,-1.5683198,0.025139271,3.0011114,5.4624325,0.12681318
0.48767945,-1.6544862,-0.41906981,1.4030519,0.82985984,0.69385143,-0.45419148,-1.1729619,-1.7632464,0.026917755,3.0929534,5.4235983,0.13658067
0.48799369,-1.6419282,-0.4346795,1.4049732,0.79776343,0.78167942,-0.45362217,-1.1858513,-1.9443016,0.030191161,3.1862509,5.3720882,0.14172293
0.48830791,-1.6297777,-0.44900874,1.4067364,0.77121802,0.86550729,-0.45225362,-1.2118333,-2.1118061,0.034451847,3.2799349,5.3060442,0.14208718
0.48862211,-1.6172468,-0.46191348,1.4085824,0.74568203,0.94297017,-0.45064018,-1.2521846,-2.2644794,0.038930758,3.3743383,5.2253486,0.13745856
0.48893629,-1.603632,-0.47353026,1.4103764,0.72182751,1.0134403,-0.44938339,-1.3047608,-2.4006053,0.043952645,3.4685862,5.1311297,0.12862234
0.48925045,-1.5896727,-0.48365502,1.4120661,0.69780601,1.0777338,-0.4456983,-1.3616598,-2.5175291,0.049614238,3.5618603,5.0210405,0.11585348
0.48956458,-1.5755332,-0.49210967,1.4136397,0.67183832,1.1365228,-0.44230721,-1.4257262,-2.6173223,0.055085333,3.6532752,4.8952612,0.099382054
0.48987869,-1.5612915,-0.49910291,1.414982,0.64471715,1.1877424,-0.43799995,-1.4961442,-2.6992526,0.060483494,3.7426727,4.7566038,0.080809356
0.49019279,-1.5468507,-0.50460829,1.4162623,0.61660546,1.231674,-0.43348013,-1.5721344,-2.7627227,0.064631623,3.8317246,4.6061347,0.060263535
0.49050686,-1.5321908,-0.50866203,1.4174996,0.58859594,1.2668164,-0.42842966,-1.6528915,-2.8058637,0.067989818,3.9206081,4.4466528,0.039373376
0.4908209,-1.5178918,-0.51120606,1.418683,0.55781261,1.2948079,-0.42321064,-1.7368699,-2.8306203,0.069896173,4.0067821,4.2785999,0.017972245
0.49113493,-1.503943,-0.51228422,1.4197162,0.52508978,1.314381,-0.41814884,-1.824529,-2.8372253,0.070047339,4.0896242,4.1018902,-0.002510085
0.49144894,-1.4904334,-0.51194972,1.420511,0.49189371,1.3253855,-0.4130247,-1.9105064,-2.8264675,0.069861906,4.169404,3.9181466,-0.020739782
0.49176292,-1.4774535,-0.51038556,1.4211309,0.45823377,1.3278999,-0.4076709,-1.9965046,-2.7977284,0.068866426,4.2482907,3.7296666,-0.0378848
0.49207689,-1.4650209,-0.50763535,1.4215949,0.42307522,1.3226164,-0.40235441,-2.0819278,-2.7515013,0.06648385,4.32752,3.5386349,-0.052792036
0.49239083,-1.4531557,-0.50364065,1.4218457,0.38628197,1.3093137,-0.39726356,-2.1644545,-2.6888543,0.062616358,4.4047423,3.3468373,-0.064569636
0.49270475,-1.4420408,-0.49854333,1.4219223,0.34908563,1.2876523,-0.39271309,-2.2449453,-2.6105755,0.057385286,4.4783644,3.1561002,-0.074617837
0.49301865,-1.4315654,-0.49225849,1.4218866,0.31106359,1.257585,-0.38838487,-2.3242527,-2.5156172,0.051525847,4.5458226,2.9670379,-0.081054242
0.49333253,-1.4218375,-0.48483879,1.4217037,0.2721567,1.2195259,-0.38446128,-2.4025509,-2.4059011,0.044894039,4.6153499,2.7811311,-0.087158613
0.49364639,-1.412936,-0.47646086,1.4214383,0.23182777,1.1730714,-0.38138521,-2.4787809,-2.2824178,0.03784249,4.6882963,2.5988574,-0.089538799
0.49396023,-1.4045409,-0.46719208,1.4211606,0.19007416,1.1182714,-0.37925256,-2.5514953,-2.1442385,0.030704689,4.7558515,2.4162099,-0.090069369
0.49427405,-1.3968714,-0.45688908,1.4208876,0.14883014,1.0562526,-0.37782516,-2.6228784,-1.9929445,0.023038413,4.8165014,2.2324998,-0.086862138
0.49458784,-1.3899152,-0.44556891,1.4205316,0.11231346,0.98573037,-0.3773111,-2.6937366,-1.8306529,0.015354711,4.8683553,2.0444903,-0.082574984
0.49490162,-1.3835258,-0.43332898,1.4201204,0.075252917,0.90812403,-0.3779856,-2.7602256,-1.6577375,0.0081852151,4.9074993,1.8526391,-0.085596072
0.49521538,-1.3780464,-0.42017615,1.4193909,0.038961126,0.82507416,-0.38011651,-2.8229606,-1.4729846,0.0011914674,4.9334182,1.6453413,-0.082752212
0.49552912,-1.3737073,-0.40645688,1.418742,0.0047660865,0.73470098,-0.38261647,-2.8873296,-1.2795068,-0.0043892427,4.9473504,1.4210822,-0.074152896
0.49584284,-1.3701567,-0.39220019,1.4183311,-0.028086967,0.63802449,-0.38660001,-2.9516722,-1.0740025,-0.0086276525,4.9497479,1.1784233,-0.061324862
0.49615654,-1.367128,-0.37717682,1.4178206,-0.058232663,0.53700758,-0.39221712,-3.0137765,-0.8613889,-0.0099721706,4.9273631,0.92214544,-0.045173499
0.49647022,-1.3649637,-0.36164491,1.4170966,-0.084676511,0.43631205,-0.39668924,-3.0695465,-0.64346524,-0.011425917,4.8865593,0.65317492,-0.027191933
0.49678388,-1.3635901,-0.34580999,1.4163575,-0.10655407,0.33048902,-0.40392231,-3.1261546,-0.41221063,-0.01173898,4.8305088,0.37221838,-0.004860763
0.49709753,-1.3628409,-0.32943949,1.4155828,-0.12314363,0.21510737,-0.41234066,-3.1867668,-0.17797802,-0.010166145,4.7642001,0.084058317,0.021841159
0.49741115,-1.3626143,-0.31294614,1.4148255,-0.13534506,0.089585808,-0.4213412,-3.2424202,0.061365691,-0.0072103579,4.6895094,-0.20432069,0.056194179
0.49772476,-1.3630418,-0.29633841,1.4140046,-0.14607979,-0.03962621,-0.43353632,-3.2910721,0.30381442,-0.00079359829,4.6069213,-0.49085824,0.093109729
0.49803835,-1.364047,-0.27965268,1.4131257,-0.15226876,-0.17258954,-0.44580132,-3.3317461,0.55151284,0.009864746,4.5183178,-0.77324436,0.13024339
0.49835192,-1.3655286,-0.26315818,1.412161,-0.15318055,-0.30869521,-0.4594249,-3.3669585,0.80208416,0.018454666,4.4244033,-1.0490382,0.16679992
0.49866548,-1.3674111,-0.24659127,1.4112173,-0.14812548,-0.4458423,-0.47410984,-3.3991062,1.0549366,0.02283706,4.3243523,-1.3112653,0.20513733
0.49897901,-1.3697567,-0.23038144,1.4099477,-0.13785994,-0.58329769,-0.48873596,-3.427846,1.3061296,0.030299733,4.2183044,-1.5584802,0.24310014
0.49929253,-1.3723978,-0.21450772,1.4088932,-0.12245719,-0.71644966,-0.50308583,-3.45351,1.5519082,0.04371038,4.1074435,-1.7864504,0.27663525
0.49960604,-1.3753328,-0.19921438,1.407804,-0.099990717,-0.85092316,-0.51566203,-3.4764119,1.7919508,0.063882625,3.9936131,-1.9936355,0.30755002
0.49991952,-1.3786133,-0.18464818,1.4068151,-0.071909046,-0.98650251,-0.52920299,-3.4984874,2.0286114,0.086742163,3.8782842,-2.1784343,0.33622554
0.50023299,-1.3824273,-0.17060563,1.405842,-0.038168061,-1.1176113,-0.54341417,-3.5210392,2.263409,0.11379176,3.7629027,-2.3386945,0.36275845
0.50054645,-1.3860813,-0.15730513,1.404808,0.00038658216,-1.2432565,-0.55852796,-3.5449349,2.4946337,0.14304585,3.6493504,-2.4694998,0.3863726
0.50085989,-1.3899927,-0.14475023,1.4038124,0.043725063,-1.364846,-0.57377087,-3.571882,2.7212715,0.17343056,3.5375926,-2.5705405,0.40682603
0.50117331,-1.3939019,-0.13295969,1.402672,0.090006121,-1.4791191,-0.58845665,-3.5926974,2.9390628,0.20881106,3.4284002,-2.6417933,0.42358445
0.50148671,-1.3978958,-0.12180505,1.4013446,0.13664179,-1.5829521,-0.60183353,-3.6087002,3.1450179,0.24822615,3.3225802,-2.6840781,0.43746441
0.50180011,-1.401794,-0.1118063,1.3998118,0.19049795,-1.6818438,-0.61629055,-3.6254271,3.339636,0.2941296,3.2196905,-2.6990945,0.44789378
0.50211349,-1.4057399,-0.10285406,1.3983497,0.24519913,-1.7723909,-0.63042278,-3.642491,3.525232,0.34349961,3.1155197,-2.6868401,0.45458356
0.50242685,-1.4095622,-0.094959141,1.3968455,0.30333214,-1.8534635,-0.64280412,-3.6593166,3.6983976,0.39333656,3.0121494,-2.6472075,0.45864228
0.5027402,-1.4130641,-0.088284682,1.3953898,0.36360654,-1.9232189,-0.6551415,-3.6736944,3.8569192,0.44117247,2.911049,-2.5817477,0.45968754
0.50305353,-1.4164664,-0.082609125,1.3940205,0.42610085,-1.980869,-0.6674539,-3.6837836,3.9998958,0.48627741,2.8137352,-2.4905977,0.45862682
0.50336685,-1.4195423,-0.077980113,1.3927612,0.48689995,-2.0330622,-0.67940891,-3.6857386,4.127517,0.53070442,2.7214703,-2.3742945,0.45314062
0.50368016,-1.4222561,-0.074480817,1.3914072,0.54627806,-2.0779888,-0.69031425,-3.6812416,4.2380346,0.57283913,2.6362935,-2.234771,0.44392224
0.50399346,-1.4245533,-0.072090763,1.3898802,0.60291337,-2.1136956,-0.70101873,-3.6706029,4.3326893,0.61121752,2.5592774,-2.0700915,0.43167019
0.50430674,-1.4266403,-0.070868798,1.3883537,0.65666814,-2.1410437,-0.71070725,-3.6570552,4.4109393,0.64458504,2.4906807,-1.8822863,0.41665377
0.50462001,-1.4283803,-0.07083466,1.386785,0.70645104,-2.1605319,-0.72035529,-3.6394738,4.4731884,0.67281067,2.4331301,-1.6702583,0.39523067
0.50493327,-1.4295478,-0.071583014,1.3852592,0.75191734,-2.1714781,-0.72903767,-3.6152391,4.5209229,0.69528965,2.3864777,-1.4334697,0.37277654
0.50524651,-1.4301979,-0.073201587,1.3837805,0.79259552,-2.1742704,-0.73703356,-3.5825608,4.5528621,0.71207227,2.3525677,-1.1735269,0.34582973
0.50555974,-1.4303707,-0.075618502,1.3823375,0.82914861,-2.1686598,-0.74485409,-3.5427694,4.5716561,0.72278862,2.3312072,-0.89239018,0.31431068
0.50587296,-1.4300458,-0.078912223,1.3809831,0.8618071,-2.1561039,-0.75176393,-3.4968306,4.5764058,0.72759932,2.3197659,-0.59242505,0.28074051
0.50618617,-1.42911,-0.082966692,1.379651,0.889974,-2.1370222,-0.757583,-3.4458629,4.5679443,0.72678474,2.3195039,-0.27365638,0.24511267
0.50649937,-1.4278248,-0.087585096,1.3782998,0.91212823,-2.1111609,-0.76224738,-3.3888527,4.5460221,0.72071717,2.3303627,0.062789731,0.20923
0.50681255,-1.4259688,-0.09281619,1.3769174,0.92856393,-2.0783037,-0.7659632,-3.3267868,4.5101923,0.70998093,2.3541561,0.41412383,0.18067328
0.50712572,-1.4235865,-0.098799022,1.3755712,0.93907642,-2.0393846,-0.76862944,-3.2603129,4.4609955,0.69464001,2.3788078,0.77271932,0.15232425
0.50743888,-1.4206421,-0.10534369,1.3742123,0.94602562,-1.9949543,-0.7703867,-3.1909622,4.3977829,0.6750485,2.4068574,1.1400266,0.12548101
0.50775203,-1.4172009,-0.11206953,1.3728595,0.94976643,-1.945463,-0.77107237,-3.1202414,4.3213524,0.65223526,2.4397532,1.5155694,0.10295205
0.50806517,-1.4132047,-0.11920575,1.3714357,0.94889785,-1.8907835,-0.77098488,-3.0496831,4.227455,0.62590268,2.4760768,1.895799,0.089521842
0.50837829,-1.4086495,-0.1266286,1.3699945,0.94327712,-1.8308023,-0.76999322,-2.977469,4.1184941,0.59711795,2.5173043,2.2707703,0.09005865
0.50869141,-1.403597,-0.134283,1.3684564,0.93393171,-1.7667243,-0.76822695,-2.9052555,3.9958375,0.56637004,2.5634912,2.6297243,0.093020133
0.50900451,-1.3980679,-0.14209081,1.3667984,0.92031849,-1.6984828,-0.76589018,-2.832655,3.862506,0.53337406,2.6121354,2.9747962,0.10075425
0.5093176,-1.3920504,-0.15007653,1.3651275,0.90287256,-1.6259508,-0.76259352,-2.7601947,3.7228603,0.49977247,2.656627,3.3048316,0.12210193
0.50963068,-1.3855984,-0.15818267,1.3633488,0.88158952,-1.54953,-0.75869165,-2.6890352,3.5712787,0.46626359,2.7000125,3.6149269,0.16027697
0.50994374,-1.3790187,-0.16601162,1.3615131,0.85735832,-1.4699753,-0.75367234,-2.61898,3.409872,0.43201287,2.7517196,3.9025688,0.20914633
0.5102568,-1.3720292,-0.17371301,1.3594955,0.8307085,-1.3876697,-0.74781106,-2.5483587,3.2384093,0.39726225,2.8070034,4.1647226,0.26380619
0.51056984,-1.3649973,-0.18126449,1.3573403,0.80158771,-1.3026121,-0.74128575,-2.4743155,3.0609874,0.36167114,2.8631661,4.4010377,0.32216839
0.51088287,-1.3580402,-0.18861059,1.3551803,0.77079321,-1.2144565,-0.73400637,-2.3919925,2.8793405,0.32596641,2.9211542,4.6071494,0.38801693
0.51119589,-1.3508631,-0.19544045,1.3531359,0.73777795,-1.1245836,-0.72569376,-2.3072714,2.6920078,0.29113278,2.9856294,4.7825341,0.4565578
0.5115089,-1.3435201,-0.20181984,1.3506462,0.70044505,-1.0360998,-0.7161362,-2.2233057,2.4979395,0.25878576,3.0573415,4.92688,0.52233413
0.51182189,-1.3360982,-0.20763502,1.3480736,0.66423877,-0.94592922,-0.70635204,-2.1408051,2.2988802,0.22741842,3.1345055,5.0433162,0.58334775
0.51213488,-1.3286477,-0.21282705,1.3454546,0.62606741,-0.85430321,-0.69601885,-2.0589144,2.0958435,0.19792109,3.2168286,5.1349675,0.63497327
0.51244785,-1.3212854,-0.21737003,1.3428055,0.58687327,-0.76195988,-0.683911,-1.9778596,1.8904521,0.16886332,3.3097075,5.2048098,0.6793725
0.51276081,-1.3139588,-0.22119681,1.3400489,0.54656044,-0.66982945,-0.67166774,-1.9017223,1.6878739,0.14360766,3.4097814,5.2551265,0.71401522
0.51307377,-1.3065811,-0.22441335,1.3369498,0.50522412,-0.57893293,-0.6593314,-1.8351307,1.488701,0.12349824,3.5162879,5.2892027,0.74013937
0.5133867,-1.2992733,-0.22696104,1.3336232,0.46332962,-0.49033546,-0.64627901,-1.7796322,1.2864785,0.10592984,3.6280035,5.3095015,0.75581071
0.51369963,-1.2921303,-0.22893601,1.3301159,0.42088253,-0.40114661,-0.63311064,-1.728435,1.0792848,0.091433738,3.7413277,5.321716,0.76241845
0.51401255,-1.2852097,-0.23037334,1.3264621,0.37875561,-0.31342363,-0.61932451,-1.6829895,0.86900112,0.08143775,3.8542487,5.3257351,0.76125413
0.51432545,-1.2785515,-0.23128582,1.3226632,0.33612919,-0.22687422,-0.60477572,-1.6444253,0.65567962,0.0737346,3.9634904,5.321232,0.75192574
0.51463835,-1.272059,-0.23140455,1.3186926,0.29117804,-0.14225768,-0.58909399,-1.6220992,0.44531783,0.063583405,4.0690501,5.3090275,0.73410965
0.51495123,-1.2658468,-0.23089105,1.3145751,0.2456323,-0.060341629,-0.57282058,-1.6155252,0.23889244,0.05737159,4.1708975,5.2886893,0.70807507
0.5152641,-1.2599142,-0.22976029,1.3103127,0.20003467,0.017996565,-0.55619442,-1.6177556,0.034427083,0.055039648,4.2668349,5.2602158,0.67424971
0.51557696,-1.2543939,-0.22804701,1.3058341,0.1540488,0.091091394,-0.53925561,-1.6281321,-0.16830405,0.055429971,4.3566862,5.2232466,0.63263424
0.51588981,-1.2490414,-0.22581197,1.3011668,0.10885114,0.15688407,-0.52183065,-1.6458577,-0.36790073,0.062464708,4.4455634,5.1794926,0.58521765
0.51620264,-1.2438311,-0.22310093,1.2962709,0.060979184,0.21848276,-0.50307909,-1.671828,-0.5651637,0.074579789,4.5328821,5.1260729,0.53216534
0.51651547,-1.2386984,-0.21978653,1.2911953,0.012067035,0.281405,-0.48484511,-1.7080655,-0.75136836,0.090377264,4.6174041,5.0629147,0.47300321
0.51682828,-1.2340081,-0.21585755,1.2859609,-0.036757974,0.34050282,-0.46634753,-1.7545868,-0.9244806,0.11007457,4.6956383,4.9882759,0.40977064
0.51714108,-1.2295765,-0.21149274,1.2805343,-0.086350846,0.39492332,-0.44835363,-1.8076914,-1.0846248,0.13251293,4.7620054,4.8994927,0.34498744
0.51745387,-1.2255775,-0.20674769,1.2749597,-0.13672518,0.44437984,-0.4306414,-1.8660996,-1.2339257,0.15858223,4.817108,4.7957394,0.27912987
0.51776665,-1.2218098,-0.20160074,1.2692239,-0.18822117,0.48889084,-0.41281449,-1.9299819,-1.3706527,0.18817143,4.8622665,4.6776664,0.21308464
0.51807941,-1.218289,-0.1961853,1.2633631,-0.24162562,0.52879947,-0.39450776,-1.9996823,-1.4945367,0.22342629,4.8992265,4.5456615,0.14711842
0.51839217,-1.2149268,-0.19055608,1.2574073,-0.29464198,0.56205212,-0.37594641,-2.0741293,-1.6033171,0.26525291,4.9302319,4.4005439,0.08511291
0.51870491,-1.2118158,-0.18478401,1.2513336,-0.34532733,0.59146819,-0.35729432,-2.1523641,-1.6952775,0.3105672,4.9549243,4.2438986,0.02627295
0.51901764,-1.2088819,-0.17883336,1.2450644,-0.39662578,0.6173439,-0.33926258,-2.233427,-1.7710872,0.35403517,4.9725124,4.0757779,-0.028531613
0.51933036,-1.206391,-0.17273545,1.2387029,-0.44965217,0.6382834,-0.32126762,-2.317698,-1.8317157,0.39380944,4.9829758,3.8974425,-0.079972558
0.51964307,-1.2042898,-0.16646767,1.2322968,-0.50397384,0.65215933,-0.30345292,-2.4038051,-1.8755884,0.43009564,4.9915815,3.7116649,-0.1271906
0.51995576,-1.2024534,-0.16006466,1.2258705,-0.55872572,0.6599162,-0.28594921,-2.4909032,-1.9017158,0.4621875,4.9977068,3.5184772,-0.17028347
0.52026845,-1.2007226,-0.15375256,1.2193579,-0.6115205,0.66253945,-0.26890727,-2.5787544,-1.9096847,0.49194776,5.0001856,3.3186924,-0.20778916
0.52058112,-1.1992069,-0.14757285,1.2127539,-0.66575434,0.65885329,-0.25223497,-2.665003,-1.9013497,0.51993507,4.9957506,3.1104508,-0.24025542
0.52089378,-1.1978015,-0.14154649,1.2060391,-0.72124405,0.64917412,-0.23573168,-2.7483427,-1.8770595,0.54598855,4.9879236,2.8965675,-0.26723603
0.52120643,-1.1964758,-0.13566987,1.1992021,-0.77737755,0.63454081,-0.21965836,-2.83039,-1.8351845,0.56904725,4.9808286,2.6792031,-0.28949325
0.52151907,-1.1952088,-0.13000411,1.1922788,-0.83290666,0.61551501,-0.20403906,-2.9105338,-1.7772119,0.58848021,4.9686531,2.4591696,-0.30526566
0.5218317,-1.193978,-0.12453743,1.1853005,-0.88890784,0.5915289,-0.18900861,-2.9881689,-1.70455,0.60501187,4.9547155,2.2366218,-0.31641088
0.52214432,-1.1928766,-0.11917268,1.1782964,-0.94488868,0.56285337,-0.17423503,-3.0619621,-1.6150345,0.61834901,4.9351485,2.0088126,-0.32231632
0.52245693,-1.1918586,-0.11420582,1.1712302,-1.0007493,0.52886301,-0.16010385,-3.1317618,-1.5122892,0.62857344,4.9044692,1.7757747,-0.32393412
0.52276952,-1.1908406,-0.10967721,1.16412,-1.0555088,0.48998014,-0.1464549,-3.2023832,-1.3974018,0.63600996,4.8601971,1.5360773,-0.3218597
0.52308211,-1.1897458,-0.10564058,1.1569339,-1.1096676,0.44694809,-0.13364012,-3.272275,-1.2727118,0.64141785,4.8050359,1.2865484,-0.30262895
0.52339468,-1.1886474,-0.10208713,1.1496767,-1.1623268,0.39991935,-0.12086349,-3.3394594,-1.1286314,0.64632,4.7406995,1.0249086,-0.27966617
0.52370725,-1.1874917,-0.099078612,1.1422702,-1.2139466,0.34925649,-0.10878801,-3.4022868,-0.97151775,0.64934552,4.672671,0.74355033,-0.2540696
0.5240198,-1.1862403,-0.096671895,1.1349875,-1.2641771,0.29513731,-0.097335231,-3.4574503,-0.80141808,0.65340671,4.5949717,0.44236738,-0.22097853
0.52433235,-1.1849041,-0.094796371,1.127609,-1.3132558,0.23787774,-0.086789803,-3.5061509,-0.61775858,0.66043673,4.5125291,0.12178081,-0.17888886
0.52464489,-1.1834975,-0.093411161,1.1201069,-1.3606788,0.17801574,-0.077151934,-3.5489067,-0.42467573,0.66879697,4.4292138,-0.21146626,-0.12497472
0.52495741,-1.1819208,-0.092600718,1.1124296,-1.407246,0.1139113,-0.068870518,-3.5876572,-0.22202573,0.67383852,4.3463704,-0.55277746,-0.063325491
0.52526993,-1.1801351,-0.092411104,1.104547,-1.4520073,0.047092364,-0.061984219,-3.6259051,-0.012193694,0.68189237,4.2567025,-0.8978536,0.0038773331
0.52558244,-1.1782062,-0.092908997,1.096547,-1.494209,-0.021717935,-0.05579086,-3.6636808,0.20411323,0.6939363,4.159356,-1.2421393,0.077548022
0.52589494,-1.1761204,-0.094030336,1.0883612,-1.5339302,-0.090432006,-0.050337891,-3.697329,0.42701301,0.70948766,4.0566332,-1.5818459,0.15910073
0.52620744,-1.1738292,-0.095785788,1.0799913,-1.5707408,-0.1598246,-0.045655359,-3.7264114,0.65518575,0.7296086,3.9496116,-1.9136804,0.24322069
0.52651992,-1.171477,-0.098024754,1.0715004,-1.6046097,-0.22931578,-0.041452763,-3.7504729,0.88867911,0.75346319,3.8406751,-2.2334467,0.32565367
0.5268324,-1.1688491,-0.10088385,1.0629173,-1.6376965,-0.3000924,-0.038262267,-3.7719943,1.124348,0.7752882,3.7317767,-2.5353014,0.4043675
0.52714487,-1.1659542,-0.10436696,1.0542182,-1.6696828,-0.37139977,-0.03548576,-3.7900892,1.3592044,0.79815455,3.6243546,-2.815689,0.47856795
0.52745733,-1.1627442,-0.10842949,1.0453436,-1.6994776,-0.44265499,-0.033169712,-3.8041495,1.5895221,0.82572778,3.5230677,-3.0716106,0.54679389
0.52776979,-1.1593017,-0.11300581,1.0363439,-1.7264893,-0.51245121,-0.031575454,-3.815154,1.8137019,0.86414404,3.4288164,-3.3036625,0.60700829
0.52808224,-1.1556227,-0.11792433,1.0271618,-1.7509217,-0.58097601,-0.030092863,-3.8262674,2.0353541,0.9162291,3.3420774,-3.5094782,0.6602901
0.52839468,-1.1516616,-0.12295921,1.0178416,-1.7728914,-0.64780947,-0.028452856,-3.8392023,2.2535187,0.97591137,3.2633153,-3.6869238,0.70569444
0.52870711,-1.1474595,-0.12852477,1.0083615,-1.792339,-0.71332393,-0.026436139,-3.8546293,2.4677597,1.0422063,3.1874583,-3.829928,0.74563091
0.52901954,-1.1429415,-0.13443254,0.99868758,-1.8096441,-0.77754206,-0.026685543,-3.8737655,2.674735,1.1133061,3.1073731,-3.941026,0.77969798
0.52933197,-1.1379234,-0.14067153,0.98885855,-1.8251619,-0.8393101,-0.026943094,-3.8881116,2.8704609,1.1873665,3.0301826,-4.0228735,0.80893447
0.52964439,-1.1326159,-0.14720265,0.97887358,-1.838943,-0.89849636,-0.02724976,-3.8993802,3.0537966,1.2652641,2.9592112,-4.0756418,0.83275373
0.5299568,-1.1274319,-0.15387891,0.96864808,-1.8515556,-0.95537679,-0.026722493,-3.9106715,3.2230312,1.3464674,2.8944972,-4.1001011,0.85351956
0.53026921,-1.1220206,-0.16062771,0.95826789,-1.8623334,-1.0102501,-0.026047659,-3.9213801,3.380225,1.4286925,2.8345302,-4.0997489,0.86839375
0.53058161,-1.1163443,-0.16739848,0.94769238,-1.8713301,-1.0611575,-0.024984915,-3.931504,3.525731,1.511945,2.7789643,-4.0762674,0.87563916
0.53089401,-1.1104522,-0.17406434,0.93693469,-1.8790119,-1.1081966,-0.023543355,-3.9405144,3.6554433,1.5950834,2.7277231,-4.0297445,0.87635694
0.5312064,-1.1042683,-0.18066705,0.92602082,-1.8855741,-1.1515266,-0.022281487,-3.944225,3.7691176,1.6747347,2.6736972,-3.9609108,0.86948508
0.53151879,-1.0978506,-0.18713189,0.91494671,-1.8904596,-1.1915597,-0.020792064,-3.941909,3.8677561,1.7485962,2.6197189,-3.8721916,0.85512876
0.53183118,-1.0912426,-0.19366235,0.90370136,-1.8947569,-1.2285932,-0.019104403,-3.9369232,3.9532589,1.8154858,2.5664821,-3.764775,0.83332537
0.53214356,-1.084468,-0.20002658,0.8923171,-1.899131,-1.2627501,-0.017350523,-3.9286214,4.0284356,1.8734445,2.5135895,-3.6395582,0.80501491
0.53245593,-1.0775757,-0.20609597,0.88074694,-1.9038318,-1.2931044,-0.015736551,-3.9151417,4.0881255,1.9199636,2.4606177,-3.4963009,0.77083344
0.5327683,-1.0706546,-0.2118261,0.86903729,-1.9096369,-1.3205268,-0.013835083,-3.8947095,4.1360789,1.950559,2.4068744,-3.337937,0.73390372
0.53308067,-1.0636395,-0.21718443,0.85716959,-1.9162217,-1.344468,-0.011722931,-3.8669064,4.1728848,1.9668296,2.3566884,-3.1550506,0.69103039
0.53339304,-1.0562914,-0.22213699,0.84508118,-1.9232592,-1.3660095,-0.0095726102,-3.832322,4.1997133,1.9737859,2.3101801,-2.9386335,0.64728402
0.5337054,-1.0488852,-0.2265978,0.83274004,-1.9311326,-1.385011,-0.0069849725,-3.7906094,4.2169798,1.9727358,2.2684753,-2.6953936,0.6007956
0.53401775,-1.0414083,-0.23055436,0.82013924,-1.9391728,-1.4007883,-0.0041350313,-3.7423632,4.2233355,1.9611734,2.2307757,-2.4265456,0.55240074
0.53433011,-1.0339124,-0.23384604,0.80730181,-1.9475886,-1.4130307,-0.0006999251,-3.6871632,4.2199996,1.9386926,2.1979262,-2.1307134,0.50399412
0.53464246,-1.0264291,-0.23646156,0.79418839,-1.9566107,-1.4221632,0.0027595568,-3.6248671,4.2068762,1.9048784,2.1687523,-1.8095006,0.45492401
0.5349548,-1.0189588,-0.23836418,0.78081147,-1.9669186,-1.4285546,0.0065803385,-3.5562249,4.1838567,1.8609723,2.1443584,-1.4639307,0.41489933
0.53526715,-1.0114882,-0.23947873,0.76717498,-1.9785149,-1.431968,0.010856774,-3.4817029,4.1510476,1.8078367,2.1265992,-1.0929642,0.38538716
0.53557949,-1.004053,-0.2398696,0.75329024,-1.9910951,-1.4330479,0.015752914,-3.4027362,4.107435,1.7458541,2.1192147,-0.70407935,0.36737597
0.53589182,-0.99669598,-0.23950452,0.73916157,-2.0049524,-1.4314572,0.021272702,-3.3200531,4.0554271,1.6756132,2.121876,-0.30020722,0.35804105
0.53620416,-0.98939983,-0.23833679,0.72474679,-2.0205308,-1.4270599,0.027480764,-3.2345269,3.9948907,1.6009339,2.1223331,0.11410081,0.36109745
0.53651649,-0.9822127,-0.23636568,0.71003404,-2.0377185,-1.4202148,0.034501645,-3.1474487,3.9214702,1.521658,2.1307188,0.53757608,0.38150581
0.53682881,-0.97513489,-0.23360518,0.6950287,-2.0555755,-1.4112891,0.042441422,-3.0604251,3.8347022,1.4412907,2.14591,0.968589,0.42164585
0.53714114,-0.96822703,-0.23000738,0.67971438,-2.073441,-1.3994915,0.051329659,-2.971735,3.7354321,1.3612588,2.1691114,1.4055766,0.48293216
0.53745346,-0.96146398,-0.2255236,0.66409248,-2.0915311,-1.3852041,0.061345792,-2.883352,3.62654,1.2807294,2.2056211,1.8419534,0.56467861
0.53776577,-0.95485152,-0.22025268,0.64820566,-2.109795,-1.3685669,0.072513114,-2.7983488,3.506769,1.2012338,2.2561263,2.2612767,0.65482929
0.53807809,-0.94841581,-0.21414406,0.63203396,-2.1283651,-1.3495296,0.085006548,-2.7163289,3.3768446,1.1240505,2.3233959,2.6680891,0.75664057
0.5383904,-0.94215461,-0.2072806,0.61561898,-2.1472887,-1.3286518,0.098709555,-2.6366425,3.235979,1.0483252,2.4059395,3.059322,0.8641575
0.53870271,-0.93620769,-0.19968992,0.59890876,-2.1663236,-1.3071004,0.11356842,-2.5582552,3.0885401,0.97781968,2.5027411,3.4303461,0.97249689
0.53901501,-0.93048456,-0.19136421,0.58191936,-2.1854681,-1.2844147,0.12940137,-2.4839288,2.9324862,0.91250148,2.61215,3.7753124,1.0885661
0.53932731,-0.92497778,-0.18235022,0.56464972,-2.2049465,-1.2601152,0.1462585,-2.4116342,2.7683008,0.85224034,2.7481644,4.0875542,1.1961268
0.53963961,-0.91965254,-0.17268734,0.54707842,-2.2250294,-1.2341878,0.16391964,-2.3334694,2.5998608,0.79599866,2.8991503,4.3698361,1.2937152
0.5399519,-0.91444969,-0.16238159,0.52925999,-2.2457948,-1.2068008,0.18228563,-2.249607,2.4272451,0.74527165,3.0644104,4.6212683,1.3788068
0.54026419,-0.90991904,-0.15175087,0.51106099,-2.2668078,-1.1781859,0.20115828,-2.1650696,2.2496809,0.69979708,3.2414393,4.8451618,1.4492164
0.54057648,-0.90572126,-0.14067275,0.4927134,-2.2882767,-1.1487718,0.22025438,-2.0818549,2.067777,0.65966396,3.4292676,5.0420064,1.5067615
0.54088876,-0.90154879,-0.12918289,0.47412279,-2.3102061,-1.1184605,0.24096251,-1.9984403,1.8825789,0.62942901,3.6326548,5.2080393,1.5431309
0.54120105,-0.89764159,-0.11730746,0.45530095,-2.3322579,-1.0873915,0.26225553,-1.9150654,1.6943647,0.60585142,3.843217,5.3493263,1.5533155
0.54151332,-0.89408582,-0.10512656,0.43620304,-2.3539237,-1.0552446,0.28402193,-1.8382394,1.5063935,0.58717095,4.0564654,5.4707915,1.5385477
0.54182559,-0.89081451,-0.092711114,0.41683068,-2.3755236,-1.021825,0.30595039,-1.7672542,1.3206885,0.57587421,4.2690825,5.5752694,1.4989775
0.54213786,-0.88758257,-0.080125226,0.39724593,-2.397081,-0.98798223,0.3278846,-1.7009429,1.1390736,0.57228246,4.4808157,5.6630262,1.4363781
0.54245013,-0.88455443,-0.067454116,0.37743875,-2.4186148,-0.95429053,0.34984083,-1.6420524,0.96083197,0.57245055,4.6878457,5.7356118,1.3539491
0.54276239,-0.88181727,-0.054724301,0.35746601,-2.4400106,-0.91996602,0.37223753,-1.5917529,0.78741837,0.57617129,4.8888358,5.7935315,1.2543939
0.54307465,-0.87937648,-0.041995027,0.3372713,-2.4609385,-0.88474049,0.3936068,-1.5502373,0.61592806,0.58462043,5.0881888,5.8437998,1.141635
0.5433869,-0.87715976,-0.029392091,0.31677376,-2.48146,-0.84916166,0.41480127,-1.5165999,0.44601121,0.59613551,5.2790378,5.8840488,1.0208007
0.54369915,-0.87515477,-0.017011296,0.29594043,-2.5019594,-0.81303148,0.43568828,-1.4910438,0.27870854,0.61142846,5.4616077,5.915717,0.88637465
0.54401139,-0.87335487,-0.0048226932,0.27495502,-2.5217943,-0.77615449,0.45625302,-1.4759083,0.11631481,0.63541277,5.6344828,5.9400457,0.74235997
0.54432363,-0.87173701,0.0070531196,0.25367356,-2.5412277,-0.73882171,0.47657745,-1.4705744,-0.040198381,0.66457742,5.7969135,5.9555483,0.59215257
0.54463587,-0.8703472,0.01858487,0.23215661,-2.5602461,-0.7012184,0.49656528,-1.4765942,-0.19118902,0.69792094,5.9491783,5.9618491,0.43915817
0.5449481,-0.86916015,0.029742434,0.2103588,-2.5788751,-0.66334441,0.51594411,-1.4947559,-0.33788,0.7366296,6.0897105,5.9591519,0.28770758
0.54526033,-0.86813711,0.040515852,0.18821776,-2.5970498,-0.62486874,0.53455448,-1.5254912,-0.47474338,0.77974336,6.2209668,5.9457647,0.13879443
0.54557255,-0.86713079,0.05082226,0.16564568,-2.6148818,-0.58651718,0.55317188,-1.5657909,-0.59980592,0.82873148,6.3388379,5.9232117,-0.0044071648
0.54588477,-0.86629984,0.060672343,0.14304764,-2.6320743,-0.54779057,0.57166128,-1.6158193,-0.71510973,0.88162479,6.4470871,5.8935488,-0.14124466
0.54619698,-0.86561603,0.069922221,0.12030005,-2.6484001,-0.50909208,0.58956378,-1.6741322,-0.82293169,0.94014916,6.5448099,5.8569963,-0.27262947
0.54650919,-0.8650888,0.07856957,0.097250639,-2.6642523,-0.46993131,0.60721673,-1.7384609,-0.92310506,1.0029949,6.6318627,5.8109863,-0.39547085
0.5468214,-0.86476697,0.086516227,0.073900471,-2.6790563,-0.43091312,0.62396306,-1.809739,-1.0147883,1.068895,6.7093518,5.7538068,-0.51134252
0.5471336,-0.86461729,0.093783722,0.050329655,-2.6935623,-0.391525,0.64020684,-1.8891331,-1.0967035,1.1392473,6.777198,5.6841913,-0.61963559
0.5474458,-0.86444184,0.10025955,0.026562465,-2.7080012,-0.35209456,0.65613005,-1.9746875,-1.1698361,1.209881,6.8360463,5.6026668,-0.72064379
0.54775799,-0.86429877,0.10588508,0.0025583032,-2.7225149,-0.31183883,0.67180232,-2.0650631,-1.2351094,1.2813953,6.8854711,5.509679,-0.81382358
0.54807018,-0.86405641,0.1106225,-0.021658853,-2.7375109,-0.27096674,0.68695771,-2.1581529,-1.2913534,1.3534567,6.9252512,5.3994787,-0.90108886
0.54838237,-0.86378412,0.11437298,-0.046078707,-2.7505532,-0.23056796,0.70124466,-2.2591341,-1.3403351,1.4242418,6.9551605,5.2703561,-0.983823
0.54869455,-0.86342874,0.11715827,-0.070741866,-2.7627966,-0.19026299,0.71478389,-2.3611056,-1.3819682,1.4917192,6.9741852,5.1243637,-1.0621634
0.54900672,-0.86288647,0.11901663,-0.095576304,-2.7753138,-0.14982248,0.72795425,-2.4649525,-1.4150233,1.5558968,6.9823555,4.9588709,-1.1389522
0.5493189,-0.8622804,0.11998632,-0.12056837,-2.7879054,-0.1092501,0.74101734,-2.570098,-1.4403695,1.6156951,6.9787098,4.7762141,-1.2162303
0.54963107,-0.86144487,0.12003791,-0.14574207,-2.7996005,-0.069326821,0.75440514,-2.6772591,-1.4588224,1.6709311,6.9631558,4.577358,-1.2939934
0.54994324,-0.86028343,0.11900125,-0.17096646,-2.8106593,-0.029223281,0.76654694,-2.7844168,-1.4710073,1.7203369,6.9356909,4.3654952,-1.3709159
0.5502554,-0.85893383,0.11740952,-0.19627104,-2.82162,0.010875079,0.77851918,-2.8893278,-1.4768874,1.7638643,6.8942744,4.1369976,-1.4444244
0.55056756,-0.85734731,0.11480014,-0.22183912,-2.832897,0.050531493,0.78983721,-2.9908173,-1.4761602,1.8008581,6.8412005,3.8911353,-1.5157272
0.55087972,-0.85462215,0.11128469,-0.24728161,-2.84455,0.089523032,0.80041569,-3.089159,-1.4680251,1.8300966,6.7767048,3.633832,-1.5847869
0.55119187,-0.85146827,0.10684013,-0.27284792,-2.8567591,0.12794205,0.81035554,-3.1841372,-1.4512265,1.8517919,6.6989114,3.3652559,-1.6513926
0.55150403,-0.84785302,0.10145728,-0.2985603,-2.8699661,0.16501769,0.81995852,-3.2750197,-1.4268599,1.8666532,6.6099836,3.0889958,-1.7129269
0.55181618,-0.84384779,0.095164973,-0.32442287,-2.883011,0.20035597,0.82914519,-3.3609591,-1.3961263,1.8756126,6.5065813,2.8029171,-1.7688455
0.55212833,-0.83956138,0.087940398,-0.35050047,-2.896846,0.23392696,0.83764744,-3.4410942,-1.3575694,1.8792586,6.3951794,2.510927,-1.8187305
0.55244048,-0.83486705,0.080022116,-0.37677296,-2.9088507,0.26643655,0.84560383,-3.5142218,-1.3122779,1.875794,6.2729445,2.2120071,-1.8641659
0.55275262,-0.82978536,0.071281115,-0.40313679,-2.9188062,0.297073,0.85289796,-3.5815714,-1.2607593,1.8646752,6.1379227,1.9076989,-1.9074639
0.55306477,-0.82437432,0.06175272,-0.42960586,-2.9284934,0.32439227,0.85947762,-3.6435304,-1.2037068,1.8469924,5.9909025,1.5985938,-1.9403726
0.55337691,-0.81859423,0.05148206,-0.45627049,-2.9388043,0.35046807,0.86540969,-3.6994864,-1.14108,1.8252923,5.8307876,1.2810847,-1.9640795
0.55368905,-0.81241896,0.040542179,-0.4830647,-2.9492841,0.37596614,0.87055996,-3.7518556,-1.0700286,1.8015991,5.6530543,0.95995993,-1.9754028
0.55400119,-0.80601032,0.028999229,-0.50985336,-2.9596082,0.40066486,0.8746762,-3.7990173,-0.99311254,1.7746488,5.461046,0.62927336,-1.9680024
0.55431334,-0.79910213,0.01698018,-0.53673987,-2.9700594,0.42346274,0.87824614,-3.8390136,-0.90788989,1.747412,5.2546773,0.29257074,-1.9539276
0.55462548,-0.79175251,0.0045380631,-0.56359245,-2.9804951,0.4446059,0.88109508,-3.8697457,-0.8129142,1.7233675,5.0385214,-0.052982087,-1.924022
0.55493762,-0.78397246,-0.0082221121,-0.59039764,-2.990693,0.46337257,0.88299256,-3.8960887,-0.71221471,1.6995891,4.820037,-0.40773927,-1.8740468
0.55524976,-0.77591919,-0.021168757,-0.61705912,-3.0005065,0.47953769,0.88367417,-3.9177832,-0.60552678,1.6762596,4.5946235,-0.77447459,-1.8020453
0.5555619,-0.76760963,-0.034691726,-0.64343424,-3.0097057,0.49316717,0.88332166,-3.9389363,-0.49089995,1.6572098,4.3733976,-1.1417166,-1.7108306
0.55587404,-0.75908739,-0.048478553,-0.66951438,-3.0182355,0.50475279,0.88273159,-3.9589319,-0.37135097,1.6410712,4.1597745,-1.5123196,-1.6022202
0.55618618,-0.75046932,-0.062419954,-0.69549171,-3.026402,0.51409582,0.88215159,-3.9766369,-0.24804646,1.6249639,3.9550864,-1.884929,-1.4839359
0.55649833,-0.74182976,-0.07629378,-0.72084043,-3.0342305,0.52119759,0.88172644,-3.9905139,-0.12302666,1.6140461,3.7601365,-2.2538227,-1.3497437
0.55681047,-0.73317267,-0.08993204,-0.74580394,-3.0417977,0.52556934,0.87999031,-4.0007771,0.0044764591,1.609524,3.5819827,-2.6145633,-1.2045884
0.55712262,-0.724538,-0.10342541,-0.77042089,-3.0493341,0.52865894,0.87763697,-4.0090235,0.13517458,1.6119889,3.421904,-2.9649796,-1.0532708
0.55743477,-0.71600435,-0.11678003,-0.7946382,-3.0566313,0.52928467,0.87397793,-4.0173854,0.26604001,1.6156644,3.2753704,-3.3031327,-0.90091286
0.55774692,-0.70751816,-0.12985465,-0.81848841,-3.0636749,0.52801564,0.86959142,-4.0258194,0.39859687,1.6244903,3.1338999,-3.6286496,-0.75166414
0.55805907,-0.69931087,-0.14262546,-0.84194417,-3.0704402,0.52404312,0.8642912,-4.0350719,0.53122829,1.6423426,2.9971707,-3.9360735,-0.60606997
0.55837122,-0.69132996,-0.15483062,-0.86513085,-3.0771199,0.51769276,0.85822064,-4.0447652,0.6636238,1.6706668,2.8704437,-4.2220297,-0.46863082
0.55868337,-0.68363952,-0.16639042,-0.88792291,-3.0838839,0.50855098,0.8511644,-4.0571681,0.79122614,1.7163695,2.7541555,-4.4813057,-0.34189454
0.55899553,-0.67642592,-0.17722824,-0.91035909,-3.0905314,0.49678399,0.84352115,-4.0720704,0.91523442,1.7749431,2.6620219,-4.713883,-0.22990616
0.55930769,-0.66987861,-0.18727049,-0.93249217,-3.097389,0.48214158,0.83508443,-4.0909678,1.0397284,1.8428954,2.6009938,-4.9189525,-0.13452068
0.55961984,-0.66327375,-0.19646071,-0.95415653,-3.1049069,0.46505876,0.82582594,-4.1127238,1.1632382,1.9159176,2.56974,-5.0953079,-0.057958387
0.55993199,-0.65700337,-0.20462402,-0.97534526,-3.1134144,0.44586115,0.81505031,-4.1387551,1.2872745,1.9943813,2.5646667,-5.2441495,6.1533061e-05
0.56024413,-0.65120976,-0.21160712,-0.99618246,-3.1221063,0.423614,0.80356806,-4.1714092,1.4125417,2.0779478,2.5827524,-5.3646243,0.041738155
0.56055627,-0.64591339,-0.21773639,-1.0157332,-3.1314846,0.39868937,0.79044785,-4.212096,1.5352291,2.1654048,2.6219939,-5.4580543,0.066007874
0.56086841,-0.64091373,-0.22284917,-1.0344886,-3.141973,0.37100435,0.7760279,-4.2612004,1.6588758,2.255944,2.6793568,-5.5251778,0.076280644
0.56118054,-0.63643589,-0.22674989,-1.052735,-3.153694,0.3405289,0.76126659,-4.3124695,1.7803039,2.3484944,2.7527302,-5.5668995,0.072059782
0.56149268,-0.63246296,-0.22958842,-1.0704835,-3.166659,0.30682194,0.74618146,-4.3642128,1.8984448,2.4430911,2.8398233,-5.5861123,0.055148068
0.56180481,-0.62899119,-0.23134647,-1.0877244,-3.181146,0.27014233,0.73140124,-4.4164332,2.0128084,2.5380514,2.9378377,-5.5815993,0.026855907
0.56211693,-0.62601943,-0.23184326,-1.1045941,-3.1966957,0.23003701,0.71655212,-4.4661855,2.1233429,2.6320632,3.040384,-5.5532201,-0.010958375
0.56242906,-0.62374947,-0.23105196,-1.1211153,-3.214198,0.18714947,0.70097602,-4.5067001,2.2307012,2.7214251,3.1457661,-5.4974163,-0.055403963
0.56274118,-0.62209445,-0.22904449,-1.1372865,-3.2331869,0.14141189,0.68621523,-4.5364981,2.3337623,2.8009096,3.2533362,-5.4181298,-0.10545783
0.5630533,-0.62117293,-0.22583085,-1.153392,-3.2535014,0.092142561,0.66986358,-4.5542937,2.4340299,2.8670271,3.3600989,-5.3154104,-0.15877539
0.56336541,-0.62085412,-0.22133712,-1.1691371,-3.2759371,0.040199267,0.65365785,-4.5559524,2.5285667,2.9193909,3.4652348,-5.1919479,-0.21573653
0.56367753,-0.62108294,-0.21565825,-1.1846631,-3.2993507,-0.013821862,0.6377147,-4.5482845,2.6176121,2.9564588,3.5660017,-5.0482901,-0.27805916
0.56398964,-0.62213764,-0.20876239,-1.1999409,-3.3235457,-0.070495209,0.62215195,-4.5260694,2.7005339,2.9744091,3.6629173,-4.8845013,-0.34074799
0.56430175,-0.62385382,-0.20056074,-1.214896,-3.3508143,-0.13009788,0.60809136,-4.4844968,2.7790403,2.97479,3.7536618,-4.7005831,-0.40225946
0.56461386,-0.62633778,-0.19101838,-1.2295327,-3.3809089,-0.19238732,0.59576152,-4.4174713,2.8502725,2.9582362,3.8388861,-4.4967456,-0.45967712
0.56492597,-0.62964894,-0.18038909,-1.2438728,-3.4128213,-0.25742171,0.58512908,-4.3290467,2.9157761,2.921443,3.915605,-4.2733678,-0.51370268
0.56523808,-0.63403039,-0.16883332,-1.2579549,-3.4450936,-0.32504949,0.57664433,-4.2181124,2.9751083,2.860194,3.9809309,-4.0318728,-0.56460259
0.56555018,-0.63927409,-0.15624576,-1.271758,-3.4759006,-0.39407176,0.57076229,-4.0822305,3.0287101,2.7832523,4.0338564,-3.7720815,-0.61270357
0.56586229,-0.64547017,-0.14259687,-1.2852744,-3.5062374,-0.46588903,0.567843,-3.9231416,3.0751156,2.6893658,4.0738082,-3.4929311,-0.65400926
0.56617439,-0.65253438,-0.12796035,-1.298466,-3.5364486,-0.54127103,0.56805719,-3.7432017,3.1148734,2.5765422,4.0976567,-3.1953762,-0.68741928
0.5664865,-0.6604152,-0.11228285,-1.3114116,-3.5665951,-0.62008754,0.57218536,-3.5455162,3.1464303,2.4436541,4.1147089,-2.8834497,-0.71381468
0.5667986,-0.6691495,-0.095706331,-1.3240176,-3.5958238,-0.69926204,0.58025308,-3.3295836,3.1743028,2.3008461,4.1145218,-2.5578339,-0.73259736
0.56711071,-0.67869141,-0.078670736,-1.3361848,-3.6242995,-0.78021628,0.59161654,-3.1031564,3.1953777,2.1406412,4.0965367,-2.2125089,-0.74196669
0.56742282,-0.68918018,-0.060891674,-1.3481239,-3.6514716,-0.86161789,0.6067917,-2.8680365,3.2085048,1.964465,4.0615213,-1.8517893,-0.7373492
0.56773492,-0.70068093,-0.042442018,-1.359755,-3.6764638,-0.94361761,0.62640495,-2.6264482,3.214309,1.7726886,4.0095856,-1.4734253,-0.72350395
0.56804703,-0.71309705,-0.023280016,-1.3710656,-3.6991007,-1.0267743,0.65003698,-2.3807798,3.2122333,1.5666225,3.93589,-1.0745905,-0.69716544
0.56835914,-0.72650427,-0.0036581641,-1.3819873,-3.7188161,-1.1109917,0.67790469,-2.1335362,3.2045513,1.3482692,3.844532,-0.67176051,-0.65598425
0.56867124,-0.74082862,0.01642133,-1.3924737,-3.7359248,-1.1950441,0.70944289,-1.8850182,3.187843,1.1189766,3.7347168,-0.25546726,-0.59666314
0.56898335,-0.75603968,0.036843688,-1.4027094,-3.7502394,-1.2785766,0.74663652,-1.6378375,3.1637944,0.88235069,3.6068746,0.17381838,-0.51669868
0.56929547,-0.77216432,0.057616842,-1.4126367,-3.7610709,-1.3614101,0.78742889,-1.3943912,3.1336402,0.63858853,3.4655828,0.61570658,-0.41445851
0.56960758,-0.78916666,0.07863198,-1.4222856,-3.7683844,-1.4431556,0.83220776,-1.1564815,3.0966946,0.38712012,3.3179651,1.0648006,-0.30242532
0.5699197,-0.80689962,0.099964948,-1.431569,-3.7718275,-1.5235699,0.88131225,-0.92523302,3.0516544,0.13565218,3.1717414,1.5168396,-0.1785174
0.57023181,-0.82543867,0.12165344,-1.4405959,-3.7714139,-1.6014798,0.93365373,-0.69855119,2.9995414,-0.10695039,3.0359395,1.9675445,-0.045259843
0.57054393,-0.84480108,0.14351289,-1.449265,-3.7666097,-1.6767372,0.98931787,-0.48451882,2.9404266,-0.34843041,2.9106436,2.4065444,0.097865971
0.57085606,-0.86500031,0.16541692,-1.4576999,-3.7572227,-1.7474234,1.0479985,-0.27149304,2.8748372,-0.58016014,2.8146961,2.8427237,0.23983841
0.57116818,-0.88607139,0.18774452,-1.4658365,-3.7431543,-1.813706,1.1089145,-0.073419863,2.8031555,-0.80448608,2.7567953,3.2690851,0.37000238
0.57148031,-0.90787734,0.21013899,-1.4736422,-3.7259318,-1.8745875,1.1716885,0.11207745,2.7235717,-1.0096951,2.7429008,3.6780377,0.48188266
0.57179244,-0.93036443,0.23236295,-1.4812311,-3.7049681,-1.9313698,1.2361642,0.28460971,2.6379734,-1.2008441,2.777933,4.068619,0.57128155
0.57210457,-0.95360402,0.25440673,-1.4885253,-3.680494,-1.9835115,1.3015575,0.43947627,2.5476766,-1.3760734,2.8538237,4.4351636,0.63403005
0.57241671,-0.97728863,0.2762221,-1.4954462,-3.6529284,-2.0297389,1.3696204,0.57953662,2.4524445,-1.5444459,2.9740498,4.7808697,0.66469158
0.57272885,-1.001291,0.29777875,-1.5016012,-3.6223345,-2.0690325,1.4403514,0.70568803,2.3523594,-1.7072834,3.1445147,5.1037025,0.66539052
0.57304099,-1.0253805,0.31891093,-1.5072626,-3.5890005,-2.101354,1.5131632,0.80885835,2.2463896,-1.8631366,3.369602,5.4033015,0.64463079
0.57335313,-1.049379,0.33966374,-1.5130931,-3.5537514,-2.1254576,1.5865317,0.88816381,2.1344323,-2.0113027,3.6472816,5.6827286,0.60093728
0.57366528,-1.0733047,0.35973352,-1.5185198,-3.5163968,-2.1418734,1.6580445,0.95003741,2.0172805,-2.150775,3.9790059,5.9407392,0.53253985
0.57397743,-1.0984242,0.37897238,-1.5235045,-3.4778038,-2.1502715,1.7271573,0.98965061,1.8945387,-2.2810944,4.3487728,6.1766261,0.43661704
0.57428959,-1.1245767,0.39706343,-1.5281211,-3.4385743,-2.1503146,1.792753,1.007399,1.7656504,-2.4006538,4.7492979,6.3851772,0.31473392
0.57460174,-1.1507751,0.41384483,-1.532383,-3.3992683,-2.1428087,1.8542972,1.0016507,1.6316148,-2.508492,5.168881,6.5678545,0.17325835
0.5749139,-1.1770212,0.42920111,-1.5363023,-3.3610468,-2.1279245,1.9113893,0.97383046,1.4909758,-2.6047619,5.6033189,6.7268916,0.011267994
0.57522607,-1.2035605,0.44309716,-1.539906,-3.3248366,-2.1053842,1.967032,0.92675241,1.3438831,-2.6853698,6.0440065,6.863586,-0.16455569
0.57553823,-1.2298959,0.4554067,-1.5431176,-3.2908694,-2.0755446,2.0201962,0.85982505,1.1894269,-2.747737,6.4899282,6.9806365,-0.34951336
0.5758504,-1.2560955,0.4661431,-1.5459288,-3.2593304,-2.0387864,2.0709416,0.77451288,1.027322,-2.7934338,6.932844,7.0793595,-0.53798293
0.57616257,-1.2817585,0.47523089,-1.5481446,-3.2303561,-1.9957069,2.1184822,0.67154049,0.85612865,-2.8238374,7.3685428,7.1603766,-0.72189116
0.57647475,-1.3074699,0.48288732,-1.5500904,-3.2045477,-1.9463355,2.1628135,0.55609483,0.67433502,-2.8342531,7.7955423,7.2273758,-0.90153348
0.57678693,-1.3328673,0.48873373,-1.55181,-3.18218,-1.8908804,2.2038792,0.42614927,0.49206569,-2.8308123,8.2062844,7.2816483,-1.0734029
0.57709911,-1.3575788,0.4929646,-1.5531972,-3.1638698,-1.8292906,2.2417072,0.28229714,0.30634249,-2.8132613,8.596726,7.3272074,-1.2420174
0.57741129,-1.3818571,0.49570432,-1.5544043,-3.1489498,-1.7614895,2.2758908,0.12225967,0.11725215,-2.7776678,8.9631609,7.3656483,-1.4047063
0.57772348,-1.405809,0.49664837,-1.5554621,-3.1382759,-1.6888558,2.3071914,-0.046525168,-0.07665567,-2.7244241,9.3030004,7.3994068,-1.5624644
0.57803567,-1.4291356,0.49579428,-1.556276,-3.1320629,-1.6116753,2.3346589,-0.22435828,-0.27666359,-2.6556569,9.6144826,7.4220523,-1.7172867
0.57834786,-1.4519881,0.49319288,-1.5570681,-3.1302176,-1.5307125,2.3572564,-0.41121075,-0.4822369,-2.5698699,9.8949561,7.4255979,-1.8698137
0.57866005,-1.4741248,0.48884168,-1.5573971,-3.1328291,-1.4477505,2.3750452,-0.59679176,-0.69183068,-2.4686021,10.141796,7.4109318,-2.0226215
0.57897225,-1.4953758,0.48299865,-1.5573097,-3.1400063,-1.3591028,2.388425,-0.78315765,-0.90711079,-2.3515948,10.355604,7.3709306,-2.176048
0.57928445,-1.5157236,0.47549805,-1.5567813,-3.1525615,-1.2675129,2.3974664,-0.97642745,-1.1217265,-2.2145529,10.534964,7.3037861,-2.3293312
0.57959665,-1.5351031,0.46632453,-1.5558096,-3.1690972,-1.1738652,2.4014327,-1.1683205,-1.3275429,-2.0560967,10.678697,7.205166,-2.4836796
0.57990885,-1.5534141,0.45535637,-1.5545008,-3.1886589,-1.0783339,2.4004201,-1.3618218,-1.5168388,-1.8746716,10.785801,7.0790559,-2.6372227
0.58022106,-1.5706108,0.44296342,-1.5528588,-3.2136977,-0.98030653,2.3988464,-1.5482457,-1.7032411,-1.6740031,10.85707,6.9369578,-2.7867683
0.58053326,-1.586713,0.42843562,-1.5507579,-3.2429131,-0.88065582,2.3954538,-1.7291272,-1.8890596,-1.4615684,10.894725,6.7833789,-2.9310856
0.58084547,-1.6016765,0.41305765,-1.5481516,-3.2769291,-0.7786742,2.3867955,-1.9020899,-2.0656366,-1.235881,10.900225,6.6260675,-3.0665144
0.58115768,-1.6156426,0.39570436,-1.5451978,-3.3169581,-0.67683157,2.3749094,-2.0655668,-2.2294581,-1.0150695,10.875197,6.4658536,-3.1898697
0.5814699,-1.6285563,0.37677594,-1.541536,-3.3583298,-0.57343127,2.3598757,-2.211481,-2.3816463,-0.78822632,10.820342,6.3038427,-3.3047421
0.58178211,-1.6404226,0.3561563,-1.5370965,-3.399968,-0.46862032,2.3432515,-2.3362576,-2.5255195,-0.5580406,10.74015,6.1399924,-3.4101704
0.58209433,-1.6511862,0.33433568,-1.5320079,-3.4431436,-0.36387596,2.3247212,-2.4431265,-2.6502131,-0.32883246,10.634881,5.9747355,-3.5032696
0.58240654,-1.6607026,0.31156843,-1.5261627,-3.4898919,-0.25896384,2.3045487,-2.5326868,-2.7618458,-0.10214413,10.503999,5.8072106,-3.5830084
0.58271876,-1.6690184,0.28782963,-1.5196296,-3.5424188,-0.15404616,2.2832005,-2.6015414,-2.8605185,0.11707135,10.34788,5.6342781,-3.6476185
0.58303098,-1.6761383,0.26312802,-1.5124027,-3.5983846,-0.052162467,2.2611482,-2.6501444,-2.9428319,0.32777904,10.169092,5.4551673,-3.6965647
0.5833432,-1.6820941,0.23752324,-1.504497,-3.6586484,0.05154472,2.2367377,-2.6910727,-3.0079399,0.52894955,9.9684003,5.2708562,-3.7299382
0.58365542,-1.6868418,0.21132207,-1.4957728,-3.7219488,0.15493597,2.2096865,-2.7107844,-3.0563345,0.7231862,9.7460303,5.0812478,-3.7465217
0.58396765,-1.6903098,0.18462871,-1.4861697,-3.7871921,0.25549842,2.1791542,-2.7066994,-3.0893452,0.89580108,9.5036807,4.891063,-3.747037
0.58427987,-1.6923766,0.15715287,-1.4757419,-3.8543038,0.35670769,2.146947,-2.684214,-3.1048313,1.0428704,9.2422945,4.6982848,-3.7304027
0.5845921,-1.6929887,0.12929387,-1.4644619,-3.9232412,0.46632513,2.113211,-2.6402317,-3.1028057,1.1674991,8.9635235,4.5005373,-3.6952343
0.58490432,-1.6921504,0.10106231,-1.4521494,-3.9935019,0.57319453,2.0787747,-2.5781715,-3.0870539,1.2733716,8.6761305,4.294394,-3.6438051
0.58521655,-1.6901319,0.072846934,-1.4389039,-4.0654165,0.67802024,2.0447303,-2.4978065,-3.0594338,1.3649893,8.3770677,4.0788832,-3.5859051
0.58552878,-1.6882643,0.043879024,-1.4245974,-4.1381716,0.78030235,2.0098496,-2.3978418,-3.0163446,1.4406283,8.0649012,3.8541338,-3.5135969
0.58584101,-1.6862914,0.013693544,-1.4094034,-4.2119587,0.87901597,1.9748527,-2.2745764,-2.9624638,1.5004441,7.740195,3.6097332,-3.4316026
0.58615324,-1.6834427,-0.016769615,-1.3934153,-4.2880316,0.97557301,1.9403026,-2.137673,-2.9028309,1.5359202,7.4046905,3.344287,-3.3407296
0.58646547,-1.6798124,-0.047092176,-1.3759489,-4.3598398,1.0688664,1.9057948,-1.9898632,-2.8358209,1.549282,7.0719074,3.0532622,-3.2317462
0.5867777,-1.6750387,-0.077025347,-1.3582534,-4.4309573,1.1594361,1.8690221,-1.8355412,-2.7683616,1.5418247,6.7394929,2.7396148,-3.1246713
0.58708994,-1.6689261,-0.10567947,-1.3397553,-4.4994259,1.2493272,1.8305565,-1.675438,-2.6987288,1.5171752,6.3981079,2.3918209,-3.0066499
0.58740217,-1.6625469,-0.13482523,-1.3205311,-4.5656304,1.338726,1.7944799,-1.5104359,-2.628772,1.47535,6.0541737,2.0185383,-2.8737821
0.58771441,-1.6550506,-0.16370622,-1.3007335,-4.6293397,1.4258814,1.7578282,-1.3447821,-2.5613708,1.4180238,5.7109267,1.6128421,-2.725249
0.58802664,-1.6464075,-0.19138002,-1.2801666,-4.6910485,1.5113438,1.7189017,-1.1808386,-2.497847,1.3467882,5.3700875,1.182114,-2.5586931
0.58833888,-1.6370184,-0.21838132,-1.2580571,-4.7511855,1.5942374,1.6759601,-1.0200122,-2.4379956,1.262569,5.020992,0.7371599,-2.3763793
0.58865112,-1.6281675,-0.24461601,-1.2348822,-4.8095767,1.6744611,1.6292634,-0.86559043,-2.3803385,1.1667166,4.6703131,0.27298696,-2.1726326
0.58896336,-1.6171792,-0.27008451,-1.2105782,-4.8660648,1.7516408,1.5774512,-0.72031935,-2.3290768,1.0642766,4.3278863,-0.20954976,-1.9432548
0.58927561,-1.6054073,-0.29434501,-1.1855953,-4.9187082,1.8249986,1.5210679,-0.58754971,-2.2890425,0.95442483,3.9976303,-0.71019607,-1.6889026
0.58958785,-1.5931218,-0.31756955,-1.159765,-4.9668903,1.8996261,1.4591262,-0.47292865,-2.2606121,0.83395821,3.6761069,-1.2172347,-1.4173397
0.5899001,-1.5804201,-0.34001982,-1.1331675,-5.0120024,1.9733853,1.3943607,-0.37873832,-2.2424694,0.70117657,3.3768826,-1.6985542,-1.1312985
0.59021235,-1.5678789,-0.36182518,-1.1056222,-5.0549273,2.0443578,1.325352,-0.30124639,-2.2357354,0.55538966,3.0968557,-2.1693319,-0.83031214
0.59052461,-1.5541537,-0.38313871,-1.0774285,-5.0946615,2.1158791,1.2507063,-0.249743,-2.2379975,0.39298215,2.8461589,-2.6286395,-0.51987918
0.59083686,-1.5393652,-0.40345944,-1.0488269,-5.131662,2.1876068,1.169178,-0.22877519,-2.2482992,0.21503621,2.6219612,-3.0643523,-0.22132833
0.59114912,-1.5235614,-0.42352433,-1.019172,-5.1673054,2.2598049,1.0815173,-0.23547287,-2.2652687,0.042280681,2.4509612,-3.4630631,0.057550164
0.59146138,-1.5071259,-0.44236597,-0.9888576,-5.2026181,2.3324652,0.98476746,-0.26415872,-2.2883577,-0.11968579,2.3342439,-3.8188205,0.32230594
0.59177365,-1.4904579,-0.45993709,-0.95802425,-5.2381647,2.4052942,0.87767813,-0.31136375,-2.3161768,-0.27695746,2.2782428,-4.1239126,0.56462896
0.59208591,-1.4736331,-0.47615758,-0.92709052,-5.2713711,2.476876,0.75754054,-0.37953772,-2.3463756,-0.43138197,2.2753138,-4.3664199,0.78454333
0.59239818,-1.4561143,-0.49086859,-0.896024,-5.3024731,2.5485141,0.62690227,-0.45835124,-2.3780412,-0.57435959,2.3145741,-4.5445492,0.98253397
0.59271046,-1.4372734,-0.50495137,-0.86387599,-5.3325644,2.6194053,0.48742153,-0.54573525,-2.4109291,-0.70765782,2.3955167,-4.6547277,1.1563445
0.59302273,-1.4175251,-0.51764094,-0.83138002,-5.3591263,2.6891143,0.33656084,-0.64427295,-2.4447267,-0.84079263,2.513588,-4.7014576,1.2974007
0.59333501,-1.3991101,-0.52901422,-0.7985575,-5.3830602,2.7571875,0.17848666,-0.75721736,-2.4776949,-0.97142812,2.6633161,-4.6913029,1.3944114
0.5936473,-1.3806102,-0.53891298,-0.76548904,-5.4044196,2.8229511,0.014159261,-0.88341299,-2.510442,-1.0983308,2.8395317,-4.6297227,1.4491536
0.59395959,-1.3618839,-0.54698492,-0.73230642,-5.4235124,2.8860565,-0.15815188,-1.0202643,-2.5385157,-1.2218184,3.0378068,-4.5212164,1.4719421
0.59427188,-1.3428367,-0.5534173,-0.69907222,-5.441808,2.9454635,-0.33352773,-1.1622761,-2.56365,-1.3417955,3.2519607,-4.3771704,1.4606157
0.59458417,-1.3240191,-0.55835202,-0.6660319,-5.4577201,3.0003277,-0.51078827,-1.3058065,-2.5791906,-1.4568342,3.4786501,-4.2050551,1.4222849
0.59489648,-1.3050263,-0.56206255,-0.63289857,-5.4716643,3.0503357,-0.68822308,-1.4505632,-2.5825828,-1.5620026,3.7148551,-4.0105643,1.3604519
0.59520878,-1.2861447,-0.5642278,-0.59980267,-5.485725,3.0913158,-0.86587446,-1.5896732,-2.5776945,-1.6608635,3.955503,-3.7995001,1.2836979
0.59552109,-1.267555,-0.56489509,-0.5668462,-5.4987323,3.12367,-1.0390532,-1.7204783,-2.5600782,-1.755018,4.1941211,-3.5813583,1.1984769
0.59583341,-1.2491533,-0.56359403,-0.53406361,-5.5098141,3.1485591,-1.2056609,-1.837628,-2.5311299,-1.839931,4.4290237,-3.3635839,1.1061105
0.59614573,-1.2314298,-0.56092869,-0.50117564,-5.5187421,3.1644332,-1.3634586,-1.940386,-2.4890464,-1.9146794,4.6597451,-3.1515321,1.0125761
0.59645805,-1.2155605,-0.55657385,-0.46901034,-5.5269907,3.172018,-1.5130794,-2.028151,-2.4332544,-1.9829119,4.8806335,-2.9486787,0.92225723
0.59677039,-1.2002573,-0.55069402,-0.4372267,-5.5361337,3.1682219,-1.6507329,-2.1012775,-2.3635339,-2.0466064,5.0933901,-2.7618133,0.83655487
0.59708272,-1.1855467,-0.54316433,-0.40586707,-5.5409071,3.1546774,-1.7768862,-2.1581432,-2.2769321,-2.1114431,5.3005578,-2.5952635,0.75532728
0.59739507,-1.1715473,-0.53379134,-0.37490007,-5.5434204,3.1280022,-1.887246,-2.1955826,-2.1774873,-2.179278,5.4930054,-2.4519827,0.67174677
0.59770741,-1.1585347,-0.52257164,-0.34440827,-5.5437207,3.08711,-1.9707262,-2.2177696,-2.0634383,-2.2485544,5.6652297,-2.3352494,0.58661294
0.59801977,-1.1464022,-0.50980674,-0.31452594,-5.537715,3.035066,-2.0260951,-2.22064,-1.9262733,-2.3255535,5.8122149,-2.2438441,0.50191629
0.59833213,-1.1350899,-0.49537415,-0.2852167,-5.5265633,2.9699928,-2.0747341,-2.2056447,-1.7759951,-2.4118372,5.9292041,-2.1798923,0.41771439
0.59864449,-1.1245507,-0.47917812,-0.25607906,-5.5116099,2.8942393,-2.1222953,-2.1755513,-1.611175,-2.5042402,6.0086148,-2.1419817,0.33020322
0.59895686,-1.1149446,-0.46254329,-0.22755608,-5.4915455,2.8085951,-2.1563468,-2.1306201,-1.4333072,-2.6011455,6.0550974,-2.1295933,0.23870049
0.59926924,-1.1063577,-0.44531238,-0.1999562,-5.4653259,2.7120724,-2.171828,-2.0738854,-1.2421567,-2.6965475,6.0660738,-2.1428416,0.14161824
0.59958162,-1.0987629,-0.42678976,-0.17140046,-5.432653,2.6046688,-2.1699263,-2.0096044,-1.0412088,-2.7931438,6.0432332,-2.1785844,0.040238318
0.59989401,-1.0922549,-0.40655397,-0.14334206,-5.3903122,2.4930982,-2.1540204,-1.9359002,-0.82751032,-2.8900465,5.9862032,-2.236896,-0.069200479
0.6002064,-1.0866939,-0.38479084,-0.11599538,-5.3469858,2.3748187,-2.1214995,-1.8523321,-0.60286434,-2.9848854,5.8988197,-2.3138901,-0.18761215
0.6005188,-1.0821995,-0.36160681,-0.08881622,-5.2978805,2.2486108,-2.0840827,-1.7630487,-0.36931157,-3.0787628,5.7829443,-2.407165,-0.3076599
0.6008312,-1.0787575,-0.33700502,-0.062155959,-5.2456518,2.1145972,-2.0346293,-1.6714951,-0.13308316,-3.1714469,5.6406156,-2.5152802,-0.43064125
0.60114361,-1.0762498,-0.31138413,-0.036325566,-5.1904379,1.9783951,-1.9729368,-1.5771578,0.1071311,-3.2578151,5.4726369,-2.6359072,-0.55475463
0.60145602,-1.0747902,-0.28495038,-0.010917207,-5.1214604,1.8365991,-1.9038399,-1.4812115,0.34984132,-3.3355456,5.2874682,-2.7664789,-0.67947288
0.60176844,-1.0746602,-0.25710271,0.01431776,-5.0397729,1.6901083,-1.8295296,-1.3858562,0.58933145,-3.405016,5.0956929,-2.9042984,-0.80482663
0.60208087,-1.0759155,-0.22836991,0.039185625,-4.9489284,1.5393463,-1.7515524,-1.2958142,0.83786988,-3.4672108,4.8844354,-3.0448469,-0.92794987
0.60239329,-1.0785513,-0.1994643,0.064185089,-4.8495282,1.3843524,-1.6667362,-1.2142094,1.0913515,-3.5290936,4.6597401,-3.1860716,-1.0524418
0.60270573,-1.0822955,-0.1695689,0.089121961,-4.7395293,1.2277323,-1.5799177,-1.1441768,1.3454141,-3.5755442,4.4319188,-3.3269249,-1.1802928
0.60301817,-1.0876039,-0.13964169,0.11405624,-4.621494,1.0697663,-1.4939356,-1.0877423,1.6064564,-3.6133318,4.2047599,-3.465453,-1.303572
0.60333061,-1.0941571,-0.11078187,0.1393431,-4.4984388,0.9079977,-1.4100891,-1.0480489,1.8748573,-3.6459617,3.9829021,-3.598741,-1.4161843
0.60364306,-1.1016891,-0.082591197,0.16452489,-4.3712316,0.74589503,-1.3263567,-1.0020919,2.1487269,-3.6711347,3.7729073,-3.7181293,-1.5170067
0.60395551,-1.1098392,-0.053999251,0.18986971,-4.2379335,0.58995711,-1.2453558,-0.95288859,2.4285111,-3.6933398,3.579148,-3.8205532,-1.608756
0.60426796,-1.1176799,-0.02511782,0.2150666,-4.1003847,0.4360384,-1.1645203,-0.89463731,2.7108002,-3.7124818,3.4025705,-3.9067486,-1.6906887
0.60458042,-1.1264,0.003634688,0.24045081,-3.9595041,0.28780458,-1.0859051,-0.82318561,2.9941114,-3.7264616,3.2438542,-3.9856165,-1.7668507
0.60489289,-1.1361127,0.033895523,0.26524962,-3.8179941,0.14668446,-1.0126585,-0.73784746,3.2767612,-3.7334378,3.1084825,-4.0413696,-1.8491525
0.60520535,-1.145989,0.063761352,0.28958937,-3.6777575,0.012511621,-0.94428848,-0.63643192,3.5551812,-3.7263247,2.9977235,-4.0629982,-1.9337018
0.60551782,-1.1553845,0.09201877,0.31373804,-3.5412636,-0.1141907,-0.87860001,-0.51258383,3.8261723,-3.7023484,2.9149913,-4.0515688,-2.0182295
0.6058303,-1.1641987,0.11844864,0.33852331,-3.4097107,-0.23892843,-0.81637372,-0.36742105,4.0880993,-3.6659242,2.8641707,-4.0113197,-2.1075153
0.60614278,-1.1749995,0.14331097,0.36333441,-3.2838023,-0.36171278,-0.75900009,-0.20892452,4.3338141,-3.6126889,2.8433862,-3.9441496,-2.2085167
0.60645526,-1.1861909,0.16753005,0.38746072,-3.1664146,-0.48008763,-0.70871434,-0.035412775,4.5643273,-3.5431538,2.8477633,-3.8320994,-2.3091876
0.60676774,-1.1977344,0.19075836,0.41179101,-3.0591001,-0.59188677,-0.66639305,0.15041644,4.7789551,-3.4563765,2.8866742,-3.6899379,-2.400521
0.60708023,-1.2081363,0.21261336,0.43656737,-2.9656458,-0.69572356,-0.63154706,0.34507368,4.9740681,-3.3521797,2.9606447,-3.5283339,-2.4780234
0.60739272,-1.2187917,0.23335331,0.46132149,-2.881862,-0.79079495,-0.60246309,0.54582942,5.1488995,-3.2340251,3.0734,-3.3464026,-2.5487027
0.60770521,-1.2302069,0.2530963,0.48634744,-2.8058184,-0.87436872,-0.57996222,0.75241696,5.3026573,-3.1014329,3.2194391,-3.1350283,-2.6109449
0.6080177,-1.2418916,0.27169216,0.5117779,-2.7378273,-0.94656824,-0.56412679,0.96250522,5.4367164,-2.9575918,3.3959557,-2.9038951,-2.6710044
0.60833019,-1.253321,0.28802087,0.53747726,-2.6813489,-1.0097211,-0.55546066,1.1667011,5.5522556,-2.8012439,3.5929938,-2.656746,-2.726572
0.60864269,-1.2652463,0.30290504,0.5630901,-2.6382718,-1.0629325,-0.55382982,1.374776,5.6497395,-2.6375516,3.8055531,-2.3958081,-2.7778167
0.60895519,-1.2778653,0.31605916,0.58891772,-2.6104518,-1.104691,-0.5602437,1.5887713,5.7232149,-2.4636571,4.0309914,-2.1259701,-2.8285297
0.60926768,-1.2896423,0.32723865,0.61579186,-2.5963084,-1.1368992,-0.57325953,1.8071675,5.7783798,-2.2791652,4.2603533,-1.8491708,-2.8778281
0.60958018,-1.3019591,0.33680392,0.6432507,-2.5969795,-1.1582226,-0.59194191,2.0306928,5.8162043,-2.0838018,4.4889995,-1.5694436,-2.9254841
0.60989268,-1.3139988,0.34441964,0.67120984,-2.6120777,-1.1689554,-0.61757513,2.2565835,5.8372606,-1.8786969,4.7132895,-1.2857397,-2.9734612
0.61020518,-1.3260803,0.34999235,0.69947642,-2.6384826,-1.1704799,-0.64970508,2.4831628,5.8416123,-1.6719816,4.9273579,-0.99739949,-3.018493
0.61051769,-1.3383006,0.35374783,0.72786567,-2.6756732,-1.1624634,-0.68789872,2.7068248,5.8293522,-1.4680055,5.1202873,-0.70764112,-3.0614428
0.61083019,-1.3504317,0.35531207,0.75629267,-2.7231932,-1.1450124,-0.73171867,2.9143271,5.7997949,-1.2654897,5.2897181,-0.41355124,-3.1029311
0.61114269,-1.3623553,0.35433657,0.78561346,-2.7775706,-1.118286,-0.78013865,3.1037003,5.7518421,-1.0638077,5.4318367,-0.1108491,-3.1409588
0.61145519,-1.373855,0.35105784,0.81558872,-2.8393572,-1.0827459,-0.83332716,3.2763581,5.6799407,-0.86271822,5.545506,0.19932019,-3.17438
0.61176769,-1.3851431,0.34570631,0.8460177,-2.9085902,-1.0368232,-0.88985302,3.4347901,5.5838225,-0.64938089,5.6310292,0.51995711,-3.1995454
0.6120802,-1.3959582,0.33818877,0.87695992,-2.9866223,-0.98119884,-0.95017704,3.5868084,5.4610126,-0.42372172,5.6915497,0.84596151,-3.21261
0.6123927,-1.4062791,0.32896083,0.90866316,-3.0679446,-0.91622166,-1.0142438,3.7284812,5.3074872,-0.19263156,5.7320467,1.1789828,-3.2100399
0.6127052,-1.4160786,0.31834494,0.94076071,-3.1532576,-0.84147519,-1.0800195,3.8601541,5.1234521,0.046695312,5.7556437,1.5162654,-3.1874588
0.6130177,-1.4253635,0.30638143,0.97348422,-3.2421999,-0.75672035,-1.1477324,3.9706358,4.9136985,0.28262844,5.7677588,1.8516968,-3.1418377
0.6133302,-1.4335255,0.29314905,1.0067373,-3.332776,-0.66180521,-1.216594,4.0666572,4.6818426,0.502786,5.7885206,2.1815151,-3.0714705
0.6136427,-1.4404809,0.2791969,1.0407865,-3.4233198,-0.55547144,-1.2851492,4.152345,4.4346633,0.70731219,5.8360646,2.5018779,-2.974386
0.6139552,-1.4477017,0.26412441,1.0757252,-3.5121347,-0.44060505,-1.3544433,4.2315789,4.1758525,0.90379223,5.91505,2.8109911,-2.8498063
0.6142677,-1.4533389,0.24752172,1.1114334,-3.600556,-0.31679293,-1.4228253,4.3006837,3.906217,1.0847287,6.0274222,3.1043482,-2.7016771
0.6145802,-1.4576642,0.22938292,1.1472063,-3.6879401,-0.18370828,-1.4894294,4.367078,3.6292779,1.2542819,6.1647915,3.3812495,-2.5360186
0.6148927,-1.4610319,0.20830216,1.1836495,-3.7737686,-0.043778648,-1.5532545,4.43424,3.3460615,1.4157193,6.3248878,3.6410805,-2.3582107
0.6152052,-1.4633467,0.18407935,1.2207863,-3.8564096,0.10415919,-1.6125918,4.4911441,3.059497,1.5549531,6.5067874,3.8847272,-2.173544
0.6155177,-1.4641962,0.15788683,1.2587145,-3.9416663,0.25795452,-1.6676123,4.5395099,2.7743229,1.6741846,6.7068626,4.1121931,-1.9867728
0.6158302,-1.4638775,0.13018023,1.2973084,-4.0258258,0.41796084,-1.7236567,4.581822,2.4919818,1.7779006,6.9223178,4.3264895,-1.7998641
0.61614271,-1.462546,0.10072713,1.3363738,-4.1077522,0.58287779,-1.7821382,4.6147761,2.2155573,1.867573,7.1765265,4.5319306,-1.6193768
0.61645521,-1.4599938,0.069796514,1.3759195,-4.1902393,0.7525795,-1.8354829,4.6341902,1.9431043,1.9389935,7.4714665,4.7280971,-1.4450997
0.61676771,-1.456061,0.037905814,1.4158629,-4.2767863,0.92444819,-1.8845759,4.6400764,1.6753028,1.993416,7.8050303,4.9183074,-1.2780758
0.61708021,-1.4508749,0.0053704565,1.4560586,-4.3589563,1.0990095,-1.931574,4.6280854,1.4122576,2.0291053,8.1667513,5.1027725,-1.1180428
0.61739271,-1.4445235,-0.027669108,1.4966048,-4.436116,1.2745091,-1.9770816,4.5981764,1.1559398,2.0475448,8.5239638,5.2821238,-0.96298097
0.61770521,-1.4368859,-0.060611914,1.537091,-4.5080624,1.4407386,-2.0199942,4.5451245,0.90512697,2.0492686,8.8727954,5.4593711,-0.81159112
0.61801771,-1.4279791,-0.093450121,1.5777466,-4.5762592,1.6014119,-2.0573245,4.4680963,0.65988372,2.0314598,9.2031747,5.6269956,-0.65970124
0.61833022,-1.4177169,-0.12641585,1.6180745,-4.6434657,1.7562538,-2.0915183,4.3640619,0.41785976,1.9962315,9.5134626,5.7861492,-0.51085354
0.61864272,-1.4062193,-0.15833217,1.6584763,-4.7086582,1.9040092,-2.1163682,4.2344476,0.18000232,1.9454788,9.8024874,5.9359834,-0.3565602
0.61895523,-1.3935022,-0.19013561,1.6982056,-4.7735346,2.0443512,-2.1335841,4.0822382,-0.054740435,1.8782032,10.074428,6.0663746,-0.1953114
0.61926773,-1.3798409,-0.22096118,1.7370949,-4.8371934,2.1806179,-2.148938,3.9034908,-0.2852415,1.7982701,10.316576,6.1840735,-0.020989965
0.61958024,-1.365175,-0.25097133,1.7752642,-4.8999363,2.3179745,-2.1654386,3.7062066,-0.51189479,1.7053519,10.537583,6.2833329,0.16576451
0.61989274,-1.3499399,-0.27950514,1.8133672,-4.9663907,2.447649,-2.1835216,3.498874,-0.73756629,1.5996794,10.734849,6.361449,0.3642291
0.62020525,-1.3340408,-0.30703561,1.851024,-5.0238414,2.5702956,-2.2061741,3.2828377,-0.95989358,1.4836987,10.907168,6.4170365,0.57369666
0.62051776,-1.3177062,-0.333334,1.8878923,-5.0775405,2.6895089,-2.2331617,3.0630008,-1.1788882,1.3596646,11.053906,6.4460731,0.79424746
0.62083027,-1.3004427,-0.35849436,1.924091,-5.1262308,2.7969917,-2.2612149,2.8379612,-1.3949877,1.2316937,11.177812,6.4462737,1.034123
0.62114278,-1.2828588,-0.38208461,1.9595727,-5.1741168,2.8918809,-2.2914086,2.6133861,-1.6084781,1.1031238,11.279215,6.4168728,1.2810459
0.6214553,-1.2651616,-0.40397658,1.9938178,-5.2223525,2.9758077,-2.3221405,2.3896676,-1.8070337,0.97860526,11.358338,6.358736,1.5322006
0.62176781,-1.2476129,-0.42380174,2.0268517,-5.2712318,3.05107,-2.3546247,2.1718822,-1.9917615,0.85729165,11.414747,6.2705926,1.7836925
0.62208033,-1.2303709,-0.44176307,2.0584805,-5.3195952,3.1191511,-2.3892237,1.9586789,-2.1693842,0.7412763,11.463608,6.1503426,2.0340816
0.62239285,-1.2135279,-0.45762863,2.0890837,-5.3651803,3.1815843,-2.4247545,1.7476869,-2.3366136,0.62971615,11.499347,5.9970938,2.2786777
0.62270537,-1.1973043,-0.47162024,2.1181199,-5.4112867,3.2349939,-2.4601908,1.5346961,-2.4953204,0.5239288,11.523091,5.8125357,2.5131272
0.6230179,-1.1818361,-0.48344971,2.1455263,-5.4580756,3.2815751,-2.4969702,1.3195818,-2.646166,0.42330567,11.534893,5.602341,2.7341745
0.62333042,-1.1672305,-0.49307336,2.1709313,-5.5020782,3.3202581,-2.5354887,1.1075282,-2.7853295,0.32907999,11.538748,5.3679172,2.939406
0.62364295,-1.1529694,-0.50038909,2.1947542,-5.5401882,3.3512066,-2.5728223,0.90262648,-2.9087248,0.24014491,11.534459,5.1101904,3.1261865
0.62395549,-1.1398557,-0.50528577,2.216649,-5.5716065,3.3757153,-2.6088689,0.70930478,-3.0155152,0.15281073,11.524517,4.8356284,3.2933235
0.62426802,-1.1282141,-0.5077838,2.2366432,-5.5936488,3.3928958,-2.6425799,0.5434296,-3.105632,0.072882809,11.507286,4.5495404,3.4420892
0.62458056,-1.1177816,-0.50790231,2.2550864,-5.6030985,3.403609,-2.6731746,0.40283067,-3.1790621,-0.005841325,11.484138,4.2599943,3.5710779
0.6248931,-1.1088145,-0.50560357,2.2720077,-5.5999433,3.4002605,-2.6994003,0.28454366,-3.235134,-0.085491563,11.456925,3.969772,3.6790765
0.62520565,-1.1016647,-0.50085716,2.2874237,-5.5807436,3.3890508,-2.7193089,0.19035831,-3.2752761,-0.16179645,11.419517,3.6825128,3.7644574
0.62551819,-1.0962319,-0.49337383,2.3014807,-5.5494592,3.3677808,-2.7327575,0.12142962,-3.2949582,-0.23465238,11.372238,3.4001624,3.8262569
0.62583074,-1.0923797,-0.48370665,2.3142198,-5.5063194,3.3352228,-2.7382303,0.075049406,-3.2973157,-0.29911984,11.31251,3.1211697,3.8705048
0.62614329,-1.0899808,-0.47220434,2.3255516,-5.4515544,3.2886599,-2.7336635,0.048901052,-3.2767052,-0.35290533,11.238327,2.849172,3.8989006
0.62645585,-1.0889777,-0.45832126,2.3356312,-5.3860781,3.2318079,-2.7196961,0.040532669,-3.2362321,-0.40890743,11.151196,2.5794605,3.9069894
0.6267684,-1.0894067,-0.44228544,2.3448178,-5.310462,3.1650664,-2.6958279,0.050469649,-3.1735278,-0.4709038,11.038996,2.3075891,3.8950829
0.62708096,-1.0916839,-0.42397679,2.3529101,-5.2237489,3.089698,-2.662188,0.077916243,-3.0787052,-0.53456935,10.905999,2.0342683,3.863327
0.62739352,-1.0958027,-0.40375187,2.3598573,-5.1257611,3.0025203,-2.6184225,0.12032873,-2.9616643,-0.60004639,10.752401,1.7540703,3.8176262
0.62770608,-1.101218,-0.38167702,2.3657166,-5.0168921,2.9038318,-2.5648515,0.17429618,-2.8212256,-0.66712587,10.576818,1.4657273,3.7623284
0.62801864,-1.10822,-0.35794059,2.3706295,-4.8989216,2.7923681,-2.5020335,0.23983901,-2.6589353,-0.73320138,10.378948,1.1672414,3.6843147
0.62833121,-1.1170173,-0.33229065,2.374898,-4.7710548,2.6694267,-2.4306725,0.31209225,-2.4735987,-0.80117764,10.162756,0.85157363,3.5871151
0.62864377,-1.1272798,-0.30481045,2.378597,-4.6348757,2.5402805,-2.3522415,0.38587863,-2.266709,-0.87275036,9.9262405,0.52516804,3.4734309
0.62895634,-1.1389199,-0.27595768,2.3814853,-4.4918419,2.4063022,-2.2735455,0.46642758,-2.0378632,-0.94389624,9.6760452,0.18611219,3.3479098
0.62926891,-1.1516274,-0.24599452,2.3831757,-4.3450085,2.255233,-2.1915051,0.55302513,-1.7918252,-1.0309746,9.4155491,-0.16206993,3.2196139
0.62958147,-1.1660832,-0.21416822,2.383902,-4.1963251,2.0958576,-2.1032838,0.63746574,-1.5301302,-1.1242257,9.1493534,-0.51966381,3.0838203
0.62989403,-1.1820453,-0.18091233,2.3837458,-4.0429665,1.9307169,-2.0138268,0.71543034,-1.2461862,-1.2241402,8.8802425,-0.88367514,2.9453838
0.63020659,-1.1992632,-0.14678262,2.3827419,-3.890513,1.7587161,-1.9244203,0.78772068,-0.94578409,-1.3333648,8.5994463,-1.2450733,2.8098063
0.63051915,-1.2181009,-0.11199866,2.3811628,-3.7367242,1.580347,-1.8350446,0.85387349,-0.62687,-1.4548777,8.3114692,-1.6059964,2.6813156
0.6308317,-1.2384532,-0.076721613,2.3790825,-3.5794731,1.3926534,-1.7458066,0.91012041,-0.29073949,-1.5853546,8.0193061,-1.9633221,2.551157
0.63114425,-1.2600226,-0.041055807,2.3764705,-3.4216249,1.1984637,-1.6593816,0.95608728,0.058976222,-1.7188803,7.7278892,-2.3201526,2.4184939
0.6314568,-1.2828193,-0.0051245829,2.3731225,-3.2635963,0.99826194,-1.5741133,0.99564297,0.41982978,-1.8546302,7.4567646,-2.6603361,2.284222
0.63176935,-1.3070688,0.030908779,2.3696957,-3.1076402,0.79447726,-1.4918439,1.0388655,0.79208336,-1.9927893,7.2114502,-2.9746988,2.1485187
0.63208189,-1.3329821,0.066670214,2.3663139,-2.951667,0.58751069,-1.4102877,1.0813399,1.1681087,-2.1330692,6.9972689,-3.2719391,2.0160974
0.63239443,-1.3594257,0.1024108,2.3622709,-2.798649,0.37979347,-1.3365853,1.13807,1.5475248,-2.2646378,6.8128432,-3.5522773,1.8901416
0.63270697,-1.3868648,0.13774328,2.3582318,-2.6477763,0.17217256,-1.2717799,1.2165343,1.926444,-2.3815994,6.6511924,-3.8112738,1.7736117
0.63301951,-1.4150646,0.17269965,2.3541026,-2.4977824,-0.029972917,-1.2181018,1.3207061,2.2977072,-2.4780498,6.531171,-4.0419614,1.6663062
0.63333204,-1.4439206,0.20682206,2.3496749,-2.3494838,-0.22633812,-1.1696611,1.4487896,2.6588173,-2.5511948,6.4544437,-4.2423353,1.5702977
0.63364457,-1.4736979,0.23965007,2.3455,-2.2044579,-0.41448029,-1.1286704,1.6003195,3.0074207,-2.5980939,6.4211396,-4.4198246,1.4828874
0.63395711,-1.5041868,0.27092646,2.3415556,-2.0702952,-0.59950514,-1.0959685,1.7673543,3.339966,-2.6175437,6.4229796,-4.570234,1.4055878
0.63426964,-1.5353705,0.30185217,2.3374972,-1.9468678,-0.77753739,-1.0726971,1.9519801,3.6513629,-2.6124729,6.4510271,-4.6852766,1.3364021
0.63458217,-1.5671918,0.33146632,2.3334372,-1.8399051,-0.94384672,-1.0576611,2.1465098,3.9445073,-2.5849774,6.5033743,-4.7673972,1.2793759
0.63489469,-1.5990433,0.35937203,2.3292918,-1.7458346,-1.099988,-1.0536257,2.3514804,4.2150253,-2.5356561,6.5807739,-4.8151957,1.2343306
0.63520722,-1.6316306,0.38575925,2.3246032,-1.6683317,-1.242223,-1.0609739,2.5631964,4.4640534,-2.466633,6.6810083,-4.8299286,1.200207
0.63551975,-1.6649472,0.41041043,2.319627,-1.6054991,-1.3725659,-1.0775834,2.7742339,4.6939976,-2.3796088,6.8023021,-4.8097304,1.1778165
0.63583228,-1.6990357,0.43326965,2.3137363,-1.5584748,-1.490682,-1.1033502,2.9882559,4.906137,-2.2720117,6.9407438,-4.7534953,1.1639787
0.6361448,-1.7341257,0.45406933,2.3071533,-1.5294879,-1.5960494,-1.1379798,3.2161949,5.0936324,-2.1494475,7.0916577,-4.6634544,1.1577957
0.63645733,-1.7701776,0.47290596,2.3002187,-1.5193385,-1.6875203,-1.1809057,3.4590654,5.2591504,-2.0114304,7.2501357,-4.5401783,1.1580513
0.63676986,-1.8067835,0.48935577,2.2921437,-1.5253398,-1.76333,-1.231699,3.7151186,5.4019247,-1.8598701,7.406922,-4.3821842,1.1628201
0.63708238,-1.8438813,0.50355578,2.2841722,-1.5456988,-1.8236177,-1.2885074,3.9796992,5.5248539,-1.6932767,7.5636175,-4.1912243,1.1682548
0.6373949,-1.8815593,0.51478153,2.2763103,-1.5802699,-1.8714052,-1.3536092,4.2505928,5.6287338,-1.5134883,7.7154366,-3.9678599,1.173588
0.63770741,-1.9189339,0.52316483,2.2690774,-1.6286746,-1.9049848,-1.4258509,4.5160394,5.7142302,-1.3220996,7.860879,-3.7120678,1.1790847
0.63801992,-1.9546226,0.52891175,2.2622299,-1.692359,-1.9237258,-1.4982053,4.7604354,5.7808303,-1.1182963,7.9955847,-3.4245527,1.1811389
0.63833242,-1.9882331,0.5317409,2.254833,-1.7694973,-1.9292167,-1.572457,4.983053,5.8268225,-0.90144644,8.11191,-3.1044085,1.1717135
0.63864491,-2.0202818,0.53151825,2.2467499,-1.8581057,-1.9216473,-1.6486713,5.1855768,5.852734,-0.67499113,8.2149347,-2.761397,1.1520554
0.6389574,-2.0511395,0.528559,2.2377579,-1.9569858,-1.9018873,-1.7262619,5.3687168,5.8589387,-0.44306825,8.3001646,-2.3980912,1.116753
0.63926988,-2.0816703,0.52281453,2.2278504,-2.0644597,-1.8678946,-1.8036551,5.5329001,5.845894,-0.20775882,8.3654535,-2.0055391,1.0622328
0.63958236,-2.1117218,0.51381126,2.217118,-2.1759969,-1.8215177,-1.8807164,5.6824123,5.8097568,0.028524682,8.4093132,-1.5892386,0.98891662
0.63989483,-2.1414646,0.50150459,2.2057601,-2.2938989,-1.7650424,-1.9563666,5.8005357,5.7487004,0.26022294,8.4331551,-1.1473401,0.88652605
0.6402073,-2.1703282,0.48616021,2.1938393,-2.4145779,-1.696163,-2.0301361,5.9006698,5.6627224,0.48563092,8.4424566,-0.69743409,0.75696544
0.64051976,-2.1984716,0.46771034,2.1812643,-2.5354801,-1.6157802,-2.1014468,5.978409,5.5506384,0.71375923,8.4430514,-0.23647039,0.60505574
0.64083222,-2.2258375,0.44619511,2.1681668,-2.6562763,-1.5241332,-2.166664,6.0367516,5.4117102,0.96740612,8.4249006,0.23248839,0.43489871
0.64114467,-2.2523047,0.42151559,2.1546769,-2.7766325,-1.4225895,-2.2279829,6.0756778,5.2460028,1.2226448,8.4071603,0.70295247,0.25357244
0.64145711,-2.278139,0.39407559,2.1408977,-2.894072,-1.3092654,-2.2843871,6.0935527,5.057575,1.4684909,8.4076325,1.1694861,0.065852163
0.64176955,-2.3028192,0.3638853,2.1266462,-3.010887,-1.1862039,-2.3367705,6.1044646,4.8477258,1.7105587,8.4244858,1.6230921,-0.11924542
0.64208198,-2.3262826,0.33069858,2.1118603,-3.1267889,-1.0551387,-2.3866249,6.1008742,4.6189732,1.9422256,8.466962,2.0592213,-0.29360729
0.64239441,-2.3483396,0.29466755,2.0963833,-3.2347816,-0.91469053,-2.4352294,6.0857845,4.3739657,2.1613696,8.5530836,2.4706411,-0.44262684
0.64270683,-2.3696402,0.25638826,2.0801859,-3.3372907,-0.76399897,-2.4832491,6.0606662,4.1142565,2.3677346,8.6671697,2.8555001,-0.56169042
0.64301924,-2.3897426,0.21624324,2.0634873,-3.4343697,-0.60152772,-2.529001,6.0267872,3.8433249,2.5563951,8.7978498,3.214417,-0.64747954
0.64333165,-2.4083652,0.17423505,2.0462431,-3.5195166,-0.42960086,-2.5755633,5.9848961,3.5670187,2.727625,8.9404294,3.5488724,-0.69828886
0.64364406,-2.4252796,0.13003013,2.0284223,-3.5995035,-0.24961397,-2.6238044,5.9338738,3.2846432,2.8794168,9.0927369,3.8566262,-0.71493254
0.64395646,-2.4406675,0.083631992,2.0104653,-3.6727167,-0.069543098,-2.6706792,5.8719705,2.997538,3.0128048,9.2515076,4.138619,-0.70139003
0.64426886,-2.4551688,0.035852144,1.9924815,-3.7424772,0.11817547,-2.7165062,5.7980954,2.706196,3.1268242,9.4334938,4.3993034,-0.65616349
0.64458126,-2.4681894,-0.013317466,1.9754762,-3.8061288,0.31117473,-2.7656113,5.712817,2.4112052,3.2198688,9.6382955,4.6382477,-0.58166385
0.64489365,-2.4804177,-0.063395604,1.9593275,-3.8639245,0.50994575,-2.8162071,5.6130064,2.1153835,3.289603,9.8642299,4.8518039,-0.48360334
0.64520603,-2.491304,-0.11587049,1.9441711,-3.9164275,0.71472607,-2.8679725,5.4984122,1.8189209,3.332241,10.097429,5.0443473,-0.36343635
0.64551841,-2.4982299,-0.16914922,1.9274043,-3.9641928,0.91934557,-2.919689,5.3669167,1.5218483,3.3552362,10.328935,5.221703,-0.22344661
0.64583079,-2.5019201,-0.22267935,1.9076432,-4.0062988,1.1183856,-2.9676318,5.219989,1.2241937,3.3526252,10.55273,5.3783261,-0.063919826
0.64614317,-2.5035362,-0.27768891,1.8850144,-4.0449399,1.3114993,-3.0101538,5.0557087,0.92590233,3.3230639,10.766816,5.514868,0.10939488
0.64645554,-2.5035723,-0.33216482,1.8611091,-4.0801804,1.4983943,-3.0455966,4.8695294,0.62760146,3.2651063,10.966468,5.6307743,0.29520853
0.6467679,-2.5040976,-0.38619776,1.8384719,-4.1141556,1.6822947,-3.0785518,4.6623375,0.33293766,3.1808588,11.153127,5.7292933,0.49115185
0.64708027,-2.5018303,-0.44007544,1.8148682,-4.1472282,1.8679655,-3.1081843,4.4421451,0.039769999,3.0733307,11.324494,5.8117705,0.69857232
0.64739263,-2.4978691,-0.49274885,1.7905542,-4.1835832,2.0538686,-3.1354749,4.2132087,-0.25094187,2.9434754,11.478467,5.8814208,0.91123964
0.64770499,-2.4926251,-0.54360252,1.7657413,-4.2168795,2.2369255,-3.1603176,3.9759071,-0.54204864,2.7950684,11.61309,5.9376499,1.1293166
0.64801734,-2.4853232,-0.59197723,1.7403258,-4.24302,2.4130083,-3.180046,3.7287991,-0.83440019,2.6324639,11.73085,5.9811973,1.3532325
0.6483297,-2.475536,-0.63950256,1.7151399,-4.2581453,2.5804769,-3.1971847,3.4880358,-1.1256043,2.4620877,11.833487,6.0115537,1.5827607
0.64864205,-2.4641824,-0.68469268,1.689935,-4.2678458,2.7415606,-3.2176415,3.2501245,-1.4000165,2.2847752,11.91704,6.0357364,1.8165914
0.6489544,-2.4503212,-0.72800068,1.6643141,-4.2735977,2.8941023,-3.2365723,3.0165624,-1.6603775,2.1026642,11.984,6.050958,2.0490851
0.64926675,-2.4354392,-0.76897291,1.6378596,-4.2743849,3.0423815,-3.2510833,2.7889577,-1.9100525,1.9195763,12.036029,6.0535331,2.2817049
0.6495791,-2.4193713,-0.80713265,1.6102901,-4.2666711,3.17766,-3.2575444,2.5603454,-2.1463621,1.7382996,12.075234,6.0418878,2.5108056
0.64989145,-2.4019719,-0.84229788,1.5820426,-4.250849,3.3036741,-3.2563995,2.3310839,-2.3666797,1.5582493,12.100927,6.0233636,2.7403912
0.6502038,-2.3836263,-0.87423709,1.5533781,-4.2252048,3.4154065,-3.246628,2.1052184,-2.5788709,1.3810162,12.1164,5.9967507,2.9628633
0.65051614,-2.3646496,-0.90245907,1.522757,-4.1848869,3.5164558,-3.2253989,1.8894479,-2.7740958,1.2073061,12.121987,5.948652,3.1740405
0.65082849,-2.3455144,-0.92709907,1.4907162,-4.1284203,3.6031159,-3.193657,1.6890648,-2.9492701,1.0354242,12.119669,5.8665052,3.3696237
0.65114083,-2.3261536,-0.94841664,1.4574287,-4.0567895,3.6759184,-3.1506085,1.5110727,-3.1019739,0.86868703,12.109369,5.744734,3.5483237
0.65145317,-2.3066388,-0.9657999,1.423556,-3.9692764,3.7351948,-3.0956805,1.3607252,-3.2322535,0.71139875,12.092241,5.5844796,3.7084082
0.65176552,-2.2869065,-0.9794943,1.3892583,-3.8649272,3.7792567,-3.0295022,1.2384802,-3.3432291,0.55561155,12.0666,5.3858525,3.8395686
0.65207786,-2.2680323,-0.98915694,1.3544431,-3.7435374,3.8078425,-2.9527819,1.1490051,-3.4338228,0.40105473,12.032227,5.1609842,3.943279
0.6523902,-2.2500956,-0.9947598,1.3190701,-3.6052772,3.8185356,-2.8650258,1.0871579,-3.4976911,0.25456817,11.98807,4.9138635,4.0252675
0.65270254,-2.2331049,-0.99615711,1.283488,-3.4534272,3.8109322,-2.7668822,1.051703,-3.5249977,0.11494965,11.933493,4.6510408,4.0894927
0.65301488,-2.217055,-0.99356375,1.2480317,-3.2895574,3.7850996,-2.6600609,1.0434301,-3.5336334,-0.014936295,11.867781,4.3763118,4.1368982
0.65332722,-2.202912,-0.98696052,1.2124694,-3.1132914,3.7420136,-2.5451492,1.0562161,-3.5141942,-0.13321915,11.789327,4.0895508,4.1670506
0.65363955,-2.1906206,-0.97602103,1.1765124,-2.9255472,3.6861986,-2.4245693,1.0856276,-3.4645015,-0.2394148,11.696536,3.7952113,4.1843952
0.65395188,-2.1797627,-0.9609536,1.1403808,-2.7310551,3.6154921,-2.3010239,1.1347834,-3.3911845,-0.35803903,11.584687,3.4872875,4.190025
0.65426419,-2.1705022,-0.94186933,1.1043541,-2.5335738,3.5373595,-2.1749358,1.1955846,-3.2832024,-0.47689495,11.452023,3.1681721,4.184588
0.65457649,-2.1627325,-0.91893101,1.068232,-2.3369937,3.4438429,-2.0493404,1.2680072,-3.1439591,-0.58471974,11.296087,2.8345854,4.1702213
0.65488878,-2.1567201,-0.89278109,1.0319664,-2.1443842,3.3339001,-1.9266459,1.3485331,-2.9760166,-0.69298783,11.117869,2.4863583,4.1487764
0.65520105,-2.1524057,-0.86305229,0.99590242,-1.9554622,3.2085118,-1.8063077,1.4321634,-2.7799804,-0.7960177,10.919896,2.1230097,4.1174713
0.65551331,-2.1493118,-0.8297829,0.95995189,-1.7744742,3.0728576,-1.6902112,1.5120322,-2.5566734,-0.89714753,10.698197,1.742469,4.0745526
0.65582556,-2.1478442,-0.79315685,0.92392773,-1.6031458,2.9180177,-1.5766728,1.5851619,-2.313622,-1.0085156,10.45604,1.3468027,4.0280687
0.6561378,-2.147906,-0.75388847,0.88803476,-1.4443557,2.7433313,-1.46661,1.6513904,-2.0491847,-1.1242972,10.197875,0.93472917,3.9693934
0.65645003,-2.1492475,-0.71204731,0.85206695,-1.2992279,2.5537675,-1.3601381,1.7143005,-1.7534082,-1.2454216,9.9305346,0.50793255,3.8973235
0.65676225,-2.1518444,-0.66878939,0.81615802,-1.1631701,2.3496244,-1.2617484,1.7665304,-1.433681,-1.3739546,9.654799,0.07082491,3.8004323
0.65707446,-2.1556402,-0.6219965,0.7805314,-1.0317872,2.1362065,-1.1661367,1.8112832,-1.0890419,-1.5130341,9.3671813,-0.36867386,3.6769775
0.65738666,-2.1608546,-0.57271551,0.74500824,-0.90405951,1.9114137,-1.0762345,1.8452572,-0.71968651,-1.6608688,9.0807104,-0.80643666,3.5275871
0.65769885,-2.1669662,-0.52024844,0.71002833,-0.77721972,1.6720659,-0.99144534,1.8672994,-0.33135511,-1.8130548,8.7930202,-1.242894,3.3537185
0.65801103,-2.1755306,-0.46576315,0.6754429,-0.6556234,1.425761,-0.91431472,1.8792281,0.074044408,-1.9571721,8.5082152,-1.6804509,3.1680676
0.6583232,-2.1854553,-0.40958601,0.64165404,-0.55467634,1.1720684,-0.84241878,1.8868361,0.49275193,-2.0869463,8.231548,-2.0919679,2.9743677
0.65863537,-2.1946044,-0.35138755,0.60777233,-0.45784711,0.91077553,-0.77933028,1.9024549,0.91808152,-2.2022226,7.980316,-2.4827829,2.7785073
0.65894752,-2.2034624,-0.29207262,0.57358642,-0.36715521,0.64664502,-0.72179216,1.9392458,1.3447922,-2.2978518,7.7587463,-2.8532733,2.5827704
0.65925967,-2.2127948,-0.2318417,0.54108663,-0.28446363,0.38536056,-0.68040891,2.0035942,1.7647336,-2.3691469,7.5600644,-3.201039,2.3897376
0.65957181,-2.2221086,-0.17237639,0.51050684,-0.20222065,0.12721681,-0.65860696,2.1017963,2.1710388,-2.4109649,7.4045369,-3.5240505,2.2035368
0.65988395,-2.2339959,-0.11258381,0.47730886,-0.12579444,-0.13008266,-0.64930931,2.2314378,2.5600007,-2.421719,7.2972275,-3.8164313,2.0275715
0.66019607,-2.2467189,-0.047616557,0.446456,-0.056431225,-0.38452509,-0.65066361,2.3899211,2.9277517,-2.4007573,7.2275594,-4.0764388,1.8630247
0.66050819,-2.2597235,0.017569213,0.41744383,0.0077292901,-0.63708174,-0.65902034,2.5741701,3.2709169,-2.3531684,7.2005844,-4.3030425,1.7109069
0.6608203,-2.2726709,0.082294663,0.38861744,0.065559247,-0.87471382,-0.67652123,2.7848706,3.5894884,-2.2836145,7.2011373,-4.4944169,1.5714467
0.66113241,-2.2863967,0.1456159,0.36101072,0.10861792,-1.0998935,-0.70737862,3.0134539,3.8853014,-2.196079,7.2370013,-4.6486132,1.4481494
0.66144451,-2.3058935,0.20810114,0.33291961,0.13264824,-1.3092921,-0.75075853,3.2572558,4.1558298,-2.0955062,7.3040242,-4.763101,1.3426205
0.6617566,-2.3226584,0.27092214,0.30646927,0.14178397,-1.5045372,-0.80286771,3.5113126,4.4026117,-1.9850847,7.3984851,-4.8404095,1.2539863
0.66206868,-2.3396303,0.33259716,0.2815398,0.13626609,-1.6851601,-0.86126079,3.7742826,4.6243766,-1.8669382,7.5165189,-4.8795134,1.1830174
0.66238076,-2.3564554,0.3921805,0.25844706,0.1144249,-1.8526966,-0.92464108,4.0444472,4.8224698,-1.7468361,7.6531974,-4.881184,1.1311551
0.66269283,-2.3729209,0.44888408,0.23696804,0.076773958,-2.0054666,-0.99329945,4.3329604,4.9980801,-1.6247509,7.8044168,-4.847482,1.094301
0.66300489,-2.3915856,0.50331517,0.21699927,0.022627231,-2.1420619,-1.0668701,4.6415492,5.1550161,-1.5024372,7.9640186,-4.7786174,1.068581
0.66331695,-2.4103478,0.55463947,0.19878617,-0.050168267,-2.2609804,-1.1465473,4.9658334,5.291742,-1.3804466,8.1262026,-4.6745054,1.0525055
0.663629,-2.4288167,0.60272393,0.18218608,-0.14218876,-2.3632873,-1.2317578,5.2907632,5.409463,-1.2581941,8.2869967,-4.5350236,1.0421587
0.66394104,-2.4478679,0.64687507,0.16710125,-0.24894057,-2.449727,-1.3180175,5.6002346,5.5057575,-1.1360298,8.4402126,-4.3586969,1.0359918
0.66425307,-2.467234,0.68650984,0.15385863,-0.36611266,-2.5207383,-1.4019056,5.8914931,5.5855291,-1.0153002,8.5771571,-4.1466095,1.030418
0.66456509,-2.4865742,0.72189511,0.14202524,-0.48931757,-2.577175,-1.481109,6.1623647,5.6449774,-0.89688015,8.6952081,-3.8979513,1.020251
0.66487711,-2.5062606,0.75241362,0.13127857,-0.61802035,-2.6189379,-1.5541246,6.4108654,5.6872422,-0.78014752,8.7906928,-3.6153265,1.0025221
0.66518911,-2.5254409,0.77788889,0.12181566,-0.74601204,-2.6455714,-1.6197169,6.6348832,5.7092171,-0.66214817,8.8629069,-3.2983337,0.97725946
0.66550111,-2.5442938,0.79785705,0.1131357,-0.88249619,-2.6533808,-1.6775675,6.8346892,5.7087508,-0.54138021,8.9079598,-2.9477616,0.9401589
0.6658131,-2.5629604,0.81197767,0.10474552,-1.0225461,-2.648158,-1.7279448,7.0089465,5.6828178,-0.41710771,8.9249783,-2.5671554,0.8899511
0.66612509,-2.5813627,0.82014548,0.096610032,-1.1628767,-2.6310673,-1.7717877,7.1588447,5.6323316,-0.2901005,8.9180436,-2.1595212,0.81691698
0.66643706,-2.5993918,0.82223719,0.089796023,-1.3012383,-2.5977115,-1.8072601,7.2828281,5.5563085,-0.16079117,8.8852772,-1.7285377,0.7263499
0.66674902,-2.6167025,0.81797434,0.084308247,-1.4342119,-2.545907,-1.8401256,7.3854074,5.4520216,-0.032077677,8.8315189,-1.2682031,0.62081138
0.66706097,-2.6329485,0.80719233,0.079605559,-1.5610593,-2.4786656,-1.8711936,7.4556514,5.3181916,0.10559031,8.7636323,-0.78932963,0.50110381
0.66737292,-2.6477797,0.78971392,0.076027217,-1.6820567,-2.3998812,-1.9009509,7.4923994,5.1527089,0.24721479,8.6902505,-0.30022475,0.3717737
0.66768485,-2.6613239,0.76523701,0.073403639,-1.7967442,-2.3083222,-1.930697,7.5000733,4.9558266,0.39179317,8.6075059,0.19306439,0.2377608
0.66799677,-2.6729837,0.73405174,0.071479182,-1.9040643,-2.2047198,-1.9596484,7.4877309,4.7303383,0.54450495,8.5381984,0.68171609,0.10378197
0.66830868,-2.6827946,0.69668673,0.070381902,-2.0015603,-2.0895912,-1.9894666,7.4527463,4.4750731,0.69408286,8.495025,1.1609975,-0.02131623
0.66862058,-2.6907384,0.65227021,0.070405921,-2.0912166,-1.9637931,-2.0190392,7.4006882,4.1965512,0.83515607,8.4890026,1.6207483,-0.12914957
0.66893247,-2.696965,0.60040291,0.071276553,-2.1752747,-1.8261254,-2.0496289,7.3390051,3.8962787,0.97094618,8.5256705,2.0543084,-0.21158247
0.66924435,-2.7006936,0.54166198,0.07290316,-2.2531492,-1.6714228,-2.0822672,7.2610794,3.5777368,1.0942692,8.6071953,2.4602729,-0.26767982
0.66955622,-2.7018105,0.47671275,0.074885392,-2.3231698,-1.5085481,-2.1175336,7.1663338,3.2461063,1.2017284,8.7124784,2.8363929,-0.29951797
0.66986807,-2.6990495,0.40553259,0.077934093,-2.3854782,-1.3368654,-2.1564204,7.0653683,2.9030099,1.2925411,8.8384694,3.1831938,-0.30808858
0.67017991,-2.6944732,0.32962204,0.082005948,-2.4367375,-1.1558816,-2.1970395,6.9516159,2.555205,1.3563697,8.9860939,3.5009501,-0.29822764
0.67049173,-2.6892546,0.2490056,0.087720004,-2.4840676,-0.96382796,-2.2390677,6.8216435,2.203445,1.3866704,9.1584592,3.791539,-0.27211316
0.67080355,-2.6841544,0.16222244,0.094427122,-2.5332592,-0.7668449,-2.2809379,6.6738566,1.8507751,1.3853944,9.3676305,4.0654098,-0.23263019
0.67111534,-2.6765834,0.069854089,0.10251618,-2.5829436,-0.56076718,-2.3259415,6.5094663,1.4983246,1.3519565,9.6127972,4.3170299,-0.18219703
0.67142713,-2.6666081,-0.028193697,0.10993711,-2.6298209,-0.34622279,-2.3753563,6.3215579,1.1505227,1.2894166,9.8825735,4.5468501,-0.12273473
0.6717389,-2.6539727,-0.12982311,0.11865589,-2.6726357,-0.12311728,-2.4292497,6.1177526,0.80114853,1.1893266,10.156751,4.7539994,-0.055109965
0.67205065,-2.6393246,-0.22999926,0.12881435,-2.7083291,0.10558536,-2.4863838,5.886236,0.45584543,1.0576953,10.428724,4.9487413,0.018741838
0.67236238,-2.6217936,-0.32812929,0.13887916,-2.7395542,0.34266857,-2.5411917,5.6334631,0.11307924,0.89763813,10.69258,5.126135,0.1002193
0.67267411,-2.6018623,-0.42655468,0.15203496,-2.7657448,0.5850407,-2.5878299,5.3645457,-0.22620573,0.72454078,10.942909,5.2812573,0.18891018
0.67298581,-2.5794852,-0.52459487,0.16383678,-2.7894031,0.82584294,-2.6323743,5.0822415,-0.55999305,0.53856961,11.177094,5.4088424,0.28503587
0.6732975,-2.5546046,-0.62214422,0.17380411,-2.8108438,1.0667984,-2.6814547,4.7910876,-0.88327692,0.35651209,11.392365,5.5118024,0.38928735
0.67360917,-2.529016,-0.72314346,0.18264307,-2.8303957,1.3130981,-2.7294421,4.499291,-1.1995559,0.18730446,11.590269,5.5890633,0.50493944
0.67392083,-2.5019064,-0.82419486,0.19108508,-2.8480488,1.5622126,-2.7745239,4.2125971,-1.5148144,0.039693483,11.768785,5.6440952,0.62830712
0.67423247,-2.4719154,-0.92029338,0.19859885,-2.8644417,1.8149102,-2.814989,3.9380495,-1.8194187,-0.084192096,11.923923,5.6790119,0.76142587
0.67454409,-2.4357072,-1.0142044,0.20508855,-2.8770406,2.0710791,-2.8490784,3.6786023,-2.1112067,-0.18269799,12.057981,5.6954783,0.90618782
0.6748557,-2.3912993,-1.1048813,0.20957474,-2.8852513,2.3285138,-2.8723626,3.4357146,-2.3892452,-0.25851311,12.171692,5.7030059,1.0642161
0.67516728,-2.345514,-1.1917444,0.21237509,-2.8800877,2.5838436,-2.884695,3.2146484,-2.6468509,-0.31760876,12.262717,5.7037439,1.2368672
0.67547886,-2.299218,-1.2742923,0.21357964,-2.8595172,2.832923,-2.8833357,3.0185671,-2.8825825,-0.37045453,12.334836,5.7012701,1.415514
0.67579041,-2.2531142,-1.3516466,0.21363434,-2.8268641,3.0744265,-2.866088,2.8374279,-3.097697,-0.41704874,12.388897,5.6913176,1.6049184
0.67610195,-2.2065623,-1.4234116,0.21218064,-2.7802941,3.3078284,-2.8324166,2.6786305,-3.2881284,-0.45867004,12.424526,5.6557064,1.8089668
0.67641348,-2.1608899,-1.4882388,0.20851401,-2.7160142,3.5297551,-2.7792367,2.5465053,-3.4504661,-0.49720004,12.441924,5.5888882,2.0220896
0.67672498,-2.1140155,-1.5465759,0.20338646,-2.6315038,3.7388515,-2.7055539,2.442308,-3.5828975,-0.53224386,12.445051,5.4857983,2.2311712
0.67703647,-2.0670776,-1.5969975,0.19662144,-2.5267987,3.9298281,-2.6106388,2.3645925,-3.689149,-0.56607095,12.431037,5.3403663,2.4339429
0.67734795,-2.0213133,-1.6394679,0.18846438,-2.398448,4.099585,-2.4951159,2.312668,-3.7655173,-0.59755062,12.401084,5.1490344,2.6296758
0.67765941,-1.9772841,-1.6751062,0.17933195,-2.2474882,4.2496256,-2.3559828,2.2859294,-3.8144625,-0.62390713,12.356485,4.9279046,2.8165275
0.67797085,-1.9353848,-1.7055839,0.1686264,-2.0762096,4.3796749,-2.1994202,2.2817761,-3.837242,-0.64543447,12.298112,4.6791611,2.9756917
0.67828228,-1.8962346,-1.7305828,0.15652564,-1.8865253,4.4889487,-2.0299292,2.294421,-3.8340834,-0.66117808,12.225769,4.4043007,3.1151152
0.67859369,-1.8601603,-1.747502,0.1435605,-1.6808272,4.5771959,-1.850298,2.3222796,-3.8041936,-0.67141727,12.13471,4.1002154,3.2361883
0.67890509,-1.8269551,-1.7564924,0.12995484,-1.4617247,4.6391879,-1.6642718,2.3645978,-3.7466851,-0.68587985,12.026917,3.770374,3.3407373
0.67921648,-1.7973195,-1.7580908,0.11572837,-1.2313695,4.6757497,-1.4761684,2.4177381,-3.6599664,-0.70455295,11.902951,3.4174357,3.4313232
0.67952785,-1.7713326,-1.7525797,0.10094634,-0.99552931,4.6882965,-1.2905955,2.4800473,-3.5531382,-0.72987251,11.761454,3.0444036,3.5118076
0.67983921,-1.7497488,-1.7404705,0.085730761,-0.75413648,4.6876521,-1.104672,2.5496348,-3.4276124,-0.75913559,11.603941,2.6541923,3.5790944
0.68015055,-1.7323276,-1.7211233,0.069839967,-0.5112845,4.6737117,-0.92428439,2.6223983,-3.2766666,-0.79275529,11.41725,2.247732,3.6276959
0.68046188,-1.719747,-1.6945771,0.053082668,-0.27039844,4.6473939,-0.75242414,2.6955371,-3.0993936,-0.83067296,11.209913,1.8279381,3.6517801
0.6807732,-1.7111974,-1.6610326,0.035643348,-0.038801123,4.6064592,-0.59225867,2.7677783,-2.8965663,-0.87664332,10.981948,1.4005617,3.6569438
0.68108451,-1.7072294,-1.6203241,0.017839961,0.18139757,4.5500674,-0.44138173,2.8364465,-2.6680848,-0.93415564,10.738209,0.96178485,3.6384398
0.68139581,-1.7075416,-1.5736779,-0.00031059287,0.37787931,4.4736468,-0.30140681,2.8939269,-2.4163888,-1.011066,10.468461,0.52049858,3.583132
0.68170709,-1.7112857,-1.5199265,-0.018411675,0.57660274,4.3786727,-0.17481048,2.9436891,-2.1439628,-1.1002646,10.183307,0.070096589,3.497797
0.68201836,-1.7179585,-1.4603082,-0.037378857,0.75890695,4.2644176,-0.060565558,2.9794096,-1.8484705,-1.2027398,9.8914098,-0.38162075,3.3881586
0.68232963,-1.7284608,-1.3947189,-0.05622412,0.92724488,4.1313194,0.042354764,3.0013772,-1.529481,-1.315365,9.5948248,-0.83627855,3.2606021
0.68264088,-1.742582,-1.3233641,-0.075031224,1.0827223,3.979678,0.13558926,3.0097496,-1.1854255,-1.4426041,9.3010698,-1.2963838,3.118855
0.68295212,-1.7597459,-1.2467425,-0.093500606,1.2244791,3.808757,0.2184147,3.00429,-0.8137636,-1.5895784,9.0175346,-1.7321,2.9663821
0.68326336,-1.7788678,-1.1652347,-0.11180348,1.3538723,3.6190715,0.29141917,2.9753944,-0.429349,-1.7393553,8.7533102,-2.1514161,2.8070234
0.68357458,-1.7990133,-1.0788322,-0.1297081,1.4675428,3.4108578,0.35517721,2.9349668,-0.032348921,-1.89246,8.5091063,-2.555798,2.6518438
0.6838858,-1.8200649,-0.98745785,-0.14790104,1.5658808,3.1864147,0.40619824,2.8920349,0.37874254,-2.0400599,8.2822338,-2.9468352,2.5067909
0.68419701,-1.8429807,-0.89178615,-0.16555842,1.6505553,2.9478734,0.44314139,2.8494619,0.80177303,-2.1730735,8.071957,-3.3092869,2.370181
0.68450821,-1.8673883,-0.79235128,-0.1826637,1.726943,2.6974601,0.46876767,2.8153201,1.2342236,-2.286587,7.9075941,-3.6371853,2.2416697
0.6848194,-1.8942628,-0.69026031,-0.19915219,1.7974743,2.4336557,0.48604267,2.8090854,1.6644937,-2.3676224,7.7859419,-3.9308671,2.1226618
0.68513059,-1.9180491,-0.5848677,-0.2152352,1.8563922,2.1568156,0.49245192,2.8288536,2.0828928,-2.4143087,7.7047052,-4.1867662,2.0156293
0.68544177,-1.939791,-0.47777084,-0.23107278,1.9029261,1.8695602,0.49161697,2.8886017,2.4891607,-2.4190953,7.6665749,-4.4043933,1.91699
0.68575295,-1.9613727,-0.36825199,-0.24620504,1.9365356,1.5755867,0.48185982,2.9926312,2.8787789,-2.3729696,7.6609066,-4.5864891,1.8161457
0.68606412,-1.9819574,-0.25507048,-0.26042508,1.9591885,1.2764219,0.45248345,3.1425393,3.2423362,-2.2724539,7.6887185,-4.7418506,1.7178556
0.68637528,-2.0012884,-0.13922191,-0.27242279,1.9754793,0.9752908,0.41831545,3.3369063,3.5750091,-2.1151965,7.7501589,-4.8694618,1.6242226
0.68668644,-2.0203161,-0.020858531,-0.28609561,1.9763437,0.67515063,0.37357515,3.5741079,3.8785122,-1.9136415,7.8403057,-4.9715941,1.5355225
0.68699759,-2.0393713,0.097317566,-0.30117227,1.95989,0.37382978,0.31330924,3.8457335,4.1556275,-1.6645467,7.9568815,-5.0425026,1.449005
0.68730873,-2.0584469,0.21647248,-0.31235203,1.9276662,0.073194446,0.24181851,4.1418348,4.405608,-1.3882102,8.0977795,-5.078537,1.3663546
0.68761987,-2.0781051,0.3348232,-0.32158786,1.877989,-0.22365098,0.16289427,4.4600545,4.6257538,-1.0942155,8.2574437,-5.0817915,1.2897972
0.68793101,-2.0973051,0.45233929,-0.32815239,1.8078176,-0.51498189,0.073388794,4.7923353,4.8174631,-0.79133802,8.4326148,-5.0546126,1.2190247
0.68824214,-2.1153941,0.56873077,-0.33365172,1.7218318,-0.80074023,-0.026460937,5.1350112,4.9820511,-0.48860032,8.6180506,-4.9964137,1.1511319
0.68855326,-2.1334938,0.68297922,-0.3387349,1.6151976,-1.0750373,-0.13419001,5.4744743,5.1237985,-0.19595158,8.8098471,-4.9046316,1.0845771
0.68886438,-2.1519989,0.79472405,-0.34351894,1.4853603,-1.3412936,-0.24913656,5.8064579,5.2448581,0.081574503,8.9998444,-4.7854973,1.0220484
0.68917549,-2.171237,0.90387527,-0.34654852,1.3420445,-1.5988841,-0.37198261,6.1286601,5.3439335,0.33733063,9.1813462,-4.635681,0.96079192
0.68948659,-2.1912913,1.0101215,-0.34794034,1.1865625,-1.8443874,-0.50249662,6.431372,5.4211923,0.56837247,9.3472775,-4.4563036,0.89499367
0.68979769,-2.2115482,1.1122142,-0.34808994,1.0188337,-2.0762139,-0.63344983,6.7186138,5.4805189,0.76853216,9.4911029,-4.2479531,0.81607333
0.69010878,-2.2321713,1.2082653,-0.34628839,0.84250887,-2.2941645,-0.76012994,6.9856459,5.5234372,0.93783255,9.6082449,-4.0093521,0.72677312
0.69041987,-2.2517288,1.2988071,-0.34329972,0.66330745,-2.4960318,-0.8806076,7.2295191,5.5549852,1.0769684,9.6944572,-3.7405856,0.62508316
0.69073095,-2.2698312,1.3832683,-0.33946673,0.48887943,-2.6762308,-0.99371551,7.4525748,5.5772327,1.1889457,9.7408498,-3.4416229,0.51068676
0.69104202,-2.287512,1.4613288,-0.33442297,0.31690556,-2.8380981,-1.095179,7.6577028,5.5882897,1.2780966,9.7501976,-3.1136553,0.38047699
0.69135308,-2.3048742,1.5322712,-0.32849071,0.14843352,-2.9803285,-1.1818084,7.8477183,5.5850994,1.3475293,9.7201355,-2.7557729,0.22987417
0.69166414,-2.3222691,1.5953795,-0.32182487,-0.011880379,-3.1024533,-1.2518374,8.0218477,5.5650845,1.4019413,9.65273,-2.3710744,0.066067339
0.69197519,-2.3382559,1.6500486,-0.31414412,-0.16498441,-3.2055759,-1.3084847,8.1792589,5.5272957,1.4456872,9.5477219,-1.9615892,-0.1037065
0.69228623,-2.3523386,1.6960846,-0.30532496,-0.31388569,-3.2888223,-1.3489311,8.3223094,5.4761653,1.4810515,9.4163443,-1.5315084,-0.27027108
0.69259727,-2.3644061,1.732993,-0.29514542,-0.45825487,-3.3497671,-1.3768151,8.4512523,5.4028835,1.5088207,9.2664029,-1.0861675,-0.42728112
0.69290829,-2.3742776,1.7600023,-0.28423904,-0.59202176,-3.3912273,-1.3927855,8.565478,5.3039928,1.5335167,9.0994462,-0.62805923,-0.5587329
0.69321931,-2.3822746,1.7764742,-0.2727187,-0.71528793,-3.405186,-1.3948911,8.6670095,5.1772422,1.5578113,8.9254374,-0.16459145,-0.66317087
0.69353032,-2.3882845,1.7821273,-0.26037426,-0.82524821,-3.391602,-1.3827978,8.7530811,5.0223298,1.5865792,8.7736315,0.29787368,-0.73612088
0.69384132,-2.3915867,1.7779846,-0.24729549,-0.92513792,-3.3518756,-1.3646019,8.8222889,4.8423875,1.6131212,8.6552203,0.75277769,-0.78073238
0.69415231,-2.3919905,1.764541,-0.23358796,-1.0122103,-3.2880693,-1.3399627,8.8737563,4.6392854,1.6413913,8.5722224,1.1925087,-0.81003371
0.69446329,-2.3889033,1.7408033,-0.21900394,-1.09134,-3.2032491,-1.3090087,8.9120544,4.4134365,1.6747537,8.5286788,1.6075547,-0.81624817
0.69477426,-2.3818918,1.7032826,-0.20414904,-1.1682175,-3.0981912,-1.2750291,8.9389138,4.1677004,1.7071874,8.5380679,2.0028413,-0.78439618
0.69508522,-2.3713924,1.654801,-0.18882581,-1.2459862,-2.9727877,-1.2401885,8.9504474,3.9013231,1.7397092,8.5896615,2.3706037,-0.70662712
0.69539617,-2.3585597,1.5958401,-0.17332752,-1.3231055,-2.8270034,-1.2045019,8.9436487,3.6179459,1.7724445,8.6661824,2.7089197,-0.58356708
0.69570711,-2.3429093,1.5266479,-0.15804261,-1.3993239,-2.6601536,-1.1689024,8.9168106,3.320329,1.8019946,8.7737192,3.0138139,-0.41682753
0.69601804,-2.3244781,1.4465299,-0.14229895,-1.474648,-2.4748978,-1.1343685,8.8646849,3.0116533,1.8291699,8.9124683,3.2931232,-0.21050288
0.69632895,-2.3045026,1.3553583,-0.12687934,-1.5455144,-2.2709556,-1.1049455,8.7975455,2.6961467,1.8512508,9.073737,3.547004,0.017178705
0.69663986,-2.281305,1.2539755,-0.11216413,-1.6038998,-2.0523412,-1.0778406,8.7089237,2.3669055,1.8554093,9.2603167,3.7769331,0.25372526
0.69695075,-2.2548059,1.143127,-0.097238849,-1.6561313,-1.8135187,-1.0549924,8.5926518,2.0273407,1.8460164,9.467802,3.9847054,0.48753787
0.69726163,-2.2247447,1.023609,-0.081722086,-1.7034039,-1.5567409,-1.0364604,8.4483557,1.6780335,1.8204275,9.7044816,4.1729788,0.70879765
0.6975725,-2.1945667,0.89738375,-0.06650111,-1.7448656,-1.2812692,-1.0190878,8.2760897,1.3199678,1.7787352,9.9571455,4.3425823,0.91100577
0.69788335,-2.164004,0.76579704,-0.052650258,-1.789189,-0.99359578,-1.0045698,8.0739091,0.95614785,1.7199479,10.209035,4.494873,1.0902598
0.69819419,-2.1349209,0.62634965,-0.039059475,-1.8351014,-0.70294545,-1.0052962,7.8352541,0.58975428,1.6401079,10.458489,4.6375696,1.2433292
0.69850502,-2.1052478,0.47969789,-0.026974878,-1.8775638,-0.40591283,-1.0187784,7.5666065,0.21232257,1.5416055,10.701737,4.7694636,1.3722972
0.69881583,-2.0739752,0.32689112,-0.017862717,-1.9170184,-0.094463327,-1.0465483,7.2733505,-0.16899254,1.4287383,10.936817,4.8791075,1.4770481
0.69912663,-2.0406306,0.16993522,-0.0074836554,-1.9537251,0.23107608,-1.0853114,6.9640567,-0.55103945,1.3027387,11.161927,4.9722395,1.5548314
0.69943741,-2.0053369,0.011312193,0.0061773922,-1.986982,0.56722316,-1.1201166,6.64494,-0.92862572,1.170761,11.377118,5.0532668,1.6113403
0.69974818,-1.9666462,-0.1439761,0.019764306,-2.0123368,0.9103598,-1.1576348,6.3218627,-1.3028864,1.0428404,11.583156,5.1149425,1.6506969
0.70005894,-1.9254461,-0.29720299,0.033476976,-2.0415682,1.2515932,-1.2036232,6.0020006,-1.6715155,0.9303855,11.779971,5.1536094,1.677588
0.70036968,-1.8819973,-0.44971898,0.040191014,-2.0709163,1.5944725,-1.2580682,5.6917652,-2.023268,0.82831962,11.966611,5.1885172,1.6949931
0.70068041,-1.8365781,-0.5994341,0.041409547,-2.0948142,1.9405996,-1.3224601,5.3960696,-2.3579413,0.74538439,12.142522,5.2038888,1.7114474
0.70099112,-1.789866,-0.75119506,0.03861193,-2.1099536,2.2864431,-1.3939684,5.1187577,-2.6703136,0.68864538,12.306906,5.1978866,1.7299828
0.70130182,-1.741511,-0.90054117,0.034619105,-2.1111417,2.6286556,-1.4611917,4.8638269,-2.9601797,0.65709982,12.458821,5.1705394,1.753944
0.7016125,-1.6915362,-1.0470733,0.028306157,-2.094825,2.9665316,-1.5221552,4.632994,-3.2251086,0.65376852,12.598107,5.1216692,1.7846935
0.70192317,-1.6383336,-1.1859736,0.019800917,-2.0512054,3.2924713,-1.5736453,4.4293372,-3.4627021,0.67259845,12.723196,5.051003,1.8250663
0.70223383,-1.5797023,-1.3172333,0.0092491666,-1.9787182,3.6011082,-1.6117589,4.2409164,-3.6720209,0.69688839,12.83326,4.959891,1.8771131
0.70254447,-1.5194991,-1.4420504,-0.0043170024,-1.8807281,3.894662,-1.6319355,4.0660116,-3.8542534,0.73214943,12.927864,4.848483,1.943159
0.70285511,-1.4596534,-1.5605129,-0.021516345,-1.7550205,4.1655552,-1.6352547,3.9228253,-4.0086243,0.77427729,13.00549,4.7180478,2.0222283
0.70316573,-1.4011352,-1.6723279,-0.041752001,-1.6040042,4.414461,-1.6199096,3.8072319,-4.1355906,0.82311711,13.06529,4.5697622,2.1137061
0.70347633,-1.3437758,-1.773662,-0.064761241,-1.4298837,4.6404094,-1.5837141,3.7152896,-4.2354016,0.87799449,13.107604,4.4032809,2.2171657
0.70378693,-1.2906477,-1.8647223,-0.090172156,-1.2303883,4.8408132,-1.5281538,3.6469668,-4.3074156,0.93557624,13.13068,4.2189997,2.3315865
0.70409751,-1.2394489,-1.9451339,-0.11703217,-1.0096395,5.0133141,-1.4550216,3.598704,-4.3535106,0.99478571,13.134324,4.01644,2.4558026
0.70440809,-1.1898033,-2.0155673,-0.14518089,-0.77089263,5.1601606,-1.3654408,3.5668616,-4.3721737,1.0546186,13.120056,3.7972428,2.5861618
0.70471865,-1.1434926,-2.0758912,-0.17487761,-0.5169715,5.2807981,-1.2624525,3.5494562,-4.3644916,1.1133851,13.087339,3.5602652,2.7196735
0.7050292,-1.1007331,-2.1257428,-0.20604906,-0.25134788,5.3746022,-1.1511259,3.5443931,-4.3266046,1.1707067,13.03856,3.3026808,2.8515977
0.70533975,-1.062558,-2.1645772,-0.23872109,0.016905962,5.4395115,-1.034333,3.5505756,-4.2583972,1.2236034,12.979145,3.0250706,2.9791946
0.70565028,-1.0312356,-2.191913,-0.27209558,0.28464378,5.4786424,-0.90835445,3.5659787,-4.1621461,1.2711439,12.910453,2.7269104,3.0982662
0.70596081,-1.0060984,-2.2075619,-0.30432697,0.54141711,5.4938798,-0.77938311,3.5910041,-4.0361931,1.312507,12.815584,2.4095642,3.2044546
0.70627133,-0.98556458,-2.2119311,-0.33610908,0.79036968,5.4883799,-0.65210524,3.6223143,-3.8752683,1.3470686,12.683372,2.069671,3.2938942
0.70658184,-0.97033351,-2.2058784,-0.36750651,1.0244492,5.4581912,-0.52737607,3.6578449,-3.6861601,1.3753159,12.50997,1.707016,3.3629301
0.70689234,-0.9602763,-2.1900268,-0.39836986,1.240895,5.4064586,-0.40571242,3.6974415,-3.4693754,1.3965122,12.293914,1.3247661,3.4107612
0.70720283,-0.95569339,-2.1636179,-0.42814526,1.4526668,5.3404672,-0.28832109,3.7393197,-3.2224218,1.408333,12.048448,0.92746916,3.4363997
0.70751332,-0.95698526,-2.1259238,-0.4568289,1.6610974,5.2581053,-0.17229455,3.7770176,-2.9496719,1.4131039,11.774792,0.51601438,3.4354734
0.7078238,-0.96338577,-2.0775751,-0.48378003,1.8657307,5.1598881,-0.071668496,3.8208115,-2.6532949,1.4114614,11.482168,0.090428795,3.4123976
0.70813427,-0.97497998,-2.019779,-0.5087197,2.0626438,5.0435735,0.027297951,3.8613998,-2.3323752,1.399256,11.176263,-0.3462801,3.3689219
0.70844474,-0.99067685,-1.9522571,-0.53151383,2.2463489,4.9063665,0.12257091,3.895342,-1.9856765,1.3830402,10.864049,-0.79492263,3.3121638
0.7087552,-1.0092529,-1.8749663,-0.5535194,2.4125105,4.7470278,0.21312091,3.9197559,-1.609933,1.3572468,10.551148,-1.2294022,3.2477817
0.70906566,-1.0317842,-1.7883322,-0.57447344,2.5578952,4.565883,0.29689258,3.933259,-1.2058946,1.3067109,10.244731,-1.6607333,3.1809076
0.70937612,-1.0579402,-1.6922745,-0.59441673,2.6809351,4.3650415,0.37511655,3.9287853,-0.77456857,1.2370208,9.9480631,-2.0842376,3.116182
0.70968657,-1.0865578,-1.5872269,-0.6136887,2.7858432,4.1435356,0.44898211,3.9153953,-0.33461363,1.1424449,9.6665579,-2.4958188,3.0525454
0.70999702,-1.11802,-1.4739196,-0.63185382,2.8718739,3.9007161,0.51413389,3.9006818,0.12593197,1.0323709,9.4012794,-2.8868174,2.9892837
0.71030746,-1.1496271,-1.3521698,-0.64945443,2.9389772,3.6385868,0.57253304,3.8824003,0.606228,0.90571108,9.1609664,-3.2516652,2.9292194
0.7106179,-1.18094,-1.2241146,-0.66541696,2.9895437,3.3575363,0.62455934,3.8615313,1.1023827,0.76256364,8.9372374,-3.5910626,2.8767467
0.71092835,-1.2130123,-1.0899605,-0.67988621,3.0180676,3.0624889,0.66583209,3.859329,1.6018211,0.60928191,8.7362421,-3.9030267,2.8315692
0.71123878,-1.2467461,-0.94930562,-0.69333795,3.0441072,2.7589403,0.69656463,3.8837433,2.0953943,0.45457264,8.5600563,-4.1843788,2.7971149
0.71154922,-1.2831299,-0.80307806,-0.70525366,3.067227,2.439493,0.72026523,3.9390612,2.5730873,0.31124262,8.4136751,-4.4307363,2.7613813
0.71185965,-1.3197356,-0.65174575,-0.71882571,3.0771908,2.1065321,0.73840076,4.0263388,3.029026,0.18593223,8.3041748,-4.6407835,2.7312874
0.71217008,-1.348431,-0.49685036,-0.73258085,3.0755059,1.7619154,0.75009103,4.1542238,3.455141,0.077766797,8.2307385,-4.8126045,2.7058054
0.71248051,-1.3753433,-0.33863376,-0.74592592,3.0629304,1.407518,0.75611476,4.3144273,3.8474486,-0.0051548548,8.1944319,-4.9470919,2.6844835
0.71279094,-1.4009445,-0.17684017,-0.75794624,3.041001,1.0468477,0.74526241,4.5139018,4.1974781,-0.061927498,8.1836976,-5.0420509,2.6651555
0.71310137,-1.4253377,-0.0091672898,-0.76808973,3.0048268,0.68682749,0.71418464,4.7377151,4.5054377,-0.089371856,8.1950624,-5.099586,2.6429555
0.7134118,-1.4474262,0.15344875,-0.78161931,2.9477293,0.32799175,0.67096252,4.9799956,4.7745099,-0.089677701,8.2267304,-5.1331158,2.6218462
0.71372222,-1.4676662,0.31589078,-0.79933127,2.8723857,-0.032626983,0.61908376,5.235911,5.00663,-0.06206358,8.2758179,-5.148608,2.6003787
0.71403265,-1.486569,0.47989104,-0.81470379,2.7780947,-0.39252253,0.56206224,5.4987486,5.2040307,-0.011051366,8.3444737,-5.1380829,2.5769883
0.71434307,-1.5032811,0.64279391,-0.82845039,2.6695993,-0.7544692,0.4954171,5.7674401,5.3675836,0.058966961,8.4339055,-5.0989994,2.5522724
0.71465349,-1.5177865,0.80511904,-0.84234584,2.5438391,-1.1144173,0.41470291,6.0394085,5.5002609,0.14573194,8.5416657,-5.0243925,2.5292847
0.71496391,-1.5378662,0.96240102,-0.85850256,2.3966708,-1.4645511,0.31922562,6.3303683,5.6104868,0.24385097,8.6639344,-4.912209,2.5070464
0.71527432,-1.5572855,1.1161158,-0.87333242,2.2248926,-1.8143849,0.21193706,6.6404849,5.6997547,0.35075488,8.7971528,-4.7621665,2.488797
0.71558473,-1.5735984,1.2659372,-0.88793081,2.0427314,-2.1551841,0.097376833,6.9553171,5.7697524,0.46415848,8.936073,-4.5815138,2.4746298
0.71589515,-1.5898899,1.4127689,-0.90258527,1.856864,-2.4837807,-0.02067473,7.2490506,5.8214881,0.58128752,9.0741615,-4.3722392,2.4643126
0.71620555,-1.6068456,1.5545486,-0.91723091,1.6723918,-2.8026622,-0.14606927,7.517062,5.8532777,0.69232906,9.2026271,-4.1355283,2.4609676
0.71651596,-1.6273215,1.6894821,-0.93200957,1.4962607,-3.1019062,-0.26791708,7.7580325,5.8671166,0.79655981,9.3207161,-3.8718516,2.4650168
0.71682636,-1.6510508,1.8188715,-0.94668063,1.3388951,-3.3788732,-0.38695954,7.9737085,5.8668908,0.89402465,9.4228604,-3.5803356,2.4720629
0.71713676,-1.6732464,1.9390594,-0.9593396,1.192772,-3.6348809,-0.50036054,8.1674099,5.8521755,0.98375116,9.5055497,-3.2614977,2.4708115
0.71744716,-1.6940605,2.0506458,-0.97000913,1.0643338,-3.8679043,-0.60539983,8.3354629,5.8279989,1.0628469,9.5629803,-2.9142984,2.4571031
0.71775755,-1.715272,2.1532727,-0.97848211,0.95146138,-4.0728173,-0.69997597,8.4835825,5.7853478,1.1320203,9.5898924,-2.5363443,2.4247546
0.71806794,-1.7377682,2.2458119,-0.98491165,0.85068351,-4.2466605,-0.78208302,8.6130738,5.7218995,1.1947877,9.6009022,-2.1321827,2.3715182
0.71837832,-1.7610465,2.3287822,-0.9889189,0.75723827,-4.3877193,-0.84748077,8.7251418,5.6391022,1.2510348,9.5877906,-1.6986354,2.2984329
0.7186887,-1.7847667,2.4009978,-0.98947661,0.67597988,-4.4961725,-0.89794372,8.821262,5.5302824,1.3001281,9.5502285,-1.237519,2.2008509
0.71899907,-1.8064529,2.4586648,-0.98553285,0.60196647,-4.5765531,-0.93157323,8.9032171,5.3880035,1.3464666,9.4921138,-0.75028627,2.082598
0.71930944,-1.8257711,2.5029612,-0.97758509,0.53774492,-4.6262041,-0.95398658,8.9691108,5.2167639,1.3898349,9.428364,-0.23744362,1.9452199
0.71961981,-1.8431374,2.5338373,-0.96558312,0.4654675,-4.6463359,-0.96501967,9.0204274,5.0206768,1.4321479,9.3697234,0.27691071,1.7919855
0.71993017,-1.8575701,2.5515337,-0.94959738,0.38881722,-4.63958,-0.96614553,9.0569898,4.7993102,1.4715069,9.304757,0.79496779,1.6262192
0.72024052,-1.8693372,2.5555822,-0.92973561,0.30819358,-4.5992187,-0.95939054,9.0775484,4.5532481,1.5100715,9.2492571,1.3060792,1.4524214
0.72055087,-1.8779832,2.5455358,-0.90590628,0.2262987,-4.5276479,-0.94459332,9.088271,4.2863937,1.5484711,9.2115979,1.8014406,1.278271
0.72086121,-1.8822465,2.5201874,-0.87819068,0.14001647,-4.4280821,-0.92465473,9.0888385,3.9945727,1.5856609,9.2004792,2.2707686,1.115331
0.72117155,-1.8823873,2.4808567,-0.84747868,0.05148041,-4.3007678,-0.90111116,9.074957,3.6835486,1.619919,9.2149621,2.7042165,0.96667239
0.72148188,-1.8796461,2.4265924,-0.81378857,-0.034626124,-4.146423,-0.87602782,9.0466556,3.3537531,1.6588106,9.265676,3.0997575,0.83432676
0.7217922,-1.8726121,2.3567166,-0.77777944,-0.11970785,-3.9640544,-0.85022754,8.9987429,3.0073038,1.6998149,9.3501966,3.4546474,0.72836542
0.72210251,-1.8619594,2.272716,-0.73968699,-0.20117457,-3.7546377,-0.8245277,8.9411967,2.6495104,1.7383537,9.4576564,3.7682658,0.65149582
0.72241282,-1.8488962,2.1753978,-0.69988348,-0.27472294,-3.5183764,-0.79870859,8.869093,2.2772064,1.7679492,9.5841323,4.0417872,0.5975476
0.72272312,-1.832698,2.0653724,-0.65905105,-0.34914825,-3.2588278,-0.77396323,8.7744917,1.8853432,1.786736,9.7297584,4.2778866,0.56448324
0.72303341,-1.8135389,1.9418988,-0.61795626,-0.4224758,-2.9799899,-0.75091382,8.6554346,1.4799646,1.7969393,9.8978177,4.4808022,0.55315822
0.7233437,-1.7939277,1.8043813,-0.57722064,-0.48896211,-2.6821185,-0.73370259,8.5119744,1.0658407,1.7882808,10.099192,4.6541698,0.56310959
0.72365397,-1.771537,1.6550701,-0.53756198,-0.5490438,-2.3627461,-0.71978208,8.33919,0.63899136,1.7671656,10.329349,4.8024783,0.59034397
0.72396424,-1.745503,1.493269,-0.49982902,-0.60210757,-2.0231097,-0.70995422,8.1463751,0.20339746,1.730935,10.559384,4.9292558,0.63238903
0.7242745,-1.7178833,1.3224669,-0.46180521,-0.6489397,-1.6586004,-0.70512645,7.9252577,-0.24405126,1.6814741,10.7835,5.0369317,0.68524915
0.72458474,-1.6911579,1.1450124,-0.42509748,-0.70373502,-1.2729738,-0.69769963,7.6822949,-0.70326187,1.6118329,10.997613,5.1256935,0.74420683
0.72489498,-1.6633384,0.96091708,-0.3916246,-0.76243488,-0.89114744,-0.70269998,7.4216312,-1.1632954,1.53369,11.198581,5.1972018,0.80755202
0.72520521,-1.6360127,0.76888909,-0.36024918,-0.81785793,-0.49823985,-0.72363527,7.1628511,-1.6189512,1.4470602,11.383662,5.2541195,0.8707411
0.72551543,-1.6078072,0.56852738,-0.3335205,-0.86973113,-0.087287859,-0.75570222,6.9026741,-2.0723686,1.3527205,11.552257,5.2944743,0.93215872
0.72582564,-1.5763093,0.361545,-0.31248149,-0.91724875,0.34125405,-0.80038706,6.6547418,-2.5242221,1.2523588,11.706595,5.3132034,0.99124594
0.72613584,-1.5419192,0.14824257,-0.29358002,-0.95902903,0.78684819,-0.84852143,6.4244482,-2.9615295,1.1485535,11.849419,5.3172231,1.0523229
0.72644603,-1.5030455,-0.060621806,-0.27258821,-0.99047041,1.2368758,-0.89459446,6.2153439,-3.3761768,1.0433322,11.980546,5.2993303,1.1131758
0.72675621,-1.4585627,-0.26285969,-0.2560829,-1.0262241,1.6804127,-0.95259979,6.0339034,-3.7624813,0.94496355,12.099217,5.2592066,1.1744335
0.72706637,-1.4090854,-0.46226443,-0.24695748,-1.0553682,2.1240625,-1.0261648,5.8733851,-4.1180238,0.85292334,12.207887,5.1953488,1.2383159
0.72737653,-1.3550807,-0.6601653,-0.24707187,-1.0726584,2.5664521,-1.106395,5.7240036,-4.4348245,0.76749791,12.307023,5.1084471,1.3062418
0.72768668,-1.2966755,-0.85497592,-0.25173488,-1.075109,3.0034956,-1.1895051,5.5827223,-4.7093351,0.69153469,12.396567,4.9989773,1.3805718
0.72799683,-1.2355347,-1.0485163,-0.2617546,-1.0594765,3.4310526,-1.2690354,5.4502549,-4.9386743,0.62580379,12.477326,4.8672422,1.4628105
0.72830696,-1.1701677,-1.2390416,-0.27540229,-1.0081886,3.8392247,-1.3398019,5.3299144,-5.1177761,0.57248826,12.550174,4.714326,1.5529194
0.72861709,-1.1056222,-1.4194622,-0.29382375,-0.93095502,4.2220631,-1.4019979,5.2406138,-5.2524823,0.53417247,12.614606,4.5419422,1.6522129
0.7289272,-1.0358372,-1.5871839,-0.31486814,-0.82758935,4.5780726,-1.4539227,5.1774233,-5.3464846,0.50954566,12.670343,4.3518425,1.7602953
0.72923731,-0.96180419,-1.7439674,-0.34009952,-0.69811929,4.9056542,-1.4904157,5.1348929,-5.4008754,0.4947704,12.718258,4.1446936,1.8777583
0.72954742,-0.88589987,-1.8907551,-0.3690949,-0.54373166,5.200598,-1.5060676,5.1093187,-5.4177844,0.48911159,12.757002,3.9216876,2.002415
0.72985752,-0.80903747,-2.0286725,-0.40097964,-0.36369244,5.4624716,-1.5006543,5.0941001,-5.4019027,0.49371772,12.783437,3.6824877,2.1336901
0.73016761,-0.73411206,-2.1575628,-0.43635856,-0.15845088,5.685986,-1.4707674,5.0852931,-5.3547177,0.50729676,12.796075,3.4236341,2.2685897
0.7304777,-0.66785171,-2.2739605,-0.47524501,0.069358046,5.8750217,-1.419941,5.0819823,-5.2765441,0.52756639,12.793293,3.1456802,2.4040638
0.73078778,-0.61062783,-2.3770894,-0.51443036,0.30698321,6.0306105,-1.3505029,5.0803816,-5.1690507,0.55389176,12.77299,2.8480301,2.5357096
0.73109785,-0.55876482,-2.4668093,-0.55427178,0.55590558,6.153315,-1.2662875,5.0791677,-5.0339108,0.58475867,12.729999,2.5298389,2.65895
0.73140793,-0.51364591,-2.5431858,-0.59494678,0.8094204,6.2450004,-1.1682502,5.077575,-4.8704846,0.61889382,12.663082,2.1896519,2.7699695
0.73171799,-0.47569119,-2.6058285,-0.6363623,1.0632244,6.3117629,-1.0630656,5.0720059,-4.6746651,0.65548002,12.565746,1.8248133,2.862508
0.73202806,-0.4463784,-2.654074,-0.67875043,1.3136655,6.3522054,-0.95375831,5.0689056,-4.4521588,0.69325993,12.439128,1.4382773,2.9307798
0.73233812,-0.42877294,-2.6873429,-0.72084483,1.5553639,6.3678765,-0.84393764,5.0662863,-4.2040917,0.73104191,12.282767,1.0235766,2.971125
0.73264817,-0.42204176,-2.7070975,-0.76083104,1.8053717,6.3586116,-0.73636147,5.0626518,-3.9286801,0.76765915,12.09613,0.58452246,2.9804053
0.73295823,-0.42438643,-2.7130586,-0.79786023,2.0613782,6.3280493,-0.63185059,5.0574993,-3.6256329,0.80184178,11.879537,0.1221129,2.9564321
0.73326828,-0.4357471,-2.7053572,-0.83172213,2.3185632,6.2783988,-0.52986494,5.0492237,-3.2942703,0.83293209,11.638315,-0.36025756,2.8968651
0.73357833,-0.45566039,-2.6859063,-0.86241493,2.5722862,6.2122443,-0.42973404,5.0320175,-2.9347161,0.85702374,11.378076,-0.85693924,2.8014288
0.73388838,-0.48371904,-2.6533044,-0.88995439,2.8193276,6.1272177,-0.33458274,5.0215044,-2.5547915,0.87304837,11.106563,-1.3559545,2.6757764
0.73419842,-0.51829746,-2.6075834,-0.91416854,3.056874,6.0244794,-0.24429283,5.0069707,-2.1492945,0.88322853,10.83334,-1.8597835,2.5250218
0.73450847,-0.55912385,-2.5481454,-0.93544002,3.2800535,5.9053128,-0.15759216,4.9863004,-1.7150502,0.88439635,10.567447,-2.3526475,2.3550575
0.73481851,-0.60555632,-2.4759444,-0.95537875,3.485595,5.7682067,-0.075178899,4.9611634,-1.2519879,0.87652906,10.314313,-2.8274848,2.1696636
0.73512856,-0.65586152,-2.3933171,-0.97284643,3.6591556,5.6093204,0.0014807796,4.9211557,-0.75460915,0.86116792,10.080511,-3.2742886,1.9756109
0.73543861,-0.71081293,-2.2992616,-0.98779471,3.8017275,5.4267721,0.069123935,4.8752269,-0.2503431,0.82285548,9.8715707,-3.6855916,1.7820858
0.73574865,-0.77016492,-2.1934532,-0.99973019,3.9153961,5.2196772,0.12684021,4.8240305,0.27231428,0.77256304,9.697522,-4.0556788,1.5969923
0.7360587,-0.83248485,-2.0768224,-1.0084183,4.0045379,4.9881479,0.1763405,4.7690313,0.81318697,0.70628561,9.545516,-4.3793991,1.4268049
0.73636875,-0.89770602,-1.949541,-1.0145565,4.0760396,4.7312188,0.21945009,4.7325907,1.3607772,0.6326943,9.4210682,-4.6575567,1.2746612
0.7366788,-0.96254294,-1.8116595,-1.019368,4.1263772,4.4493814,0.2569444,4.7172719,1.9070781,0.54906036,9.3215634,-4.8877777,1.1502339
0.73698885,-1.026862,-1.6647287,-1.0228539,4.1556285,4.145927,0.28785142,4.7222148,2.4444369,0.45833372,9.2490603,-5.0711664,1.0523038
0.73729891,-1.0912883,-1.5089692,-1.0248512,4.1649611,3.8222509,0.31229085,4.7440916,2.958818,0.3554105,9.2046022,-5.2098983,0.97955193
0.73760896,-1.1558545,-1.344992,-1.0247409,4.1569689,3.480941,0.32703414,4.8061908,3.4446331,0.25275836,9.1875018,-5.3085522,0.93016514
0.73791902,-1.2213294,-1.1731332,-1.0229545,4.1384396,3.1267494,0.33370784,4.9058258,3.8971776,0.15533096,9.1896452,-5.3730146,0.90009826
0.73822908,-1.2868317,-0.99502729,-1.0220661,4.117503,2.7541975,0.33325884,5.0481844,4.3078922,0.0645301,9.2016499,-5.4027464,0.8890266
0.73853915,-1.3483278,-0.80941149,-1.0217151,4.088019,2.3694044,0.32859092,5.2264921,4.6711644,-0.015114626,9.2206849,-5.40047,0.89384705
0.73884921,-1.4030291,-0.61999775,-1.0210031,4.0465053,1.9740625,0.31587997,5.432464,4.9849365,-0.083468224,9.2453229,-5.3682918,0.91139343
0.73915928,-1.4552003,-0.42751303,-1.0218441,3.9941617,1.5696008,0.2948382,5.6578099,5.2485375,-0.13405257,9.2747717,-5.308385,0.93875531
0.73946935,-1.5054888,-0.23154273,-1.0220481,3.9323957,1.16052,0.25101678,5.8979437,5.4703849,-0.16832336,9.3058183,-5.2190659,0.9749529
0.73977942,-1.5537641,-0.033349248,-1.0270336,3.8534667,0.7497475,0.19225538,6.1590483,5.6492426,-0.18581685,9.3377197,-5.1031981,1.0205561
0.74008949,-1.5998243,0.16914255,-1.0325695,3.7527924,0.33984582,0.12662178,6.4352829,5.7918485,-0.1862449,9.3699388,-4.9576408,1.0737957
0.74039957,-1.6436446,0.37083334,-1.0388268,3.6321505,-0.06913068,0.060920616,6.7375621,5.9053178,-0.1723911,9.4015778,-4.7840221,1.1328122
0.74070964,-1.6854991,0.57132307,-1.0482307,3.4924092,-0.47805435,-0.0093901324,7.0637696,5.9939433,-0.14460227,9.4307886,-4.5828742,1.1947481
0.74101972,-1.7261431,0.76883519,-1.0588647,3.338898,-0.88807117,-0.092851837,7.4062598,6.063002,-0.10590232,9.4565011,-4.3546023,1.2574526
0.7413298,-1.7658189,0.96232586,-1.0711154,3.1727733,-1.2959862,-0.18608042,7.7423557,6.1153943,-0.057499641,9.4769623,-4.098133,1.318685
0.74163988,-1.8069744,1.1507022,-1.0812019,2.979415,-1.6975619,-0.28792567,8.0516435,6.1578783,-0.00098835417,9.4910683,-3.8144812,1.3753447
0.74194997,-1.8457901,1.3340256,-1.0902369,2.7734874,-2.0930319,-0.39317953,8.3292134,6.1900554,0.061861256,9.4985178,-3.5028725,1.4246997
0.74226005,-1.8766834,1.5100863,-1.1006997,2.5622244,-2.4770622,-0.49690509,8.5742787,6.2085894,0.12791403,9.4954322,-3.1627713,1.46486
0.74257013,-1.9071272,1.6808752,-1.1114144,2.3526234,-2.8542764,-0.59574678,8.7881991,6.2109548,0.19245183,9.4798855,-2.7944196,1.4933852
0.74288021,-1.9388993,1.8449083,-1.1217151,2.1479086,-3.2071523,-0.68888913,8.9743446,6.202015,0.25596426,9.4494629,-2.3972646,1.5071747
0.7431903,-1.9739496,1.9992811,-1.1307706,1.9585347,-3.5408454,-0.77232989,9.1362367,6.1833766,0.31969135,9.4078145,-1.9727791,1.5048703
0.74350038,-2.0111663,2.1462653,-1.1376909,1.785041,-3.8475485,-0.84433004,9.2780979,6.1546885,0.38277855,9.3509684,-1.5204033,1.4854798
0.74381046,-2.0495989,2.2827433,-1.1421812,1.632986,-4.1230754,-0.89986329,9.4003629,6.1040833,0.44330636,9.2809822,-1.0436602,1.4503003
0.74412054,-2.0875204,2.4070051,-1.1433954,1.4920911,-4.3661722,-0.94012695,9.5009793,6.0302939,0.50314264,9.2006987,-0.54475844,1.4013418
0.74443062,-2.1271719,2.5197641,-1.1419276,1.3598212,-4.5767376,-0.96185421,9.5818845,5.931647,0.56219082,9.116072,-0.025285409,1.3347854
0.7447407,-2.1678935,2.6205123,-1.1362614,1.2353818,-4.7523341,-0.9670313,9.6457975,5.799268,0.62182501,9.0349875,0.49733512,1.2556335
0.74505078,-2.2092573,2.7084459,-1.1264933,1.1218516,-4.8924051,-0.95526034,9.6963036,5.6313165,0.6819301,8.964745,1.0252274,1.1625957
0.74536086,-2.2512099,2.7830356,-1.1122575,1.0221487,-4.9974889,-0.92906487,9.7327418,5.433795,0.74000209,8.9165643,1.5421201,1.0655663
0.74567094,-2.2923728,2.8436863,-1.0931771,0.94078613,-5.0674533,-0.89192971,9.7534201,5.2080684,0.79737659,8.8929748,2.0415875,0.96073525
0.74598101,-2.3318594,2.8893855,-1.0692763,0.86154944,-5.1073077,-0.84552227,9.7600806,4.9537481,0.85327631,8.9011778,2.516067,0.84868581
0.74629108,-2.3697349,2.9205527,-1.0402471,0.78205008,-5.1186892,-0.79046526,9.7503693,4.6727192,0.90780056,8.9294986,2.9606674,0.7372719
0.74660115,-2.4070793,2.937134,-1.0067484,0.70250991,-5.1005357,-0.72956697,9.7302631,4.3690641,0.95524712,8.9884314,3.363503,0.62374921
0.74691121,-2.4411867,2.9362491,-0.96904329,0.62244753,-5.0474929,-0.66440111,9.7004646,4.0424372,0.99901302,9.0887151,3.7245192,0.51252409
0.74722127,-2.4722077,2.9203378,-0.92740619,0.54258754,-4.9574192,-0.59616827,9.6576456,3.6964151,1.0421948,9.2222065,4.0406373,0.40536847
0.74753133,-2.4993993,2.8885265,-0.88283015,0.45990688,-4.8317378,-0.52386004,9.5998369,3.3315674,1.0810342,9.381446,4.3134719,0.30716883
0.74784138,-2.5226575,2.8396454,-0.83601093,0.39581896,-4.6751343,-0.45121268,9.522691,2.9499977,1.1130602,9.5749123,4.5450833,0.22177389
0.74815143,-2.5408188,2.7750556,-0.78767832,0.34575002,-4.4901067,-0.37824277,9.4335136,2.5551804,1.1337765,9.7908517,4.7397815,0.15148653
0.74846148,-2.554649,2.6930165,-0.73749553,0.30328827,-4.2759242,-0.3044117,9.3288709,2.1387481,1.1446614,10.014409,4.9031902,0.097328061
0.74877152,-2.5648839,2.596409,-0.68570594,0.26603107,-4.0346081,-0.2325807,9.2046705,1.7073423,1.1455877,10.262385,5.0401042,0.059571496
0.74908155,-2.5709503,2.4851217,-0.63263738,0.22878981,-3.7666167,-0.16282284,9.0592685,1.2594106,1.1298653,10.510474,5.1579109,0.040128996
0.74939158,-2.5705557,2.3595556,-0.57762682,0.18782272,-3.4746376,-0.099488837,8.8913621,0.79217551,1.0958166,10.752656,5.2587456,0.036747827
0.7497016,-2.5653064,2.2195283,-0.52288003,0.1546769,-3.1659087,-0.047116114,8.6973604,0.31518478,1.0417867,10.982594,5.346935,0.04883059
0.75001162,-2.55544,2.0642834,-0.46963135,0.11980507,-2.8361533,-0.0025561297,8.4821438,-0.17702475,0.98028835,11.196825,5.4239601,0.074108064
0.75032163,-2.5390188,1.8954863,-0.41750364,0.084069605,-2.4860645,0.033191566,8.2463085,-0.67882639,0.90968917,11.393267,5.4895571,0.10952617
0.75063163,-2.517941,1.7157531,-0.36687167,0.046543902,-2.1078472,0.058625729,7.9971372,-1.1928723,0.83258703,11.571595,5.5414921,0.15272069
0.75094163,-2.4957549,1.5270458,-0.31921954,0.0080737068,-1.7055228,0.08719705,7.7466434,-1.7084224,0.75013885,11.73249,5.5832794,0.20400632
0.75125161,-2.4727085,1.3302362,-0.27579185,-0.029510941,-1.2868887,0.10046946,7.492559,-2.21544,0.66433264,11.876997,5.6092078,0.26204662
0.75156159,-2.4447101,1.1229056,-0.23727728,-0.078055784,-0.86742445,0.10021668,7.2485136,-2.7110133,0.57928044,12.006546,5.6155746,0.32527873
0.75187157,-2.4129785,0.90647731,-0.20416232,-0.12941314,-0.43182318,0.081854357,7.0247062,-3.1917152,0.50281811,12.121314,5.5990333,0.39414843
0.75218153,-2.3764067,0.68114859,-0.17684458,-0.17992931,0.022706208,0.041643222,6.8236314,-3.6400334,0.43406553,12.223375,5.558885,0.46887109
0.75249149,-2.3354246,0.44872697,-0.15514315,-0.23311317,0.4907524,-0.003624489,6.6502835,-4.0524481,0.37369432,12.313438,5.4916292,0.54967533
0.75280144,-2.288888,0.20979724,-0.13415296,-0.28347109,0.97492741,-0.052371052,6.4960117,-4.4213026,0.32520369,12.392273,5.396087,0.63691658
0.75311138,-2.2342684,-0.026087246,-0.1168969,-0.34078754,1.4570277,-0.10731617,6.365511,-4.7438128,0.2895927,12.460493,5.2739196,0.73032858
0.75342131,-2.1682637,-0.25380462,-0.11038661,-0.39405068,1.9276489,-0.17936379,6.2475058,-5.0191874,0.27041758,12.518381,5.1207596,0.82889713
0.75373124,-2.0922777,-0.47610246,-0.11588289,-0.43967235,2.3968106,-0.26545187,6.1421842,-5.2439574,0.26724479,12.565784,4.9395914,0.932689
0.75404116,-2.0072375,-0.69823093,-0.12759468,-0.47498069,2.8593088,-0.35360235,6.0515976,-5.419061,0.27849652,12.602059,4.7320499,1.0413286
0.75435107,-1.9153214,-0.92143564,-0.14627699,-0.49229874,3.3068268,-0.43357639,5.9894172,-5.5473303,0.30214622,12.627241,4.4990235,1.1563885
0.75466097,-1.8186276,-1.1382933,-0.1717959,-0.4941896,3.7377414,-0.5093372,5.9585056,-5.6336368,0.33740232,12.641071,4.242385,1.2671503
0.75497087,-1.7173137,-1.3505006,-0.20162206,-0.45826747,4.1385313,-0.57980924,5.9507482,-5.6816655,0.3828278,12.642785,3.9637941,1.3765867
0.75528077,-1.6181957,-1.5550719,-0.23445008,-0.39025184,4.5084551,-0.6411697,5.9605833,-5.6950332,0.43589904,12.629312,3.6641532,1.4805145
0.75559066,-1.5232767,-1.7464606,-0.26893103,-0.30076562,4.8489403,-0.68454918,5.9828042,-5.677052,0.4924065,12.598522,3.3441822,1.5732958
0.75590055,-1.425983,-1.9230021,-0.30969962,-0.19076985,5.1552564,-0.70277526,6.0131994,-5.6329984,0.54986202,12.549674,3.0016593,1.6516913
0.75621043,-1.3317318,-2.0865613,-0.35709603,-0.056850508,5.428933,-0.69706083,6.0456004,-5.561711,0.60519666,12.481368,2.6379162,1.7127401
0.75652031,-1.2441466,-2.2388716,-0.40874546,0.10502478,5.6674892,-0.67185789,6.0769266,-5.4642964,0.65679285,12.387138,2.2519898,1.7527319
0.75683018,-1.1643301,-2.3805698,-0.46326378,0.29604985,5.8702616,-0.62631995,6.1042665,-5.3397251,0.70435823,12.270236,1.8447222,1.7718681
0.75714005,-1.095621,-2.5069358,-0.51870377,0.50636414,6.0421559,-0.56287186,6.1261364,-5.1899357,0.74836327,12.128942,1.4131439,1.7642779
0.75744991,-1.0402644,-2.618122,-0.57238551,0.73508702,6.1835576,-0.48409419,6.1420247,-5.0160033,0.78927083,11.961793,0.95818879,1.731483
0.75775978,-0.99781557,-2.7153815,-0.6253239,0.97970353,6.2955687,-0.39399808,6.1511862,-4.8106242,0.82796847,11.767164,0.48351645,1.6692905
0.75806964,-0.96320191,-2.7973278,-0.67729817,1.2353794,6.3804956,-0.29815677,6.1538454,-4.5747491,0.86297463,11.553578,-0.01027995,1.5832161
0.7583795,-0.93671482,-2.8630855,-0.72884003,1.4995202,6.4404082,-0.19738644,6.1497062,-4.3127875,0.89381753,11.323567,-0.51856177,1.4785528
0.75868935,-0.92188156,-2.913664,-0.77846504,1.7645604,6.4802266,-0.095106855,6.1374601,-4.0219996,0.92004431,11.082706,-1.0366075,1.3596333
0.75899921,-0.9185797,-2.9477691,-0.82431989,2.0453897,6.4980557,0.0065594087,6.1159302,-3.7041628,0.94111798,10.837974,-1.5521271,1.2334045
0.75930907,-0.92836381,-2.9653296,-0.86695609,2.3407943,6.4934148,0.10254698,6.087998,-3.3581723,0.96192226,10.601558,-2.0644397,1.1052436
0.75961892,-0.9489532,-2.9659049,-0.90472218,2.6417074,6.4721747,0.19309457,6.0490865,-2.982627,0.97695674,10.381273,-2.5603356,0.97951768
0.75992877,-0.97960084,-2.950681,-0.93882863,2.9460257,6.4314243,0.27746922,6.0070581,-2.5863206,0.98740582,10.182414,-3.0323013,0.86215412
0.76023863,-1.019041,-2.9194168,-0.96983039,3.2473723,6.3732285,0.35449093,5.9562593,-2.1634651,0.9914953,10.008986,-3.4785078,0.75352034
0.76054848,-1.065855,-2.871335,-0.99785691,3.5393326,6.300505,0.42405164,5.8975324,-1.7179006,0.9877573,9.8590277,-3.8824601,0.6570532
0.76085834,-1.1193237,-2.8096393,-1.021412,3.8154632,6.2108058,0.48597033,5.8339844,-1.2434883,0.98927488,9.7367988,-4.2425264,0.57361898
0.76116819,-1.1787199,-2.7329144,-1.0400252,4.0651669,6.1034134,0.53947768,5.7605764,-0.74202735,0.98002542,9.6432544,-4.5568586,0.50611335
0.76147805,-1.2438158,-2.6422485,-1.0539502,4.2826902,5.9769583,0.57992611,5.6769377,-0.23535787,0.95884114,9.5713312,-4.8243028,0.45408425
0.76178791,-1.3140514,-2.5379111,-1.0655325,4.4656648,5.8248454,0.60991653,5.5874322,0.29027273,0.92221625,9.52276,-5.0390472,0.418105
0.76209777,-1.3885856,-2.4201295,-1.0755343,4.6163458,5.6457891,0.63166995,5.5011846,0.82550469,0.88052987,9.5043929,-5.2139951,0.39742637
0.76240763,-1.4653307,-2.289091,-1.083789,4.7365944,5.4378384,0.64619659,5.4194329,1.3675722,0.83151754,9.5149314,-5.3513293,0.39122225
0.7627175,-1.5428951,-2.1462045,-1.0890089,4.829717,5.1973102,0.65493819,5.3536809,1.8944125,0.76200337,9.5510876,-5.4519811,0.39915603
0.76302736,-1.6189299,-1.9910128,-1.0913216,4.8996748,4.9246127,0.65536092,5.3072047,2.4023074,0.67803816,9.6008916,-5.5183269,0.4185943
0.76333723,-1.6936235,-1.8248667,-1.0910347,4.9447136,4.6230758,0.64614581,5.2877844,2.8876249,0.58412533,9.6576609,-5.5520497,0.4470032
0.76364711,-1.7666625,-1.6485528,-1.0883454,4.9658817,4.2940375,0.63099894,5.2992351,3.341898,0.48354993,9.7193166,-5.5600493,0.48197882
0.76395699,-1.838042,-1.4626972,-1.0833617,4.966862,3.9436662,0.60592615,5.3546862,3.7614953,0.38611093,9.7824706,-5.5458399,0.52282976
0.76426687,-1.9087613,-1.2674031,-1.0776258,4.9476478,3.5773938,0.57245758,5.4593405,4.13603,0.29517404,9.844614,-5.5066453,0.56855426
0.76457675,-1.9786998,-1.0640707,-1.0733885,4.9174735,3.1906547,0.53439029,5.5968238,4.4685512,0.21838085,9.9010693,-5.4417912,0.61749099
0.76488663,-2.0449373,-0.85280198,-1.0693148,4.8849634,2.7951234,0.49282411,5.7656998,4.7576949,0.15422289,9.9495576,-5.3523029,0.66772073
0.76519652,-2.1082592,-0.6348836,-1.0668102,4.8397729,2.3892118,0.4520218,5.9598232,5.0052181,0.10999496,9.988533,-5.2341518,0.71870341
0.76550642,-2.1678363,-0.4119113,-1.0643115,4.7814852,1.9734624,0.41398521,6.1768639,5.2158589,0.086825607,10.016598,-5.0858383,0.76944509
0.76581631,-2.2248144,-0.18444093,-1.06279,4.7093854,1.5547336,0.36172758,6.4187195,5.393585,0.084651182,10.034815,-4.9097737,0.81974948
0.76612621,-2.2804408,0.041812778,-1.0596512,4.6263655,1.131076,0.30717671,6.6837231,5.5426948,0.1026332,10.042383,-4.7047002,0.86970416
0.76643611,-2.3332233,0.27321926,-1.0567513,4.521723,0.7169662,0.26259488,6.9722852,5.6685106,0.13726639,10.038566,-4.4707898,0.91871841
0.76674601,-2.3843516,0.5010459,-1.0590118,4.3982043,0.30535467,0.22777482,7.2952743,5.7746313,0.18344727,10.023126,-4.2074113,0.96208824
0.76705592,-2.4324876,0.72512591,-1.0640911,4.2540524,-0.10935387,0.19721203,7.6468336,5.8642504,0.23651699,9.9958487,-3.9154265,1.001792
0.76736583,-2.4800689,0.94566135,-1.0706176,4.090543,-0.52302206,0.16795133,8.0146603,5.9407449,0.29363704,9.9571074,-3.593366,1.0374592
0.76767574,-2.5250472,1.1621592,-1.0791321,3.9141707,-0.934348,0.13848321,8.3632064,6.0065472,0.35238716,9.9048224,-3.2423011,1.0668715
0.76798565,-2.5738504,1.3691443,-1.0868429,3.71546,-1.3360793,0.10996811,8.6849403,6.0629017,0.40665883,9.8380515,-2.8610895,1.0926638
0.76829557,-2.6235306,1.5745202,-1.092705,3.4948748,-1.7254152,0.082941782,8.9753364,6.1073076,0.45324262,9.7519034,-2.4495854,1.1130609
0.76860548,-2.6664801,1.7703092,-1.0980661,3.2751099,-2.1043303,0.057994105,9.2332633,6.1336857,0.49313827,9.6583116,-2.0143642,1.1248232
0.7689154,-2.7063268,1.9572841,-1.1055679,3.0587909,-2.47262,0.032611371,9.4600917,6.1434038,0.52756436,9.5490312,-1.5551927,1.12679
0.76922532,-2.7471391,2.136227,-1.1133795,2.8514665,-2.8183212,0.0074992611,9.6572832,6.1388133,0.557391,9.4266347,-1.0752736,1.1178893
0.76953523,-2.7908931,2.3065952,-1.1214294,2.6573963,-3.1384879,-0.015224241,9.8284445,6.1188616,0.58285375,9.2976027,-0.57466253,1.0988948
0.76984515,-2.8360964,2.4672445,-1.1274608,2.476268,-3.4330374,-0.033848851,9.9753239,6.0815457,0.6047327,9.1686614,-0.063225584,1.0679104
0.77015507,-2.8832225,2.6169888,-1.1309476,2.3209328,-3.6994695,-0.047368152,10.095398,6.0172759,0.6251005,9.047402,0.45345521,1.0240168
0.77046499,-2.9281368,2.7536112,-1.1325735,2.1887734,-3.936107,-0.053869589,10.190242,5.9283707,0.64335227,8.9451017,0.96918305,0.96902856
0.77077491,-2.9710316,2.8755766,-1.1291707,2.0662192,-4.1423066,-0.053116966,10.262881,5.8048198,0.66022465,8.874087,1.4752551,0.90291467
0.77108483,-3.0148168,2.9837927,-1.1205715,1.9519217,-4.3148421,-0.044741662,10.314948,5.6395841,0.67737642,8.837921,1.9616272,0.83021427
0.77139475,-3.0575153,3.0787251,-1.1064738,1.8475781,-4.4562625,-0.02709015,10.34786,5.4399165,0.69543478,8.8328766,2.4201263,0.74907675
0.77170467,-3.0979019,3.1592125,-1.0857039,1.7521675,-4.567397,-0.0077427694,10.360824,5.2092852,0.71440747,8.8613666,2.8450417,0.66224055
0.77201459,-3.1352017,3.2267413,-1.0594273,1.6561302,-4.6489781,0.017626076,10.355114,4.94737,0.73297921,8.9179773,3.2327534,0.57161423
0.7723245,-3.1681645,3.2729686,-1.0277141,1.561705,-4.7010953,0.050514927,10.330479,4.6575518,0.75086813,8.9982214,3.5789665,0.48215278
0.77263441,-3.1970059,3.3030224,-0.99070041,1.46624,-4.7229305,0.089638125,10.2891,4.3449398,0.76965163,9.1009075,3.8827103,0.39641144
0.77294432,-3.2202572,3.3197008,-0.94880077,1.3703324,-4.7160343,0.13276081,10.236942,4.0099175,0.78721548,9.2285981,4.1444112,0.31705073
0.77325422,-3.2389961,3.3198418,-0.90268126,1.2765706,-4.6787083,0.17909668,10.169922,3.65435,0.80557702,9.3823899,4.3672073,0.24747253
0.77356413,-3.2522537,3.304957,-0.85309186,1.1830067,-4.6058863,0.22874743,10.087207,3.2792596,0.8241546,9.5667466,4.5563063,0.18994966
0.77387403,-3.2579289,3.273402,-0.80044327,1.0903066,-4.4985683,0.28311367,9.9864336,2.8888693,0.84224078,9.7845036,4.7169827,0.14633572
0.77418392,-3.2566516,3.2266144,-0.74527544,1.0068038,-4.3587736,0.33945102,9.8755392,2.4864864,0.86439814,10.028736,4.8548496,0.11651161
0.77449381,-3.2477574,3.1663416,-0.68754203,0.93499678,-4.1866837,0.39691086,9.7514496,2.0667576,0.88787799,10.30039,4.9752221,0.10154765
0.77480369,-3.2325665,3.0839876,-0.62687894,0.87265611,-3.9807496,0.45395835,9.6101245,1.6323196,0.91473539,10.582661,5.0828491,0.10130543
0.77511357,-3.2115236,2.9863574,-0.56606288,0.8157084,-3.7451673,0.50837804,9.4511388,1.1837295,0.93790316,10.859317,5.1816334,0.11387092
0.77542344,-3.1855274,2.8741033,-0.50442052,0.75729491,-3.483626,0.56164972,9.2748486,0.7219222,0.9698196,11.124949,5.2735896,0.13702731
0.77573331,-3.153874,2.7475587,-0.44367356,0.7066041,-3.1988462,0.61083915,9.0739154,0.25363068,1.0031832,11.374659,5.3600436,0.167854
0.77604316,-3.1165383,2.6065232,-0.3836003,0.65713743,-2.8911523,0.64766847,8.8543136,-0.22664298,1.033916,11.60678,5.4398224,0.20527717
0.77635302,-3.0739413,2.4508913,-0.32521139,0.60635188,-2.5585455,0.67535262,8.6218332,-0.71582475,1.0657024,11.820579,5.5105975,0.24769475
0.77666286,-3.0269087,2.2823606,-0.26961357,0.55768907,-2.1981147,0.70021914,8.3785161,-1.2090463,1.0935407,12.015169,5.5693237,0.29386182
0.7769727,-2.9749381,2.1005515,-0.21573486,0.51370091,-1.8053606,0.72397626,8.1311913,-1.6972939,1.1201825,12.190608,5.6145624,0.34233938
0.77728252,-2.9179684,1.9072489,-0.16867079,0.47717825,-1.3993519,0.74754249,7.8899752,-2.1782442,1.1399774,12.347522,5.6414471,0.39170823
0.77759234,-2.861186,1.7033817,-0.12830179,0.43967057,-0.97544825,0.74967569,7.6627308,-2.6453076,1.1511774,12.486489,5.6455229,0.44164078
0.77790216,-2.8049549,1.4908482,-0.095984888,0.3918374,-0.53324748,0.73740946,7.4541518,-3.0983588,1.1487052,12.608374,5.6257065,0.49223406
0.77821196,-2.7453029,1.2690514,-0.072687904,0.34342157,-0.069028676,0.710761,7.2734008,-3.5221853,1.1333317,12.714032,5.578655,0.54352087
0.77852175,-2.6815303,1.0388671,-0.055947857,0.29738969,0.41566372,0.66634672,7.1069719,-3.9119688,1.1021101,12.803762,5.5024748,0.59460743
0.77883154,-2.6126433,0.79951627,-0.044712224,0.25264036,0.91434507,0.6190248,6.9602573,-4.2580693,1.0573777,12.877973,5.3956729,0.64544614
0.77914132,-2.5400192,0.55543386,-0.041126274,0.20641148,1.4189995,0.55353853,6.8358323,-4.5524325,1.005675,12.935707,5.2586043,0.69693802
0.77945109,-2.4618464,0.30528447,-0.039499168,0.16652737,1.9120203,0.45669478,6.732217,-4.7989008,0.95272586,12.978079,5.0901365,0.74860469
0.77976085,-2.3753972,0.053027685,-0.045012094,0.13992848,2.399287,0.35000491,6.6414933,-5.0041265,0.90241709,13.004661,4.8920888,0.80223463
0.7800706,-2.2787972,-0.19045554,-0.052103297,0.12907216,2.8784699,0.23477908,6.5645375,-5.1693053,0.8561511,13.01559,4.6647961,0.85857928
0.78038035,-2.1734171,-0.42641132,-0.068230825,0.13846403,3.343481,0.11869854,6.5062641,-5.2956911,0.81662898,13.010256,4.4093559,0.91497742
0.78069009,-2.0624216,-0.66018116,-0.093639928,0.1648667,3.7872425,0.010300327,6.479078,-5.3850258,0.78471913,12.987028,4.1260296,0.97021666
0.78099982,-1.9480689,-0.89500544,-0.12625184,0.2370971,4.1970549,-0.095359315,6.4760748,-5.4390041,0.76146038,12.946488,3.8174962,1.0260981
0.78130954,-1.8302863,-1.1213688,-0.16592551,0.34109941,4.5742996,-0.19114348,6.4908207,-5.462147,0.74756214,12.887826,3.4827991,1.0812589
0.78161926,-1.7197149,-1.3376689,-0.20821251,0.46369839,4.916728,-0.26464668,6.5185058,-5.4561647,0.74176165,12.809455,3.1223911,1.1334909
0.78192897,-1.6214805,-1.5436134,-0.25165533,0.61036096,5.2234124,-0.3138045,6.5543914,-5.4216483,0.74352203,12.709218,2.7374161,1.1808207
0.78223868,-1.5314639,-1.7390395,-0.29787283,0.77576572,5.494249,-0.33878845,6.5927463,-5.358072,0.75174704,12.585195,2.3271012,1.2258835
0.78254838,-1.4411948,-1.9207067,-0.34836852,0.96697825,5.7250912,-0.34081091,6.6287939,-5.2667326,0.76491236,12.441007,1.8942982,1.2662273
0.78285807,-1.3580557,-2.0884929,-0.40411092,1.1790219,5.9207301,-0.31908481,6.6601115,-5.1486028,0.78253392,12.273776,1.4359342,1.2996183
0.78316776,-1.2841149,-2.2425028,-0.46272074,1.4094909,6.0820216,-0.27630718,6.6854702,-5.005222,0.80466673,12.083333,0.95510854,1.3259865
0.78347745,-1.2246675,-2.3843326,-0.51911211,1.6547477,6.2143685,-0.21619718,6.7022204,-4.8361503,0.83029476,11.870738,0.45435257,1.3453508
0.78378713,-1.1822448,-2.5086386,-0.57168,1.9123231,6.3190789,-0.14330137,6.7099736,-4.6359061,0.8593782,11.639874,-0.061368828,1.3605617
0.7840968,-1.1524691,-2.617572,-0.62076931,2.179616,6.3943954,-0.062924058,6.707879,-4.4027561,0.889776,11.396485,-0.58837535,1.3671954
0.78440647,-1.1356491,-2.7116679,-0.66502169,2.4525209,6.4432631,0.021976481,6.6947413,-4.1369856,0.92083047,11.14521,-1.1202591,1.3599982
0.78471614,-1.1302198,-2.7887649,-0.70684032,2.7413983,6.4711238,0.10855882,6.6702109,-3.8389772,0.95368166,10.892243,-1.6462976,1.3372975
0.78502581,-1.1346297,-2.848151,-0.7454501,3.0447676,6.480015,0.19506969,6.6326475,-3.5078315,0.98865895,10.659459,-2.1582617,1.3027058
0.78533547,-1.1510799,-2.8877731,-0.78139776,3.3587466,6.4701389,0.27828767,6.5843583,-3.1435505,1.0238669,10.4515,-2.6458423,1.2551566
0.78564513,-1.178986,-2.9076449,-0.8138007,3.6771261,6.4452422,0.35572291,6.5285507,-2.752534,1.0556007,10.264736,-3.1064901,1.1938843
0.78595479,-1.2182397,-2.9084174,-0.84210603,3.9937224,6.4064058,0.42535363,6.463265,-2.3279996,1.0811698,10.11665,-3.5271091,1.1210192
0.78626445,-1.2658584,-2.8916867,-0.86647806,4.3014876,6.3543327,0.48820625,6.3872512,-1.8717335,1.1052903,9.9887418,-3.9047773,1.039121
0.78657411,-1.3219644,-2.8581324,-0.88612313,4.5955862,6.2880754,0.54576433,6.3042108,-1.3795771,1.1308226,9.8842223,-4.232794,0.95113759
0.78688377,-1.3853065,-2.8077759,-0.90132776,4.8589672,6.2047138,0.5922463,6.2152528,-0.85946149,1.1499765,9.8094055,-4.5062882,0.85999365
0.78719342,-1.4544703,-2.7410274,-0.91219388,5.0885133,6.1020054,0.62562497,6.1129717,-0.32295071,1.1575342,9.7597231,-4.724425,0.77094608
0.78750308,-1.5285682,-2.6581449,-0.92013495,5.2871986,5.9808133,0.64713604,6.0131576,0.23602505,1.1493707,9.7355369,-4.8992381,0.68724662
0.78781274,-1.606407,-2.5591608,-0.92512442,5.4538146,5.8387162,0.65794162,5.9247343,0.80857427,1.1255887,9.7404575,-5.0359553,0.61186179
0.78812239,-1.6870624,-2.4458956,-0.92792233,5.589337,5.6715831,0.66031514,5.8532301,1.3850468,1.0937349,9.7713585,-5.1454246,0.54614054
0.78843205,-1.7696017,-2.3183418,-0.92851516,5.6952672,5.4733061,0.6534588,5.8084025,1.9485323,1.0361299,9.8252334,-5.2353876,0.49343855
0.78874171,-1.8523767,-2.1768653,-0.92654754,5.7728063,5.2420542,0.64053196,5.7952625,2.4899765,0.95977815,9.890308,-5.303458,0.45435971
0.78905138,-1.9327168,-2.0226804,-0.92099112,5.8254158,4.9776959,0.62578567,5.8167969,3.002746,0.86814745,9.9624215,-5.3507241,0.42903371
0.78936104,-2.0088578,-1.8561958,-0.91300127,5.8546957,4.684346,0.60497197,5.8806041,3.4769405,0.76409155,10.039855,-5.3769509,0.41611546
0.7896707,-2.0820819,-1.677355,-0.90325937,5.8595215,4.3622645,0.58143152,5.9777961,3.9057783,0.64733077,10.119243,-5.3802142,0.41494957
0.78998037,-2.1530697,-1.4868653,-0.89188318,5.8415651,4.0167622,0.55384789,6.1213322,4.2841401,0.52257614,10.19704,-5.3605356,0.42507372
0.79029004,-2.2210653,-1.2857706,-0.87901822,5.8009389,3.644287,0.51995051,6.298704,4.6124459,0.40454354,10.267325,-5.3172233,0.44444167
0.79059971,-2.2853526,-1.0751586,-0.8651022,5.7527026,3.2553261,0.48688869,6.5057954,4.8910106,0.30104614,10.326724,-5.2479277,0.47052125
0.79090939,-2.3450088,-0.85450902,-0.85267771,5.7010804,2.8566092,0.4535659,6.7339242,5.1248348,0.21571639,10.37341,-5.1512857,0.50263144
0.79121907,-2.4101816,-0.62633495,-0.84275087,5.6342649,2.443944,0.42369193,6.983336,5.3177548,0.15098872,10.405623,-5.0263268,0.53887894
0.79152875,-2.4704601,-0.3927417,-0.83307964,5.553335,2.0192072,0.40113088,7.2525737,5.4755352,0.10814006,10.423548,-4.871314,0.57805885
0.79183843,-2.5288632,-0.1524453,-0.82522839,5.4577071,1.5859968,0.36642212,7.5396175,5.6046208,0.086943987,10.426113,-4.6848106,0.62030897
0.79214811,-2.5864961,0.094875863,-0.82061066,5.3456877,1.1481781,0.33441197,7.8525842,5.7117406,0.085278074,10.413709,-4.4654506,0.66512391
0.7924578,-2.6409209,0.33993125,-0.81462923,5.2088609,0.71718452,0.31745775,8.1935501,5.8015065,0.10081094,10.383418,-4.2106701,0.71180901
0.79276748,-2.6929922,0.57508726,-0.80711406,5.0537296,0.28092363,0.30622514,8.552516,5.8774999,0.13014292,10.338754,-3.9202051,0.75943966
0.79307717,-2.7425348,0.80375111,-0.80286098,4.881751,-0.15962633,0.30068417,8.8929626,5.9433864,0.16840434,10.277926,-3.5932944,0.80794633
0.79338686,-2.790618,1.0304632,-0.80764358,4.6934407,-0.60412538,0.29425389,9.21015,6.0008594,0.21147686,10.198939,-3.2283772,0.85655438
0.79369655,-2.8371199,1.2573613,-0.81781459,4.4893249,-1.047522,0.28718979,9.5001202,6.0511647,0.25681513,10.103294,-2.8265229,0.90346346
0.79400625,-2.8887873,1.4795155,-0.82843765,4.2589312,-1.4774961,0.28026713,9.7616217,6.0937629,0.30178743,9.9927584,-2.3902118,0.94662892
0.79431594,-2.944037,1.6966089,-0.83757733,4.0278022,-1.8989077,0.26857519,9.9947147,6.1255756,0.3429387,9.8699694,-1.9214519,0.98437865
0.79462564,-2.9971381,1.9066492,-0.84712784,3.8033319,-2.3066109,0.2521617,10.201066,6.1417678,0.37794827,9.734044,-1.4262411,1.0131308
0.79493533,-3.0413686,2.1054854,-0.85930904,3.5914647,-2.6967454,0.23539533,10.383254,6.1442528,0.40727572,9.5939686,-0.90068271,1.0352176
0.79524503,-3.0873079,2.2911275,-0.87170158,3.3976365,-3.0659077,0.21704586,10.541643,6.1339584,0.43173172,9.4533914,-0.35183565,1.052329
0.79555472,-3.1363871,2.4675195,-0.88344215,3.2271421,-3.3977534,0.20107456,10.677054,6.1099665,0.45024586,9.320808,0.20067439,1.062448
0.79586442,-3.1861305,2.6347233,-0.892948,3.0813391,-3.698875,0.18624959,10.790881,6.0753696,0.46203037,9.2140394,0.7537031,1.0584525
0.79617411,-3.2364068,2.791492,-0.89841956,2.9444339,-3.964666,0.17691136,10.882509,6.0157858,0.46915271,9.1403941,1.2990847,1.0403455
0.79648381,-3.2859948,2.9358577,-0.90076779,2.8167576,-4.1973963,0.17470447,10.951363,5.9296832,0.47168197,9.10179,1.8253869,1.006542
0.7967935,-3.332778,3.0655958,-0.8997534,2.6980747,-4.3958333,0.17891697,11.000788,5.8072804,0.47024636,9.09498,2.3212183,0.95336743
0.79710319,-3.3771667,3.1772371,-0.89372062,2.5938965,-4.5568202,0.18938895,11.032117,5.6424443,0.46610649,9.123991,2.7789464,0.87637426
0.79741288,-3.419909,3.2764832,-0.88296376,2.4955874,-4.6829885,0.20694935,11.044171,5.4351434,0.46169503,9.1850831,3.1926867,0.78270653
0.79772257,-3.4605642,3.3604653,-0.86631649,2.3979133,-4.7746305,0.23314943,11.035183,5.1945307,0.45793021,9.2832181,3.5576963,0.67788475
0.79803225,-3.4981436,3.4263798,-0.84327573,2.3015133,-4.8344568,0.26566137,11.006074,4.9217397,0.45421642,9.423445,3.8733976,0.56800294
0.79834193,-3.530382,3.4756873,-0.81114392,2.2065737,-4.8620597,0.30389829,10.960722,4.6165647,0.45283536,9.6021447,4.1415556,0.45864713
0.79865161,-3.556963,3.5121588,-0.77357311,2.1113413,-4.8568196,0.34669004,10.899449,4.2819704,0.45292515,9.8136634,4.3655608,0.35516195
0.79896128,-3.5776445,3.5364998,-0.73200399,2.017656,-4.8189368,0.39198754,10.820159,3.9181873,0.4567442,10.049902,4.5502535,0.26258429
0.79927095,-3.5923411,3.5464451,-0.68667449,1.9258069,-4.7430372,0.43857907,10.72169,3.5267522,0.46691884,10.303187,4.70233,0.18334516
0.79958061,-3.6006811,3.5414454,-0.63806008,1.8539179,-4.6316594,0.48697902,10.599238,3.1104277,0.48021576,10.565645,4.8294558,0.12088948
0.79989026,-3.6027324,3.5217781,-0.58652979,1.7944201,-4.4855779,0.53530624,10.468152,2.6663268,0.50303225,10.830125,4.9384662,0.076770528
0.80019991,-3.5963668,3.4875032,-0.53219635,1.7423722,-4.3058651,0.58237789,10.317556,2.1976128,0.53135877,11.090117,5.0350244,0.052645275
0.80050955,-3.5822363,3.4320883,-0.47447369,1.6936473,-4.0952005,0.62683665,10.147117,1.7047108,0.56602364,11.341641,5.1237619,0.045478587
0.80081919,-3.5601383,3.3563542,-0.41458953,1.6453404,-3.8550042,0.66694329,9.9569606,1.1885344,0.60144701,11.58139,5.2086272,0.053941638
0.80112882,-3.5303186,3.2656074,-0.35384218,1.5934589,-3.5874317,0.70500904,9.7449757,0.65253402,0.63992288,11.806694,5.2911596,0.074843491
0.80143843,-3.4937287,3.1604908,-0.29389445,1.5503437,-3.2993871,0.73818603,9.5116426,0.10212673,0.67865366,12.016433,5.371993,0.10543567
0.80174804,-3.4508667,3.0418771,-0.23500692,1.5063149,-2.9854083,0.76305993,9.2645132,-0.46041455,0.71467187,12.210502,5.4507882,0.14371565
0.80205765,-3.4012458,2.9094721,-0.17913344,1.4559008,-2.6462206,0.77825689,9.0067858,-1.0301684,0.74964791,12.389193,5.524186,0.18591587
0.80236724,-3.3464895,2.7643182,-0.12811389,1.4011072,-2.2790442,0.78614893,8.7525272,-1.6001309,0.77747288,12.553205,5.5888434,0.22987643
0.80267682,-3.2860647,2.6060164,-0.082537216,1.3465268,-1.8788233,0.79621933,8.5084019,-2.1557986,0.79874643,12.703343,5.6452244,0.27394568
0.80298639,-3.2206159,2.4342781,-0.042089249,1.2932293,-1.467988,0.80260696,8.2799953,-2.6927644,0.80916832,12.840258,5.6899449,0.31602525
0.80329596,-3.1502489,2.2495799,-0.0060278731,1.2441154,-1.0358202,0.79480576,8.0766891,-3.2061544,0.81101961,12.964166,5.7110819,0.35466624
0.80360551,-3.0735239,2.0522682,0.023360425,1.1828614,-0.58416999,0.77110721,7.9068303,-3.6817832,0.80362455,13.074566,5.707866,0.38882617
0.80391505,-2.9988769,1.84419,0.047130951,1.1132874,-0.11343172,0.73321276,7.7515865,-4.1108473,0.78801078,13.172774,5.6903791,0.41950473
0.80422458,-2.9213659,1.6294868,0.062209238,1.0485369,0.37696374,0.67993545,7.6180216,-4.4748691,0.76391248,13.258267,5.6504445,0.44603046
0.8045341,-2.8407252,1.4052361,0.071647004,0.98423706,0.881058,0.61352581,7.5122225,-4.7734853,0.73589209,13.328922,5.5806453,0.46814846
0.80484361,-2.7567198,1.17255,0.076165694,0.91454377,1.388431,0.53723128,7.4314782,-5.0144823,0.70748008,13.38302,5.4851392,0.48668599
0.80515311,-2.6691565,0.9310807,0.072568553,0.8546241,1.8889066,0.44292901,7.3691867,-5.2114745,0.68151412,13.420746,5.3484176,0.50192615
0.8054626,-2.5769204,0.68358803,0.060485475,0.80878356,2.3748107,0.33540973,7.3229086,-5.3653403,0.66082125,13.441106,5.1623894,0.51607673
0.80577207,-2.4804442,0.42996182,0.047962586,0.77988293,2.8506789,0.22560625,7.3085576,-5.4782326,0.64726573,13.442426,4.9375778,0.53111226
0.80608154,-2.3804737,0.17424261,0.039268097,0.7714799,3.3095358,0.11683343,7.3217377,-5.5544211,0.64177272,13.422537,4.6749549,0.54866383
0.806391,-2.2705491,-0.078420046,0.0315364,0.78296965,3.7421655,0.019057256,7.3527166,-5.5963102,0.64466909,13.379766,4.3721581,0.56867114
0.80670045,-2.1526648,-0.32217693,0.0165271,0.82843872,4.1440985,-0.070489525,7.3962857,-5.6059096,0.655374,13.315397,4.0313495,0.5929888
0.80700988,-2.0276762,-0.56205318,-0.0086675844,0.91921222,4.5086915,-0.14265705,7.4476295,-5.5895202,0.67069997,13.228775,3.6511039,0.6207972
0.80731931,-1.8986772,-0.79995692,-0.040615056,1.0377432,4.8382745,-0.19011409,7.5015622,-5.5478515,0.68822016,13.118485,3.2322953,0.65158873
0.80762873,-1.7749924,-1.0358879,-0.076909994,1.1819405,5.1305409,-0.21021251,7.553813,-5.4822052,0.70727319,12.982741,2.7760537,0.68322588
0.80793815,-1.66438,-1.2570658,-0.11227175,1.3441469,5.3847797,-0.2043794,7.6014156,-5.3932027,0.72699342,12.823232,2.2863126,0.71680695
0.80824755,-1.5639619,-1.4696911,-0.14646668,1.5315416,5.6029278,-0.17578572,7.6416514,-5.2807181,0.74590412,12.639914,1.7616934,0.75021916
0.80855695,-1.475257,-1.6752493,-0.18045226,1.7456129,5.7859114,-0.12509048,7.6726526,-5.1465265,0.76301191,12.434901,1.2084181,0.78047559
0.80886634,-1.3915251,-1.8686734,-0.21652663,1.9819434,5.9379005,-0.057472953,7.6924944,-4.9881584,0.77823826,12.208907,0.6314984,0.80636644
0.80917572,-1.3158451,-2.0463909,-0.25498721,2.2352572,6.0611839,0.023348118,7.6996815,-4.8065073,0.79274928,11.966827,0.03956361,0.82931626
0.80948509,-1.2592429,-2.2081855,-0.29262252,2.504021,6.158208,0.11319202,7.6963966,-4.5974679,0.80652879,11.716406,-0.56005558,0.84691425
0.80979446,-1.2196504,-2.3537938,-0.32868029,2.7843455,6.230707,0.2055105,7.6772314,-4.3548866,0.81812284,11.462604,-1.15823,0.85879614
0.81010382,-1.1932622,-2.4821595,-0.36253775,3.0703806,6.2802762,0.29798687,7.6425805,-4.0743312,0.82866597,11.210522,-1.7442963,0.86407633
0.81041318,-1.1805023,-2.5927787,-0.39475842,3.3748176,6.3091964,0.38680472,7.5915246,-3.7556578,0.83699538,10.988154,-2.3073962,0.86274002
0.81072253,-1.1810207,-2.6850658,-0.42433845,3.6961743,6.3208103,0.46918737,7.5230643,-3.4001632,0.84794837,10.79871,-2.8365617,0.85358902
0.81103188,-1.1943808,-2.7585378,-0.4494336,4.029308,6.3164401,0.54374239,7.4499576,-3.0122117,0.85819135,10.639363,-3.3215539,0.8315823
0.81134122,-1.2191779,-2.8109028,-0.47152767,4.3701425,6.2972136,0.61105327,7.3612174,-2.5917879,0.86529402,10.525884,-3.7557294,0.79301805
0.81165056,-1.2561368,-2.8414586,-0.48990313,4.7113093,6.265346,0.66909203,7.2604644,-2.1355996,0.8691995,10.442711,-4.1420307,0.73998396
0.8119599,-1.3029444,-2.8527303,-0.50388354,5.0453034,6.2238771,0.71284145,7.1507842,-1.6417072,0.86332404,10.385572,-4.4733172,0.68207454
0.81226923,-1.3570019,-2.8455793,-0.51431216,5.355116,6.170181,0.74223557,7.0384826,-1.10815,0.86555656,10.348388,-4.7425258,0.62480672
0.81257856,-1.4193968,-2.8203404,-0.52218388,5.632147,6.1011879,0.75746097,6.9157877,-0.56274403,0.85103527,10.340819,-4.9598652,0.57161365
0.81288789,-1.4877111,-2.7768718,-0.52894255,5.8755579,6.0145989,0.75927149,6.7887491,0.0046278999,0.82439727,10.361132,-5.1324619,0.52606717
0.81319722,-1.5617345,-2.7158131,-0.53465379,6.0860747,5.9095889,0.74928296,6.6675146,0.5891903,0.78279015,10.408229,-5.261431,0.48872261
0.81350654,-1.6401754,-2.6372358,-0.53866065,6.2668786,5.7871357,0.72977624,6.5621584,1.1801033,0.72509318,10.476563,-5.3567616,0.46095537
0.81381587,-1.7214258,-2.5418146,-0.53911881,6.4172722,5.6442632,0.70296382,6.4845229,1.7653273,0.66192556,10.555732,-5.4299426,0.44222609
0.81412519,-1.8039305,-2.4297577,-0.53688684,6.5367942,5.4730784,0.67120651,6.4319949,2.3197211,0.58271031,10.640227,-5.4769646,0.4325693
0.81443452,-1.8859334,-2.3021915,-0.53303484,6.623742,5.2720338,0.63453031,6.4148373,2.8437211,0.49604956,10.729254,-5.5012393,0.43103518
0.81474384,-1.9671143,-2.1591507,-0.52791273,6.6828923,5.0404101,0.59522956,6.4335172,3.3297495,0.40622512,10.819248,-5.510911,0.4358175
0.81505317,-2.0471474,-2.000378,-0.52146235,6.7166181,4.7797563,0.55145853,6.497761,3.7690266,0.32029716,10.903139,-5.5032193,0.4452684
0.81536249,-2.1246848,-1.8270565,-0.51332049,6.7238732,4.4912505,0.50748396,6.6020067,4.1558232,0.24240853,10.978443,-5.4773677,0.45814169
0.81567182,-2.1989469,-1.6411812,-0.50372774,6.7044393,4.1699794,0.46573733,6.7497813,4.489318,0.17791688,11.04249,-5.4341123,0.47319166
0.81598115,-2.268387,-1.4426876,-0.49443123,6.6611819,3.8233004,0.42156769,6.9327915,4.7701831,0.12881325,11.093017,-5.3717804,0.48850588
0.81629048,-2.3328268,-1.23132,-0.48504024,6.6014354,3.4574118,0.37865287,7.1434616,5.0015189,0.098636042,11.129161,-5.286249,0.50249263
0.81659981,-2.3949659,-1.009181,-0.472512,6.5380439,3.0782733,0.34041722,7.3752903,5.1902172,0.091353448,11.150207,-5.1764868,0.51515461
0.81690915,-2.4543845,-0.77685945,-0.46115702,6.4571116,2.6838633,0.30601213,7.632846,5.3410121,0.10715904,11.155869,-5.0396619,0.52620331
0.81721848,-2.5158931,-0.53976087,-0.45192122,6.3594767,2.2738738,0.27937901,7.913738,5.4614717,0.14254041,11.145428,-4.8720234,0.53566539
0.81752782,-2.5783464,-0.29305559,-0.44433213,6.2462958,1.8506924,0.25461827,8.2177189,5.5593639,0.19194563,11.118519,-4.6714757,0.54445596
0.81783716,-2.640061,-0.035455631,-0.43615625,6.1173732,1.4196981,0.23006952,8.5544949,5.6400724,0.25146658,11.074662,-4.4348259,0.55377424
0.8181465,-2.6990679,0.22430516,-0.43216305,5.9651385,0.99039084,0.22167204,8.9165524,5.7087854,0.31546519,11.013181,-4.157714,0.56398107
0.81845584,-2.7551423,0.47650329,-0.42345821,5.7894632,0.55400547,0.21882231,9.2677843,5.769857,0.37924803,10.934452,-3.8381972,0.57558501
0.81876518,-2.8087783,0.72789296,-0.41616692,5.595709,0.110543,0.22097104,9.5983434,5.8258225,0.43817522,10.837212,-3.4763974,0.5882231
0.81907452,-2.8583217,0.97389092,-0.41652338,5.3877392,-0.33806072,0.22936734,9.9053904,5.8772165,0.48771835,10.721685,-3.0697863,0.60087342
0.81938387,-2.9055863,1.2116361,-0.42042413,5.1646121,-0.78561126,0.23703553,10.185722,5.9243113,0.52547032,10.586129,-2.6217534,0.61542636
0.81969321,-2.9605213,1.4469042,-0.42718609,4.9128181,-1.2245383,0.24642331,10.437203,5.9668724,0.55071751,10.442927,-2.1397268,0.62825876
0.82000255,-3.017899,1.6860659,-0.43628724,4.6559108,-1.6526002,0.25381169,10.663128,5.9999452,0.56524505,10.285885,-1.6249796,0.63849706
0.8203119,-3.0792414,1.9201805,-0.44488012,4.4050847,-2.0672228,0.25538465,10.8647,6.0204031,0.56886495,10.121402,-1.0799917,0.64233185
0.82062125,-3.1345362,2.1459022,-0.45501318,4.1690623,-2.4628591,0.25653263,11.043402,6.0233796,0.56332371,9.9576923,-0.51270823,0.64203832
0.82093059,-3.1868561,2.3593714,-0.46784322,3.9504336,-2.8314087,0.2531033,11.198886,6.0133864,0.55029193,9.8046579,0.060664857,0.63286469
0.82123994,-3.2392097,2.5638109,-0.48068113,3.7545151,-3.1697387,0.25172812,11.331968,5.9877339,0.53117627,9.6707639,0.63713965,0.61462025
0.82154928,-3.2941146,2.7596528,-0.4931178,3.5918669,-3.4730717,0.25243891,11.443425,5.9494491,0.50677072,9.5709778,1.2053458,0.58591532
0.82185862,-3.3504519,2.9426805,-0.50461861,3.4455636,-3.7409564,0.25463712,11.533872,5.8946131,0.4777635,9.5119213,1.7503266,0.54602329
0.82216796,-3.4062566,3.1111014,-0.51418894,3.3104972,-3.9713627,0.26131725,11.603197,5.812486,0.44627474,9.4916383,2.2621469,0.49790203
0.8224773,-3.4594735,3.2630609,-0.52134649,3.1834784,-4.1666102,0.27198538,11.652605,5.6977534,0.41183008,9.5093215,2.733701,0.44198664
0.82278664,-3.5082927,3.3995621,-0.52651303,3.0703593,-4.3262607,0.28694712,11.682503,5.5423255,0.37579258,9.5551405,3.1581103,0.38088129
0.82309598,-3.5549338,3.5205116,-0.52822342,2.9602294,-4.4496774,0.30685737,11.691495,5.3411847,0.34182653,9.6251854,3.5309949,0.31903061
0.82340531,-3.5978578,3.6227239,-0.52605057,2.8510422,-4.5391159,0.33007792,11.678067,5.1053941,0.31014983,9.7237371,3.8509738,0.26218437
0.82371463,-3.6353123,3.7032756,-0.5186707,2.7437621,-4.5961933,0.35651459,11.643798,4.8351321,0.28201425,9.8534913,4.1188455,0.21327966
0.82402395,-3.6647794,3.7703119,-0.5091677,2.6392814,-4.6217139,0.38390538,11.592234,4.5332687,0.257783,10.024544,4.337472,0.17534099
0.82433327,-3.6853333,3.8185443,-0.49677951,2.5358943,-4.6148183,0.41294465,11.520441,4.2008729,0.23783499,10.243342,4.5141544,0.15037996
0.82464258,-3.6967374,3.853674,-0.48048849,2.4322518,-4.5741107,0.44300925,11.428441,3.8385517,0.22557849,10.488121,4.6564304,0.13831154
0.82495189,-3.6999397,3.8778769,-0.45950221,2.3291009,-4.4963808,0.47386592,11.313008,3.447747,0.22028672,10.748634,4.7715404,0.13861949
0.82526119,-3.6958758,3.8870474,-0.43477908,2.2471888,-4.3857643,0.50528832,11.173967,3.0227396,0.22542119,11.015879,4.8678087,0.15003316
0.82557048,-3.682749,3.8798453,-0.40783969,2.179828,-4.2420989,0.53637556,11.021272,2.5715886,0.24051004,11.281972,4.9524416,0.17034208
0.82587977,-3.6608228,3.8554305,-0.37923024,2.1208936,-4.0663943,0.56522964,10.846144,2.0929694,0.2652439,11.540891,5.0299071,0.19646596
0.82618904,-3.629747,3.8147496,-0.34985944,2.0652738,-3.8603726,0.59100004,10.64875,1.5869694,0.29701245,11.789062,5.1043327,0.22633667
0.82649831,-3.5893726,3.7579265,-0.3195753,2.0085607,-3.6274842,0.61547377,10.429482,1.0567668,0.33157295,12.024599,5.1790902,0.25772067
0.82680757,-3.5406322,3.6790962,-0.28820537,1.9588634,-3.370899,0.63952297,10.183471,0.50801787,0.3712186,12.24582,5.2547333,0.28863812
0.82711682,-3.4831927,3.5822898,-0.25750404,1.9113447,-3.0895368,0.65883148,9.9184733,-0.055200955,0.40930368,12.451183,5.3311903,0.31729175
0.82742606,-3.4177021,3.4701136,-0.22868998,1.8614584,-2.7826916,0.67278538,9.6435918,-0.62832068,0.44768743,12.640612,5.40659,0.34291677
0.82773529,-3.3468802,3.3440127,-0.20149296,1.8051733,-2.4479244,0.67989967,9.3574798,-1.2035292,0.48395148,12.815206,5.4773815,0.36464887
0.82804451,-3.2707516,3.2042186,-0.1785646,1.7477963,-2.0808852,0.69003863,9.0791095,-1.7692441,0.51523512,12.975861,5.5400652,0.38200813
0.82835372,-3.1892098,3.0508798,-0.1585697,1.6930986,-1.6952114,0.6984262,8.8218546,-2.3119421,0.53506472,13.122687,5.5938698,0.39495054
0.82866291,-3.1028066,2.8837756,-0.14191962,1.6427605,-1.2812963,0.69844847,8.5859018,-2.8345521,0.54459141,13.256498,5.6343361,0.40324892
0.8289721,-3.0114933,2.7033831,-0.12916719,1.5967351,-0.84427789,0.68455922,8.3873123,-3.3187637,0.54530178,13.377648,5.6521853,0.40680172
0.82928127,-2.9165498,2.5096476,-0.11914831,1.5392119,-0.38903495,0.65769694,8.2152149,-3.7546077,0.53679747,13.486383,5.6455916,0.40571731
0.82959043,-2.8183292,2.3050527,-0.11257385,1.4787497,0.086391445,0.62138696,8.0578652,-4.1291095,0.52065649,13.583535,5.6238572,0.40103389
0.82989958,-2.7149906,2.0892327,-0.10884847,1.4123713,0.5754729,0.57637365,7.9221998,-4.4375039,0.50086562,13.667466,5.5728937,0.39256702
0.83020871,-2.6084388,1.8673065,-0.10771101,1.3465421,1.075395,0.52106996,7.8151724,-4.6860079,0.48117959,13.735852,5.4912688,0.38040048
0.83051783,-2.5056978,1.6382542,-0.11063334,1.283831,1.5785213,0.44994442,7.7312702,-4.8897825,0.46563858,13.787558,5.3812321,0.36566944
0.83082694,-2.4034501,1.402001,-0.11766513,1.2321632,2.0662569,0.36069985,7.6650929,-5.051145,0.45642562,13.822505,5.2274342,0.34886369
0.83113604,-2.2998724,1.1528655,-0.12521664,1.1924774,2.5392115,0.26823538,7.6208379,-5.1731344,0.45420426,13.838206,5.0271052,0.33183296
0.83144513,-2.1948431,0.89545083,-0.13891465,1.1667693,2.9978527,0.17659234,7.6082648,-5.2584872,0.45740531,13.832333,4.7854842,0.31697295
0.8317542,-2.0882955,0.63745856,-0.15720093,1.1559805,3.4350342,0.088453652,7.621151,-5.3100952,0.46586587,13.802914,4.5015148,0.30610616
0.83206326,-1.9785644,0.38104322,-0.16648234,1.1621365,3.8444696,0.0019081529,7.6502609,-5.3309332,0.47924824,13.749296,4.1739641,0.3006554
0.83237231,-1.8684335,0.11753919,-0.17146046,1.2114854,4.2163736,-0.078332072,7.690995,-5.32539,0.49511529,13.670579,3.8024556,0.30036993
0.83268135,-1.7514635,-0.14119865,-0.18090635,1.2944274,4.5531453,-0.14387721,7.7402898,-5.2968769,0.51175179,13.565261,3.3884967,0.30615603
0.83299038,-1.6310793,-0.39047515,-0.19563992,1.4032712,4.8528569,-0.19182096,7.7917945,-5.2450963,0.52758483,13.431306,2.93139,0.31899702
0.8332994,-1.5107,-0.63617306,-0.2093368,1.5346611,5.1133867,-0.22043208,7.8414899,-5.1708301,0.54245272,13.269517,2.4366,0.33876214
0.8336084,-1.4037668,-0.87425195,-0.22462102,1.6880976,5.3355262,-0.23078105,7.8856867,-5.0744277,0.55525577,13.080366,1.9029383,0.36319318
0.8339174,-1.3127943,-1.10648,-0.2395493,1.8684285,5.5211934,-0.22144625,7.9214352,-4.9553452,0.56570187,12.866106,1.3389019,0.39044158
0.83422639,-1.2312156,-1.3297458,-0.25328823,2.0710301,5.6743398,-0.19929925,7.9472321,-4.8141407,0.57473146,12.627991,0.74940083,0.41711442
0.83453537,-1.16044,-1.5430318,-0.26515262,2.2940003,5.795557,-0.16583121,7.9593985,-4.6477334,0.58237426,12.368591,0.14634535,0.44445391
0.83484434,-1.1065919,-1.7469677,-0.27656204,2.5340051,5.8895704,-0.12205295,7.9601627,-4.456062,0.58950479,12.098893,-0.46239163,0.4676373
0.8351533,-1.0663844,-1.9321575,-0.28906982,2.7898508,5.9594581,-0.071179808,7.9464415,-4.2361407,0.59535635,11.826477,-1.066928,0.48564344
0.83546226,-1.0386849,-2.0994515,-0.30176457,3.059223,6.0093712,-0.018157302,7.9147686,-3.980204,0.60014274,11.553461,-1.6592775,0.49552357
0.8357712,-1.0243278,-2.2483342,-0.31448925,3.3413225,6.0416437,0.033510297,7.8640109,-3.6848514,0.60629651,11.303766,-2.2215634,0.49680225
0.83608014,-1.0226525,-2.3788606,-0.3278451,3.6458568,6.0590773,0.082182643,7.7926247,-3.3486568,0.61440662,11.089288,-2.7436394,0.48975045
0.83638908,-1.0341875,-2.4903706,-0.34070654,3.9706287,6.0624478,0.12644201,7.7142817,-2.9787409,0.62398415,10.911571,-3.218798,0.47522638
0.83669801,-1.05921,-2.5802828,-0.35278898,4.3133153,6.0528453,0.16516246,7.6190596,-2.5727037,0.63129374,10.779353,-3.64969,0.45211002
0.83700693,-1.0976062,-2.649207,-0.36435064,4.6658892,6.0314028,0.19786137,7.5106607,-2.1283799,0.63342535,10.683676,-4.0221243,0.42209373
0.83731585,-1.1481862,-2.6943525,-0.37420633,5.0201841,6.0002299,0.22311453,7.3931574,-1.6475819,0.63779907,10.612513,-4.3321201,0.38803672
0.83762477,-1.2084981,-2.717357,-0.38219473,5.3689211,5.9622439,0.24035999,7.2722926,-1.1262133,0.64095155,10.563063,-4.5895627,0.35504069
0.83793368,-1.277683,-2.7211296,-0.38808848,5.6970951,5.912727,0.25061425,7.1450315,-0.5864943,0.63704926,10.537724,-4.7982105,0.32581632
0.83824259,-1.3541294,-2.7054695,-0.39324681,5.9915551,5.8478073,0.25358579,7.006029,-0.025785453,0.61475727,10.542299,-4.9542701,0.30284311
0.83855149,-1.4364281,-2.6705257,-0.3969696,6.2526674,5.7665047,0.25124049,6.8713505,0.55135522,0.57837741,10.577953,-5.0781233,0.28626295
0.8388604,-1.5195564,-2.616262,-0.3989171,6.4800416,5.6673185,0.24359623,6.7499001,1.1323515,0.52945879,10.63885,-5.1721635,0.27612397
0.8391693,-1.6046053,-2.543717,-0.40161211,6.6765429,5.5453707,0.23225114,6.6512591,1.7024693,0.46177374,10.712289,-5.2394673,0.27175059
0.8394782,-1.6892298,-2.4532921,-0.40461807,6.8402953,5.3996402,0.21796135,6.5748805,2.2438198,0.38390582,10.793114,-5.2821001,0.27228284
0.8397871,-1.7730736,-2.344859,-0.40636921,6.9708222,5.2279055,0.2015497,6.5354596,2.7527516,0.29707928,10.88153,-5.3036372,0.2767205
0.840096,-1.8545546,-2.2185666,-0.40680313,7.0671583,5.0286576,0.18232615,6.5317733,3.2206995,0.20388187,10.97357,-5.3115391,0.2835449
0.8404049,-1.9328529,-2.0749755,-0.40635642,7.13518,4.804695,0.16005025,6.573404,3.6399839,0.1097912,11.063876,-5.3035663,0.29199808
0.8407138,-2.0093101,-1.9144131,-0.40425905,7.1754635,4.5468081,0.13826062,6.6608571,4.0059613,0.023972948,11.146774,-5.2792234,0.30082548
0.8410227,-2.0838965,-1.7379344,-0.40146383,7.1865561,4.2617886,0.11582887,6.7842859,4.3190922,-0.048278052,11.218943,-5.2378415,0.30900004
0.84133161,-2.1557166,-1.5479053,-0.39804166,7.1689211,3.9509281,0.093645614,6.9407155,4.5808627,-0.10308608,11.27734,-5.1778013,0.31563694
0.84164051,-2.2230995,-1.3435578,-0.39457646,7.1216029,3.6155332,0.071995626,7.1265322,4.7946331,-0.14095966,11.320364,-5.0960413,0.3204665
0.84194942,-2.2874175,-1.1248557,-0.39005391,7.0682682,3.2671745,0.051871811,7.3372663,4.9650677,-0.16115114,11.347965,-4.9901675,0.32292764
0.84225832,-2.3509516,-0.8943186,-0.38651699,7.0006705,2.901363,0.034459039,7.5732334,5.1000907,-0.15908389,11.358966,-4.8573847,0.32362925
0.84256723,-2.406256,-0.65626573,-0.38119362,6.9116749,2.5179841,0.020053059,7.8300482,5.2074279,-0.1417441,11.352279,-4.6937014,0.32313893
0.84287614,-2.4673289,-0.41000651,-0.37789145,6.8033307,2.1185,0.0072794898,8.1061909,5.294097,-0.11108968,11.326859,-4.4954745,0.32261828
0.84318506,-2.5303613,-0.14985502,-0.37684217,6.6782628,1.7016474,0.0041570423,8.4028231,5.3663269,-0.071094831,11.282003,-4.2615508,0.32339026
0.84349397,-2.5914994,0.11336483,-0.37263773,6.5292815,1.2844122,0.0068390011,8.7325163,5.4282624,-0.024786909,11.218548,-3.9876845,0.32638063
0.84380289,-2.6490042,0.37274986,-0.37320146,6.3543434,0.85672906,0.012718315,9.0891896,5.484575,0.023455607,11.134983,-3.671619,0.33206089
0.84411181,-2.7039575,0.63976634,-0.37309898,6.1568299,0.41577635,0.022339902,9.442488,5.5377013,0.070213313,11.030031,-3.3117007,0.33972591
0.84442073,-2.7535986,0.90486324,-0.37571191,5.9411786,-0.0357441,0.032880909,9.7772755,5.5885765,0.11250794,10.903724,-2.908222,0.34999977
0.84472965,-2.8004009,1.1617309,-0.38136881,5.7176245,-0.4953224,0.047046645,10.090179,5.6369018,0.14783777,10.759007,-2.4643341,0.36354184
0.84503857,-2.8534508,1.410902,-0.38932715,5.4642461,-0.9473175,0.060678868,10.378082,5.6821262,0.17535511,10.599249,-1.9850593,0.37733763
0.8453475,-2.9084847,1.656495,-0.39863146,5.1976117,-1.3944067,0.071316456,10.640849,5.719967,0.19501099,10.42261,-1.4719123,0.38878381
0.84565642,-2.9655631,1.9043453,-0.41090066,4.9323805,-1.8307758,0.078739746,10.879809,5.7463635,0.20752669,10.2398,-0.92920583,0.39352922
0.84596535,-3.0258089,2.1504576,-0.42408111,4.6808592,-2.2513006,0.082367673,11.092545,5.7586218,0.213226,10.05795,-0.36731751,0.39606759
0.84627427,-3.0813839,2.3847789,-0.43711512,4.4511177,-2.6460194,0.084687486,11.281505,5.754597,0.21283545,9.8878059,0.2000555,0.39016844
0.8465832,-3.1293142,2.6067455,-0.45180357,4.2464062,-3.0079074,0.079488739,11.446698,5.7351451,0.20751622,9.7422394,0.76567707,0.3740676
0.84689213,-3.1754401,2.8200545,-0.4673322,4.0732295,-3.3364826,0.073342613,11.588287,5.6966082,0.19810427,9.6345372,1.3216324,0.3431705
0.84720105,-3.2215337,3.0237908,-0.48240525,3.9241782,-3.6303251,0.069956685,11.708707,5.6431691,0.18597987,9.5712043,1.8506323,0.30590856
0.84750998,-3.2693272,3.2152589,-0.49742669,3.7853136,-3.8876515,0.067842465,11.805745,5.5679506,0.17121887,9.5443641,2.3414041,0.25945561
0.8478189,-3.316914,3.3894073,-0.51146158,3.653292,-4.1014745,0.067494537,11.880889,5.465034,0.15394879,9.5576601,2.7888383,0.20591438
0.84812782,-3.3583277,3.5450124,-0.52361077,3.5288204,-4.2784776,0.068829646,11.933615,5.3293484,0.13539319,9.600621,3.186838,0.14685435
0.84843674,-3.3949007,3.6814437,-0.53283745,3.4108663,-4.417968,0.071911307,11.963519,5.1534802,0.11578254,9.6673407,3.5320247,0.08816196
0.84874565,-3.4273282,3.7963022,-0.53872792,3.2946262,-4.5210259,0.077011301,11.971496,4.9337774,0.096087764,9.7595516,3.8241115,0.032111274
0.84905456,-3.4535528,3.887629,-0.54127291,3.1808557,-4.5889528,0.084962544,11.952849,4.6797649,0.078760013,9.8807173,4.0654469,-0.016969341
0.84936347,-3.4720114,3.9561511,-0.54064188,3.0692917,-4.6213892,0.093722656,11.915596,4.3959463,0.062119476,10.042319,4.2601255,-0.055861229
0.84967237,-3.4809325,4.0069495,-0.53673155,2.9595443,-4.6193825,0.10389537,11.854933,4.0817599,0.047875416,10.24969,4.4155209,-0.083702428
0.84998127,-3.4789444,4.0496009,-0.52963571,2.8503145,-4.5838221,0.11489449,11.770098,3.7377812,0.036453689,10.487328,4.5394558,-0.099264528
0.85029016,-3.466978,4.0834451,-0.51946444,2.7424624,-4.5102725,0.12611399,11.656962,3.3554722,0.028817318,10.743269,4.6392739,-0.10288782
0.85059904,-3.4456948,4.1015868,-0.50620428,2.6555364,-4.4017901,0.13780856,11.522285,2.9447631,0.02967676,11.008727,4.7230761,-0.095049239
0.85090792,-3.4160389,4.1034856,-0.49068673,2.5841203,-4.2607501,0.14873738,11.365106,2.5037002,0.034637924,11.275912,4.7975451,-0.076914279
0.85121678,-3.3776577,4.0883676,-0.47337576,2.5216751,-4.0878666,0.15880764,11.182022,2.0326969,0.045647954,11.538796,4.8668334,-0.051630006
0.85152564,-3.3292372,4.0546716,-0.45451989,2.4590382,-3.8839105,0.16783446,10.973671,1.5325139,0.059159145,11.793904,4.9347377,-0.021762608
0.8518345,-3.2719069,4.0018157,-0.43402799,2.4035076,-3.6556406,0.17542192,10.739081,1.0008583,0.087078371,12.038277,5.003914,0.010454516
0.85214334,-3.2057634,3.9292294,-0.41272872,2.3491625,-3.3988015,0.18548749,10.476321,0.45246044,0.1121476,12.270423,5.0756955,0.042845989
0.85245217,-3.1321028,3.8368293,-0.39178401,2.2964118,-3.1165043,0.19408006,10.194252,-0.11482057,0.13879184,12.488273,5.1491788,0.073529959
0.85276099,-3.0512904,3.7274706,-0.37129628,2.2434972,-2.8049002,0.20039573,9.9016171,-0.69385697,0.16372079,12.690698,5.2228654,0.10123431
0.85306981,-2.9635105,3.6030206,-0.35195707,2.1852908,-2.4573508,0.20459315,9.6036371,-1.2774695,0.18260482,12.878343,5.2933965,0.12515171
0.85337861,-2.8723484,3.4639196,-0.3345126,2.1263628,-2.08598,0.20512188,9.3117734,-1.8494867,0.1948701,13.051872,5.357012,0.14477029
0.8536874,-2.7790127,3.311278,-0.31940602,2.0702028,-1.6808222,0.21126176,9.0467649,-2.4050451,0.19823309,13.211236,5.4114006,0.15989553
0.85399617,-2.6823188,3.1457313,-0.30654086,2.0179157,-1.2434699,0.21501205,8.8170571,-2.9258982,0.19318398,13.357108,5.4526712,0.17052949
0.85430494,-2.5832918,2.9654587,-0.29567993,1.974956,-0.77881491,0.20505089,8.6316493,-3.3982581,0.17881317,13.489839,5.4759722,0.17667844
0.85461369,-2.4832624,2.770556,-0.28627428,1.9259954,-0.29437394,0.18819569,8.4689973,-3.8036121,0.16055571,13.610238,5.4726102,0.17860628
0.85492242,-2.3819035,2.5639848,-0.27941287,1.8650407,0.2057329,0.16461244,8.3212539,-4.1396024,0.13564574,13.718208,5.4513552,0.17636611
0.85523114,-2.2781369,2.3445218,-0.27593255,1.8062647,0.71912368,0.13373222,8.1880362,-4.412754,0.10912382,13.812829,5.4006155,0.17077233
0.85553985,-2.1692063,2.116245,-0.27414803,1.7520874,1.2433119,0.098528468,8.0782009,-4.6295142,0.088051469,13.891678,5.316945,0.16182758
0.85584855,-2.0591222,1.8820338,-0.27427334,1.7040846,1.7698087,0.045249092,7.9912769,-4.7979402,0.072084929,13.954777,5.2024414,0.14986204
0.85615723,-1.9546826,1.6415473,-0.27637775,1.670167,2.2742198,-0.013487182,7.9216419,-4.9256779,0.061073162,14.00035,5.0477753,0.13567924
0.8564659,-1.8527589,1.3878572,-0.28052681,1.6513346,2.7605991,-0.072897268,7.8723223,-5.0186903,0.054749902,14.02573,4.8502019,0.11996832
0.85677456,-1.7503334,1.1233603,-0.28590896,1.6458006,3.2253762,-0.13250114,7.855074,-5.0827752,0.053885741,14.027765,4.6107534,0.10377479
0.8570832,-1.6466465,0.85506659,-0.29342043,1.6541635,3.6650951,-0.18837679,7.8629003,-5.1190637,0.057387511,14.004191,4.3276026,0.090062643
0.85739183,-1.5437347,0.5895584,-0.30277569,1.6777865,4.0734308,-0.24324742,7.8886861,-5.1311539,0.063217239,13.954769,3.9997631,0.079497864
0.85770044,-1.4423849,0.32040826,-0.31103842,1.7440966,4.4392373,-0.29174601,7.9241303,-5.1230706,0.071415422,13.876118,3.6248569,0.071925451
0.85800904,-1.3442905,0.045395946,-0.31524031,1.8381653,4.7678229,-0.33042113,7.966097,-5.0946148,0.080873404,13.765962,3.2038694,0.068587445
0.85831763,-1.2420246,-0.22275169,-0.32229618,1.9540358,5.0546391,-0.35679509,8.0118671,-5.0450492,0.091192453,13.620872,2.7393923,0.071992857
0.85862621,-1.1365132,-0.48110961,-0.33065629,2.0897243,5.2995084,-0.37178973,8.05535,-4.97228,0.10167839,13.445721,2.2291224,0.080485705
0.85893478,-1.0395443,-0.73385976,-0.34117819,2.2475371,5.5027905,-0.3725802,8.0936456,-4.8772842,0.11148396,13.238363,1.6788054,0.092217211
0.85924334,-0.95455142,-0.97863805,-0.34994872,2.4300162,5.6668367,-0.36443619,8.1217565,-4.7602589,0.1209779,13.001899,1.0955758,0.10761186
0.85955189,-0.88427311,-1.217113,-0.359438,2.6315017,5.7964039,-0.34873729,8.137616,-4.619614,0.12984744,12.73893,0.4844009,0.12640308
0.85986043,-0.82386124,-1.4456839,-0.3689618,2.8501586,5.8943761,-0.32543812,8.143239,-4.454273,0.13894271,12.455956,-0.14116348,0.14238054
0.86016895,-0.7761633,-1.6658102,-0.37754271,3.0859429,5.9690285,-0.29618631,8.1336784,-4.2588067,0.14856314,12.163535,-0.76959262,0.15587961
0.86047747,-0.74478465,-1.8747188,-0.38796784,3.3382227,6.0222421,-0.2644709,8.1071134,-4.0340179,0.157908,11.867149,-1.3866165,0.16474896
0.86078598,-0.72333223,-2.0640082,-0.39985729,3.6020704,6.0577825,-0.2301877,8.0603116,-3.7722038,0.16751795,11.59156,-1.9826972,0.16483294
0.86109449,-0.7169457,-2.2346341,-0.41170424,3.8876415,6.0766591,-0.19377779,7.9921271,-3.4663375,0.17547478,11.351574,-2.5417732,0.15620246
0.86140298,-0.72310769,-2.3865414,-0.423848,4.1943861,6.0823245,-0.1593699,7.9163996,-3.1196399,0.18595092,11.153363,-3.0451271,0.14057801
0.86171147,-0.74264944,-2.5171187,-0.43687071,4.5229244,6.076924,-0.12860962,7.826912,-2.7292402,0.19656915,11.007575,-3.4857385,0.11889434
0.86201995,-0.77496086,-2.6264574,-0.4486991,4.8678528,6.0605179,-0.10098592,7.7172936,-2.3006527,0.20476184,10.905902,-3.863596,0.092564836
0.86232842,-0.8201018,-2.7133011,-0.45870915,5.2191221,6.0351073,-0.077523246,7.5942416,-1.8270963,0.20906549,10.832157,-4.1652022,0.0635254
0.86263689,-0.8769211,-2.7724398,-0.46733727,5.5680242,6.000891,-0.057703029,7.4623006,-1.3075401,0.20460887,10.780566,-4.4004932,0.034678393
0.86294536,-0.94381519,-2.8073849,-0.47428917,5.9024868,5.959466,-0.042571267,7.3275405,-0.76171323,0.20431589,10.747618,-4.5855473,0.0070812842
0.86325382,-1.0181655,-2.8217752,-0.47958325,6.2053228,5.9071179,-0.031696346,7.1838253,-0.19045811,0.19042197,10.733422,-4.7295223,-0.015269668
0.86356228,-1.0984547,-2.8158422,-0.48400588,6.476407,5.8400862,-0.025440091,7.0452717,0.39759965,0.16516535,10.745126,-4.8387957,-0.030685044
0.86387073,-1.1833109,-2.7902269,-0.48717599,6.7138446,5.7558658,-0.022252515,6.9238002,0.99604233,0.1279868,10.782309,-4.9320856,-0.040063179
0.86417918,-1.2725611,-2.7448237,-0.48923095,6.9188235,5.6535749,-0.022430812,6.8190326,1.5847452,0.080516962,10.842657,-5.0039045,-0.04364225
0.86448763,-1.3633011,-2.6800652,-0.49075993,7.0931281,5.5293488,-0.025832239,6.7420623,2.151408,0.01789431,10.914133,-5.0543393,-0.042501912
0.86479608,-1.4554484,-2.5966968,-0.49245095,7.2358529,5.380612,-0.030646363,6.7080364,2.675557,-0.045981175,10.990021,-5.0846176,-0.037082661
0.86510453,-1.5404929,-2.4944004,-0.49340341,7.3471951,5.2069048,-0.037204882,6.7176437,3.1536803,-0.11375825,11.069741,-5.1003081,-0.028031257
0.86541297,-1.622356,-2.3733263,-0.49426938,7.4238478,5.0053755,-0.045305492,6.7714195,3.5812535,-0.18276438,11.149728,-5.1011444,-0.01692433
0.86572142,-1.7006092,-2.2341215,-0.49405706,7.4728172,4.7789883,-0.05570798,6.8598774,3.9614524,-0.24431462,11.225031,-5.0882601,-0.0045112737
0.86602986,-1.7758893,-2.0770022,-0.49245936,7.4962374,4.5232834,-0.06765834,6.9851349,4.2832836,-0.29444011,11.29178,-5.0606285,0.0081207072
0.86633831,-1.8490589,-1.9024866,-0.489448,7.4917518,4.2381234,-0.078771521,7.1388175,4.5512228,-0.33000893,11.347824,-5.017303,0.020829631
0.86664676,-1.920668,-1.7138159,-0.48645152,7.4590628,3.92668,-0.090882194,7.3175805,4.7677451,-0.35287686,11.39014,-4.9564553,0.032784912
0.86695521,-1.9884121,-1.5105789,-0.48277002,7.3949645,3.5894527,-0.10400325,7.5202526,4.9390629,-0.36100737,11.41728,-4.8748747,0.043546864
0.86726366,-2.0546707,-1.2918615,-0.47857854,7.3217763,3.2380258,-0.11778974,7.7457249,5.0710838,-0.35598042,11.428407,-4.7695798,0.052874687
0.86757211,-2.1221257,-1.060321,-0.47465708,7.2377071,2.8716774,-0.13092923,7.9871572,5.1722591,-0.34076107,11.422229,-4.6371025,0.060930716
0.86788057,-2.1813165,-0.82050633,-0.47129616,7.1321615,2.4865804,-0.14173991,8.2427594,5.2512367,-0.31692979,11.39697,-4.4719707,0.068030578
0.86818903,-2.2382406,-0.5710796,-0.46669518,7.0074311,2.0838358,-0.15205369,8.5142191,5.3145077,-0.28314742,11.35053,-4.2694707,0.074819795
0.86849749,-2.3015812,-0.31104606,-0.46458039,6.8656815,1.6602416,-0.16098867,8.8135473,5.3666161,-0.24147573,11.286308,-4.0297865,0.082189213
0.86880595,-2.3641674,-0.040672485,-0.46455502,6.6996808,1.2353812,-0.16617756,9.1394629,5.4128794,-0.19676038,11.20021,-3.7456161,0.089740518
0.86911442,-2.4240979,0.22269567,-0.46694053,6.5095889,0.79914837,-0.16957515,9.473116,5.4572064,-0.15172623,11.092444,-3.4141018,0.098435183
0.86942289,-2.480676,0.49214182,-0.47214824,6.2984319,0.34856067,-0.17071372,9.7923307,5.5018438,-0.10956624,10.962057,-3.034201,0.1069626
0.86973136,-2.5347776,0.76785534,-0.47374452,6.0719758,-0.11506398,-0.17152853,10.092457,5.546494,-0.071962463,10.81372,-2.6086891,0.1147361
0.87003984,-2.5809745,1.0400575,-0.47787906,5.838162,-0.58813216,-0.17115429,10.371365,5.5902389,-0.040242677,10.644915,-2.1411416,0.12197467
0.87034831,-2.6346828,1.2992705,-0.48836879,5.5732892,-1.0542456,-0.16984138,10.629051,5.6317167,-0.015127858,10.463549,-1.6339761,0.12671432
0.87065679,-2.690339,1.5553138,-0.50005128,5.3015815,-1.5161373,-0.16883653,10.864635,5.6667882,0.0039285004,10.278266,-1.0911525,0.12682328
0.87096527,-2.7485294,1.8094031,-0.51398448,5.0358151,-1.9665523,-0.16855903,11.079328,5.6912385,0.017254932,10.098107,-0.51553898,0.11834117
0.87127375,-2.8067389,2.0673892,-0.52983908,4.7885152,-2.4002832,-0.16890147,11.271229,5.7024952,0.026137919,9.9305338,0.065312446,0.11002755
0.87158223,-2.8640169,2.3174621,-0.54599283,4.5684629,-2.8088955,-0.17101293,11.440528,5.700312,0.030786561,9.7930911,0.64897453,0.090983206
0.8718907,-2.9147764,2.5529734,-0.56213932,4.3746801,-3.1837022,-0.17123832,11.587727,5.6832106,0.03223222,9.6953111,1.223334,0.063819288
0.87219918,-2.9575132,2.7770209,-0.57883613,4.212554,-3.5241729,-0.17041345,11.712625,5.6492124,0.031478852,9.6431731,1.7772913,0.026210062
0.87250766,-3.0019047,2.9923836,-0.5951164,4.068762,-3.8291181,-0.16809485,11.817452,5.5991464,0.029135493,9.6238867,2.2914087,-0.012713196
0.87281614,-3.0465292,3.1960432,-0.61127972,3.9329965,-4.0912265,-0.16483737,11.899915,5.5324889,0.025663783,9.6398303,2.7591881,-0.055833521
0.87312462,-3.0926621,3.3849768,-0.62529624,3.8034333,-4.3109375,-0.15948561,11.962356,5.4380951,0.020937721,9.6858059,3.1743166,-0.099006426
0.8734331,-3.1346593,3.5560291,-0.63711207,3.684311,-4.4906143,-0.15383036,12.003419,5.3099333,0.015365219,9.7580342,3.5328718,-0.14081033
0.87374157,-3.1699553,3.7072479,-0.64576903,3.5678552,-4.6310726,-0.14683371,12.02258,5.1413072,0.0092182167,9.8650369,3.8331916,-0.17954553
0.87405004,-3.2008494,3.839516,-0.6503875,3.4540333,-4.7309437,-0.1376299,12.020365,4.924878,0.002618042,10.008709,4.0786959,-0.2108293
0.87435851,-3.2265299,3.9493654,-0.65106236,3.3432067,-4.7928965,-0.12569868,11.99139,4.669442,-0.0033297789,10.188002,4.2757384,-0.23062893
0.87466697,-3.2443839,4.035688,-0.64716114,3.2367527,-4.8204111,-0.11243143,11.944697,4.3824703,-0.0093205971,10.398577,4.4290759,-0.24126482
0.87497543,-3.2524814,4.0991529,-0.63862058,3.1341734,-4.8137531,-0.09803062,11.874737,4.0628334,-0.015210289,10.628022,4.5451293,-0.24408171
0.87528388,-3.2488901,4.1445909,-0.62375025,3.0328344,-4.7750026,-0.0818088,11.779996,3.7114428,-0.020609599,10.868627,4.6318089,-0.24029758
0.87559233,-3.2342686,4.1814209,-0.60525635,2.9424854,-4.6999536,-0.064678451,11.655431,3.3200751,-0.025076175,11.114187,4.7003784,-0.23141139
0.87590077,-3.2096762,4.2085276,-0.58352206,2.8704738,-4.5896368,-0.04693067,11.51271,2.8980917,-0.02711465,11.357687,4.7598979,-0.21621972
0.8762092,-3.1754061,4.2186017,-0.55904575,2.8128572,-4.4473964,-0.027960548,11.345532,2.4438441,-0.028341524,11.596193,4.8155789,-0.19393112
0.87651763,-3.1322177,4.2120641,-0.53247749,2.7644632,-4.2753059,-0.0099002369,11.152716,1.9574691,-0.027897759,11.827397,4.8714267,-0.16579584
0.87682604,-3.0793707,4.1870909,-0.50444804,2.7177647,-4.0742529,0.007640927,10.934344,1.4393799,-0.025611691,12.049057,4.929453,-0.13347099
0.87713445,-3.0171497,4.1437317,-0.47580302,2.6654441,-3.8446599,0.023665207,10.687656,0.88947761,-0.018703334,12.259645,4.9915156,-0.10036109
0.87744285,-2.9467604,4.0810105,-0.4462884,2.6179185,-3.5909538,0.037834172,10.415926,0.3194773,-0.0128638,12.458411,5.0578761,-0.068959191
0.87775123,-2.8693548,3.9956165,-0.41600027,2.5706736,-3.3124399,0.052531721,10.129422,-0.26965593,-0.0067541882,12.644807,5.126732,-0.040494883
0.87805961,-2.7859765,3.8917845,-0.38523893,2.5226944,-3.0069206,0.063506346,9.8291185,-0.8700829,-0.0016285748,12.818425,5.1956709,-0.015297556
0.87836797,-2.6960921,3.7719278,-0.35559076,2.4681867,-2.6732318,0.072359171,9.5339229,-1.4718116,0.000777763,12.979276,5.2614783,0.006070267
0.87867633,-2.6013784,3.6366677,-0.32735497,2.4060198,-2.3032859,0.077214157,9.2530065,-2.0638237,0.00098710249,13.128803,5.3214518,0.02373413
0.87898467,-2.5049125,3.486808,-0.30203902,2.3435565,-1.9104257,0.078541521,9.001508,-2.6285824,-0.0024746676,13.266797,5.3744542,0.03818808
0.879293,-2.4065162,3.3238384,-0.27952189,2.2827141,-1.4863115,0.085006476,8.7963906,-3.1495,-0.010352778,13.393457,5.4136636,0.049785544
0.87960131,-2.306772,3.1474166,-0.25958245,2.2262502,-1.0334952,0.078385554,8.6307892,-3.6143613,-0.020454997,13.508776,5.4342908,0.058804864
0.87990962,-2.2061852,2.9560832,-0.24284198,2.1680717,-0.556231,0.066085989,8.4791088,-4.000105,-0.034521099,13.613421,5.4332807,0.065725144
0.88021791,-2.1066111,2.7509959,-0.23008253,2.1019258,-0.060722551,0.046486293,8.3436717,-4.3172916,-0.047645639,13.707224,5.4186349,0.070711549
0.88052618,-2.0058822,2.5324152,-0.22051114,2.0322192,0.44976083,0.016777535,8.2237814,-4.5709193,-0.058422459,13.789186,5.3813942,0.074068171
0.88083444,-1.904981,2.3023269,-0.21574407,1.9650909,0.97243579,-0.017561955,8.1314923,-4.7699261,-0.065112205,13.856628,5.3128258,0.076054033
0.88114269,-1.7947264,2.0642757,-0.2127447,1.9021331,1.5014788,-0.059495794,8.0593758,-4.9234376,-0.067203647,13.908872,5.2124478,0.076178392
0.88145092,-1.6876006,1.8207634,-0.21029787,1.8512881,2.0205158,-0.099091349,8.0058929,-5.0387151,-0.064265316,13.944264,5.0660712,0.074311877
0.88175914,-1.5877183,1.5659858,-0.21145533,1.8134579,2.5183756,-0.14831166,7.9799755,-5.1244491,-0.056838743,13.959733,4.8660007,0.071145145
0.88206734,-1.4880165,1.3002564,-0.21375506,1.7907277,2.9974628,-0.19925105,7.9829485,-5.1816378,-0.045480325,13.952016,4.6204823,0.066868978
0.88237553,-1.3880214,1.025794,-0.22234269,1.7831729,3.4517695,-0.24689543,8.0064275,-5.2117583,-0.031128063,13.919191,4.3283899,0.062161373
0.88268371,-1.2879932,0.7520597,-0.23597678,1.7892836,3.8770267,-0.29239989,8.0430399,-5.2169385,-0.01461729,13.860015,3.9877399,0.058486043
0.88299187,-1.1929986,0.47936724,-0.24983596,1.8306112,4.262084,-0.33103163,8.0886222,-5.2043771,0.0025773024,13.771395,3.5984328,0.054998624
0.88330002,-1.1007642,0.2017863,-0.26217728,1.908531,4.6081632,-0.36741613,8.1393247,-5.1715606,0.019908046,13.651292,3.1609163,0.052552259
0.88360816,-1.0061609,-0.08155849,-0.27048547,2.012836,4.9147147,-0.39292355,8.1896719,-5.1184364,0.036486029,13.497535,2.6783782,0.051010449
0.88391628,-0.90689377,-0.3532613,-0.28706589,2.1382905,5.1799758,-0.40394546,8.2365816,-5.0445212,0.052436596,13.31334,2.1491895,0.051022674
0.8842244,-0.81169487,-0.61738995,-0.30904564,2.2820662,5.4039495,-0.40281008,8.2783562,-4.9502257,0.066909662,13.098307,1.5797506,0.051199971
0.8845325,-0.73174256,-0.87398101,-0.32972297,2.4545307,5.5853207,-0.39246406,8.310082,-4.8369767,0.079867372,12.855622,0.97737978,0.051969088
0.88484059,-0.66521309,-1.1213437,-0.34641209,2.6514199,5.7321995,-0.37638834,8.3297774,-4.7013922,0.091433593,12.589949,0.34915403,0.052857744
0.88514867,-0.60757003,-1.3629988,-0.36519346,2.8694152,5.8470075,-0.35271961,8.3342027,-4.5417188,0.10120124,12.309978,-0.2919574,0.051412714
0.88545675,-0.56074178,-1.5929457,-0.38442012,3.1058746,5.9333188,-0.32105103,8.3252324,-4.3559082,0.11116681,12.020117,-0.9331796,0.047617253
0.88576481,-0.52767932,-1.8140816,-0.40254883,3.3583439,5.9995555,-0.28291559,8.3011907,-4.1413437,0.120141,11.738971,-1.5593319,0.040874246
0.88607286,-0.5086736,-2.0192035,-0.42365414,3.626257,6.0481144,-0.24065876,8.2577782,-3.8918442,0.12909741,11.487557,-2.1558921,0.029196202
0.88638091,-0.50024518,-2.204328,-0.4477485,3.9100915,6.079462,-0.19473131,8.192749,-3.6011189,0.13756607,11.275383,-2.7150232,0.014031031
0.88668895,-0.50597887,-2.3701842,-0.47051211,4.2176015,6.0937541,-0.14892229,8.108035,-3.2674304,0.14400106,11.108209,-3.2143139,-0.0041385039
0.88699698,-0.52552693,-2.516243,-0.49229124,4.5463319,6.0961057,-0.10418338,8.0153161,-2.8928526,0.15258737,10.989969,-3.6473384,-0.023034723
0.88730501,-0.5583513,-2.6417,-0.51317714,4.894818,6.0871271,-0.061959057,7.9030408,-2.4822128,0.15786813,10.912737,-4.0153623,-0.041674955
0.88761303,-0.60490806,-2.7445838,-0.53250568,5.2531438,6.0678821,-0.023021774,7.7794621,-2.0295874,0.160629,10.856329,-4.3110316,-0.059204749
0.88792104,-0.66395104,-2.8243948,-0.55021914,5.6123069,6.0401601,0.010734349,7.6482806,-1.5316938,0.15735578,10.821956,-4.5341679,-0.074250583
0.88822905,-0.73476219,-2.8793367,-0.56391508,5.9577789,6.0025219,0.038951032,7.5085493,-1.0016421,0.14863469,10.802641,-4.708379,-0.084990338
0.88853706,-0.8142045,-2.9087788,-0.57547899,6.2691796,5.9568152,0.060169461,7.3647628,-0.44230076,0.14106173,10.805946,-4.8413891,-0.090305704
0.88884506,-0.90063121,-2.916841,-0.58408341,6.549585,5.8991078,0.073640535,7.2146093,0.13426532,0.11970658,10.833466,-4.9397571,-0.090848579
0.88915306,-0.99148843,-2.9048704,-0.5906738,6.7973586,5.8252765,0.080009428,7.0738458,0.72373035,0.090615931,10.885181,-5.0228316,-0.08702198
0.88946106,-1.0858064,-2.8725845,-0.59513727,7.011696,5.7337939,0.081638132,6.9569915,1.314739,0.052095994,10.953777,-5.082994,-0.079343085
0.88976906,-1.1807229,-2.820371,-0.59680816,7.1938752,5.6219907,0.078527111,6.855096,1.8928523,0.0083458851,11.029104,-5.1230595,-0.068508802
0.89007706,-1.2745603,-2.7485645,-0.59622416,7.3447736,5.487437,0.071140872,6.7868381,2.4315304,-0.04019966,11.10914,-5.1447196,-0.055513623
0.89038505,-1.3673511,-2.6579925,-0.59336962,7.4643837,5.3275509,0.062040223,6.7548823,2.929703,-0.091141555,11.191629,-5.1538747,-0.041015159
0.89069305,-1.4585438,-2.5483624,-0.59159523,7.5511437,5.139286,0.0506843,6.7682792,3.378976,-0.14465002,11.27304,-5.1507011,-0.025816111
0.89100105,-1.5401514,-2.4198364,-0.58754158,7.6054361,4.9229718,0.036571025,6.8254788,3.7814921,-0.19405818,11.347521,-5.1357453,-0.01060121
0.89130905,-1.6174761,-2.2727239,-0.58099929,7.633671,4.6797264,0.020273565,6.9218158,4.1288457,-0.23458692,11.412417,-5.1085603,0.0038906214
0.89161704,-1.6913778,-2.1078479,-0.57290939,7.636699,4.4094247,0.0033725831,7.0499597,4.4207144,-0.2641882,11.46576,-5.0682668,0.017127688
0.89192505,-1.7629527,-1.9256958,-0.56301647,7.612938,4.1084366,-0.012828747,7.2063839,4.6589889,-0.28313105,11.505492,-5.0129672,0.029064911
0.89223305,-1.8326422,-1.7290948,-0.55343226,7.5604387,3.7801932,-0.030572798,7.3887998,4.8483145,-0.29255392,11.530098,-4.9396291,0.039357016
0.89254106,-1.900414,-1.5174047,-0.54416179,7.4807042,3.4290719,-0.050555294,7.5950377,4.9961982,-0.29034327,11.539659,-4.8443664,0.048225898
0.89284906,-1.9669031,-1.2902879,-0.5345199,7.3967824,3.0649201,-0.069987249,7.8226351,5.1100449,-0.2778225,11.532037,-4.7237545,0.055479014
0.89315708,-2.0310243,-1.051549,-0.52711862,7.2969292,2.6843177,-0.086908756,8.0682066,5.1975197,-0.25448865,11.505783,-4.5730119,0.061430743
0.89346509,-2.0860484,-0.80316085,-0.51833147,7.1751672,2.2863842,-0.10273583,8.3328124,5.2667199,-0.21990607,11.460985,-4.3886921,0.066381292
0.89377312,-2.1437803,-0.54515926,-0.51050475,7.0372125,1.8696486,-0.11705447,8.6202085,5.3241296,-0.17698605,11.396399,-4.1658703,0.070742374
0.89408114,-2.2076594,-0.27384909,-0.50373867,6.8805805,1.4372338,-0.13440666,8.9389214,5.3730484,-0.12944439,11.312767,-3.9009686,0.075385849
0.89438917,-2.2703581,-0.00070606664,-0.50720502,6.6997499,1.0046057,-0.14625636,9.282337,5.4182005,-0.081459816,11.207925,-3.5887132,0.079980759
0.89469721,-2.3309058,0.26871941,-0.51165943,6.4968297,0.5585131,-0.15491157,9.6144426,5.4640692,-0.036604937,11.082573,-3.2292832,0.084577215
0.89500524,-2.3883797,0.54578761,-0.5156939,6.2715149,0.10232064,-0.16291954,9.9299216,5.5114996,0.0038788549,10.934839,-2.8188975,0.087775341
0.89531328,-2.4430439,0.8259836,-0.51450519,6.037903,-0.36727866,-0.16851163,10.226362,5.5584008,0.03685253,10.77338,-2.368607,0.091305113
0.89562133,-2.4923359,1.1035371,-0.52071559,5.7919037,-0.83939151,-0.17502971,10.500495,5.6048503,0.06150559,10.593864,-1.8814209,0.092441321
0.89592938,-2.548493,1.3691426,-0.53574245,5.5203923,-1.3051316,-0.17928301,10.751142,5.6479826,0.079608237,10.40572,-1.3569304,0.090895766
0.89623743,-2.6056906,1.6322155,-0.55198554,5.2464488,-1.7624426,-0.18224533,10.977719,5.6829754,0.091550877,10.220685,-0.79926928,0.085125519
0.89654548,-2.6651552,1.8923389,-0.57018066,4.9830586,-2.2042821,-0.18590851,11.18265,5.7055043,0.0979038,10.038192,-0.22766171,0.076777938
0.89685353,-2.7229468,2.1536529,-0.58942348,4.7454905,-2.6279818,-0.18695716,11.36339,5.7141652,0.10020116,9.8777873,0.35030447,0.062346826
0.89716159,-2.7786054,2.4042169,-0.60772949,4.5296953,-3.0227994,-0.18563469,11.520842,5.7081376,0.098914053,9.7485694,0.9257999,0.042147733
0.89746964,-2.8275774,2.6425438,-0.62801112,4.3423749,-3.3834625,-0.1798317,11.655371,5.6870418,0.095906781,9.6617237,1.4864936,0.016215875
0.8977777,-2.871458,2.868382,-0.64986437,4.1815596,-3.7103971,-0.17110218,11.767476,5.6488476,0.091467033,9.615684,2.0144472,-0.014017411
0.89808575,-2.9164279,3.0841071,-0.67053268,4.0289688,-3.9960423,-0.160623,11.859612,5.5970796,0.086687695,9.6068108,2.5018172,-0.046535913
0.89839381,-2.9619142,3.289174,-0.68781821,3.8883979,-4.2412648,-0.14742151,11.928975,5.5209146,0.081234138,9.631555,2.941684,-0.079772809
0.89870187,-3.0090156,3.4786405,-0.70022917,3.7558364,-4.4452118,-0.13204082,11.979019,5.4148827,0.075424745,9.6788653,3.3274087,-0.11226275
0.89900992,-3.0497967,3.6500893,-0.70736854,3.6413653,-4.610345,-0.11613089,12.007725,5.269367,0.069868612,9.7505837,3.6562976,-0.14224658
0.89931797,-3.0831053,3.8022185,-0.71144963,3.5323138,-4.7361898,-0.097374236,12.014458,5.08018,0.064048339,9.8509175,3.9302504,-0.16665195
0.89962602,-3.1092625,3.935282,-0.7099894,3.4249038,-4.8214228,-0.075106859,11.999419,4.8454307,0.059634951,9.9835177,4.1531445,-0.1823457
0.89993406,-3.1270299,4.0456833,-0.70260295,3.3216409,-4.8706743,-0.049572395,11.961869,4.575108,0.055842964,10.156958,4.3274736,-0.19052984
0.90024211,-3.1336562,4.1326256,-0.68879701,3.2223455,-4.8864751,-0.022423027,11.904339,4.271466,0.052831602,10.368904,4.4600627,-0.19155832
0.90055014,-3.1282931,4.1976737,-0.66802199,3.1271892,-4.869445,0.0079118371,11.823083,3.9345338,0.050236211,10.600244,4.5586191,-0.18708613
0.90085817,-3.1094921,4.2428154,-0.64003235,3.0405281,-4.8206708,0.040467375,11.717898,3.5686977,0.047770429,10.844689,4.631537,-0.17815718
0.9011662,-3.0787034,4.2757959,-0.60743708,2.9723726,-4.7383641,0.074826605,11.58106,3.1611102,0.048031311,11.09419,4.6922088,-0.16353927
0.90147421,-3.036468,4.2996029,-0.57044986,2.9187739,-4.6216374,0.11064811,11.431067,2.7260646,0.048213186,11.342483,4.7482322,-0.14224099
0.90178222,-2.9848483,4.3053055,-0.52949809,2.8769619,-4.4734661,0.14680037,11.255501,2.2586794,0.050321196,11.586139,4.8037081,-0.11588913
0.90209022,-2.9233276,4.2931826,-0.48616404,2.8415676,-4.2952044,0.18192798,11.054884,1.7605695,0.054737487,11.82175,4.8616372,-0.086154387
0.90239822,-2.8526101,4.2628215,-0.44156765,2.8046593,-4.0877593,0.21472801,10.828987,1.2323105,0.062367123,12.047552,4.9240239,-0.056118121
0.9027062,-2.7732301,4.2135543,-0.39567394,2.7620535,-3.8517432,0.24350864,10.575551,0.67880399,0.069390975,12.262289,4.9913458,-0.027429443
0.90301417,-2.6866597,4.1463212,-0.34936274,2.7174464,-3.5911571,0.27120993,10.299134,0.10412286,0.07970978,12.463877,5.0629717,-0.0012903446
0.90332214,-2.5937581,4.0564359,-0.30300438,2.6754763,-3.3088114,0.29689284,10.010117,-0.48590495,0.090229893,12.651774,5.1365755,0.021735493
0.90363009,-2.4956088,3.9452791,-0.25784885,2.6307482,-2.9971402,0.31777476,9.708829,-1.0816808,0.09887697,12.825993,5.2092945,0.041727421
0.90393803,-2.3936378,3.818279,-0.2137012,2.5770563,-2.6583874,0.3332316,9.4117581,-1.6735883,0.10590091,12.986972,5.2770613,0.058982357
0.90424596,-2.2883369,3.6756391,-0.17422162,2.5143653,-2.2869965,0.34098729,9.1351729,-2.2526323,0.10978774,13.135148,5.3381934,0.073745183
0.90455387,-2.1839834,3.5181296,-0.13960725,2.4499981,-1.8853944,0.34989793,8.8882364,-2.7989006,0.10794545,13.27073,5.3913148,0.086848596
0.90486178,-2.0769916,3.3471056,-0.11054866,2.3864308,-1.4607941,0.35633026,8.6855179,-3.2974743,0.10081897,13.394479,5.4277692,0.098448335
0.90516967,-1.9718518,3.1622449,-0.086096167,2.3268762,-1.0072363,0.34818368,8.5229383,-3.7348682,0.091450146,13.505916,5.4412102,0.10875961
0.90547755,-1.8682058,2.9631802,-0.066840724,2.2601722,-0.53070849,0.33069792,8.3737479,-4.0945981,0.077448339,13.606627,5.4364804,0.11795102
0.90578542,-1.7667853,2.7498126,-0.053016138,2.1850692,-0.035301111,0.29920403,8.2414233,-4.3892284,0.063334991,13.695727,5.4167782,0.12642609
0.90609327,-1.6666652,2.5224084,-0.043425128,2.1128147,0.47614659,0.25895361,8.1270934,-4.6276317,0.052382682,13.772053,5.3683329,0.1342657
0.90640111,-1.5668248,2.2847544,-0.038837097,2.0383913,0.99699205,0.20945998,8.0427964,-4.8225406,0.046617793,13.832329,5.2879322,0.14062422
0.90670893,-1.4588001,2.0391238,-0.035483101,1.9690518,1.5244786,0.14675452,7.9778916,-4.9815716,0.046824784,13.877436,5.1709546,0.14528066
0.90701674,-1.355196,1.7856114,-0.037548518,1.9131348,2.0390436,0.079674098,7.9312162,-5.104368,0.053862584,13.90488,5.0043902,0.14841626
0.90732453,-1.2585572,1.5217864,-0.042511239,1.8708138,2.5347408,-0.0017378779,7.9138194,-5.1919657,0.067590829,13.911984,4.7869933,0.14992951
0.90763232,-1.1623292,1.2481622,-0.053045517,1.8435865,3.0116903,-0.081979005,7.9227142,-5.2479694,0.085759987,13.895256,4.5245424,0.15075113
0.90794008,-1.0687797,0.96769761,-0.072696499,1.8332488,3.4634288,-0.15886228,7.9506997,-5.2744254,0.10758937,13.854134,4.2156102,0.15142385
0.90824784,-0.97692827,0.69022569,-0.095310013,1.8384677,3.8867457,-0.22951045,7.9932281,-5.2748964,0.1326441,13.786425,3.8594129,0.1519215
0.90855558,-0.8858228,0.41094035,-0.11747255,1.8899362,4.2676253,-0.29426291,8.0458151,-5.2534502,0.15882728,13.689688,3.4555235,0.15257106
0.90886331,-0.80263647,0.12984509,-0.13457703,1.9746184,4.6090866,-0.3457328,8.1020225,-5.2115759,0.1846528,13.561997,3.005913,0.15345452
0.90917103,-0.72072352,-0.15704519,-0.15223339,2.0863949,4.9129653,-0.38252304,8.1569331,-5.1502725,0.20957428,13.403091,2.5152999,0.15429903
0.90947874,-0.63811058,-0.43169632,-0.17461387,2.2203475,5.1740429,-0.40118274,8.2081783,-5.069009,0.23312295,13.214225,1.9807677,0.15654654
0.90978644,-0.55836501,-0.69914654,-0.20658718,2.3752443,5.3949368,-0.39920443,8.254476,-4.968415,0.25498721,12.996443,1.4111434,0.15880772
0.91009412,-0.4896809,-0.95826144,-0.23632542,2.5618201,5.5768536,-0.38505892,8.2922276,-4.8480147,0.27450879,12.75264,0.81355628,0.16116896
0.9104018,-0.43414292,-1.2082357,-0.26560633,2.7727855,5.7256335,-0.36068167,8.3174018,-4.7064738,0.29154532,12.487458,0.1983872,0.16167239
0.91070947,-0.39115975,-1.4508409,-0.29688412,3.0065077,5.8445772,-0.32393683,8.3257166,-4.5411094,0.30734504,12.209192,-0.42455005,0.16088216
0.91101713,-0.3595328,-1.6808117,-0.32764003,3.2598913,5.9342838,-0.2767137,8.3194629,-4.349753,0.32224051,11.926045,-1.0438952,0.15704803
0.91132479,-0.34191419,-1.8984436,-0.35959087,3.5308263,6.0042456,-0.21979712,8.2952128,-4.1303991,0.33651653,11.646468,-1.6471934,0.14899726
0.91163243,-0.33777768,-2.0988472,-0.39275317,3.8145883,6.0543632,-0.15776267,8.2527059,-3.8748824,0.35031368,11.389862,-2.2194653,0.13570444
0.91194007,-0.34656365,-2.2800074,-0.42806002,4.1132756,6.0864037,-0.090224213,8.1889681,-3.5776344,0.36255573,11.171832,-2.7478927,0.11811858
0.91224771,-0.36847242,-2.4410756,-0.46016753,4.4343688,6.1027812,-0.022615069,8.1044236,-3.2386748,0.37608353,10.9945,-3.2281673,0.097633383
0.91255534,-0.4013455,-2.5821621,-0.48988696,4.7768868,6.1072947,0.042606137,8.0143819,-2.8631102,0.39069221,10.865615,-3.6515201,0.075360359
0.91286297,-0.44471105,-2.7032956,-0.51705451,5.1351894,6.0987622,0.10361343,7.904605,-2.4525445,0.40135316,10.776568,-4.0158272,0.052649313
0.91317059,-0.50208626,-2.801485,-0.54193701,5.4987756,6.0795138,0.15864808,7.7799935,-2.0029911,0.40775362,10.71658,-4.3132866,0.03141181
0.9134782,-0.57358202,-2.8763296,-0.56506473,5.8584838,6.0507668,0.20604562,7.6473207,-1.5125897,0.40577858,10.679519,-4.5537827,0.013595051
0.91378582,-0.65423275,-2.927726,-0.58634951,6.1894601,6.012177,0.24355081,7.5137222,-0.98370342,0.40328131,10.658146,-4.7439304,-0.00038318338
0.91409343,-0.74336702,-2.9525606,-0.60101075,6.4868126,5.9638809,0.2699567,7.3704574,-0.43840201,0.39824524,10.659648,-4.8844768,-0.0083829561
0.91440105,-0.83806746,-2.955511,-0.61194549,6.7518905,5.9021624,0.28579834,7.2230505,0.12597918,0.37557638,10.689229,-4.9916275,-0.0099795676
0.91470866,-0.93568369,-2.9382528,-0.61834308,6.9837648,5.8240212,0.29130327,7.0825937,0.70297617,0.34210677,10.744474,-5.0733661,-0.0053788169
0.91501627,-1.0339708,-2.9005393,-0.62018565,7.1825456,5.7276284,0.2889005,6.9616071,1.2834551,0.2967928,10.814586,-5.1314833,0.0045459425
0.91532389,-1.1312929,-2.8430245,-0.61889305,7.3490521,5.6099406,0.28027997,6.8617675,1.8508569,0.24547311,10.891977,-5.1693476,0.017911521
0.9156315,-1.2264705,-2.7661744,-0.61496652,7.4848637,5.4699883,0.26628138,6.792223,2.3825288,0.18053445,10.977598,-5.1900998,0.034134156
0.91593912,-1.3192145,-2.6700437,-0.60903065,7.589099,5.3038338,0.24981593,6.7586918,2.878181,0.11006712,11.068686,-5.1966613,0.052317463
0.91624674,-1.4099842,-2.5549831,-0.5992358,7.6602692,5.1085235,0.22958887,6.7605292,3.3269391,0.037231944,11.160159,-5.1928165,0.071042146
0.91655436,-1.4921901,-2.4205043,-0.58762997,7.7009609,4.88302,0.20652624,6.8057873,3.7300792,-0.036142304,11.244853,-5.1769745,0.089982594
0.91686198,-1.5684892,-2.2671871,-0.57358918,7.7151116,4.6282383,0.18155692,6.8942863,4.0775716,-0.10277385,11.319459,-5.1487646,0.10798669
0.91716961,-1.6411482,-2.0956438,-0.5570969,7.7032805,4.3462759,0.15583007,7.0155739,4.3722695,-0.15610217,11.381675,-5.1068598,0.1243962
0.91747725,-1.7114689,-1.9071176,-0.54041739,7.6649976,4.0323109,0.13078103,7.1675502,4.6150699,-0.19353052,11.428747,-5.0489699,0.1389195
0.91778488,-1.781303,-1.704368,-0.52379964,7.5991007,3.6907681,0.10605709,7.3468121,4.8097174,-0.21871382,11.459801,-4.9717152,0.15164866
0.91809253,-1.8496494,-1.4860076,-0.50680434,7.5123282,3.3269955,0.078382032,7.5535109,4.9623129,-0.22994624,11.47446,-4.8720133,0.16222272
0.91840017,-1.9172358,-1.2531469,-0.49257492,7.4192595,2.9494235,0.053795792,7.7834518,5.0815221,-0.22251758,11.471346,-4.7456533,0.17090951
0.91870782,-1.977359,-1.0094926,-0.47808912,7.3082573,2.5550505,0.029773627,8.0340151,5.1750182,-0.20204508,11.44938,-4.5888427,0.1781188
0.91901548,-2.0317117,-0.75512438,-0.4636209,7.1778668,2.1427845,0.0099933982,8.3076295,5.2493518,-0.17031792,11.408492,-4.3979473,0.18473625
0.91932315,-2.0925937,-0.49070709,-0.4516653,7.0309218,1.7132646,-0.0035506832,8.6041742,5.3105771,-0.12794848,11.347385,-4.1694792,0.19166457
0.91963082,-2.1571732,-0.21316093,-0.44582321,6.8649131,1.2716748,-0.024720764,8.9332581,5.3630353,-0.076248948,11.267631,-3.8982618,0.19926443
0.91993849,-2.2200759,0.057125953,-0.44857615,6.6749907,0.82835224,-0.029048203,9.284384,5.4121856,-0.01906748,11.167514,-3.5808433,0.20802053
0.92024618,-2.2812669,0.33243729,-0.45343442,6.4631863,0.37354128,-0.029242541,9.6238079,5.461405,0.03668392,11.047034,-3.2182098,0.21781041
0.92055386,-2.340101,0.6138775,-0.45445612,6.234494,-0.092049163,-0.027446871,9.9454274,5.511327,0.088656306,10.906134,-2.8083321,0.22688448
0.92086156,-2.3928166,0.89875585,-0.45191656,5.9970338,-0.566445,-0.024182277,10.245504,5.5608045,0.13255711,10.749419,-2.3584515,0.23754546
0.92116926,-2.4456069,1.1765685,-0.46234681,5.7443079,-1.0403672,-0.023529879,10.521148,5.6095644,0.16695113,10.57812,-1.8731828,0.24678361
0.92147696,-2.5031654,1.4435889,-0.47925052,5.468684,-1.5053585,-0.019625581,10.771825,5.6553603,0.19266842,10.394629,-1.3548994,0.25346107
0.92178466,-2.5614969,1.7068625,-0.49936465,5.1988653,-1.9589678,-0.016434227,10.997478,5.6925026,0.21076775,10.211363,-0.80729069,0.25334367
0.92209237,-2.620482,1.9694073,-0.52159631,4.9454701,-2.398243,-0.014883608,11.198636,5.7168502,0.22186694,10.029132,-0.24727864,0.25203383
0.92240009,-2.6801747,2.2302019,-0.54500757,4.7160838,-2.8137893,-0.014315696,11.375323,5.7258138,0.22683503,9.8621195,0.3171965,0.2435365
0.9227078,-2.7338572,2.4772644,-0.56937656,4.5072752,-3.1974225,-0.014540116,11.528301,5.7212333,0.22690207,9.723138,0.87708867,0.22656581
0.92301552,-2.7814592,2.7147632,-0.59521051,4.3302221,-3.548377,-0.0097827346,11.657391,5.6987497,0.22371649,9.6211988,1.4251602,0.20269723
0.92332323,-2.8277916,2.9421381,-0.62120773,4.1706747,-3.8621901,-0.00040987944,11.764143,5.6605126,0.21847354,9.5618579,1.9406974,0.16952598
0.92363095,-2.8744748,3.1593997,-0.64431472,4.022279,-4.13541,0.012279662,11.849605,5.6064013,0.21177841,9.537853,2.4172498,0.13002902
0.92393867,-2.9212819,3.3631965,-0.66266748,3.8855197,-4.3685879,0.027596809,11.912773,5.5234657,0.20346023,9.5511496,2.849082,0.085389344
0.92424639,-2.9676509,3.5501611,-0.67565324,3.7613732,-4.5627407,0.045879903,11.955991,5.4075522,0.19449994,9.5892673,3.2322774,0.038945734
0.9245541,-3.007333,3.7198244,-0.68181104,3.6556131,-4.7182604,0.066234284,11.977711,5.2496705,0.18539724,9.6512,3.5614095,-0.0072449316
0.92486181,-3.0376217,3.8703111,-0.68284681,3.5535609,-4.8337941,0.091294779,11.977323,5.0449836,0.17727814,9.7373693,3.8370301,-0.049897803
0.92516952,-3.0586749,4.0016896,-0.67732847,3.4546148,-4.910317,0.11999643,11.953827,4.7983828,0.17078887,9.8534069,4.0647869,-0.086998769
0.92547723,-3.0686887,4.1106903,-0.66402732,3.35919,-4.9491658,0.15286587,11.910223,4.5178919,0.16676402,10.009849,4.2474969,-0.11355938
0.92578493,-3.0660137,4.1939072,-0.64338553,3.2680857,-4.9551067,0.18911862,11.845104,4.2024091,0.16439362,10.212268,4.3891598,-0.13084393
0.92609263,-3.0499069,4.2568294,-0.61449147,3.1804289,-4.9288948,0.22916653,11.756922,3.8541308,0.16294347,10.443737,4.4982261,-0.14012583
0.92640032,-3.0200542,4.2987132,-0.5764403,3.1122314,-4.8715181,0.2724423,11.644757,3.4744184,0.16614017,10.692667,4.581879,-0.14033122
0.92670801,-2.9782384,4.3281985,-0.5326426,3.0604598,-4.782481,0.31825094,11.502385,3.0545534,0.16977225,10.950695,4.6516737,-0.13041229
0.92701569,-2.925025,4.3496862,-0.48391793,3.0201073,-4.6582274,0.36528186,11.345855,2.6057003,0.17921777,11.210887,4.7152457,-0.11255714
0.92732336,-2.8611084,4.352709,-0.43118569,2.988,-4.5032078,0.41264155,11.164151,2.1250143,0.19259221,11.467286,4.7776502,-0.087625643
0.92763103,-2.7867772,4.337845,-0.37545058,2.9603242,-4.3185718,0.45764198,10.958005,1.614709,0.20906251,11.715941,4.8416733,-0.057532336
0.92793869,-2.704663,4.3042489,-0.31850034,2.930751,-4.1043389,0.49730223,10.726972,1.0731713,0.22964286,11.95418,4.9092407,-0.024974522
0.92824634,-2.614598,4.2518249,-0.25996184,2.8957534,-3.8634865,0.53366856,10.468942,0.51271822,0.2544509,12.181063,4.9810763,0.0082409474
0.92855397,-2.5181598,4.1812705,-0.20139476,2.8545348,-3.5951829,0.56653787,10.190395,-0.067574624,0.2813998,12.393741,5.0565171,0.040525355
0.9288616,-2.4160261,4.0890317,-0.14749687,2.8148271,-3.3040004,0.59656295,9.9015907,-0.65954982,0.30558166,12.590964,5.1337713,0.07098398
0.92916922,-2.3097879,3.9756419,-0.09614584,2.7716966,-2.9871464,0.62102819,9.6022914,-1.254988,0.32861065,12.772756,5.2093022,0.099344593
0.92947683,-2.1999932,3.8452933,-0.048093775,2.717377,-2.6415847,0.63533123,9.3101379,-1.8419816,0.34565635,12.940234,5.2792251,0.12497552
0.92978443,-2.0871282,3.6993337,-0.0053693786,2.6526608,-2.2690117,0.64867519,9.0426638,-2.4120963,0.35328302,13.093457,5.3418724,0.14809206
0.93009201,-1.9752282,3.5380477,0.031520356,2.5858955,-1.8599718,0.65722791,8.8049762,-2.945421,0.35022046,13.23262,5.396292,0.16912166
0.93039958,-1.8635341,3.3631557,0.061929669,2.5185658,-1.4307738,0.66189008,8.610649,-3.4326051,0.33912631,13.358604,5.4325879,0.18800762
0.93070714,-1.7547155,3.17451,0.085922077,2.4549748,-0.97393742,0.65328054,8.4537179,-3.8521474,0.32217854,13.471792,5.4451814,0.20438255
0.93101469,-1.6486068,2.971246,0.1036826,2.38002,-0.49602899,0.6293588,8.3121595,-4.2032438,0.29979493,13.573053,5.4395228,0.21868517
0.93132222,-1.5453958,2.7541365,0.11639814,2.2976272,-0.0018827349,0.59297898,8.1877275,-4.4951611,0.27376665,13.661841,5.4187136,0.23197187
0.93162975,-1.4461835,2.5233759,0.11988635,2.2207317,0.51279276,0.5455471,8.085955,-4.7327547,0.2487281,13.736663,5.3691541,0.24327332
0.93193726,-1.3453373,2.2810964,0.11936941,2.1394191,1.0366709,0.48437651,8.0138377,-4.9337898,0.23051035,13.794661,5.2869271,0.25195008
0.93224475,-1.2373339,2.0303826,0.11766377,2.0648038,1.5651638,0.4226341,7.9614168,-5.0949305,0.22130421,13.836289,5.164982,0.25860435
0.93255224,-1.1336052,1.771529,0.11221462,2.0035478,2.075998,0.33350172,7.9284487,-5.2172627,0.22117291,13.859042,4.9890307,0.26307785
0.93285971,-1.0346765,1.5009627,0.10306849,1.9595563,2.5712188,0.23758913,7.9256285,-5.3014182,0.22936286,13.860146,4.7602184,0.26609737
0.93316717,-0.94004286,1.2229068,0.083001673,1.9348668,3.0491941,0.13805049,7.9473083,-5.3523933,0.24381798,13.835656,4.4841496,0.26897454
0.93347462,-0.84416293,0.93949769,0.05206158,1.9282466,3.5015429,0.038323049,7.9873116,-5.3737796,0.26456464,13.787191,4.1618221,0.27326469
0.93378205,-0.75405872,0.65566314,0.018046727,1.9447125,3.9223837,-0.050715263,8.0414259,-5.36923,0.28983679,13.711626,3.7908783,0.27831591
0.93408948,-0.67533429,0.37424197,-0.0091738986,2.0099935,4.3013659,-0.13361327,8.1021186,-5.3406545,0.31673588,13.607314,3.3737426,0.28463155
0.93439689,-0.60001432,0.089855447,-0.032752399,2.1102121,4.6410403,-0.20012967,8.1640585,-5.2915047,0.34469271,13.471376,2.910771,0.29249687
0.93470429,-0.52283418,-0.19984503,-0.056986824,2.2371979,4.9412703,-0.24597119,8.2244967,-5.222539,0.3726247,13.306894,2.4094721,0.3023717
0.93501169,-0.44611033,-0.47762627,-0.081459946,2.3834089,5.1994943,-0.27091395,8.2815978,-5.1349232,0.39961982,13.113148,1.8675021,0.31381502
0.93531908,-0.37076643,-0.74773252,-0.11582279,2.5563963,5.4184074,-0.26999328,8.3328852,-5.028332,0.42439882,12.892623,1.2941078,0.32551925
0.93562646,-0.31183444,-1.008986,-0.15096172,2.7608421,5.5994381,-0.25427778,8.3747971,-4.9017812,0.44665382,12.648093,0.69600248,0.33670384
0.93593383,-0.27451946,-1.261323,-0.18680824,2.9905088,5.748325,-0.2250385,8.4027382,-4.7547419,0.46661715,12.383395,0.084523045,0.34580997
0.9362412,-0.2466743,-1.5024589,-0.22199322,3.241621,5.8682087,-0.18190478,8.4124881,-4.5830412,0.48513358,12.107873,-0.5303458,0.35105429
0.93654856,-0.22837681,-1.7330703,-0.25818842,3.5105648,5.962557,-0.12507748,8.4071202,-4.3863164,0.50325584,11.831444,-1.1370958,0.35248089
0.93685592,-0.22434612,-1.9502483,-0.29641396,3.7953507,6.0330317,-0.058244924,8.3826165,-4.1607703,0.51952095,11.559356,-1.725026,0.34815371
0.93716327,-0.2295158,-2.1481861,-0.33524313,4.0895055,6.0833417,0.014559987,8.3370385,-3.897786,0.53476646,11.306557,-2.283319,0.33587624
0.93747062,-0.24883616,-2.3268637,-0.37521582,4.4042027,6.1159178,0.090618262,8.2686745,-3.5942631,0.54921629,11.090893,-2.8006019,0.31530626
0.93777797,-0.28026052,-2.4856299,-0.41234916,4.7420477,6.1322001,0.16503748,8.1791998,-3.2480463,0.56374736,10.914962,-3.2676852,0.28583777
0.93808531,-0.32236939,-2.6244978,-0.44524214,5.09726,6.1360525,0.23563882,8.083932,-2.8673947,0.57998281,10.788148,-3.6809797,0.25178738
0.93839265,-0.37583687,-2.7418705,-0.47501686,5.4624308,6.1291421,0.3002337,7.9702091,-2.4518568,0.59165232,10.702657,-4.0406273,0.21573579
0.9387,-0.43888621,-2.8371408,-0.50181992,5.8274434,6.1113261,0.35610049,7.8411422,-1.9989758,0.59924347,10.649783,-4.3424055,0.17950721
0.93900734,-0.51020012,-2.9092067,-0.52671859,6.1742107,6.082945,0.40143834,7.6998593,-1.509492,0.60351531,10.617208,-4.5903841,0.14654321
0.93931468,-0.59531288,-2.9566361,-0.54927102,6.4869971,6.0450016,0.43345769,7.5584156,-0.97980808,0.6092114,10.608328,-4.7871491,0.11904923
0.93962203,-0.68920188,-2.9782082,-0.56460878,6.7669049,5.994441,0.45252342,7.4107837,-0.43735625,0.61040142,10.620307,-4.9396061,0.097436458
0.93992937,-0.78793848,-2.9770928,-0.57340458,7.0136494,5.9303078,0.45979706,7.2612858,0.12403195,0.59542384,10.660471,-5.0527689,0.083782314
0.94023672,-0.88795601,-2.955619,-0.57700751,7.226241,5.8492155,0.45524521,7.1221544,0.69720437,0.56883644,10.722717,-5.1388219,0.078867589
0.94054407,-0.98739595,-2.9135444,-0.57621724,7.4064088,5.7481657,0.44242011,6.9998183,1.2737492,0.52712507,10.796533,-5.2003271,0.081080069
0.94085143,-1.0848668,-2.8512245,-0.5719227,7.5558858,5.6257775,0.42300768,6.9072211,1.8391788,0.47835079,10.878012,-5.2411258,0.088871558
0.94115879,-1.179209,-2.7697474,-0.56376268,7.6730291,5.4798885,0.3994856,6.8454339,2.3695623,0.41473354,10.969353,-5.2646218,0.1017887
0.94146615,-1.2702278,-2.6688894,-0.55121821,7.7581988,5.3072995,0.37352369,6.8209802,2.8655355,0.3415701,11.067306,-5.2716642,0.11870796
0.94177352,-1.3579113,-2.5488738,-0.53610555,7.8110298,5.104153,0.34416336,6.8339843,3.3200895,0.26180493,11.164826,-5.2690602,0.13797464
0.9420809,-1.4407032,-2.4095346,-0.51729144,7.8332975,4.8687799,0.31325087,6.8844371,3.7271048,0.1752946,11.254837,-5.2539139,0.1586099
0.94238828,-1.5151935,-2.2512832,-0.49652815,7.8323436,4.6037178,0.2810146,6.9779694,4.0790131,0.08944834,11.333907,-5.2255075,0.17919964
0.94269566,-1.5864066,-2.0747786,-0.47443244,7.8057626,4.3103027,0.24966418,7.1055292,4.3787926,0.016296794,11.399301,-5.1829856,0.19914985
0.94300306,-1.6554089,-1.8824644,-0.45257368,7.7516889,3.9826305,0.22126582,7.2654043,4.6279209,-0.040563327,11.448739,-5.1239812,0.21731665
0.94331046,-1.724414,-1.6755454,-0.43088134,7.6723682,3.6278734,0.19153823,7.4525232,4.8287562,-0.081745046,11.481522,-5.0447148,0.23342264
0.94361787,-1.791428,-1.4527143,-0.4096816,7.5745224,3.2502141,0.1617574,7.6703832,4.9880046,-0.10642381,11.496611,-4.9422231,0.2470893
0.94392529,-1.8574566,-1.2150576,-0.39113354,7.4713774,2.8581432,0.13578587,7.9135344,5.1137897,-0.11011399,11.493749,-4.8120882,0.25891355
0.94423271,-1.9158518,-0.96918668,-0.37296471,7.3494888,2.4477511,0.1138413,8.1811814,5.2131311,-0.093186597,11.470841,-4.6513526,0.26934608
0.94454015,-1.9712814,-0.71070811,-0.35681937,7.2092993,2.0181881,0.1014626,8.4718595,5.2928677,-0.064123708,11.428771,-4.4557452,0.27884458
0.94484759,-2.0345578,-0.43999356,-0.34040321,7.0536984,1.5727775,0.081665141,8.7893443,5.3583266,-0.023202402,11.366034,-4.2221733,0.28897625
0.94515503,-2.0991526,-0.16275683,-0.3371112,6.8774293,1.1161931,0.066105787,9.1367902,5.4150418,0.027626329,11.284704,-3.9444433,0.30013381
0.94546246,-2.1624418,0.10934027,-0.33786898,6.6766458,0.65783384,0.066234891,9.4886138,5.4684015,0.081875253,11.18258,-3.6185695,0.3125068
0.94576988,-2.2245747,0.3875383,-0.33995843,6.4546356,0.18918818,0.072080087,9.8238597,5.5209891,0.13557789,11.05975,-3.2463436,0.32483901
0.94607727,-2.2840551,0.67325261,-0.33865902,6.2201048,-0.28938542,0.083210553,10.138093,5.5734964,0.1845681,10.916991,-2.8292856,0.3383811
0.94638466,-2.3361164,0.96082678,-0.33978884,5.9758264,-0.77318213,0.092237963,10.427911,5.6249882,0.22590862,10.757998,-2.3713119,0.35342611
0.94669202,-2.3907591,1.2361879,-0.3526875,5.7121904,-1.2520904,0.10400934,10.69199,5.6749705,0.25816046,10.586657,-1.8782126,0.3668344
0.94699938,-2.4498244,1.505285,-0.37268676,5.435963,-1.7209415,0.11586227,10.93005,5.7209911,0.2819727,10.403806,-1.3568055,0.37621556
0.94730672,-2.510826,1.7712336,-0.39624938,5.1695747,-2.1753997,0.1251423,11.142234,5.7573948,0.29848129,10.220502,-0.80869595,0.38117314
0.94761405,-2.5727232,2.0316762,-0.421869,4.9261127,-2.6095603,0.13008918,11.329507,5.7802742,0.30773562,10.039957,-0.24659119,0.38406663
0.94792137,-2.6355496,2.289506,-0.44799632,4.7057277,-3.0175051,0.13404363,11.492431,5.7885347,0.31101017,9.8746319,0.31615702,0.38074379
0.94822867,-2.6933765,2.5383841,-0.47632786,4.5112317,-3.3920336,0.13793949,11.631691,5.7834897,0.30918987,9.736918,0.87292931,0.3727431
0.94853597,-2.742244,2.7753355,-0.50620547,4.3482349,-3.7331125,0.14624304,11.747868,5.7604072,0.30402926,9.6355248,1.4164714,0.35796146
0.94884326,-2.7878545,3.0017111,-0.5361686,4.1947139,-4.0323113,0.1600598,11.842304,5.7233614,0.29726052,9.5770974,1.928242,0.33498187
0.94915054,-2.8343135,3.2168981,-0.56235186,4.0546256,-4.2930845,0.17572162,11.915615,5.668893,0.28825763,9.553725,2.4018846,0.29956118
0.94945781,-2.8816004,3.4180715,-0.58341559,3.9254934,-4.5137004,0.19580351,11.968089,5.5845815,0.27784254,9.5683848,2.8323041,0.25122058
0.94976507,-2.927259,3.6032531,-0.59835839,3.8157292,-4.6952583,0.22015424,12.000668,5.4632927,0.26743595,9.6064055,3.2156961,0.19344846
0.95007233,-2.9655227,3.7715282,-0.60632181,3.7162532,-4.8378005,0.24839688,12.012562,5.2975031,0.25664512,9.6675103,3.5462504,0.13291213
0.95037959,-2.9945875,3.9207342,-0.60693496,3.6219189,-4.9423481,0.27975147,12.003049,5.0799295,0.24788443,9.7570345,3.8255017,0.075151435
0.95068684,-3.015885,4.0513194,-0.59980162,3.5323316,-5.0076698,0.31421168,11.969336,4.8234101,0.24084712,9.8767756,4.0570177,0.021882534
0.95099408,-3.0241941,4.1585945,-0.58420915,3.4456323,-5.0362156,0.35191055,11.917245,4.5301422,0.23757754,10.038692,4.2449052,-0.024083874
0.95130133,-3.0190482,4.2433188,-0.55989163,3.3635127,-5.030304,0.39314487,11.843305,4.2002106,0.23681388,10.248303,4.3934128,-0.060297972
0.95160857,-2.9997034,4.3077591,-0.52660761,3.2919234,-4.9930328,0.43758088,11.746293,3.8344471,0.23915909,10.485314,4.5097587,-0.083913965
0.9519158,-2.9652373,4.3490391,-0.48289325,3.2405193,-4.9256304,0.48504056,11.623949,3.432428,0.24675395,10.737781,4.6022036,-0.095386183
0.95222304,-2.9174264,4.375782,-0.43334266,3.2036611,-4.8260987,0.5334131,11.473957,2.9942101,0.2575353,10.998563,4.6796548,-0.094726175
0.95253028,-2.8577378,4.3954782,-0.37804913,3.174643,-4.6919483,0.58183222,11.30824,2.5222804,0.27498583,11.260391,4.7497085,-0.082592538
0.95283751,-2.7884854,4.3987616,-0.31828932,3.1521704,-4.5291622,0.6280792,11.117582,2.0187661,0.2958624,11.517614,4.8176249,-0.061471819
0.95314475,-2.7088423,4.3844875,-0.25522096,3.1299713,-4.3368983,0.66976042,10.902378,1.4850927,0.32038697,11.765967,4.885791,-0.033889263
0.95345199,-2.6192571,4.3522559,-0.19042491,3.1024096,-4.1150995,0.70624022,10.663538,0.92149312,0.34039667,12.003022,4.9564122,-0.0016045998
0.95375923,-2.5214457,4.301939,-0.12705862,3.0706696,-3.8665729,0.73933379,10.398791,0.34158151,0.3689893,12.227599,5.0301991,0.033253235
0.95406647,-2.4172881,4.2337291,-0.065966894,3.0304652,-3.5903417,0.7692735,10.117013,-0.25391499,0.39490538,12.436768,5.1068819,0.068751115
0.95437372,-2.3080861,4.1444233,-0.0081041854,2.9917375,-3.2915718,0.79538686,9.8255,-0.85739348,0.42000535,12.629812,5.1843868,0.10386891
0.95468096,-2.1952451,4.0345033,0.04519298,2.9483776,-2.9674667,0.81428155,9.5261144,-1.4590101,0.44285861,12.807041,5.2593363,0.13757369
0.95498822,-2.0793905,3.9059109,0.094573514,2.8926987,-2.6155991,0.82346178,9.2440557,-2.0438551,0.46203556,12.969672,5.3286312,0.16905211
0.95529547,-1.9614811,3.7625922,0.13670198,2.8265566,-2.237872,0.83311894,8.988383,-2.6063086,0.47227483,13.117972,5.3915208,0.19830899
0.95560273,-1.8443178,3.6034368,0.172027,2.7570374,-1.8233305,0.83729605,8.7644349,-3.1285346,0.47383903,13.252338,5.4441304,0.22548893
0.95591,-1.7270884,3.4307666,0.20077614,2.6861359,-1.3914816,0.83828245,8.5876565,-3.6002005,0.46850716,13.373612,5.4779206,0.25005875
0.95621727,-1.6134332,3.2448104,0.22374993,2.6181314,-0.93392067,0.82625985,8.4403238,-4.0193183,0.45571489,13.482904,5.4878193,0.27163125
0.95652455,-1.5039519,3.0441047,0.238696,2.5344617,-0.45659555,0.80059814,8.3096864,-4.3766861,0.43602789,13.580118,5.4832628,0.29067372
0.95683183,-1.3980703,2.8301463,0.24727027,2.4447655,0.038381338,0.76319267,8.1969278,-4.6693355,0.41123817,13.664885,5.4654415,0.30787755
0.95713912,-1.2949446,2.6009892,0.2488251,2.3594453,0.55239685,0.71104304,8.1130591,-4.9144241,0.38661454,13.735565,5.4234888,0.32252024
0.95744641,-1.190359,2.35925,0.24272697,2.2695136,1.0755671,0.65170712,8.0566835,-5.1154613,0.36938488,13.789296,5.3489619,0.33426774
0.9577537,-1.0788383,2.1096406,0.23295681,2.1878018,1.6010745,0.58353223,8.02006,-5.271637,0.36064638,13.825368,5.2264869,0.34352625
0.95806101,-0.96662609,1.8489678,0.21867351,2.1210232,2.1083655,0.4859192,8.007024,-5.3842797,0.36002809,13.841906,5.0434612,0.35061902
0.95836831,-0.86427472,1.5771699,0.20364748,2.0700566,2.6021433,0.38050419,8.0219798,-5.4560666,0.36769437,13.835644,4.7971367,0.3569217
0.95867562,-0.76278604,1.2980754,0.17955789,2.0400511,3.0773398,0.27240444,8.0603535,-5.4945707,0.38215334,13.802864,4.5001568,0.36333844
0.95898292,-0.67128806,1.0125964,0.14463075,2.0357947,3.5269072,0.16901377,8.1154149,-5.5042575,0.40233599,13.744516,4.1545291,0.3710569
0.95929021,-0.58699622,0.72704988,0.10252946,2.0570438,3.9437969,0.076121287,8.1805011,-5.487184,0.4254875,13.658546,3.7582082,0.37938041
0.95959748,-0.51006931,0.44335753,0.066157174,2.1302573,4.3189396,-0.01004048,8.2485676,-5.4472718,0.45000609,13.543054,3.31468,0.38804112
0.95990475,-0.43673644,0.15712182,0.037553936,2.2377011,4.6563153,-0.077331652,8.3183103,-5.3880681,0.47519279,13.39631,2.8267805,0.39568661
0.96021201,-0.36526741,-0.13650469,0.0074070661,2.3714993,4.9523415,-0.12205687,8.38526,-5.3105613,0.4996914,13.222234,2.3005623,0.40472951
0.96051927,-0.29216287,-0.41859508,-0.026255017,2.5299551,5.2084017,-0.14191998,8.4474114,-5.2148392,0.52260936,13.020188,1.7379155,0.41284444
0.96082652,-0.22678759,-0.69468531,-0.061040464,2.7178298,5.4256026,-0.1361676,8.5027442,-5.1011163,0.54253142,12.793236,1.14754,0.42017665
0.96113376,-0.17496842,-0.96118567,-0.097477076,2.9342525,5.6061366,-0.1131713,8.5460334,-4.9683178,0.55972874,12.544799,0.5366109,0.4241363
0.96144099,-0.1432064,-1.2177507,-0.13554178,3.1746224,5.7550434,-0.073040883,8.572446,-4.8141215,0.57456121,12.280437,-0.081431071,0.42851528
0.96174823,-0.1225172,-1.4660646,-0.17382403,3.4356987,5.8755128,-0.017591509,8.5802875,-4.636607,0.5880833,12.009663,-0.69728597,0.43167884
0.96205545,-0.11240501,-1.699125,-0.21275427,3.7162352,5.9707228,0.04950833,8.5692073,-4.4335731,0.60093448,11.740744,-1.3006925,0.43160281
0.96236268,-0.11618893,-1.9183571,-0.25316598,4.0115097,6.0415463,0.12350003,8.539927,-4.2004172,0.61153962,11.482262,-1.8816837,0.42475949
0.9626699,-0.13049353,-2.119767,-0.29481169,4.3190188,6.0921854,0.20155401,8.4899724,-3.9295164,0.62139165,11.243558,-2.4283465,0.40675496
0.96297713,-0.15914732,-2.3016296,-0.33520338,4.6489309,6.1249582,0.28003088,8.416648,-3.6167945,0.62956822,11.0445,-2.9323606,0.38137996
0.96328435,-0.19848779,-2.4639216,-0.37334345,5.0003587,6.1405911,0.35467436,8.3217276,-3.2643602,0.63859949,10.884646,-3.3884188,0.35019666
0.96359157,-0.24680695,-2.6059739,-0.40689619,5.365691,6.1444851,0.42285202,8.2156056,-2.8737892,0.64834129,10.772693,-3.7924461,0.31511877
0.96389879,-0.30602038,-2.7265158,-0.43554183,5.7376188,6.1382042,0.48228584,8.094219,-2.4493298,0.65461304,10.703337,-4.1412913,0.27869133
0.96420602,-0.37478717,-2.8254484,-0.4599642,6.1054543,6.1215552,0.53153249,7.9589841,-1.9880006,0.65682971,10.664215,-4.436321,0.24310543
0.96451325,-0.45185556,-2.9013417,-0.47979771,6.442023,6.0956811,0.56607249,7.812106,-1.4909094,0.65527673,10.646639,-4.6798691,0.21061315
0.96482048,-0.53347799,-2.9548845,-0.49719407,6.7435866,6.0594408,0.58642363,7.6620284,-0.95478195,0.65759643,10.654921,-4.874436,0.18350862
0.96512771,-0.62988256,-2.9809126,-0.51027218,7.0126579,6.0111521,0.59328997,7.5081923,-0.40926459,0.65130115,10.683028,-5.0252009,0.16315185
0.96543495,-0.73203006,-2.9818617,-0.51764441,7.2495183,5.9488392,0.58777768,7.3548105,0.15352289,0.63807342,10.736899,-5.1399727,0.15040744
0.96574219,-0.83537104,-2.9623979,-0.51976269,7.4533675,5.868908,0.5706473,7.2134173,0.72824015,0.61452265,10.806352,-5.2260438,0.1455576
0.96604943,-0.93733863,-2.9223413,-0.51704313,7.6247271,5.7686354,0.54595698,7.0908228,1.3033518,0.58382714,10.884752,-5.2878915,0.14763051
0.96635667,-1.0363987,-2.8614174,-0.50857633,7.7637844,5.6456882,0.51582725,7.0028142,1.8646628,0.54275341,10.974111,-5.3290764,0.15542746
0.96666389,-1.1321002,-2.7814464,-0.49502724,7.8707093,5.4991337,0.48178032,6.9465693,2.3937766,0.48652404,11.073204,-5.3529112,0.16829143
0.96697109,-1.2236804,-2.682432,-0.47734712,7.9467839,5.3252525,0.44616668,6.9285812,2.8884203,0.41838946,11.176776,-5.3594784,0.18523385
0.96727829,-1.3113808,-2.5640139,-0.45699655,7.9910621,5.120046,0.408171,6.9491174,3.3420959,0.34012106,11.276216,-5.357383,0.20471368
0.96758547,-1.3947204,-2.426115,-0.43330705,8.0040112,4.8824749,0.36971169,7.0068315,3.7472488,0.25348254,11.366249,-5.3423229,0.22532737
0.96789264,-1.4703656,-2.2695788,-0.40706902,7.9932226,4.6144341,0.33138456,7.1059729,4.0990191,0.16754347,11.443956,-5.312989,0.24551579
0.96819979,-1.5419499,-2.0944594,-0.38103174,7.9570732,4.3165012,0.29525727,7.2403225,4.3989355,0.096012556,11.506785,-5.2696874,0.26497658
0.96850694,-1.6106518,-1.9030536,-0.35462193,7.8961372,3.988031,0.26281132,7.4066569,4.6479107,0.037166187,11.553238,-5.20936,0.28281938
0.96881406,-1.6793066,-1.6967676,-0.32837324,7.8109281,3.6282252,0.22854884,7.6022063,4.8487981,-0.002299442,11.582785,-5.1273522,0.29797065
0.96912118,-1.7463796,-1.4751183,-0.30416392,7.7065399,3.2450824,0.19797056,7.8279116,5.0092286,-0.019244558,11.593953,-5.0213659,0.31028331
0.96942827,-1.8128701,-1.2378391,-0.28278296,7.597141,2.8468475,0.17257978,8.0792657,5.1359024,-0.013031371,11.586329,-4.8867221,0.32054795
0.96973536,-1.8734873,-0.99255969,-0.26370538,7.4691603,2.4288436,0.1541087,8.3593008,5.2360716,0.010589318,11.558645,-4.7207637,0.32880306
0.97004243,-1.9294272,-0.73428033,-0.24756156,7.3235669,1.9924528,0.14323714,8.6617599,5.3169458,0.048382483,11.511377,-4.5192395,0.33610324
0.97034949,-1.9913713,-0.463742,-0.22960405,7.1609866,1.5395783,0.12368678,8.9960187,5.3839337,0.096750112,11.443341,-4.2774308,0.34341485
0.97065654,-2.058995,-0.18345492,-0.22407357,6.9789239,1.075659,0.11314402,9.3569391,5.4428235,0.15084964,11.35604,-3.9890465,0.35105081
0.97096357,-2.124714,0.089353612,-0.22408927,6.7728055,0.60982477,0.11738719,9.7061546,5.4981194,0.20570369,11.248003,-3.6509145,0.3595923
0.97127059,-2.1871252,0.36805407,-0.22578245,6.5477936,0.13349202,0.12818666,10.035769,5.5531437,0.25704872,11.119126,-3.2642663,0.36716897
0.97157759,-2.2473696,0.65236212,-0.22566592,6.3075534,-0.35080773,0.14341516,10.341645,5.6074978,0.30094649,10.97092,-2.8332776,0.37566612
0.97188459,-2.3014683,0.93909437,-0.22918252,6.0573135,-0.83829656,0.15657701,10.621107,5.6602363,0.33505367,10.80764,-2.361453,0.38425411
0.97219157,-2.3586205,1.2172428,-0.24212851,5.7867536,-1.317161,0.17426897,10.874913,5.711833,0.36015799,10.632249,-1.855342,0.39265909
0.97249854,-2.4210561,1.4858592,-0.26229104,5.5087136,-1.7861718,0.19095883,11.1017,5.7589283,0.37644669,10.447822,-1.3224103,0.39633723
0.9728055,-2.485666,1.7524872,-0.28841758,5.2408972,-2.2393698,0.20507301,11.30278,5.7959957,0.38512988,10.262608,-0.76597808,0.39712599
0.97311245,-2.5497005,2.0112325,-0.31642192,4.9979891,-2.6693822,0.21516823,11.478933,5.8187641,0.38702337,10.084815,-0.19688613,0.39810208
0.9734194,-2.6147393,2.2680183,-0.34541809,4.7783772,-3.0724022,0.2228456,11.631078,5.8268662,0.38317013,9.9245759,0.37038239,0.39361206
0.97372633,-2.6788321,2.5164835,-0.37591496,4.5875998,-3.4397511,0.23395111,11.760941,5.8219695,0.37498053,9.7942971,0.93104322,0.38363868
0.97403326,-2.7348219,2.7535115,-0.41040096,4.4266398,-3.7713087,0.24849668,11.868438,5.7989342,0.36465379,9.7021052,1.4734028,0.3683225
0.97434018,-2.7844582,2.9798023,-0.44495373,4.2771145,-4.0635284,0.26431705,11.955155,5.7624569,0.35272098,9.6522357,1.9841712,0.3437579
0.9746471,-2.8319573,3.1947952,-0.47666715,4.14048,-4.3173688,0.28195421,12.021939,5.7093392,0.33930298,9.6379431,2.456025,0.30679369
0.97495401,-2.8773978,3.3963013,-0.50270911,4.0173483,-4.5310059,0.30435149,12.068261,5.6250368,0.32543374,9.658226,2.8843318,0.25995113
0.97526092,-2.9231145,3.5830828,-0.52245274,3.9154826,-4.7053429,0.33257165,12.095333,5.5023883,0.31158364,9.703432,3.2642635,0.20744361
0.97556783,-2.9628448,3.7529541,-0.5354062,3.820733,-4.8420474,0.36606214,12.10194,5.3332405,0.29852503,9.7694763,3.5923423,0.15418987
0.97587473,-2.9939912,3.9050096,-0.54012187,3.7302671,-4.9414847,0.40366699,12.087128,5.1102668,0.28817213,9.8667736,3.8694059,0.10327548
0.97618163,-3.0171944,4.0387887,-0.53646157,3.6441291,-5.0038134,0.44474995,12.0477,4.8471179,0.28064975,9.9974931,4.0986788,0.0571737
0.97648853,-3.0309513,4.1509214,-0.52332125,3.5613667,-5.0287345,0.48933633,11.990419,4.5453251,0.27735673,10.171722,4.2852981,0.018473381
0.97679543,-3.0322999,4.2426203,-0.50072125,3.482476,-5.0187292,0.53717159,11.911256,4.2054251,0.2770444,10.389934,4.4332316,-0.010127297
0.97710234,-3.0184402,4.3141685,-0.46876776,3.4184489,-4.9779009,0.58801466,11.808307,3.8275636,0.28047747,10.629904,4.5500977,-0.027575641
0.97740924,-2.9888101,4.3630297,-0.42804714,3.372938,-4.9065115,0.64009087,11.680546,3.412716,0.28688291,10.883271,4.6442284,-0.033664136
0.97771614,-2.9439734,4.3899886,-0.37600782,3.3410968,-4.8058315,0.69139389,11.52592,2.9612664,0.29972664,11.14188,4.7233603,-0.028722492
0.97802305,-2.8860237,4.4070285,-0.31789771,3.315409,-4.6715233,0.74166045,11.353041,2.4741288,0.31746111,11.39914,4.7947642,-0.014083676
0.97832996,-2.8171558,4.4150803,-0.25538083,3.2958173,-4.509054,0.78842021,11.154546,1.9544696,0.33860862,11.649762,4.8634638,0.007905206
0.97863687,-2.7369975,4.4073096,-0.18925717,3.2761271,-4.3173143,0.82952508,10.931541,1.4044781,0.36567589,11.890376,4.9322955,0.035405568
0.97894379,-2.6458823,4.3825645,-0.12229073,3.2513288,-4.0963433,0.86425562,10.685405,0.82675989,0.38569758,12.118669,5.0030876,0.06644537
0.97925072,-2.5463249,4.3401611,-0.056400818,3.2202915,-3.848345,0.89379954,10.414728,0.23601139,0.41177738,12.333579,5.0763764,0.099238228
0.97955765,-2.4398144,4.2807125,0.0072575269,3.1800112,-3.5717969,0.91993476,10.128736,-0.36489897,0.43658118,12.532665,5.1521184,0.13236242
0.97986458,-2.3272313,4.2020878,0.066966753,3.1405015,-3.2738631,0.94136748,9.8343945,-0.96882693,0.46113069,12.715819,5.2277396,0.16482277
0.98017152,-2.2108322,4.102801,0.12217881,3.0967382,-2.9494258,0.95490019,9.5350917,-1.5663344,0.48125687,12.883794,5.3005968,0.19599683
0.98047847,-2.0909954,3.9843954,0.17276363,3.0405476,-2.5983699,0.959933,9.2597977,-2.1415367,0.49741967,13.037885,5.3680388,0.22534594
0.98078542,-1.9688343,3.848734,0.21584355,2.9734661,-2.2218496,0.96400989,9.0121642,-2.6876765,0.50477843,13.178687,5.4297603,0.25291534
0.98109238,-1.8470999,3.6982341,0.25238277,2.9029417,-1.8070468,0.96285309,8.7992956,-3.1967094,0.50641042,13.306609,5.47976,0.27901881
0.98139935,-1.7238904,3.5333905,0.28302293,2.8288111,-1.3782723,0.96025563,8.6334341,-3.662461,0.50202528,13.422598,5.5104325,0.30286273
0.98170633,-1.6039968,3.3557902,0.30549017,2.7582086,-0.92306775,0.94294622,8.4905956,-4.077948,0.4919055,13.527403,5.5191859,0.32427586
0.98201331,-1.4886177,3.1642462,0.32203645,2.6736701,-0.44836538,0.91315987,8.3655913,-4.4413849,0.47661482,13.620737,5.5139975,0.34381155
0.98232031,-1.375636,2.9591701,0.32675246,2.5808167,0.044354708,0.8699555,8.2612507,-4.7505966,0.46139538,13.70187,5.4962984,0.36143695
0.98262731,-1.2637496,2.7381521,0.3224429,2.4908516,0.55689131,0.80818962,8.187289,-5.0061465,0.44743163,13.769447,5.4540249,0.37652806
0.98293432,-1.1564872,2.5029981,0.31287983,2.3980178,1.0746974,0.74784345,8.1382835,-5.2085346,0.43822716,13.819915,5.3765558,0.3889167
0.98324134,-1.0432187,2.25996,0.29952958,2.309648,1.5966413,0.67021284,8.1094753,-5.3605316,0.43624272,13.851892,5.2473351,0.39821095
0.98354837,-0.92476966,2.0062227,0.28371862,2.2368568,2.0997083,0.56609592,8.1071201,-5.4668698,0.44270701,13.863839,5.0546732,0.40532584
0.98385541,-0.81038167,1.7379022,0.26775209,2.1817453,2.5892725,0.45401098,8.1323149,-5.5304882,0.45694667,13.852689,4.7948208,0.41161547
0.98416245,-0.70522894,1.4630556,0.23985328,2.1480432,3.060906,0.33907237,8.1798419,-5.5600093,0.47729322,13.81404,4.483968,0.41706115
0.9844695,-0.61032739,1.1811108,0.20061404,2.1424707,3.5057066,0.2317374,8.2427526,-5.5615598,0.50185497,13.748818,4.1222267,0.42275615
0.98477656,-0.5225944,0.89707965,0.1522461,2.1628958,3.9182253,0.13520847,8.3136892,-5.5368711,0.52781566,13.655643,3.708802,0.42815792
0.98508363,-0.44434015,0.61424825,0.11377821,2.2365467,4.2895682,0.050485082,8.3874674,-5.4905097,0.5535824,13.532147,3.2468194,0.43318405
0.9853907,-0.36968514,0.32931764,0.081864825,2.3449018,4.6234009,-0.015689852,8.4614901,-5.4254404,0.57879664,13.375796,2.7407301,0.43607099
0.98569777,-0.30054051,0.041518604,0.050440134,2.4805831,4.916006,-0.058309166,8.5323517,-5.3425074,0.60178625,13.195778,2.1981832,0.43939305
0.98600485,-0.22942487,-0.24955827,0.014843896,2.6415256,5.1685129,-0.075256653,8.5977749,-5.2416991,0.62206254,12.98911,1.6211361,0.4421505
0.98631194,-0.16255696,-0.5293862,-0.020662903,2.8306733,5.3831074,-0.066734124,8.6552328,-5.1235742,0.63840511,12.758745,1.0190473,0.44373968
0.98661903,-0.11184168,-0.80143236,-0.057762589,3.0512742,5.5617726,-0.039356047,8.6980382,-4.9854939,0.65169586,12.50854,0.40008622,0.44270541
0.98692611,-0.07944194,-1.0636218,-0.098190972,3.2948011,5.7087398,0.0048509946,8.7230941,-4.8264268,0.66211515,12.24464,-0.22207401,0.44174761
0.98723321,-0.058398148,-1.316327,-0.13539384,3.5600751,5.8275405,0.064164338,8.7285308,-4.6443633,0.67074304,11.977571,-0.83880989,0.43667915
0.9875403,-0.049393539,-1.5559567,-0.17208665,3.8429764,5.9219899,0.1351657,8.7152105,-4.4367214,0.67850135,11.71391,-1.4394851,0.42506521
0.98784739,-0.052788507,-1.7820249,-0.20885457,4.1405541,5.9928899,0.21326868,8.6825631,-4.1989961,0.68441915,11.463618,-2.014468,0.40615422
0.98815449,-0.071483902,-1.9923692,-0.24650933,4.450348,6.0451762,0.29419783,8.6288261,-3.9229568,0.6893114,11.238549,-2.5526358,0.38199624
0.98846158,-0.10098058,-2.1822375,-0.28488432,4.7847187,6.0796075,0.37453687,8.5528196,-3.6047425,0.69234438,11.053258,-3.0485201,0.35347935
0.98876867,-0.14384625,-2.3527109,-0.32238576,5.1393227,6.0974195,0.45030252,8.4532758,-3.2456623,0.69708846,10.909248,-3.494135,0.32255678
0.98907576,-0.19584374,-2.5034452,-0.35682481,5.5071215,6.1034317,0.51845187,8.3438402,-2.8489188,0.70090327,10.812172,-3.8870109,0.29061128
0.98938284,-0.25652231,-2.6328423,-0.38644861,5.8797601,6.0993102,0.57880776,8.2176291,-2.4177677,0.70346806,10.755259,-4.2253,0.25956729
0.98968993,-0.32611538,-2.7404781,-0.411088,6.2473825,6.0864161,0.62444379,8.0774703,-1.94836,0.70033847,10.726082,-4.5103382,0.23138042
0.989997,-0.40478814,-2.82564,-0.43043109,6.5820885,6.0637256,0.65479742,7.9254335,-1.4448801,0.69528951,10.721018,-4.7446579,0.20828632
0.99030408,-0.4901734,-2.8886544,-0.44593542,6.8830476,6.0314351,0.67070554,7.772439,-0.90212374,0.69504198,10.73977,-4.9311327,0.19104566
0.99061114,-0.5787113,-2.9256543,-0.45748451,7.1503775,5.9863947,0.67231333,7.6128726,-0.3519656,0.68495557,10.780155,-5.075631,0.18045191
0.9909182,-0.68117504,-2.9364354,-0.46582707,7.3864123,5.9276048,0.66164521,7.4561089,0.21453156,0.6683622,10.842229,-5.1857924,0.17765006
0.99122526,-0.78577222,-2.9246803,-0.46888896,7.5900504,5.8515615,0.63975062,7.3130254,0.79361013,0.63952104,10.915985,-5.2682676,0.18207489
0.99153231,-0.88987828,-2.8910781,-0.46702348,7.7616138,5.7556517,0.61034226,7.1916771,1.3688472,0.60805326,10.998834,-5.3270423,0.19231113
0.99183935,-0.99161218,-2.8368566,-0.4594847,7.9005441,5.6370891,0.57667837,7.1071889,1.9272677,0.56124148,11.093418,-5.3657316,0.20677894
0.99214639,-1.089438,-2.7633411,-0.44570865,8.00659,5.4939563,0.53912248,7.0557382,2.4530909,0.49939824,11.196552,-5.3881725,0.22472225
0.99245341,-1.1828834,-2.6705148,-0.427062,8.0821607,5.3241813,0.50108811,7.0441172,2.9435583,0.42672661,11.301878,-5.3931374,0.24526145
0.99276043,-1.2724848,-2.5582244,-0.40534843,8.1263098,5.1243083,0.46140058,7.0712275,3.3913061,0.34483579,11.400429,-5.3896077,0.26700026
0.99306744,-1.3564693,-2.4262003,-0.38001149,8.1393326,4.8934289,0.42111987,7.1377241,3.7897851,0.25518672,11.488221,-5.3728124,0.28809428
0.99337444,-1.4367173,-2.2756283,-0.35276769,8.1286885,4.6315078,0.38317557,7.2458318,4.1342023,0.17232709,11.563023,-5.3417241,0.3074717
0.99368143,-1.5096969,-2.1063138,-0.32553342,8.0925462,4.3405224,0.34792283,7.3889821,4.4267839,0.10345954,11.622606,-5.2963897,0.32517584
0.99398841,-1.5795031,-1.9190579,-0.29781618,8.0305337,4.016812,0.31729959,7.5629538,4.6685553,0.049631645,11.666018,-5.2334984,0.34057919
0.99429539,-1.6484632,-1.7176159,-0.27073675,7.9446345,3.6637092,0.2854069,7.7653396,4.8634491,0.018207611,11.692632,-5.1478999,0.35260794
0.99460235,-1.7158319,-1.5006364,-0.24521051,7.8385682,3.2869529,0.25675085,7.9974685,5.0179307,0.01048504,11.700673,-5.0374618,0.36162129
0.9949093,-1.7818351,-1.2680466,-0.2236826,7.7283472,2.8937149,0.23488692,8.2556718,5.1393779,0.024399114,11.689126,-4.8972129,0.36849981
0.99521625,-1.8469351,-1.0256325,-0.20441135,7.5988561,2.4802493,0.22054934,8.5419001,5.2351894,0.055687152,11.657795,-4.7244389,0.37327932
0.99552318,-1.9072407,-0.77222874,-0.18759555,7.4520524,2.0473881,0.21449606,8.851161,5.3128315,0.10047999,11.606575,-4.5153655,0.37724394
0.99583011,-1.9674639,-0.50391644,-0.16794731,7.2879282,1.5972062,0.19923244,9.1932872,5.3776547,0.15421593,11.533575,-4.2645137,0.38126262
0.99613702,-2.0342683,-0.22437384,-0.15993053,7.1042025,1.1352139,0.19263009,9.5505928,5.4347685,0.21089946,11.440972,-3.9658155,0.38577741
0.99644393,-2.1003893,0.050034645,-0.15925751,6.8959508,0.67068592,0.20116808,9.8931579,5.4893384,0.26646738,11.32718,-3.616281,0.39077124
0.99675083,-2.1630872,0.32572181,-0.16087537,6.6664907,0.19568748,0.21495215,10.215354,5.544162,0.3164382,11.192354,-3.2171936,0.39467153
0.99705772,-2.224653,0.60658964,-0.16128365,6.423231,-0.28857254,0.23214843,10.512642,5.5981904,0.35751534,11.038043,-2.7736836,0.39975994
0.9973646,-2.2809681,0.89321533,-0.16583814,6.1700617,-0.77603076,0.24740543,10.783646,5.6510466,0.38816973,10.870296,-2.2901234,0.40528447
0.99767148,-2.338798,1.170846,-0.17699694,5.8976531,-1.254663,0.26651947,11.028359,5.7026103,0.40901179,10.689589,-1.7729028,0.41059609
0.99797835,-2.402645,1.4407456,-0.1952148,5.6173574,-1.7224405,0.28458739,11.247138,5.7503215,0.42118161,10.502268,-1.2297766,0.41218144
0.99828521,-2.4681625,1.7056159,-0.22397581,5.3477418,-2.1752346,0.29887595,11.44153,5.7880321,0.42584218,10.316352,-0.66531858,0.41135516
0.99859207,-2.5336488,1.9658401,-0.25411766,5.1025116,-2.6045869,0.3092421,11.611598,5.8112905,0.42427232,10.141111,-0.09140092,0.40910636
0.99889892,-2.5999427,2.2193964,-0.28610286,4.8829612,-3.0065699,0.31584073,11.758213,5.818667,0.41772677,9.9876256,0.48053487,0.40150876
0.99920577,-2.669303,2.4669659,-0.32010885,4.6927206,-3.3723364,0.32528874,11.883273,5.8126325,0.40752188,9.8669566,1.0430113,0.38923554
0.99951262,-2.7311974,2.7050287,-0.35800247,4.5324843,-3.7045819,0.33907772,11.986883,5.7884946,0.39622076,9.7864129,1.5828875,0.3683531
0.99981946,-2.7829241,2.9314505,-0.39695809,4.382609,-3.9955442,0.35475854,12.070417,5.7495732,0.38419009,9.7474504,2.089126,0.33835891
1.0001263,-2.8320592,3.1472093,-0.43391742,4.2456818,-4.2476944,0.37146659,12.134794,5.6948773,0.37140078,9.745945,2.5550108,0.29752116
1.0004331,-2.8777215,3.3492627,-0.46579174,4.121201,-4.4600514,0.39186692,12.179158,5.6103904,0.35921086,9.7733331,2.976075,0.24978696
1.00074,-2.922581,3.5371708,-0.49106326,4.0181365,-4.6332516,0.41881644,12.204465,5.4874323,0.34772179,9.824464,3.3464496,0.19891447
1.0010468,-2.9634315,3.7091204,-0.50938318,3.9224261,-4.7692527,0.45066212,12.209721,5.3178413,0.33810287,9.9011905,3.6651568,0.14904316
1.0013537,-2.9962036,3.8642975,-0.51957717,3.8307512,-4.8682753,0.48760935,12.193573,5.0954349,0.3314269,10.008341,3.9323938,0.10178295
1.0016605,-3.0210458,4.0016288,-0.5207909,3.7442269,-4.930847,0.52813489,12.152164,4.8308769,0.32825948,10.152978,4.1530603,0.0609221
1.0019674,-3.0367694,4.1198573,-0.51200795,3.6605986,-4.9566361,0.57271371,12.093393,4.5280102,0.3294431,10.343034,4.3309335,0.028655428
1.0022742,-3.0407863,4.218933,-0.49307001,3.5807204,-4.94773,0.62145853,12.012208,4.1863132,0.33412675,10.56781,4.4716698,0.0065202834
1.0025811,-3.0305129,4.2978304,-0.46299664,3.5166913,-4.9054016,0.67297942,11.906464,3.8053111,0.343263,10.809705,4.5825177,-0.0051259354
1.0028879,-3.004161,4.3549586,-0.42376261,3.4708151,-4.8351908,0.7252396,11.775326,3.3880561,0.35392882,11.061571,4.6714442,-0.0059605394
1.0031948,-2.961085,4.3883217,-0.37420511,3.4383442,-4.7362025,0.77716598,11.61937,2.9316698,0.37211271,11.315385,4.7469394,0.0033683424
1.0035017,-2.904408,4.4060979,-0.31623569,3.4119872,-4.6043457,0.82785957,11.441816,2.4399536,0.39421338,11.565466,4.815906,0.020793859
1.0038086,-2.8344609,4.4128275,-0.25246445,3.3909401,-4.4444421,0.87431163,11.23798,1.9155883,0.41806961,11.807367,4.8826294,0.044137702
1.0041155,-2.7530257,4.4109958,-0.18503596,3.3695511,-4.2551054,0.91448571,11.009311,1.3604833,0.44369741,12.038129,4.9499801,0.071767604
1.0044224,-2.6596199,4.392329,-0.11523015,3.3435553,-4.0373216,0.9487338,10.757043,0.77818857,0.46637262,12.256149,5.0196369,0.1019554
1.0047293,-2.5564935,4.3570558,-0.046379183,3.3111759,-3.791938,0.97722972,10.48072,0.18333555,0.49142256,12.460337,5.0920762,0.13298994
1.0050362,-2.4457649,4.3045121,0.020720188,3.2696807,-3.5188258,1.0019694,10.190397,-0.42125514,0.51448376,12.649251,5.1663232,0.16368887
1.0053431,-2.3281314,4.2346923,0.084219426,3.2278997,-3.2236375,1.0218662,9.8905713,-1.0281073,0.53836628,12.822973,5.2406096,0.19372231
1.00565,-2.2062569,4.1446742,0.14333551,3.1818433,-2.9012475,1.0332305,9.5931087,-1.6271171,0.55579503,12.982773,5.312054,0.2225716
1.005957,-2.0807261,4.0352372,0.19841201,3.1233617,-2.5525727,1.0379417,9.3196471,-2.2019504,0.56793075,13.129959,5.3778618,0.24990251
1.0062639,-1.9526652,3.9080878,0.24567388,3.0540618,-2.1776049,1.039786,9.0764721,-2.7443135,0.57219742,13.264941,5.4377056,0.27588599
1.0065709,-1.8245349,3.7653905,0.28756717,2.9820338,-1.7653253,1.035408,8.8732786,-3.2479184,0.57020022,13.388166,5.4856227,0.30096285
1.0068779,-1.6976209,3.6074898,0.32227922,2.9059016,-1.3379655,1.0292828,8.7139888,-3.7058079,0.56155106,13.50066,5.513565,0.32425431
1.0071849,-1.5695904,3.4363388,0.34524111,2.8335919,-0.88245548,1.0067405,8.5724997,-4.1136749,0.54717451,13.602719,5.5194914,0.34578817
1.0074919,-1.4460804,3.2519107,0.36019912,2.7481954,-0.40814832,0.97122541,8.4494499,-4.4689554,0.52807154,13.694166,5.5112195,0.3662225
1.0077989,-1.3269797,3.0531468,0.36791426,2.6533678,0.082823928,0.92044799,8.3498515,-4.7699294,0.5092953,13.773696,5.4900175,0.38556119
1.0081059,-1.2092357,2.8389586,0.36651606,2.5635101,0.59349442,0.85025269,8.2811995,-5.0164961,0.49207802,13.839458,5.4409881,0.40276483
1.008413,-1.0977035,2.6100688,0.35818262,2.4699099,1.107267,0.77940295,8.234548,-5.2107551,0.48004928,13.888371,5.355173,0.4179621
1.00872,-0.9835,2.372887,0.34563672,2.3833214,1.6258784,0.68856595,8.2093232,-5.3561938,0.47685795,13.918513,5.2160806,0.43057231
1.0090271,-0.86372356,2.1251268,0.32827609,2.3134021,2.124958,0.5751845,8.2134813,-5.4568639,0.4823414,13.927754,5.0123976,0.44118599
1.0093341,-0.73973109,1.8603548,0.31022322,2.2619362,2.6087884,0.45409735,8.244238,-5.516041,0.49661313,13.91323,4.7442935,0.45111173
1.0096412,-0.63254225,1.5889568,0.28297815,2.2332734,3.0743855,0.3310698,8.2950104,-5.5395372,0.51704044,13.872036,4.4250395,0.46064595
1.0099483,-0.53520843,1.3109252,0.24565181,2.2319016,3.5110444,0.21649234,8.3608485,-5.5367826,0.54155344,13.802639,4.053196,0.47011006
1.0102554,-0.44534234,1.0283617,0.1989836,2.2584141,3.9160111,0.1134905,8.43309,-5.5093141,0.56769399,13.704025,3.6293091,0.47849342
1.0105625,-0.36625379,0.7450444,0.15642435,2.3383803,4.2795194,0.024147545,8.5078966,-5.4605492,0.5940354,13.574136,3.1566429,0.48631095
1.0108696,-0.29539633,0.46083143,0.12182837,2.451408,4.6045267,-0.044611971,8.5821637,-5.3931006,0.61984477,13.412498,2.6401045,0.49141578
1.0111766,-0.22461636,0.17427677,0.088821068,2.5916811,4.889736,-0.08867285,8.653141,-5.3077761,0.64362719,13.225629,2.0877702,0.49562321
1.0114837,-0.15877685,-0.11362528,0.055258668,2.7563191,5.1357904,-0.1058697,8.7188879,-5.2047397,0.6653516,13.012501,1.5009977,0.49823137
1.0117907,-0.093699991,-0.40138009,0.017984063,2.9516509,5.3439347,-0.096495805,8.7753854,-5.0840944,0.68393368,12.775981,0.89008429,0.50017517
1.0120978,-0.043676951,-0.67664144,-0.018202698,3.1755171,5.5176833,-0.068067002,8.8163035,-4.9422452,0.699312,12.520923,0.26344127,0.49956681
1.0124048,-0.012684492,-0.94250762,-0.057099134,3.4233141,5.6608233,-0.022522332,8.8394832,-4.778684,0.71231293,12.254679,-0.36274302,0.49552836
1.0127118,0.0061428989,-1.1978355,-0.093352488,3.6925593,5.7763045,0.039075214,8.8411744,-4.5911075,0.72362898,11.987969,-0.98196524,0.48556814
1.0130189,0.012717825,-1.444672,-0.12951265,3.9792172,5.867462,0.11394808,8.8254761,-4.3782211,0.73389279,11.724569,-1.5824028,0.4683149
1.0133259,0.0067216665,-1.6743653,-0.16574182,4.2807169,5.9368522,0.19704032,8.7884883,-4.135504,0.74230095,11.48174,-2.1547624,0.44447867
1.0136329,-0.010911468,-1.8890059,-0.20167546,4.5943287,5.988406,0.28297391,8.7290406,-3.8531872,0.74906716,11.269999,-2.6866606,0.4149029
1.0139399,-0.043000046,-2.0843938,-0.23887298,4.9339563,6.0227612,0.3683389,8.6467545,-3.529273,0.75540941,11.097762,-3.1726139,0.38133661
1.0142469,-0.088442561,-2.2603154,-0.27516921,5.2928798,6.0413805,0.44953067,8.5415236,-3.1625111,0.76233064,10.971687,-3.6064939,0.34541008
1.0145539,-0.14363691,-2.4166733,-0.31156687,5.6637091,6.0478857,0.52257269,8.428129,-2.7603693,0.76728854,10.892332,-3.9861458,0.30909338
1.014861,-0.20754074,-2.551725,-0.3431294,6.0383355,6.0449273,0.58821405,8.2969686,-2.3217641,0.76963312,10.847283,-4.3100462,0.27383117
1.015168,-0.27873018,-2.6661676,-0.36951342,6.4024657,6.0328234,0.63853105,8.1515411,-1.8439211,0.76417553,10.824817,-4.5804625,0.24205879
1.015475,-0.35960127,-2.758103,-0.39064537,6.7338259,6.0122037,0.67300274,7.9948189,-1.3330999,0.76026643,10.829053,-4.7997585,0.2161934
1.015782,-0.44766277,-2.827883,-0.40728114,7.0315867,5.9818395,0.69268535,7.8440073,-0.7833406,0.75873852,10.854701,-4.971958,0.19712646
1.016089,-0.5401356,-2.8744888,-0.42017941,7.2952972,5.9380472,0.69769599,7.6799207,-0.22611551,0.7448832,10.903749,-5.1043249,0.18576305
1.0163961,-0.63788275,-2.8934064,-0.42551665,7.5284363,5.8807051,0.68991354,7.5232646,0.34642669,0.72300361,10.970885,-5.2043939,0.18258355
1.0167031,-0.74521265,-2.887948,-0.4293919,7.7298756,5.806009,0.67134589,7.3836213,0.92886341,0.68474155,11.047914,-5.2785713,0.18688939
1.0170101,-0.85110862,-2.8600732,-0.42839887,7.8993249,5.7117116,0.64488959,7.2708302,1.5040695,0.64787512,11.135139,-5.3301513,0.19700754
1.0173172,-0.9549735,-2.8112205,-0.42209636,8.0360603,5.595162,0.61434675,7.1936444,2.0552376,0.5891462,11.232785,-5.3628813,0.21180025
1.0176242,-1.0543002,-2.7426075,-0.40924707,8.1401156,5.453108,0.58027959,7.1538954,2.57407,0.5151352,11.336787,-5.3804689,0.23003027
1.0179313,-1.1489948,-2.6543265,-0.39056856,8.2140215,5.2857766,0.54556222,7.155088,3.0546228,0.42969184,11.438606,-5.3830662,0.25081024
1.0182384,-1.239605,-2.5463338,-0.36817176,8.2568022,5.089504,0.50948995,7.1990638,3.4887242,0.33433167,11.532369,-5.3754952,0.27294086
1.0185454,-1.3251525,-2.418693,-0.34251749,8.2683513,4.8629042,0.4734066,7.2836988,3.871439,0.23341403,11.614663,-5.3549212,0.29431463
1.0188525,-1.4062682,-2.2716411,-0.3145636,8.2557942,4.6059053,0.44042342,7.4048425,4.2001362,0.14597997,11.683611,-5.3201437,0.31422154
1.0191596,-1.4822653,-2.1058131,-0.28516651,8.2182724,4.3203931,0.41026163,7.559716,4.4760771,0.071185309,11.737188,-5.2702801,0.33284698
1.0194667,-1.5538872,-1.9216341,-0.25644037,8.1555391,4.0019174,0.38487075,7.7431841,4.7012866,0.016016413,11.774547,-5.202047,0.34961032
1.0197738,-1.6228587,-1.7225157,-0.22741182,8.067971,3.6548877,0.35840004,7.9540665,4.8819511,-0.01490779,11.79553,-5.1107369,0.36347605
1.0200809,-1.6910719,-1.5090405,-0.20082924,7.9597768,3.2842378,0.33460594,8.1919873,5.0242192,-0.01954469,11.798268,-4.993143,0.37499103
1.020388,-1.7582808,-1.2791262,-0.17828817,7.846019,2.8969544,0.31872559,8.4557706,5.135298,-0.00395072,11.780881,-4.8441865,0.3849579
1.0206951,-1.8253992,-1.038195,-0.15743313,7.7141197,2.4882957,0.30989507,8.7453255,5.2231105,0.029987388,11.743649,-4.6614958,0.3935286
1.0210021,-1.886995,-0.78594247,-0.13953072,7.562676,2.05902,0.30824907,9.0626435,5.2943689,0.077237046,11.686875,-4.4415238,0.40199211
1.0213092,-1.9463964,-0.51854599,-0.11975281,7.3943686,1.6117299,0.29602341,9.4102677,5.3544983,0.13291688,11.60789,-4.1781697,0.41104061
1.0216163,-2.0125449,-0.23968744,-0.11063054,7.2051223,1.1528179,0.29274918,9.758432,5.4089189,0.19285792,11.508093,-3.8659765,0.42084815
1.0219233,-2.0791297,0.036460908,-0.1091252,6.9918645,0.68965908,0.30355645,10.090074,5.4620662,0.24986355,11.385913,-3.5031857,0.43114983
1.0222304,-2.1425989,0.31044405,-0.11108065,6.7574581,0.2145607,0.31794621,10.40026,5.5159317,0.30059349,11.243799,-3.0916871,0.44088953
1.0225374,-2.2050213,0.59173095,-0.11283095,6.5081177,-0.2700608,0.33489153,10.685986,5.5693852,0.34244874,11.079365,-2.6342031,0.45212541
1.0228444,-2.2625717,0.87830201,-0.11904603,6.251624,-0.75862964,0.34813397,10.94595,5.6220121,0.37414881,10.90481,-2.1392456,0.46350087
1.0231514,-2.322992,1.1586515,-0.13078081,5.9712019,-1.2369712,0.36498546,11.181323,5.6731994,0.39622121,10.717597,-1.6115603,0.47174405
1.0234584,-2.3880426,1.4270295,-0.15196623,5.6882061,-1.7064902,0.3794955,11.392153,5.7207283,0.40992081,10.528592,-1.0560837,0.47328126
1.0237654,-2.4560863,1.6918004,-0.18348678,5.4176933,-2.1604443,0.38999948,11.579341,5.7582315,0.41648701,10.344002,-0.4841281,0.4754882
1.0240724,-2.5234051,1.9517886,-0.21726387,5.1737424,-2.5902736,0.39646851,11.743803,5.7811317,0.41748106,10.174611,0.092271166,0.47334257
1.0243794,-2.5909217,2.2042101,-0.25291317,4.9550858,-2.9922361,0.39741177,11.885463,5.7858827,0.41430242,10.033514,0.66532768,0.46481071
1.0246864,-2.6614727,2.4523364,-0.29156271,4.7664216,-3.357543,0.40253594,12.006414,5.7767195,0.40793963,9.9298899,1.2259564,0.45170139
1.0249934,-2.7246956,2.6898744,-0.33271956,4.6012085,-3.6892436,0.41185822,12.1073,5.749187,0.4012137,9.8676582,1.7581664,0.42486411
1.0253004,-2.7775366,2.9164585,-0.37541764,4.4478558,-3.9794618,0.42391836,12.188058,5.7053514,0.39471515,9.8448663,2.2536607,0.3858939
1.0256074,-2.825339,3.1308916,-0.4178563,4.3076844,-4.2299653,0.43714983,12.250054,5.6450559,0.3882511,9.8591659,2.7066455,0.33467987
1.0259144,-2.8687747,3.332516,-0.45491749,4.1808126,-4.4397292,0.45415469,12.292786,5.5571231,0.38335184,9.8984153,3.1122501,0.27715574
1.0262214,-2.9125295,3.5197148,-0.48516436,4.077073,-4.6106849,0.47690876,12.316196,5.4301075,0.3795326,9.9572422,3.4648305,0.21519809
1.0265284,-2.952157,3.6913892,-0.50716406,3.9814171,-4.74354,0.5053647,12.319708,5.2566315,0.37865284,10.04846,3.7649549,0.15498856
1.0268353,-2.9822396,3.8462791,-0.52051735,3.8902586,-4.8392769,0.54037164,12.300656,5.032374,0.38074084,10.170719,4.0145161,0.098934236
1.0271423,-3.0037137,3.9843792,-0.52345776,3.8045081,-4.8971511,0.58001835,12.257107,4.7652974,0.38684287,10.334146,4.2191343,0.050983469
1.0274493,-3.0154216,4.1051645,-0.51620504,3.7221337,-4.9186173,0.62488919,12.195066,4.4607621,0.39750331,10.541904,4.380943,0.012806028
1.0277563,-3.0136272,4.207025,-0.49684108,3.644457,-4.9053101,0.67460506,12.109772,4.1169301,0.41081964,10.771975,4.5079555,-0.014291779
1.0280633,-2.9966973,4.2890851,-0.46607699,3.5893927,-4.8591964,0.72796111,11.998552,3.7325112,0.42982977,11.013831,4.6071145,-0.029925482
1.0283703,-2.9622214,4.3495558,-0.42598763,3.5518,-4.7841453,0.78342803,11.860018,3.3125444,0.44758223,11.260962,4.6860715,-0.033156075
1.0286773,-2.9113265,4.3862031,-0.3748902,3.5250987,-4.6812683,0.83843147,11.699598,2.8525131,0.47324443,11.5067,4.7547302,-0.025284155
1.0289844,-2.8460059,4.4040229,-0.31397556,3.5025538,-4.5465115,0.89154466,11.514136,2.3570674,0.49975529,11.74682,4.819191,-0.0086250786
1.0292914,-2.766654,4.409683,-0.24593012,3.4832738,-4.3841708,0.9403044,11.301828,1.8279937,0.52702562,11.977471,4.8829221,0.014383373
1.0295984,-2.6760634,4.4071763,-0.17319348,3.4625964,-4.1921844,0.98289405,11.063864,1.267968,0.55311724,12.196481,4.9486939,0.042309384
1.0299054,-2.5729257,4.3891895,-0.097530405,3.4374606,-3.9733766,1.0214601,10.800457,0.68191624,0.57776228,12.403073,5.0174645,0.073080641
1.0302125,-2.4598406,4.3542711,-0.02195274,3.4037541,-3.7266808,1.0538047,10.516231,0.081392602,0.60202896,12.596135,5.0892305,0.10539451
1.0305195,-2.3391304,4.3025,0.051565884,3.3614263,-3.4528944,1.0813042,10.219772,-0.5279893,0.62334824,12.775043,5.1629341,0.13731366
1.0308266,-2.2123677,4.2344704,0.12132069,3.316911,-3.1562723,1.1034634,9.9116087,-1.1378927,0.64416753,12.940127,5.2366808,0.16895903
1.0311337,-2.0816756,4.1460948,0.18649678,3.2673049,-2.8310863,1.1150511,9.6218995,-1.7362805,0.65906279,13.092867,5.3074572,0.19979628
1.0314408,-1.9480996,4.0380856,0.24755659,3.20529,-2.4813819,1.1259591,9.3527318,-2.3078978,0.66637129,13.234412,5.3721011,0.22952526
1.0317479,-1.8132006,3.9129266,0.30333116,3.1323619,-2.1018392,1.1291018,9.1170073,-2.8452415,0.66505574,13.365202,5.4299799,0.25832386
1.032055,-1.6789296,3.7711381,0.34666553,3.0568772,-1.687485,1.1249692,8.9286511,-3.3421948,0.65651689,13.485256,5.4752473,0.28656241
1.0323621,-1.5453651,3.6136252,0.37989602,2.9777753,-1.2571079,1.1174113,8.7726202,-3.7923151,0.63987626,13.595345,5.4993933,0.31365131
1.0326692,-1.4129625,3.4425261,0.40424944,2.9022895,-0.79748393,1.090844,8.6345284,-4.1905451,0.61640201,13.695793,5.5007232,0.33953426
1.0329763,-1.2865631,3.2580021,0.41960302,2.8110019,-0.32194084,1.0511325,8.5163936,-4.5345224,0.58774259,13.785918,5.4873984,0.36496113
1.0332834,-1.1653162,3.0591389,0.42943341,2.7151604,0.17210161,0.99309018,8.4256901,-4.8230353,0.55956067,13.864086,5.457836,0.39008186
1.0335904,-1.0465314,2.8447638,0.43026621,2.6252938,0.68349384,0.91382097,8.3631176,-5.0573996,0.5330756,13.928124,5.3953849,0.41370472
1.0338975,-0.93477098,2.6173315,0.42310974,2.5333152,1.197221,0.8293276,8.322125,-5.2387332,0.51474121,13.974782,5.2957291,0.43614471
1.0342046,-0.82146029,2.3800089,0.40955895,2.4505642,1.7133194,0.72498207,8.3082001,-5.372252,0.50700856,14.002367,5.1416034,0.45663203
1.0345116,-0.70014255,2.1319977,0.39236769,2.3885585,2.2076377,0.59982091,8.323743,-5.4627567,0.51008014,14.007747,4.9218489,0.47553974
1.0348186,-0.5865899,1.8677636,0.37383414,2.3451134,2.68678,0.46748496,8.3636622,-5.5133694,0.5228591,13.987445,4.6446886,0.49373047
1.0351257,-0.48309458,1.5959473,0.34598329,2.3269184,3.1461646,0.33421925,8.4215258,-5.5276157,0.54321409,13.940524,4.3172387,0.51275402
1.0354327,-0.39128852,1.3176651,0.30732277,2.3380644,3.5758247,0.21148825,8.4913803,-5.517736,0.56891356,13.864225,3.9365616,0.53100025
1.0357397,-0.30859275,1.0333843,0.26065947,2.3815779,3.9724578,0.10122401,8.5656747,-5.4841505,0.59819496,13.757706,3.5043192,0.54737069
1.0360467,-0.23486028,0.74947755,0.2200845,2.4771314,4.3268932,0.004545883,8.6423784,-5.4308288,0.62904429,13.618548,3.0235548,0.56136001
1.0363536,-0.16201756,0.46381732,0.1830811,2.6027696,4.6432333,-0.068343888,8.7162911,-5.358888,0.6599936,13.449734,2.4997823,0.57364083
1.0366606,-0.09588201,0.17743364,0.14836864,2.7548574,4.9203147,-0.11467041,8.7866931,-5.2694942,0.6897341,13.252889,1.9378869,0.5833497
1.0369676,-0.037458132,-0.10926516,0.11300079,2.9350749,5.1589918,-0.13031942,8.8511172,-5.1620848,0.71763473,13.029594,1.3438096,0.59061225
1.0372746,0.020177624,-0.39849999,0.075784791,3.148613,5.3589988,-0.12172064,8.903768,-5.0365627,0.74261892,12.783368,0.72636266,0.59615053
1.0375815,0.062058276,-0.67437782,0.035297502,3.3873112,5.5257919,-0.091814126,8.9402724,-4.8897941,0.76553445,12.520271,0.096841726,0.59906593
1.0378885,0.085907329,-0.94210823,-0.0021882406,3.6498791,5.6628026,-0.042875318,8.9574242,-4.7194172,0.78641266,12.250636,-0.53298213,0.59653032
1.0381954,0.098116549,-1.197695,-0.040066595,3.9333732,5.7721223,0.022955969,8.9527552,-4.524759,0.80588229,11.979754,-1.1528626,0.58648302
1.0385024,0.09724462,-1.4433897,-0.078109556,4.2327842,5.8577794,0.10127647,8.9297438,-4.3044222,0.82425634,11.719312,-1.7514073,0.56714062
1.0388094,0.084738655,-1.6723088,-0.11649913,4.5452616,5.922976,0.18772069,8.8838428,-4.0533965,0.84001684,11.485215,-2.3176914,0.538688
1.0391163,0.060817282,-1.8857194,-0.15580608,4.8732974,5.9708037,0.27846513,8.8145641,-3.7642896,0.85549699,11.291582,-2.841041,0.50213855
1.0394233,0.024230252,-2.0796162,-0.19448192,5.2239768,6.0019925,0.36815063,8.7258652,-3.4311495,0.86850785,11.139901,-3.3141743,0.46005528
1.0397302,-0.026132084,-2.2530293,-0.23434356,5.5903705,6.0177694,0.45355367,8.6156033,-3.0562766,0.88040954,11.034808,-3.7332845,0.41401387
1.0400372,-0.085537524,-2.405723,-0.27454296,5.964371,6.0220156,0.53241886,8.493364,-2.6458181,0.88831207,10.973156,-4.0959607,0.36628149
1.0403441,-0.15285623,-2.5380711,-0.30955613,6.3385897,6.0174388,0.60380072,8.3538839,-2.1955621,0.88888101,10.939006,-4.4017512,0.31935944
1.0406511,-0.2287986,-2.6504622,-0.33901178,6.684816,6.0038111,0.65910552,8.2000613,-1.7110078,0.89139813,10.92768,-4.6534127,0.27667882
1.040958,-0.31458567,-2.7406994,-0.36302639,6.9981694,5.9821154,0.6983763,8.0431995,-1.1889972,0.88984325,10.942373,-4.8532944,0.24032404
1.041265,-0.40747031,-2.8093937,-0.38275681,7.2775224,5.9499747,0.72221751,7.8835342,-0.63717241,0.88716372,10.976077,-5.0079392,0.21234605
1.041572,-0.50513366,-2.8573126,-0.39782891,7.5238766,5.9046221,0.73152587,7.7185159,-0.07013461,0.87048314,11.033894,-5.1257674,0.19348361
1.041879,-0.60490799,-2.8769611,-0.40390904,7.7414112,5.8451394,0.72760723,7.5675538,0.50957735,0.8429154,11.10585,-5.2142639,0.18407109
1.042186,-0.71400171,-2.8714789,-0.40737636,7.9274745,5.7675682,0.71294309,7.4374683,1.0930737,0.79957742,11.186728,-5.2783103,0.1831178
1.0424929,-0.82185258,-2.842864,-0.4063694,8.0819132,5.670236,0.69062295,7.3471629,1.6694805,0.75245597,11.27806,-5.3213144,0.18924752
1.0427999,-0.92668939,-2.7935538,-0.4000459,8.2040706,5.5504627,0.6634917,7.2870972,2.2122355,0.67961013,11.378046,-5.3474449,0.20144502
1.0431069,-1.0266882,-2.7242236,-0.38648909,8.2945732,5.4054752,0.63361064,7.262576,2.7215363,0.59027822,11.480554,-5.3594322,0.21835786
1.043414,-1.1212798,-2.6349612,-0.36638214,8.3564096,5.2352433,0.60224293,7.283515,3.1881316,0.48748385,11.577583,-5.3593936,0.23888616
1.043721,-1.2125513,-2.5257966,-0.34163,8.3873393,5.0365348,0.57021805,7.3409938,3.6062375,0.37439416,11.665471,-5.3473422,0.26181934
1.044028,-1.2982525,-2.3965391,-0.31364606,8.3890244,4.8075181,0.53917476,7.4420133,3.9698287,0.25868133,11.741327,-5.3226195,0.28524507
1.0443351,-1.3809645,-2.2473442,-0.28232207,8.3673777,4.5488043,0.51079503,7.5834933,4.2801903,0.1579877,11.803401,-5.2836081,0.30845767
1.0446421,-1.4584634,-2.0807929,-0.25131766,8.3202079,4.2616168,0.48703634,7.757368,4.5370326,0.071844541,11.849671,-5.2285054,0.33149469
1.0449492,-1.5311549,-1.8964781,-0.22065922,8.2493182,3.9422943,0.46626905,7.9568189,4.7449583,0.008467976,11.880415,-5.1537567,0.35400106
1.0452562,-1.6018685,-1.6965768,-0.18920647,8.1523652,3.5941337,0.44465274,8.1800675,4.9105739,-0.028593755,11.894457,-5.0553084,0.37465898
1.0455633,-1.6703225,-1.4821863,-0.16104024,8.0371581,3.223082,0.42609253,8.4270547,5.0404287,-0.037633792,11.889927,-4.9290844,0.39431219
1.0458704,-1.7380537,-1.2514085,-0.13655503,7.9155605,2.8345614,0.41533883,8.7026518,5.1417587,-0.025546039,11.864831,-4.7701054,0.4137075
1.0461775,-1.8050134,-1.0093326,-0.1142601,7.7744949,2.4240416,0.41321021,9.0000938,5.2224823,0.0052349279,11.820226,-4.575792,0.43232393
1.0464846,-1.8662656,-0.75467081,-0.094306297,7.6142382,1.9935715,0.4110766,9.3314939,5.2877494,0.050366439,11.755085,-4.3428222,0.45196971
1.0467918,-1.9265102,-0.48619117,-0.075245762,7.4362308,1.5425358,0.40062017,9.681068,5.3442751,0.1047725,11.668061,-4.0650999,0.47278732
1.0470989,-1.9928451,-0.20523297,-0.067254079,7.2347606,1.0829282,0.40048777,10.017382,5.3972926,0.16394016,11.558383,-3.7375337,0.49440798
1.047406,-2.0588701,0.070952117,-0.067847626,7.0101866,0.61681933,0.4122898,10.334255,5.4500148,0.22068939,11.425207,-3.3604762,0.51495495
1.0477132,-2.1232457,0.3446658,-0.069643212,6.7657502,0.13806789,0.42780139,10.628268,5.5032822,0.27163932,11.273703,-2.9360246,0.53699851
1.0480204,-2.187018,0.62733187,-0.073268515,6.5058333,-0.34818948,0.44274918,10.897785,5.5565816,0.31414571,11.103304,-2.4677475,0.55948933
1.0483275,-2.2470682,0.91501056,-0.082493823,6.2405357,-0.8388952,0.45422491,11.142473,5.6088302,0.34765121,10.918082,-1.96132,0.57986973
1.0486346,-2.3078933,1.1915343,-0.095747372,5.9520046,-1.3189477,0.46743548,11.364329,5.658991,0.37261175,10.725459,-1.4241977,0.59363833
1.0489418,-2.3757181,1.4587421,-0.12118395,5.6666368,-1.7896841,0.47716438,11.562326,5.7047161,0.38941807,10.537872,-0.86094668,0.60327012
1.0492489,-2.4458342,1.7219357,-0.15620413,5.4020189,-2.2433923,0.48249474,11.73743,5.7408288,0.3999371,10.357401,-0.28095289,0.60858095
1.049556,-2.5150619,1.9789428,-0.19447589,5.1582916,-2.6715957,0.48366146,11.891038,5.7615066,0.40554981,10.19813,0.29643712,0.60846716
1.0498631,-2.5846378,2.2292055,-0.2347731,4.9482379,-3.0697825,0.48295645,12.023162,5.7624582,0.40775513,10.072565,0.86771836,0.60247844
1.0501702,-2.6550153,2.4737867,-0.27853605,4.7651713,-3.4319683,0.48589788,12.136267,5.7491587,0.40795936,9.9897451,1.4222132,0.58463246
1.0504773,-2.7184235,2.7087258,-0.3246672,4.5930139,-3.7592807,0.49132081,12.229877,5.7176399,0.40801514,9.9499488,1.9438974,0.55092957
1.0507844,-2.769124,2.9311927,-0.37135622,4.4353355,-4.0445461,0.49945243,12.303973,5.6688158,0.409397,9.9440563,2.4247085,0.50030866
1.0510915,-2.8134591,3.1412,-0.41749546,4.2914427,-4.2892306,0.51034773,12.359526,5.6014236,0.41125553,9.9697326,2.8590473,0.43380046
1.0513986,-2.8566755,3.3382775,-0.45719727,4.1679979,-4.4927487,0.52600045,12.396684,5.5070279,0.41508831,10.016058,3.2448842,0.35735594
1.0517057,-2.8998183,3.5210865,-0.4893545,4.0691892,-4.6568765,0.54685764,12.414666,5.3729611,0.42108352,10.093171,3.576503,0.27708083
1.0520127,-2.9359955,3.6879747,-0.51140976,3.977526,-4.7825857,0.57272872,12.411775,5.1922286,0.429799,10.206317,3.8553367,0.19873541
1.0523198,-2.9609829,3.8376089,-0.52323605,3.8918798,-4.86962,0.60634389,12.385653,4.9612532,0.44232711,10.352777,4.0864935,0.12713769
1.0526269,-2.9754574,3.971048,-0.52335911,3.8114914,-4.9177636,0.64682801,12.335592,4.688908,0.4594364,10.540028,4.2725307,0.063519675
1.052934,-2.9754037,4.0877999,-0.51176108,3.7349243,-4.93033,0.69363581,12.265664,4.3785002,0.48020834,10.755153,4.4178958,0.011500928
1.0532411,-2.9587985,4.1877743,-0.48778793,3.6802927,-4.9083407,0.74667205,12.171177,4.0271391,0.50461829,10.985749,4.5313919,-0.027884876
1.0535482,-2.9258733,4.2691268,-0.45177091,3.6445128,-4.8529149,0.80375317,12.049339,3.6355618,0.53285746,11.225111,4.6187751,-0.053341428
1.0538553,-2.8754714,4.3281071,-0.40313917,3.6225686,-4.7678374,0.86240036,11.896034,3.2059326,0.55963969,11.464456,4.6905986,-0.064900718
1.0541624,-2.8094962,4.3639161,-0.34337323,3.6075337,-4.6564117,0.92027025,11.72657,2.7386038,0.5932162,11.700167,4.75497,-0.063000194
1.0544695,-2.7293903,4.3788358,-0.27394646,3.5937718,-4.5139271,0.97620764,11.529888,2.2353029,0.62576854,11.928625,4.8173072,-0.050425222
1.0547766,-2.6357445,4.3821346,-0.19599888,3.5802942,-4.3438855,1.0289121,11.305813,1.6975985,0.65930887,12.147457,4.8803583,-0.029610342
1.0550837,-2.530364,4.3771245,-0.11285628,3.5644144,-4.145822,1.0775374,11.055646,1.1285871,0.6850135,12.354474,4.9457607,-0.0024896663
1.0553909,-2.4128269,4.3547916,-0.02743434,3.5409667,-3.9203741,1.1207344,10.781361,0.53833454,0.71352697,12.549034,5.0148374,0.028925755
1.055698,-2.2865614,4.3150924,0.05725794,3.5076899,-3.6682308,1.1577571,10.489907,-0.067907962,0.73943762,12.730833,5.0866546,0.062711908
1.0560051,-2.153605,4.2588938,0.13865537,3.4632932,-3.3883756,1.1898392,10.181896,-0.68140097,0.7623651,12.899761,5.1600844,0.097775923
1.0563123,-2.0157417,4.1864768,0.21510733,3.4169053,-3.0861851,1.2132849,9.8771963,-1.2935276,0.78173412,13.056524,5.2337327,0.13302073
1.0566194,-1.8770267,4.0940847,0.29083407,3.3628776,-2.7562388,1.232827,9.5939121,-1.8903178,0.79588301,13.202522,5.303823,0.16802714
1.0569266,-1.7334662,3.9820692,0.35469755,3.294996,-2.3999464,1.2465484,9.334237,-2.4594301,0.80052296,13.33855,5.3668758,0.20247925
1.0572338,-1.590553,3.851969,0.40619141,3.2172519,-2.0144251,1.254136,9.1177125,-2.991653,0.79552024,13.464731,5.4226825,0.23663602
1.0575409,-1.4497545,3.7059476,0.45074273,3.1365536,-1.5940645,1.2540314,8.9435423,-3.4821656,0.78126043,13.581549,5.4642225,0.27075155
1.0578481,-1.3115843,3.5439803,0.48585676,3.0531433,-1.1575138,1.2458936,8.7932562,-3.9230484,0.75713001,13.688595,5.4825219,0.30420711
1.0581553,-1.1779901,3.3675826,0.51127074,2.9702818,-0.69368436,1.2191163,8.6627175,-4.3112439,0.72481652,13.785926,5.4788004,0.33673125
1.0584624,-1.051665,3.1772208,0.52926217,2.8727752,-0.21406014,1.1745951,8.5566241,-4.6428693,0.68815334,13.872608,5.4600101,0.36942972
1.0587695,-0.93200202,2.9728167,0.5376824,2.7728673,0.28349404,1.1086127,8.4837501,-4.9179412,0.65200436,13.946576,5.4191971,0.4026228
1.0590767,-0.81667813,2.7530738,0.53769607,2.6802894,0.79638976,1.0221296,8.4341774,-5.1380564,0.61744255,14.005534,5.3444385,0.43561539
1.0593838,-0.70873142,2.5217393,0.52943187,2.5875705,1.3112346,0.9247326,8.4097936,-5.3054041,0.59379087,14.046889,5.2301182,0.46828727
1.0596909,-0.59809431,2.2790537,0.51331136,2.5080624,1.8250752,0.80917973,8.4165715,-5.4254657,0.58267475,14.068045,5.059299,0.49965797
1.059998,-0.49125787,2.0257225,0.49507194,2.4499655,2.3165565,0.67189817,8.4510325,-5.5037777,0.5843939,14.065522,4.8243415,0.53078998
1.0603051,-0.38757715,1.758192,0.47143415,2.4157045,2.791998,0.52804742,8.5060096,-5.5440831,0.59760299,14.036659,4.5359002,0.56255336
1.0606121,-0.2980209,1.4833861,0.43593423,2.4120593,3.2458635,0.38434494,8.5757006,-5.5486913,0.61996113,13.980026,4.1974001,0.594465
1.0609192,-0.21808188,1.1999118,0.393828,2.4397178,3.6696978,0.25534754,8.6520908,-5.5309166,0.64890142,13.893416,3.8057404,0.62440553
1.0612263,-0.13814369,0.91253512,0.34496836,2.5084207,4.0583019,0.14015018,8.7316146,-5.4907502,0.68184968,13.775507,3.3632523,0.65042829
1.0615333,-0.067486369,0.62629473,0.30225239,2.6237138,4.4047275,0.040827251,8.8101881,-5.4314394,0.71688583,13.624035,2.8725624,0.67285631
1.0618404,-0.0039196323,0.33714691,0.26223619,2.7691076,4.7131277,-0.032347402,8.8855973,-5.3541294,0.75274197,13.444149,2.3412663,0.69305532
1.0621474,0.052033805,0.049079776,0.22512083,2.9463863,4.9828682,-0.076326277,8.9554778,-5.2595547,0.78849804,13.236583,1.7708152,0.70952908
1.0624544,0.10266441,-0.24208664,0.1865397,3.1522985,5.2149107,-0.091010834,9.0164151,-5.1467431,0.82291645,13.00364,1.1695639,0.72276678
1.0627615,0.14743258,-0.52689319,0.14776459,3.3934119,5.4089632,-0.07996906,9.0620294,-5.0151922,0.85522971,12.749749,0.54554817,0.73339291
1.0630685,0.17679044,-0.80341835,0.10243111,3.6587148,5.5704899,-0.046513708,9.0896749,-4.8618889,0.88560269,12.483036,-0.086869775,0.74055827
1.0633755,0.18783325,-1.068916,0.057609602,3.9458903,5.7020633,0.0067235572,9.0971141,-4.684258,0.91413396,12.213619,-0.71867207,0.7412332
1.0636825,0.18696225,-1.3225314,0.014622315,4.2529665,5.8065792,0.075962283,9.0816962,-4.481598,0.94103279,11.94434,-1.3381149,0.73276179
1.0639896,0.17535386,-1.5657351,-0.029841525,4.5736214,5.8875585,0.15655656,9.0468357,-4.2534516,0.96595536,11.695559,-1.932856,0.71164393
1.0642966,0.15472978,-1.7911636,-0.074807835,4.9071965,5.9483482,0.24485124,8.9872993,-3.9931356,0.98955068,11.481161,-2.4907194,0.67872753
1.0646036,0.12061776,-2.0006469,-0.12092562,5.2563196,5.9922137,0.33637785,8.9083043,-3.6935258,1.0115611,11.30779,-3.0028943,0.63539854
1.0649106,0.077331463,-2.1892992,-0.16596431,5.6229962,6.0189877,0.42735261,8.8084835,-3.3500877,1.0301205,11.181385,-3.461903,0.58415536
1.0652176,0.021029637,-2.3567148,-0.21356045,5.9979715,6.0300832,0.5148855,8.6919469,-2.9652197,1.046538,11.10127,-3.8638056,0.52699039
1.0655246,-0.044938514,-2.5025913,-0.25819288,6.3740861,6.0308004,0.59895324,8.5574995,-2.5436011,1.0556776,11.06017,-4.207835,0.46659209
1.0658316,-0.12070594,-2.6266556,-0.29705213,6.7245743,6.0228319,0.67164594,8.406926,-2.0837244,1.062424,11.042086,-4.4950513,0.40675157
1.0661387,-0.20420171,-2.7286605,-0.33071292,7.0423629,6.0065192,0.72903633,8.2465361,-1.5874098,1.0649886,11.048408,-4.727631,0.35100488
1.0664457,-0.29602321,-2.808577,-0.35967201,7.3265664,5.9820861,0.77047823,8.0813505,-1.050835,1.0664077,11.076072,-4.910088,0.30204456
1.0667527,-0.39408543,-2.8678865,-0.38323222,7.5779943,5.9459681,0.79634813,7.914187,-0.49404741,1.062654,11.124019,-5.0500544,0.26310195
1.0670598,-0.49530327,-2.9068523,-0.40191762,7.799158,5.8969083,0.80879837,7.7538568,0.081562247,1.0430069,11.189666,-5.1567191,0.2344033
1.0673668,-0.59730528,-2.9189689,-0.41183377,7.9921368,5.8323485,0.80745944,7.6100874,0.66474584,1.0134858,11.268668,-5.2353098,0.21649604
1.0676738,-0.70519124,-2.9055037,-0.4138314,8.1528007,5.7492577,0.7935774,7.5020184,1.2477545,0.9683082,11.355653,-5.2901932,0.20879403
1.0679809,-0.81247411,-2.8699668,-0.41097672,8.2826165,5.6453887,0.77197757,7.4308965,1.8191776,0.90508864,11.45167,-5.3255017,0.21001005
1.068288,-0.91554853,-2.8136511,-0.39980994,8.3814371,5.5187589,0.74599123,7.3847159,2.355826,0.81819162,11.55262,-5.3453083,0.21881874
1.068595,-1.0135339,-2.7369195,-0.38067904,8.4504996,5.3675626,0.71655651,7.3787612,2.8555259,0.71424101,11.649454,-5.3523047,0.23394534
1.0689021,-1.1066624,-2.6395083,-0.35471211,8.4919375,5.1905419,0.68572681,7.4115707,3.3089674,0.59546765,11.739469,-5.3480189,0.25455857
1.0692092,-1.1951952,-2.5219302,-0.32434303,8.5024084,4.9833946,0.65556598,7.4819452,3.7128454,0.46637715,11.81941,-5.3322744,0.27916355
1.0695163,-1.2790613,-2.3849787,-0.29127382,8.4869781,4.7460109,0.62605,7.6113226,4.0605971,0.33813735,11.886562,-5.3040864,0.30573136
1.0698234,-1.3608312,-2.2303363,-0.25653989,8.4487116,4.4777605,0.60058441,7.779341,4.3544878,0.22351446,11.939548,-5.2613358,0.33348316
1.0701305,-1.4372163,-2.0571834,-0.2212036,8.3860627,4.1812006,0.57942327,7.979057,4.5953172,0.12855036,11.977343,-5.2016474,0.36240548
1.0704376,-1.5110985,-1.8661819,-0.18501374,8.3010189,3.8527485,0.55919198,8.1988786,4.791085,0.057649063,11.999592,-5.1205235,0.39212929
1.0707447,-1.5809662,-1.6608891,-0.15070146,8.1862636,3.4928494,0.54051108,8.4376721,4.9465353,0.013800909,12.004316,-5.0142659,0.42145019
1.0710519,-1.6482037,-1.4402025,-0.12054379,8.0611098,3.1125337,0.52449826,8.7046045,5.0686086,-0.0037917136,11.989872,-4.8785584,0.45110277
1.071359,-1.7157119,-1.2046241,-0.093974527,7.9260741,2.7127373,0.51775669,8.9949746,5.1650618,0.0034470996,11.954224,-4.7091225,0.48067217
1.0716662,-1.7802463,-0.95743843,-0.071114773,7.771738,2.2905349,0.51936739,9.3163301,5.2425299,0.029760969,11.899705,-4.5025239,0.51109473
1.0719733,-1.8387245,-0.69580135,-0.047586023,7.5973269,1.8498332,0.51300429,9.6642961,5.3060646,0.071206361,11.822336,-4.2554918,0.54309705
1.0722805,-1.8999858,-0.42338647,-0.031778117,7.4040093,1.3864167,0.50338701,10.00155,5.3619778,0.12255584,11.722892,-3.9625071,0.57664983
1.0725877,-1.9662946,-0.13964724,-0.026957893,7.185079,0.9198074,0.5053335,10.320672,5.4157196,0.17836153,11.599838,-3.6188391,0.61017028
1.0728949,-2.0320466,0.13907745,-0.026045867,6.9448977,0.44233067,0.51823424,10.617822,5.4695853,0.23304806,11.456485,-3.2265816,0.64482676
1.0732021,-2.0983002,0.41690678,-0.02749109,6.68725,-0.0476829,0.53342649,10.890042,5.5230356,0.28191161,11.292125,-2.788322,0.6793339
1.0735093,-2.1628872,0.70018883,-0.036008959,6.4143208,-0.54113605,0.54637793,11.1379,5.5760355,0.32313734,11.111118,-2.3081656,0.71257909
1.0738164,-2.2240283,0.98184098,-0.050407568,6.1342214,-1.0364532,0.5563635,11.361984,5.6271282,0.35613516,10.917477,-1.7912435,0.74036941
1.0741236,-2.2892705,1.2571895,-0.067789689,5.8390116,-1.5192547,0.56722498,11.564637,5.6757524,0.38164627,10.7229,-1.2455383,0.76004662
1.0744307,-2.3611809,1.5228672,-0.099098111,5.5564133,-1.9904378,0.57312805,11.74455,5.7190834,0.40018263,10.533723,-0.67806138,0.77432099
1.0747378,-2.4329537,1.7825208,-0.13830761,5.2955993,-2.4406025,0.57356182,11.903076,5.7519517,0.41328349,10.359838,-0.10012604,0.78175927
1.075045,-2.5038285,2.0367357,-0.18111158,5.0652254,-2.8642244,0.57057221,12.041071,5.7678377,0.42228212,10.216,0.47739976,0.78222211
1.0753521,-2.576255,2.2853336,-0.22681837,4.867965,-3.2549649,0.56916767,12.159834,5.7649611,0.42869839,10.112075,1.0451815,0.7794391
1.0756592,-2.6441487,2.5265324,-0.27514932,4.6788419,-3.6096181,0.57092698,12.260929,5.7476979,0.43392283,10.049489,1.5874496,0.75740961
1.0759663,-2.7004403,2.7569102,-0.32539959,4.5036473,-3.9246881,0.57454328,12.34374,5.7123134,0.44033609,10.022979,2.0958046,0.71516439
1.0762734,-2.7491591,2.9730988,-0.37505998,4.3445297,-4.1995613,0.58231947,12.407775,5.6598864,0.44792689,10.032117,2.5607868,0.65030975
1.0765805,-2.7958386,3.176205,-0.42131141,4.209089,-4.4334102,0.59564223,12.453302,5.5861434,0.45704764,10.069722,2.9769473,0.56554474
1.0768876,-2.8397612,3.3656473,-0.45937116,4.0982862,-4.6251754,0.61488487,12.480583,5.4834683,0.46848802,10.130706,3.3422301,0.46958418
1.0771946,-2.879457,3.5403949,-0.48705771,4.0092535,-4.776718,0.6398221,12.488246,5.3390922,0.48230023,10.230326,3.654805,0.36918229
1.0775017,-2.909587,3.7002939,-0.50385221,3.9283509,-4.8888147,0.67019993,12.473715,5.1464523,0.50021135,10.367241,3.9146062,0.27129514
1.0778088,-2.9250942,3.8433396,-0.50767677,3.8544789,-4.9620123,0.70741726,12.434897,4.9042868,0.52141263,10.537064,4.1295385,0.18081501
1.0781159,-2.9227961,3.9695283,-0.4986328,3.7857628,-4.9972217,0.75279344,12.374686,4.6217667,0.54799171,10.73763,4.3015529,0.10208375
1.078423,-2.9013443,4.0792684,-0.47575652,3.7414833,-4.9963729,0.80426026,12.291412,4.2984735,0.57809374,10.956592,4.4367921,0.035499559
1.0787301,-2.8651896,4.1725866,-0.44102277,3.7167724,-4.9602509,0.86065481,12.182112,3.9336754,0.61123702,11.185719,4.5418441,-0.016265579
1.0790371,-2.8125457,4.2481196,-0.39152094,3.7063687,-4.8905212,0.91884649,12.045387,3.5281172,0.64607849,11.418942,4.6246352,-0.052243953
1.0793442,-2.7429317,4.3028911,-0.32962405,3.7042491,-4.7941795,0.97662205,11.876785,3.0826358,0.68203728,11.651164,4.6951261,-0.071871038
1.0796513,-2.6577096,4.3358204,-0.25739871,3.7041434,-4.6707397,1.0340144,11.691337,2.6006579,0.72250052,11.877136,4.7604942,-0.075990533
1.0799584,-2.5585133,4.3461359,-0.17492156,3.7011149,-4.5173802,1.0913356,11.478268,2.0818625,0.76135671,12.094492,4.824075,-0.067725597
1.0802655,-2.4469374,4.3458428,-0.084693804,3.6966414,-4.3367984,1.1466443,11.238735,1.5295632,0.80305818,12.301128,4.8884059,-0.04944896
1.0805726,-2.3233074,4.3344449,0.0088216808,3.6862426,-4.1287877,1.1987845,10.9762,0.94669046,0.83100934,12.4961,4.9552905,-0.023526166
1.0808797,-2.1901282,4.3047193,0.10210231,3.666268,-3.8943781,1.2456717,10.69257,0.34664563,0.86242951,12.679277,5.025875,0.0082521614
1.0811868,-2.0512979,4.2571735,0.19258549,3.6351145,-3.6330623,1.2850144,10.390893,-0.26851831,0.88980581,12.850187,5.0985352,0.04349035
1.081494,-1.9051672,4.193764,0.27860176,3.5883602,-3.3437648,1.3198451,10.080545,-0.88818989,0.91366619,13.009478,5.1724864,0.081009102
1.0818011,-1.7540286,4.1143551,0.36036211,3.5401538,-3.0311009,1.3443299,9.7861316,-1.5036767,0.93163664,13.157985,5.2456761,0.11972986
1.0821082,-1.6016596,4.0140573,0.43599753,3.4812195,-2.6938614,1.3675152,9.5087152,-2.098721,0.94519539,13.297016,5.3135607,0.15914664
1.0824154,-1.4504239,3.8943056,0.50011778,3.4076478,-2.3281673,1.3846605,9.263127,-2.6640043,0.94814557,13.426876,5.3730745,0.19878163
1.0827225,-1.3025022,3.7559352,0.55522389,3.3247123,-1.935093,1.3923823,9.0652626,-3.1903042,0.93918841,13.547722,5.4259659,0.23903044
1.0830297,-1.1614946,3.6021401,0.59841364,3.2364879,-1.5051286,1.3984399,8.8939663,-3.6726088,0.9185291,13.659714,5.4625593,0.27983198
1.0833369,-1.02456,3.4323363,0.63034512,3.1485488,-1.0606169,1.3826917,8.7499971,-4.103269,0.88727743,13.761696,5.4730071,0.32047394
1.083644,-0.8944079,3.2470591,0.65300665,3.0576884,-0.5908824,1.3548204,8.634626,-4.4768265,0.84835966,13.853712,5.4645482,0.3608135
1.0839512,-0.77281847,3.0481917,0.66566537,2.951785,-0.1048208,1.3053799,8.5546219,-4.7924621,0.80528788,13.934358,5.4415625,0.40178839
1.0842584,-0.65842512,2.8340168,0.66860591,2.8440004,0.39882125,1.2290955,8.5021303,-5.0521863,0.76172477,14.001329,5.3928682,0.44343832
1.0845656,-0.54798911,2.6061303,0.66582466,2.7459531,0.91430588,1.1465602,8.4746536,-5.2558749,0.72147761,14.052292,5.3098331,0.4853716
1.0848728,-0.45025826,2.3666842,0.65325292,2.6500709,1.4322658,1.0373355,8.478924,-5.4069442,0.69389006,14.083886,5.1824198,0.52798988
1.0851799,-0.35354865,2.1155797,0.63346946,2.5688125,1.9443268,0.91354951,8.5135431,-5.5122716,0.67982766,14.093593,4.9947129,0.57048666
1.0854871,-0.26279707,1.8542419,0.61067528,2.5129343,2.4344316,0.76779054,8.571297,-5.5774629,0.68026772,14.07894,4.7438717,0.61361611
1.0857942,-0.17610243,1.5809459,0.57704653,2.4866936,2.9075173,0.61520368,8.6460258,-5.6072482,0.69271617,14.036433,4.4406033,0.6575131
1.0861013,-0.094704371,1.298904,0.53631575,2.4992961,3.3556408,0.47070973,8.7269426,-5.6032909,0.71513823,13.96615,4.0858002,0.69963749
1.0864085,-0.02000624,1.0088977,0.48620034,2.54136,3.7747286,0.34070905,8.8124168,-5.578364,0.7449145,13.865255,3.6780579,0.73793515
1.0867156,0.047191901,0.71857969,0.43771961,2.6403713,4.1532772,0.22676442,8.8980938,-5.5328757,0.77949618,13.732692,3.2206199,0.77095117
1.0870227,0.1049531,0.42778336,0.39165305,2.7772102,4.4934963,0.13183422,8.9802415,-5.4689906,0.8173011,13.565527,2.7151932,0.80165528
1.0873298,0.15441414,0.13615122,0.34541752,2.9480771,4.7962585,0.064807299,9.0580818,-5.3872607,0.85694984,13.374803,2.1716917,0.82905602
1.0876369,0.19753649,-0.15506316,0.30266508,3.1541045,5.060597,0.028267282,9.1260093,-5.2876458,0.89735869,13.157973,1.5900671,0.85205378
1.087944,0.23779374,-0.44880831,0.25638012,3.3901053,5.2873045,0.01977669,9.1803987,-5.1700259,0.93702939,12.918359,0.98045301,0.87017278
1.088251,0.26527201,-0.73047331,0.20888154,3.6635953,5.4773616,0.037281607,9.2167942,-5.03325,0.97596991,12.662055,0.34973342,0.88564272
1.0885581,0.27580204,-1.0045362,0.15671187,3.9586526,5.6345189,0.076741627,9.2336524,-4.8743911,1.0129601,12.398333,-0.28496591,0.89681821
1.0888652,0.27341016,-1.2663751,0.10473822,4.2765874,5.7615879,0.13428097,9.2295713,-4.6910131,1.047828,12.131998,-0.91670787,0.89971168
1.0891722,0.26066623,-1.5167293,0.055112919,4.6098329,5.8626599,0.20604377,9.2020957,-4.4813507,1.0811502,11.873355,-1.5323561,0.89091523
1.0894793,0.23863829,-1.7533316,0.00073289699,4.9562559,5.9390543,0.28797196,9.1542123,-4.2463983,1.1115405,11.64405,-2.1200947,0.86761948
1.0897864,0.20567473,-1.972388,-0.054877327,5.313398,5.9958417,0.37671299,9.0837944,-3.9762961,1.1424633,11.453408,-2.6662016,0.82972542
1.0900934,0.16278871,-2.1722719,-0.11176278,5.6830805,6.0345078,0.4698725,8.9940009,-3.665337,1.169858,11.304653,-3.1649238,0.77954668
1.0904005,0.10774682,-2.3513062,-0.16730406,6.0616163,6.0556671,0.56283775,8.8822105,-3.309831,1.1938056,11.205202,-3.6082992,0.71945168
1.0907075,0.043256494,-2.5081428,-0.2214656,6.4388581,6.0628576,0.65545757,8.7531528,-2.9125372,1.2144292,11.151926,-3.9944103,0.6518938
1.0910146,-0.031528644,-2.6433892,-0.27251003,6.788296,6.0596712,0.73829202,8.6074837,-2.4783824,1.2250057,11.131552,-4.3208128,0.58065539
1.0913216,-0.11542929,-2.7566153,-0.31928798,7.1076904,6.0480905,0.80813586,8.4487067,-2.0065423,1.2341707,11.132421,-4.5919927,0.50959897
1.0916287,-0.20720142,-2.8463147,-0.36003661,7.3924076,6.0284083,0.86076597,8.2815574,-1.4985748,1.2388443,11.153216,-4.8100452,0.44255697
1.0919358,-0.3056462,-2.9125032,-0.39475231,7.6442777,6.0002233,0.89822953,8.1149192,-0.95024136,1.2406184,11.192794,-4.9796447,0.38377711
1.0922428,-0.40852887,-2.9571885,-0.42377163,7.8663351,5.9593157,0.92033159,7.9461712,-0.38514067,1.232488,11.253902,-5.109858,0.33577025
1.0925499,-0.5114995,-2.9821865,-0.44641923,8.0597416,5.90438,0.92826801,7.7885786,0.19544418,1.2113715,11.332528,-5.2073896,0.29938604
1.092857,-0.61237504,-2.9812982,-0.45324837,8.2225395,5.8323122,0.922697,7.663285,0.78258193,1.1758261,11.423714,-5.2771604,0.27530064
1.093164,-0.71647671,-2.9562518,-0.44894034,8.3542035,5.7414687,0.90389984,7.5638252,1.3661217,1.1315117,11.519364,-5.3243678,0.26293162
1.0934711,-0.82006169,-2.909586,-0.43763464,8.4564761,5.6274995,0.87840368,7.4997847,1.9305736,1.0576682,11.619795,-5.3537385,0.2610737
1.0937782,-0.91790004,-2.8406381,-0.41786716,8.5290181,5.4898343,0.84827747,7.469211,2.462457,0.9613725,11.717256,-5.3688341,0.26820833
1.0940853,-1.0104312,-2.7512828,-0.39079842,8.5736231,5.3294902,0.8152256,7.4710393,2.95361,0.84766287,11.808714,-5.3721297,0.28323811
1.0943924,-1.0978127,-2.6410653,-0.35874273,8.5909781,5.1403608,0.78135061,7.5183134,3.3977822,0.71982923,11.891724,-5.3648173,0.30513825
1.0946995,-1.1823746,-2.5123934,-0.32297076,8.5788467,4.9208619,0.74873023,7.6161876,3.7923291,0.58053771,11.963295,-5.3461892,0.3318723
1.0950066,-1.2646703,-2.3654107,-0.28464908,8.5435007,4.6691657,0.7191332,7.7713713,4.1306372,0.44760805,12.021627,-5.314724,0.36162233
1.0953138,-1.34509,-2.1991088,-0.24433057,8.4839916,4.3840864,0.69509154,7.9649539,4.4137305,0.32846735,12.065917,-5.2676961,0.3934776
1.0956209,-1.4192547,-2.0145701,-0.20199055,8.4033628,4.0712353,0.67159827,8.1890549,4.6472429,0.23038238,12.095228,-5.2033039,0.42764806
1.095928,-1.4909874,-1.8148204,-0.16139973,8.2978269,3.7247343,0.65020933,8.433852,4.8368479,0.15551995,12.107941,-5.1165984,0.46336757
1.0962352,-1.5576871,-1.600277,-0.12449447,8.1656165,3.3476589,0.63092325,8.7065795,4.987216,0.10807777,12.102321,-5.0035822,0.49989378
1.0965424,-1.6233799,-1.3705432,-0.091314592,8.0272611,2.9500686,0.61740647,8.998626,5.1067058,0.087568368,12.076748,-4.8599007,0.53685846
1.0968495,-1.6898042,-1.1258257,-0.064443324,7.8724189,2.5292362,0.6172023,9.3164445,5.2019588,0.090880664,12.030635,-4.6817655,0.57453041
1.0971567,-1.7488048,-0.86868812,-0.039204373,7.6985518,2.0896552,0.60898394,9.6603848,5.279235,0.11357547,11.964403,-4.4652962,0.61389081
1.0974638,-1.8054052,-0.60135154,-0.017253475,7.5062888,1.6292656,0.60044341,9.9964896,5.3435544,0.15103114,11.874414,-4.2063175,0.65504688
1.097771,-1.8686671,-0.32061195,-0.0078827318,7.2921955,1.1497307,0.59003527,10.315882,5.4014151,0.19827656,11.761911,-3.8996961,0.69746281
1.0980781,-1.9337436,-0.030454232,-0.006288188,7.0538335,0.66782995,0.59594309,10.614137,5.4570225,0.24924135,11.625754,-3.5415353,0.73946387
1.0983852,-1.999335,0.24609406,-0.0043779366,6.795915,0.17306866,0.61028014,10.887869,5.5113177,0.29808686,11.470908,-3.1362887,0.78317682
1.0986923,-2.0664216,0.5244731,-0.010466364,6.5198713,-0.32719014,0.62374514,11.136575,5.5652828,0.34172013,11.295444,-2.6846973,0.82526758
1.0989994,-2.1324366,0.80917158,-0.024603738,6.2329433,-0.83133905,0.63372103,11.361226,5.6170336,0.37815499,11.104605,-2.1931812,0.86456614
1.0993065,-2.1965326,1.0892083,-0.04468097,5.9417739,-1.3318535,0.64162566,11.564177,5.6663656,0.40711744,10.906601,-1.6658308,0.89235529
1.0996136,-2.2658317,1.3623478,-0.069911227,5.6470439,-1.8163145,0.64843789,11.745576,5.7120965,0.42962727,10.711975,-1.1142591,0.91690588
1.0999207,-2.3394689,1.6250844,-0.10670644,5.3724819,-2.2843864,0.6493572,11.906333,5.7523556,0.44664871,10.526812,-0.5429726,0.93253909
1.1002277,-2.4133807,1.8807669,-0.15243642,5.1255807,-2.7277206,0.64562439,12.04713,5.7796236,0.45896305,10.36394,0.03500643,0.94020049
1.1005348,-2.4886162,2.1297466,-0.20289617,4.9163119,-3.1433916,0.6411733,12.16796,5.7869035,0.46822176,10.235473,0.61013781,0.93936269
1.1008418,-2.5608106,2.3735635,-0.25581373,4.7134164,-3.522765,0.63948818,12.272528,5.7810029,0.47607632,10.148821,1.170955,0.92874283
1.1011489,-2.6248209,2.6073067,-0.30889799,4.524865,-3.8635356,0.64100915,12.360182,5.7607001,0.48414965,10.101344,1.7025443,0.89882479
1.1014559,-2.6772113,2.8295893,-0.36125682,4.3544269,-4.1638982,0.64735454,12.429992,5.7228501,0.49427615,10.086153,2.1977821,0.84360782
1.1017629,-2.7277185,3.0380949,-0.40835777,4.2101394,-4.4235107,0.6596702,12.481168,5.6684783,0.50587554,10.107168,2.6481991,0.76254715
1.10207,-2.7734623,3.2339991,-0.45016861,4.0945858,-4.6412374,0.67881968,12.513392,5.5895956,0.51979508,10.151657,3.0490706,0.6630203
1.102377,-2.8132676,3.4156513,-0.4821184,4.003904,-4.8157277,0.70465103,12.527639,5.475772,0.53706609,10.228981,3.399423,0.55300763
1.102684,-2.8404122,3.5813339,-0.50167826,3.9310048,-4.9493022,0.73770686,12.520746,5.3166062,0.55702673,10.349878,3.6975871,0.43939641
1.102991,-2.8530219,3.7309568,-0.50839186,3.8669405,-5.04133,0.77789501,12.491343,5.1066921,0.58093148,10.505781,3.9450545,0.32950637
1.1032981,-2.8458459,3.8633531,-0.50163994,3.816498,-5.0966739,0.82548514,12.434606,4.8482408,0.60881234,10.690754,4.1495982,0.22827273
1.1036051,-2.8177132,3.980635,-0.47984968,3.789226,-5.1142481,0.87929772,12.358173,4.5499647,0.64162954,10.897346,4.3138498,0.13921275
1.1039121,-2.7726889,4.0818028,-0.44392622,3.7813601,-5.0941791,0.93641233,12.256248,4.2078872,0.67849644,11.117764,4.4421064,0.065172553
1.1042191,-2.7127699,4.1654347,-0.39130494,3.7868674,-5.0392918,0.99484883,12.126379,3.8222883,0.71991318,11.345343,4.5456033,0.006895215
1.1045261,-2.6365131,4.2304082,-0.32473305,3.8004111,-4.9540444,1.0533134,11.968826,3.3953469,0.75855507,11.574177,4.6304026,-0.03459348
1.1048331,-2.5444203,4.2765426,-0.24654807,3.8171436,-4.8445697,1.1119897,11.785097,2.9304148,0.80165812,11.799245,4.7045057,-0.058683207
1.1051402,-2.4366528,4.3028489,-0.15882069,3.8294046,-4.7050546,1.171435,11.579447,2.4262158,0.84605321,12.017656,4.7732762,-0.06554395
1.1054472,-2.3155561,4.3065644,-0.063028804,3.8375335,-4.5362464,1.2292239,11.347359,1.8859754,0.89083549,12.225107,4.839644,-0.059203575
1.1057542,-2.1821834,4.3031206,0.042233554,3.8397665,-4.3400568,1.2854769,11.09141,1.3133734,0.93034673,12.421816,4.9065409,-0.042172776
1.1060613,-2.0383653,4.2817911,0.14695139,3.8326008,-4.115873,1.3392716,10.816473,0.71108018,0.96601407,12.606689,4.9756767,-0.016204148
1.1063683,-1.8851607,4.2415413,0.24831738,3.8146527,-3.8652636,1.3853873,10.524405,0.094391918,0.99954297,12.779938,5.047305,0.016648819
1.1066754,-1.7264084,4.1829824,0.34414128,3.7810507,-3.5883653,1.4260154,10.214078,-0.53279133,1.0276245,12.941539,5.1205041,0.05386972
1.1069824,-1.5653094,4.1094415,0.43474439,3.7314031,-3.2838147,1.4583074,9.9133724,-1.1611282,1.0523458,13.092276,5.1943268,0.094189714
1.1072895,-1.4046506,4.017152,0.51812766,3.6794123,-2.9559288,1.4838227,9.6305741,-1.7801722,1.070367,13.232765,5.2656595,0.13625117
1.1075966,-1.2463741,3.9047628,0.59310207,3.6132609,-2.6043416,1.5061461,9.3641039,-2.3728328,1.0823378,13.364516,5.3306275,0.18004203
1.1079037,-1.0923727,3.7729848,0.65828349,3.5343111,-2.2239966,1.5181205,9.1410042,-2.931908,1.0815049,13.487721,5.3860147,0.22494623
1.1082107,-0.94843514,3.6237553,0.71102316,3.4417159,-1.8199205,1.5265511,8.9495817,-3.4487113,1.0687566,13.602312,5.4355938,0.27130021
1.1085178,-0.81118413,3.4584154,0.75110504,3.3452943,-1.3761003,1.5273652,8.7907651,-3.9170957,1.0422526,13.706904,5.4644774,0.31827121
1.1088249,-0.68059774,3.2763858,0.78057336,3.2523136,-0.91937206,1.5081092,8.6639237,-4.3294663,1.0049413,13.801861,5.4672803,0.36559597
1.1091321,-0.56018878,3.0794803,0.79943293,3.1437978,-0.44366652,1.4746705,8.575005,-4.6830155,0.96019878,13.886212,5.4549962,0.41320987
1.1094392,-0.44703307,2.8679876,0.80634161,3.0283544,0.050186462,1.4119889,8.5234861,-4.978468,0.91252779,13.957798,5.4288069,0.46156815
1.1097463,-0.34823063,2.6407728,0.80691704,2.9133209,0.55555156,1.3399033,8.4992901,-5.2179235,0.86594577,14.015046,5.3742376,0.51036066
1.1100534,-0.26187059,2.4002552,0.79909604,2.8081421,1.0750076,1.2489587,8.5091036,-5.4008274,0.82596546,14.054208,5.2857201,0.55938623
1.1103606,-0.18050752,2.1489472,0.78141068,2.7078895,1.5959142,1.1419128,8.5523572,-5.5337053,0.79944046,14.071793,5.1458044,0.60757875
1.1106677,-0.092745714,1.8858791,0.75746471,2.6242397,2.0999933,1.0172943,8.6209917,-5.6232451,0.78786389,14.065602,4.9412714,0.65537425
1.1109748,-0.0087522136,1.6145436,0.72301468,2.5747647,2.5887343,0.8678079,8.7070553,-5.6754022,0.79019069,14.034003,4.6720089,0.70456897
1.111282,0.063018004,1.3327929,0.68160704,2.5645961,3.0556011,0.71553384,8.8004573,-5.6947995,0.80485778,13.975512,4.352231,0.75681169
1.1115891,0.12853404,1.0399577,0.63204485,2.5965098,3.4974631,0.57134454,8.8956171,-5.683972,0.82945881,13.887259,3.9781976,0.80859576
1.1118962,0.18909482,0.74748082,0.58146445,2.6680972,3.9084115,0.44403214,8.9916133,-5.6514527,0.86149164,13.768712,3.5506181,0.85551632
1.1122032,0.2433287,0.45307162,0.52904239,2.7951941,4.2798364,0.33722992,9.0842719,-5.5997499,0.89805607,13.617984,3.0712517,0.895618
1.1125103,0.28091849,0.15685187,0.47666781,2.9613035,4.6141421,0.25166844,9.1699921,-5.5291553,0.93833379,13.439292,2.5479035,0.93211878
1.1128174,0.31048673,-0.13948126,0.42583904,3.1669971,4.9091654,0.19585344,9.244838,-5.4415187,0.98105587,13.236034,1.9854523,0.96345717
1.1131244,0.33817628,-0.43877247,0.37461266,3.4065822,5.1662531,0.16937531,9.3050973,-5.3352297,1.0243522,13.010107,1.3884641,0.9887443
1.1134315,0.35568073,-0.72626387,0.31905497,3.681397,5.3878212,0.17132423,9.347934,-5.2113909,1.0669568,12.765279,0.76589832,1.0048003
1.1137385,0.3591664,-1.0067722,0.26077257,3.9898017,5.5721698,0.1982145,9.3715061,-5.0676523,1.1088193,12.508621,0.13003257,1.0215539
1.1140456,0.34968201,-1.2759033,0.19822444,4.3204376,5.7230693,0.24499268,9.3741577,-4.9006134,1.1480339,12.251148,-0.50788495,1.0312897
1.1143526,0.33220916,-1.5330215,0.1362807,4.6690981,5.8448685,0.30802593,9.3546991,-4.710678,1.1850561,11.99294,-1.1378478,1.0304431
1.1146596,0.30691706,-1.7783663,0.074378555,5.0301032,5.9409716,0.38432177,9.3124349,-4.4935023,1.2207125,11.754232,-1.7466793,1.0153632
1.1149666,0.27184308,-2.0052602,0.0097433592,5.4038236,6.0121715,0.47017393,9.2489376,-4.247087,1.2538294,11.54957,-2.3217445,0.98593022
1.1152737,0.2262261,-2.2129106,-0.058237467,5.7815104,6.0638931,0.56240929,9.1647571,-3.9631584,1.2882692,11.386729,-2.8536877,0.94136325
1.1155807,0.1674998,-2.400537,-0.12858842,6.1652779,6.0953898,0.65579626,9.0597282,-3.636649,1.3179048,11.269081,-3.3353559,0.88421361
1.1158877,0.10136479,-2.5663559,-0.19594878,6.5397048,6.1088665,0.75061855,8.9352708,-3.2654433,1.3437312,11.201135,-3.761701,0.81647905
1.1161947,0.025314543,-2.709985,-0.25655447,6.8858579,6.1114687,0.83651493,8.7907923,-2.8534354,1.3625199,11.174965,-4.1298202,0.74106331
1.1165017,-0.059164897,-2.8317477,-0.31346055,7.2019285,6.1039718,0.91087628,8.6339349,-2.4046994,1.3758294,11.17011,-4.4400629,0.66206152
1.1168087,-0.14948614,-2.9302577,-0.36441653,7.4838173,6.088809,0.96928185,8.4671976,-1.9183924,1.3841615,11.186758,-4.6963394,0.5841817
1.1171158,-0.2473292,-3.0055169,-0.40978537,7.7326422,6.0660046,1.0114101,8.2917713,-1.3985838,1.3900851,11.224627,-4.9019563,0.51169193
1.1174228,-0.34978444,-3.0568179,-0.44771971,7.9513171,6.0322121,1.0389925,8.1207061,-0.84174627,1.3913771,11.285634,-5.0617539,0.44900404
1.1177298,-0.45284001,-3.0847107,-0.4774237,8.1425329,5.985208,1.0520104,7.948099,-0.26924497,1.3805952,11.364976,-5.1833734,0.39795901
1.1180368,-0.54854926,-3.0927109,-0.49229206,8.3020899,5.9214236,1.0511079,7.8021357,0.31302625,1.3591673,11.457501,-5.2730083,0.36014111
1.1183439,-0.64810071,-3.0745192,-0.48923948,8.4309577,5.839265,1.0365185,7.6790148,0.90052306,1.3234723,11.558159,-5.336647,0.33579247
1.1186509,-0.7466829,-3.0339006,-0.47865708,8.53047,5.7357611,1.0110793,7.5882629,1.4830731,1.2752493,11.661282,-5.3788719,0.32380706
1.1189579,-0.84119694,-2.9713544,-0.46002704,8.6006086,5.6076094,0.97882956,7.537709,2.0418403,1.1944859,11.762153,-5.4045151,0.32307665
1.119265,-0.93065044,-2.8866338,-0.4340948,8.6443275,5.4562957,0.94188069,7.5129278,2.5666047,1.0905878,11.857377,-5.4165432,0.33225742
1.119572,-1.0169472,-2.7808696,-0.40204306,8.6597965,5.280588,0.90404365,7.5340841,3.0497778,0.96810142,11.944826,-5.4173297,0.34993227
1.1198791,-1.0999615,-2.6568791,-0.36572693,8.6465881,5.0746855,0.86617932,7.6102705,3.4875429,0.83380921,12.021655,-5.4075368,0.37466183
1.1201862,-1.1806218,-2.5138063,-0.32368974,8.6082266,4.8364236,0.83075308,7.7428722,3.8724751,0.69177338,12.085359,-5.3858913,0.40434927
1.1204932,-1.2598267,-2.3518992,-0.27781305,8.5466822,4.5629671,0.80080553,7.9270123,4.2019048,0.55648109,12.135538,-5.3493127,0.43731308
1.1208003,-1.3324566,-2.1708603,-0.23027356,8.4646555,4.2569887,0.77137663,8.1520591,4.4788036,0.43655352,12.171312,-5.2975321,0.47288978
1.1211074,-1.4026464,-1.9732993,-0.18312637,8.3584971,3.9191066,0.74576257,8.4063108,4.7084028,0.33900732,12.191326,-5.2272736,0.51118909
1.1214145,-1.4682356,-1.7615836,-0.14175698,8.2250668,3.5491417,0.72277305,8.6914711,4.894543,0.2639717,12.19405,-5.1335807,0.5511032
1.1217216,-1.5314931,-1.5345161,-0.10244963,8.0747505,3.147885,0.70134518,8.9981824,5.0439335,0.21678457,12.177745,-5.0129791,0.59228468
1.1220287,-1.5941765,-1.2920803,-0.069356375,7.9161981,2.7237702,0.69144209,9.3209155,5.1635318,0.19513902,12.140365,-4.8609026,0.63364005
1.1223358,-1.6556765,-1.0351857,-0.042055707,7.7400411,2.2790107,0.68031495,9.6612346,5.2597626,0.19676196,12.082638,-4.6742009,0.67638449
1.1226429,-1.7064899,-0.76701047,-0.017048285,7.545471,1.8128894,0.6689306,9.9948064,5.3384719,0.21679117,12.003679,-4.4488982,0.72110147
1.12295,-1.7631519,-0.49378234,-0.0038589731,7.3339452,1.3245704,0.65826127,10.313302,5.4047442,0.25102381,11.900393,-4.1794988,0.7677086
1.1232571,-1.8262653,-0.20720498,0.00085282021,7.0968028,0.82718138,0.64939766,10.611902,5.4651366,0.29293807,11.77395,-3.8607036,0.814985
1.1235641,-1.8909371,0.080717821,0.0044531413,6.838248,0.32214111,0.65758894,10.886499,5.5221933,0.33651913,11.625816,-3.4903878,0.86271369
1.1238712,-1.9584987,0.36069865,0.00083983335,6.5598601,-0.18919596,0.6707906,11.136492,5.57795,0.3787688,11.459672,-3.0724307,0.9098185
1.1241783,-2.0262687,0.64629906,-0.011963934,6.2673703,-0.70457467,0.68290425,11.361975,5.6309297,0.41592928,11.272558,-2.6092268,0.95521063
1.1244853,-2.0945793,0.93136131,-0.033361294,5.9737547,-1.2216316,0.69207516,11.564501,5.6809171,0.44638693,11.07349,-2.1073002,0.99653539
1.1247923,-2.1613542,1.2103156,-0.062465246,5.6739679,-1.7243991,0.69758051,11.745162,5.7284797,0.47043244,10.873269,-1.572066,1.0249827
1.1250994,-2.2350558,1.4805029,-0.095864306,5.3906819,-2.2085337,0.6995413,11.905161,5.7720797,0.48950437,10.682338,-1.0134659,1.0481552
1.1254064,-2.3117647,1.7402477,-0.13993116,5.1332079,-2.6712016,0.69554489,12.046299,5.807446,0.50390087,10.501373,-0.4404737,1.0616795
1.1257134,-2.3894649,1.9932436,-0.19468527,4.9096586,-3.1066711,0.68974372,12.167876,5.8262262,0.51501898,10.35021,0.13632468,1.0662071
1.1260204,-2.4675391,2.2432929,-0.25335153,4.7017721,-3.5118615,0.68457543,12.271222,5.8296041,0.52376993,10.239118,0.70757157,1.0616856
1.1263274,-2.5353806,2.4837374,-0.31161851,4.5039947,-3.8766605,0.68358272,12.359522,5.8205936,0.53261634,10.167423,1.261475,1.0463511
1.1266343,-2.5948673,2.712936,-0.36672078,4.3302501,-4.2001434,0.68793348,12.430999,5.7965841,0.5431748,10.129207,1.7832052,1.0074737
1.1269413,-2.6480005,2.929099,-0.41690619,4.1839957,-4.4808854,0.6986586,12.484648,5.7584975,0.55509514,10.12845,2.2671278,0.9407421
1.1272483,-2.6907891,3.1321438,-0.45899556,4.0684492,-4.7197763,0.71730735,12.519616,5.7003028,0.56941043,10.159746,2.7060884,0.84932894
1.1275553,-2.7253354,3.3218734,-0.49266295,3.9808699,-4.9137195,0.74309327,12.536032,5.6125761,0.58590394,10.215625,3.095745,0.74013712
1.1278622,-2.7459678,3.4975686,-0.51378391,3.9198959,-5.0646592,0.77680554,12.531908,5.4829719,0.60651777,10.312054,3.4356408,0.62194632
1.1281692,-2.7515277,3.6562336,-0.52156445,3.8703315,-5.1716266,0.81879162,12.504569,5.3043433,0.63010199,10.449649,3.7244638,0.5017557
1.1284762,-2.7364903,3.7960993,-0.51584955,3.8396397,-5.2393636,0.86827201,12.454099,5.0710569,0.65765584,10.619426,3.9650948,0.3856565
1.1287831,-2.6998021,3.9217315,-0.49383905,3.8332398,-5.2704549,0.92448288,12.375041,4.7919257,0.68997103,10.814236,4.1647864,0.27928674
1.1290901,-2.6451008,4.0302888,-0.45691777,3.8452288,-5.2637439,0.98428501,12.275315,4.4714594,0.72572617,11.027714,4.3247245,0.18554623
1.1293971,-2.5753206,4.121816,-0.40149822,3.8694804,-5.2191502,1.0459444,12.147798,4.1033441,0.76673841,11.251937,4.454693,0.1081814
1.129704,-2.4891337,4.1937441,-0.33197322,3.9015123,-5.1421486,1.1059345,11.994397,3.6901968,0.80849922,11.480148,4.5615969,0.046215158
1.130011,-2.3860002,4.2456357,-0.24585071,3.9354491,-5.0398872,1.1640693,11.808985,3.2316627,0.84923862,11.706041,4.6512113,0.0016964359
1.130318,-2.2675021,4.2823624,-0.14705184,3.9665981,-4.9109023,1.223047,11.605171,2.737821,0.89448247,11.925579,4.7302545,-0.024746442
1.130625,-2.1326359,4.2958589,-0.039625876,3.9908155,-4.7517815,1.2813573,11.377777,2.2025809,0.941096,12.137467,4.8029972,-0.033689688
1.1309319,-1.9837484,4.2956387,0.072269457,4.0061011,-4.5630039,1.3381163,11.126639,1.630956,0.98996937,12.337139,4.8730314,-0.02919021
1.1312389,-1.8249026,4.2792252,0.18493204,4.0114371,-4.3470954,1.392877,10.856003,1.0289165,1.0272537,12.524566,4.9429568,-0.012800207
1.1315459,-1.6573289,4.2451264,0.29358868,4.0044027,-4.1034163,1.4439625,10.569863,0.40453942,1.0657572,12.69978,5.0141157,0.013411214
1.1318529,-1.4865825,4.1911411,0.39979824,3.9826659,-3.8338958,1.48842,10.267164,-0.23184468,1.0978527,12.863396,5.0881211,0.047430734
1.1321599,-1.3135952,4.1200504,0.49962448,3.9441576,-3.5373127,1.5262773,9.9674708,-0.87288712,1.1239006,13.015278,5.1601089,0.086316053
1.1324669,-1.1428746,4.0324984,0.59001079,3.8885945,-3.2130118,1.5549361,9.6768981,-1.5077115,1.1454526,13.156295,5.2315449,0.12887481
1.1327739,-0.97646556,3.9240786,0.67307279,3.8275156,-2.866136,1.5768761,9.4100282,-2.126202,1.1612175,13.287306,5.2985927,0.17431153
1.1330809,-0.81688199,3.7957282,0.74605685,3.7517504,-2.4955059,1.5937189,9.1664137,-2.7131494,1.1667812,13.409661,5.3571386,0.22209235
1.133388,-0.66949328,3.6491904,0.80598641,3.6613429,-2.1007007,1.6050502,8.9593068,-3.2611828,1.1591901,13.52379,5.4073324,0.27187696
1.133695,-0.53192177,3.4856271,0.85319868,3.5593157,-1.6790891,1.6118716,8.7870324,-3.7621773,1.1385955,13.627875,5.4497973,0.32309344
1.1340021,-0.40266805,3.3041429,0.88883485,3.455388,-1.2207952,1.5997435,8.6532947,-4.2090458,1.1046822,13.721816,5.4686488,0.37499156
1.1343091,-0.28534858,3.1070223,0.91349899,3.3489129,-0.75109267,1.5768408,8.5588012,-4.5975042,1.0602046,13.80578,5.4684847,0.42719284
1.1346162,-0.18344932,2.8945335,0.92536287,3.2271586,-0.2634459,1.5335194,8.5064633,-4.9269224,1.0106141,13.878014,5.4553251,0.47968625
1.1349233,-0.097430936,2.6674038,0.92839819,3.1033432,0.23714316,1.4720629,8.487724,-5.1981939,0.96152386,13.937121,5.4290149,0.53275272
1.1352303,-0.015290743,2.4242544,0.92440247,2.9816902,0.7514358,1.3946645,8.5096051,-5.4132677,0.91590074,13.980004,5.3743976,0.58553952
1.1355374,0.06353203,2.1686015,0.91061652,2.8671776,1.2768138,1.2939981,8.565227,-5.5731081,0.88114082,14.002905,5.2791483,0.63805186
1.1358445,0.13999723,1.9036886,0.88886697,2.7644873,1.7997895,1.1811663,8.6489737,-5.6863974,0.86010811,14.002387,5.126041,0.68902825
1.1361515,0.21074467,1.6306284,0.85231518,2.6871632,2.3047704,1.0468201,8.7486797,-5.7588692,0.85415374,13.977579,4.9027311,0.73968131
1.1364585,0.26903774,1.3471839,0.80983569,2.6496559,2.7910013,0.89387494,8.857966,-5.7968776,0.86186569,13.92612,4.6149549,0.79129035
1.1367656,0.32434751,1.0522714,0.76115834,2.6570803,3.255291,0.74341506,8.9699398,-5.8040482,0.88136282,13.847259,4.2738151,0.84399711
1.1370726,0.36981978,0.75425564,0.71121931,2.7082628,3.6933476,0.60427953,9.0809069,-5.7846109,0.90981123,13.73911,3.8766953,0.89710567
1.1373796,0.40596143,0.45519774,0.65680586,2.8128896,4.0974051,0.48577593,9.1877034,-5.7433845,0.94404213,13.601773,3.4249315,0.94753814
1.1376866,0.42892795,0.15300471,0.59897544,2.9668495,4.4622022,0.38896872,9.2850964,-5.682932,0.98265881,13.434693,2.9216481,0.99169798
1.1379936,0.44071193,-0.15002071,0.54005998,3.1649153,4.7882903,0.31823563,9.3689293,-5.6043219,1.0246747,13.244399,2.3759747,1.0299757
1.1383006,0.45325841,-0.45527179,0.48201121,3.4015217,5.0739265,0.27565685,9.4363847,-5.5087047,1.0680004,13.032667,1.7940691,1.06003
1.1386075,0.46041903,-0.74910486,0.42125242,3.6725031,5.3248952,0.26396088,9.4858874,-5.3940293,1.1107215,12.802448,1.1808416,1.0830244
1.1389145,0.45413958,-1.0343561,0.35714861,3.9798217,5.5357776,0.27898707,9.5152787,-5.2614831,1.1525812,12.558729,0.54607499,1.0993067
1.1392215,0.4357781,-1.3092147,0.28981907,4.3190443,5.7103728,0.31707401,9.5245962,-5.107522,1.1929356,12.309677,-0.095103022,1.1122018
1.1395284,0.4084826,-1.5723607,0.2144409,4.6788804,5.8514499,0.37436562,9.5122148,-4.9318934,1.2315268,12.063077,-0.73337803,1.1168437
1.1398354,0.37318058,-1.8258848,0.14116429,5.0515184,5.9630809,0.44626993,9.4775216,-4.7321363,1.267675,11.822652,-1.3578085,1.1103827
1.1401423,0.32777917,-2.0596507,0.065266215,5.4364195,6.0494178,0.52863375,9.4205402,-4.5039968,1.3023864,11.608492,-1.9564372,1.0900545
1.1404492,0.28116471,-2.2746021,-0.012194179,5.8238675,6.1111732,0.61639656,9.3420096,-4.2421466,1.3350996,11.434118,-2.5176781,1.0545742
1.1407562,0.22193637,-2.4700188,-0.094418547,6.2163243,6.1516922,0.70811881,9.2435132,-3.9404943,1.3678059,11.300355,-3.0334771,1.0047969
1.1410631,0.15061899,-2.6447318,-0.17361464,6.5942786,6.1702344,0.8034045,9.1243187,-3.5951225,1.3972614,11.21395,-3.498093,0.94264756
1.14137,0.071867856,-2.7973649,-0.24895353,6.9425476,6.175646,0.89225984,8.9883961,-3.2055762,1.422716,11.172173,-3.9074804,0.87059474
1.1416769,-0.015809872,-2.9275633,-0.31692999,7.2596777,6.171064,0.97005833,8.8284852,-2.7786201,1.440414,11.160481,-4.2602914,0.79101888
1.1419839,-0.10850541,-3.0359915,-0.37665893,7.5428539,6.1586426,1.0338733,8.6612192,-2.3142418,1.4495593,11.171103,-4.5563644,0.70866129
1.1422908,-0.20559123,-3.1189062,-0.4296541,7.7934651,6.139517,1.080944,8.4849219,-1.8161852,1.4578598,11.205122,-4.8000424,0.62872851
1.1425977,-0.3071673,-3.1775829,-0.47511025,8.0129664,6.1119198,1.1133705,8.3046727,-1.2844474,1.4625955,11.264442,-4.9948567,0.55536458
1.1429047,-0.40680647,-3.2122965,-0.51239012,8.2048763,6.0721564,1.1316819,8.1240301,-0.72185299,1.462573,11.343627,-5.1461769,0.49239289
1.1432116,-0.50123075,-3.2240345,-0.5338586,8.3649125,6.0155613,1.1358083,7.9553262,-0.14591538,1.4500489,11.438126,-5.2611819,0.44193836
1.1435185,-0.5942953,-3.2125274,-0.53896031,8.4925356,5.9400649,1.1266811,7.8059521,0.43843117,1.4225965,11.542106,-5.3453517,0.405241
1.1438255,-0.68634323,-3.176933,-0.52939596,8.5907965,5.8439097,1.105123,7.6857324,1.0238238,1.3878808,11.649988,-5.4048717,0.38233826
1.1441324,-0.77592626,-3.1185886,-0.51357335,8.6589224,5.7230085,1.0746378,7.6021176,1.6042975,1.3344651,11.757048,-5.4441278,0.3721041
1.1444394,-0.85961023,-3.0371729,-0.4893376,8.6998019,5.5788165,1.0358515,7.5541274,2.1562154,1.2496685,11.858826,-5.4671571,0.37338461
1.1447464,-0.94296508,-2.9342455,-0.45837743,8.7141543,5.4095947,0.99440697,7.5416995,2.6736275,1.1415701,11.953083,-5.4773397,0.38471436
1.1450533,-1.023058,-2.812739,-0.42230873,8.6998243,5.2127473,0.95328287,7.5840126,3.1491834,1.0167811,12.037731,-5.4762467,0.40478302
1.1453603,-1.1004644,-2.6722958,-0.38065233,8.6586194,4.9843666,0.91290388,7.6765556,3.5788932,0.88019788,12.110197,-5.4635933,0.43177803
1.1456673,-1.1753894,-2.5123385,-0.33089126,8.5950193,4.7206812,0.87641174,7.8314081,3.9557656,0.7414838,12.168564,-5.4381991,0.46353917
1.1459743,-1.2455211,-2.3335431,-0.2780115,8.5086943,4.4216131,0.84173035,8.0372929,4.2782075,0.61169205,12.212469,-5.3968922,0.49848872
1.1462813,-1.3126704,-2.1373343,-0.22613693,8.3998705,4.087058,0.81021246,8.2808124,4.5502154,0.49845988,12.241345,-5.3400569,0.53580226
1.1465883,-1.3753949,-1.9266149,-0.17909343,8.2654972,3.7168126,0.78178598,8.558751,4.7750881,0.40718893,12.253785,-5.2658252,0.57542916
1.1468953,-1.4366255,-1.6988147,-0.1368105,8.1071914,3.3172965,0.75548176,8.8653402,4.9587645,0.34038541,12.248241,-5.166991,0.61634384
1.1472023,-1.4970153,-1.4569854,-0.097501051,7.9413284,2.886178,0.73451285,9.191232,5.1077354,0.29826287,12.222903,-5.0404439,0.65813363
1.1475093,-1.5566195,-1.2042885,-0.065299683,7.7572346,2.4311082,0.71891638,9.5314256,5.2260459,0.27996308,12.176554,-4.8821437,0.70029705
1.1478164,-1.6054879,-0.93923043,-0.038353141,7.5567231,1.9553168,0.7023331,9.8684029,5.320186,0.28303364,12.109378,-4.6884402,0.74339081
1.1481234,-1.6572286,-0.66606781,-0.022597007,7.3385926,1.4566729,0.68825966,10.19442,5.3967369,0.30331053,12.020521,-4.4561627,0.78823336
1.1484304,-1.7168406,-0.38069999,-0.016175794,7.101448,0.94013408,0.67652649,10.501538,5.4625914,0.33367896,11.908019,-4.1779293,0.83475487
1.1487374,-1.7786237,-0.088053553,-0.0091953922,6.8401301,0.4151624,0.66687899,10.786089,5.5227208,0.3697675,11.772524,-3.8502302,0.88167916
1.1490444,-1.8437066,0.20153406,-0.01247668,6.5581595,-0.11391335,0.67632282,11.046665,5.5806271,0.40760488,11.615663,-3.4700453,0.92880586
1.1493514,-1.9106082,0.48876919,-0.024590147,6.2601769,-0.64759149,0.68650413,11.282475,5.6358486,0.44338688,11.441359,-3.0434604,0.97506392
1.1496584,-1.9805808,0.77694491,-0.046426093,5.9531276,-1.1831289,0.69630592,11.493519,5.6883043,0.47427246,11.250433,-2.5732829,1.018441
1.1499654,-2.0512977,1.061492,-0.078458551,5.6591809,-1.7130114,0.69914021,11.681013,5.7377371,0.49874177,11.049437,-2.0658023,1.0564405
1.1502723,-2.1215866,1.3405248,-0.11519419,5.3695424,-2.2241997,0.69523148,11.847272,5.7844343,0.51871364,10.8499,-1.5268478,1.0816576
1.1505793,-2.19856,1.6095189,-0.15859633,5.1058886,-2.7090475,0.68871417,11.993942,5.8269112,0.53474069,10.659376,-0.96840818,1.1012843
1.1508862,-2.2774741,1.8709158,-0.21183552,4.8734759,-3.1687911,0.67825552,12.121694,5.8561311,0.54752178,10.482336,-0.39811643,1.1119287
1.1511932,-2.3605264,2.1296912,-0.27666366,4.6597396,-3.5982969,0.66786635,12.22927,5.8680789,0.55809318,10.337054,0.1751688,1.1133629
1.1515001,-2.432376,2.3784299,-0.3413143,4.4605766,-3.9905538,0.65913627,12.319962,5.8685158,0.56747415,10.231667,0.74003367,1.1055286
1.151807,-2.4907544,2.616868,-0.40222632,4.2896119,-4.3385334,0.65687278,12.394379,5.8568515,0.57783728,10.165526,1.2866686,1.0838959
1.1521139,-2.5415088,2.8432906,-0.45522141,4.1487062,-4.6413214,0.66169566,12.452028,5.831132,0.59004494,10.133636,1.8000582,1.0360591
1.1524209,-2.5803572,3.0555868,-0.50010868,4.0391816,-4.8999016,0.67513874,12.491571,5.7930506,0.60430894,10.139577,2.2757862,0.96339647
1.1527278,-2.6063492,3.2530284,-0.535493,3.961633,-5.1138524,0.69613618,12.510346,5.7288678,0.6204856,10.173917,2.7074462,0.86910982
1.1530347,-2.6193355,3.43714,-0.55932652,3.9118504,-5.2793281,0.7257013,12.509592,5.6278109,0.63924238,10.233455,3.0915278,0.7599462
1.1533416,-2.6138055,3.6061704,-0.56984456,3.8762738,-5.3993146,0.76626241,12.484728,5.480479,0.66068601,10.338061,3.4269519,0.64279489
1.1536484,-2.5860847,3.7562161,-0.56534882,3.8641127,-5.4761712,0.81748998,12.436615,5.280675,0.68529512,10.480091,3.7142449,0.52534481
1.1539553,-2.5384231,3.8896411,-0.54370025,3.8771337,-5.5136793,0.87723006,12.363238,5.0240167,0.71450267,10.6535,3.9548824,0.41181242
1.1542622,-2.4742381,4.005157,-0.50931606,3.9093259,-5.5133845,0.94238787,12.26344,4.7237555,0.74678721,10.850899,4.154085,0.30664769
1.1545691,-2.3904668,4.1024726,-0.45549336,3.9542398,-5.4735873,1.0105994,12.138565,4.3766367,0.78324646,11.065677,4.3178706,0.21379066
1.154876,-2.2883011,4.1804986,-0.38215707,4.0054717,-5.3989965,1.0763639,11.986332,3.9795898,0.82232679,11.29042,4.4527281,0.13701071
1.1551829,-2.1709374,4.2366589,-0.29082315,4.0582661,-5.2951514,1.138226,11.806562,3.5334041,0.86247324,11.517492,4.5647798,0.075793346
1.1554898,-2.0372524,4.2772252,-0.18933151,4.1072769,-5.1689427,1.1969491,11.594581,3.0379484,0.90206547,11.740879,4.6599181,0.032075172
1.1557967,-1.8874851,4.2980458,-0.078093406,4.1498191,-5.0111713,1.2559417,11.36964,2.5078956,0.94378933,11.958406,4.7440125,0.0056270911
1.1561036,-1.7231285,4.2992639,0.03811213,4.182481,-4.8239024,1.3128758,11.122567,1.9358911,0.98882125,12.167334,4.8213035,-0.0036825925
1.1564105,-1.5503092,4.2858648,0.15697547,4.2009418,-4.6079321,1.3681333,10.857013,1.331078,1.0285289,12.363497,4.8949251,0.0010032839
1.1567174,-1.3678236,4.2530155,0.27343272,4.2065432,-4.3632594,1.4196061,10.577386,0.69543525,1.0615271,12.546995,4.9672629,0.01798083
1.1570243,-1.18387,4.2021094,0.38706548,4.194074,-4.093936,1.46703,10.285131,0.046121445,1.0916463,12.7181,5.0399346,0.04560322
1.1573313,-0.99997654,4.1319433,0.49588398,4.1664404,-3.7984312,1.5095641,9.9876804,-0.60909438,1.1180436,12.877685,5.1157816,0.080687794
1.1576382,-0.81961261,4.0441801,0.59361462,4.1232347,-3.4771227,1.5422229,9.6978737,-1.2623491,1.1389296,13.024806,5.1871361,0.12170716
1.1579451,-0.64519416,3.9364897,0.68341662,4.0600714,-3.1273896,1.568885,9.4239418,-1.9018475,1.1542405,13.160616,5.2564826,0.16727517
1.1582521,-0.48035441,3.8092407,0.76419862,3.9877654,-2.7559544,1.5884005,9.1726075,-2.515258,1.1614946,13.285774,5.3207355,0.21658223
1.158559,-0.33082268,3.6629753,0.83187762,3.9012842,-2.3596268,1.5989227,8.9577835,-3.0922803,1.15706,13.401936,5.3763343,0.26865916
1.158866,-0.19467067,3.4994635,0.88634594,3.7999349,-1.9420605,1.6092866,8.7783303,-3.6254092,1.1386247,13.508424,5.4241163,0.32277478
1.1591729,-0.06817347,3.3178359,0.92953404,3.6898124,-1.4984264,1.6030644,8.6365981,-4.10665,1.1059758,13.603727,5.4611261,0.37822691
1.1594799,0.037335198,3.1189919,0.96013893,3.5787509,-1.0166804,1.5861209,8.5375155,-4.5309989,1.0619441,13.688326,5.4724219,0.43416719
1.1597869,0.1351554,2.904692,0.97936428,3.4523878,-0.52848642,1.5555989,8.4804637,-4.8945816,1.0117112,13.761598,5.4712139,0.49023146
1.1600939,0.2199844,2.6754887,0.98749639,3.3233509,-0.021292237,1.5040085,8.4565425,-5.1991746,0.9601604,13.821648,5.457806,0.54648603
1.1604009,0.29100971,2.4309285,0.98794408,3.1922097,0.49551699,1.4407933,8.4755622,-5.4455432,0.91278574,13.867792,5.4327093,0.60230515
1.1607079,0.35340436,2.1724927,0.97774516,3.0648303,1.0261643,1.3546953,8.5327273,-5.6332327,0.87330807,13.895596,5.3803221,0.65762027
1.1610148,0.4164165,1.9019232,0.96210206,2.9478578,1.5659799,1.2481493,8.6216906,-5.7695224,0.84729373,13.901577,5.2794422,0.71110762
1.1613218,0.4735709,1.6248912,0.93005035,2.8515498,2.0909086,1.1295154,8.7293956,-5.8621555,0.83676163,13.882758,5.1145319,0.76272279
1.1616287,0.51549426,1.3394435,0.88700097,2.7882695,2.6031272,0.98814093,8.8501812,-5.9175476,0.84072357,13.839414,4.8739635,0.81382886
1.1619357,0.54935903,1.0412678,0.83747246,2.7686102,3.0921798,0.8396575,8.9768979,-5.9399678,0.85716959,13.767884,4.5658552,0.86430883
1.1622426,0.57773505,0.7363679,0.79012582,2.798575,3.5568905,0.69582229,9.1033776,-5.9312308,0.88382882,13.670493,4.2015237,0.91435678
1.1625496,0.59831887,0.43056537,0.73642738,2.8762725,3.991865,0.56751843,9.2266295,-5.900703,0.91781841,13.544881,3.780144,0.9614774
1.1628565,0.60898448,0.12507786,0.67951879,3.0133592,4.3888327,0.46135779,9.340503,-5.8486249,0.95630361,13.39176,3.3028623,1.0061722
1.1631634,0.60595467,-0.18443341,0.61519523,3.2005254,4.7445321,0.37758914,9.4404266,-5.7778759,0.99793724,13.212158,2.7757204,1.0443304
1.1634703,0.60101268,-0.49722134,0.54789265,3.4314943,5.0581951,0.32494509,9.5229554,-5.6896585,1.042338,13.0146,2.208479,1.0759684
1.1637772,0.59465881,-0.79633531,0.48159477,3.700441,5.3317313,0.30020061,9.5871481,-5.5832966,1.0867115,12.799666,1.6090583,1.0993928
1.164084,0.57788936,-1.0885649,0.41342087,4.0050672,5.5653721,0.30372973,9.6308349,-5.4585422,1.1290131,12.570409,0.98291432,1.1147378
1.1643909,0.54851485,-1.3700615,0.33963965,4.3427456,5.7585823,0.3313696,9.6531427,-5.3145011,1.1687329,12.333211,0.34176363,1.1225204
1.1646978,0.50969158,-1.6407513,0.2596237,4.7053335,5.9141906,0.38031445,9.652789,-5.1480566,1.2055535,12.094849,-0.30110028,1.1262551
1.1650046,0.46257036,-1.9006148,0.17582893,5.0851536,6.0371584,0.44648544,9.6308528,-4.9604762,1.2405904,11.862453,-0.93580629,1.1202239
1.1653115,0.40574841,-2.1449231,0.089501507,5.4760097,6.1316156,0.52424886,9.5877114,-4.7477739,1.273814,11.643017,-1.550824,1.1031987
1.1656183,0.34747195,-2.3696972,0.0020089366,5.8694138,6.2005644,0.60843966,9.5198587,-4.5031993,1.3051599,11.453266,-2.1375677,1.0725788
1.1659252,0.28295408,-2.5752945,-0.089579067,6.2704121,6.2467355,0.69541307,9.4311809,-4.2216715,1.3333121,11.303394,-2.6845399,1.0282443
1.166232,0.21057531,-2.7598964,-0.17746492,6.6536207,6.2677822,0.78937056,9.3197704,-3.8987097,1.3593556,11.191937,-3.1853537,0.97166394
1.1665389,0.12704323,-2.9246656,-0.26163636,7.007571,6.2756815,0.88200651,9.1898143,-3.5320702,1.3839518,11.126069,-3.6342522,0.90449621
1.1668457,0.036550324,-3.0665348,-0.33669804,7.3283385,6.272522,0.96476495,9.0424694,-3.1234646,1.4052033,11.100807,-4.0292384,0.82834633
1.1671525,-0.060918525,-3.1860214,-0.40214826,7.6157178,6.2582629,1.0341212,8.8735494,-2.6780188,1.4208998,11.101488,-4.3688122,0.74725112
1.1674594,-0.16125213,-3.2798117,-0.45966003,7.8691869,6.2384853,1.0874278,8.697229,-2.1964127,1.4273834,11.126173,-4.6535022,0.66594937
1.1677662,-0.25917874,-3.3488261,-0.50959236,8.0919415,6.2118046,1.1252251,8.5130305,-1.682167,1.4299539,11.176278,-4.8862818,0.58905357
1.1680731,-0.35461059,-3.3935361,-0.55160437,8.2852935,6.176509,1.1488843,8.3331487,-1.134576,1.4314361,11.249779,-5.0723104,0.51967296
1.1683799,-0.4455884,-3.4137352,-0.58159064,8.4470305,6.1261948,1.1597216,8.1436515,-0.56417796,1.4281645,11.34135,-5.2170157,0.46142789
1.1686868,-0.53098778,-3.4101702,-0.59481688,8.5767471,6.0561077,1.1578608,7.9713439,0.018446261,1.4149338,11.44613,-5.3267547,0.41697328
1.1689936,-0.61735062,-3.3807067,-0.59221616,8.6737744,5.9648287,1.1436296,7.8206543,0.60669342,1.3915298,11.558351,-5.4070618,0.38648426
1.1693005,-0.69726836,-3.3268794,-0.57847943,8.7422454,5.8500052,1.1184903,7.7040784,1.1908678,1.3555783,11.672529,-5.4637582,0.36959137
1.1696073,-0.77679269,-3.2497296,-0.55862031,8.780718,5.7096612,1.0849806,7.6273165,1.7645958,1.3004292,11.784417,-5.5011582,0.3655976
1.1699142,-0.85507158,-3.148929,-0.52989151,8.7929539,5.5457004,1.0445701,7.5819399,2.3112304,1.2148036,11.88987,-5.5233354,0.372758
1.170221,-0.93101092,-3.0286511,-0.49527843,8.7785102,5.3541168,1.0025742,7.5830315,2.8217482,1.1057294,11.986691,-5.5328578,0.38962354
1.1705279,-1.0034208,-2.8892784,-0.45488436,8.734444,5.1333048,0.96181615,7.6412829,3.2894162,0.97986952,12.072277,-5.5307061,0.41465901
1.1708348,-1.073222,-2.7294465,-0.4070878,8.669663,4.8783416,0.92250632,7.7487529,3.7103651,0.84845165,12.144704,-5.5170025,0.44633578
1.1711417,-1.1399314,-2.5510126,-0.35328495,8.5790608,4.5847286,0.88642833,7.9180897,4.0761143,0.71636414,12.202509,-5.4897171,0.48234027
1.1714486,-1.2021608,-2.3527319,-0.29668927,8.4664896,4.2561081,0.85038466,8.1323164,4.3895911,0.5956455,12.244845,-5.4473384,0.52126288
1.1717555,-1.2609675,-2.1395335,-0.24522212,8.3299939,3.8888234,0.81846412,8.3809767,4.6532731,0.4916339,12.270935,-5.3893747,0.56198967
1.1720624,-1.3171864,-1.9144325,-0.19887353,8.1643759,3.4854523,0.78968196,8.661453,4.8745848,0.40887647,12.280269,-5.3133966,0.60436273
1.1723693,-1.3731524,-1.6756881,-0.15577491,7.9927293,3.0534883,0.76363806,8.9709938,5.0535372,0.3503987,12.27073,-5.2111752,0.64737874
1.1726763,-1.4295897,-1.4203384,-0.11865948,7.8009495,2.5870291,0.74494542,9.3009161,5.1959173,0.31631753,12.240235,-5.0798446,0.69063531
1.1729832,-1.4780726,-1.1526364,-0.085537036,7.5917499,2.0994026,0.72205304,9.6454182,5.30774,0.30437052,12.188354,-4.9159531,0.73374388
1.1732901,-1.5258027,-0.87396898,-0.064036493,7.3653465,1.5880924,0.70404058,9.9840469,5.3966187,0.31078077,12.114809,-4.716105,0.777246
1.1735971,-1.5808333,-0.58441774,-0.057060702,7.1218169,1.0511954,0.68942185,10.308353,5.4688008,0.3307965,12.019901,-4.4768866,0.82152722
1.173904,-1.6387749,-0.28970948,-0.050092912,6.8561822,0.50615451,0.67633725,10.612249,5.5327025,0.35976027,11.901391,-4.19051,0.86636746
1.1742109,-1.7000636,0.010570672,-0.047938581,6.5696949,-0.052766936,0.66803916,10.89117,5.5918422,0.39314874,11.760931,-3.8552735,0.91133581
1.1745178,-1.764183,0.30618269,-0.06073569,6.2628518,-0.61298713,0.6734951,11.144073,5.6488874,0.42733786,11.599397,-3.4670586,0.95457383
1.1748247,-1.8304905,0.60459772,-0.081220325,5.9469705,-1.1744588,0.68094737,11.37107,5.7023406,0.45807198,11.421702,-3.0331232,0.99684304
1.1751316,-1.9002393,0.89757049,-0.11240702,5.6471898,-1.7345009,0.68491027,11.573012,5.7524324,0.4846491,11.230447,-2.5572704,1.0349209
1.1754384,-1.9695725,1.1861768,-0.15203026,5.3525849,-2.2788323,0.67761309,11.751556,5.8006947,0.5069987,11.028912,-2.046731,1.0685448
1.1757453,-2.0405153,1.4701485,-0.1955382,5.0853396,-2.8015158,0.66583214,11.908204,5.846611,0.52601721,10.829928,-1.5082855,1.0911798
1.1760521,-2.1179294,1.744661,-0.2481321,4.8430264,-3.2944644,0.6508938,12.044812,5.8856542,0.54176831,10.640717,-0.95140131,1.1061285
1.176359,-2.1957099,2.0172358,-0.31157232,4.6212222,-3.7558441,0.63466991,12.161207,5.9091945,0.55538802,10.467709,-0.38509282,1.1128026
1.1766658,-2.2670196,2.2801127,-0.38154772,4.4217956,-4.1812718,0.61912812,12.258274,5.9190318,0.56808264,10.325549,0.18153309,1.109207
1.1769726,-2.3206381,2.5328718,-0.44834107,4.2555062,-4.5618749,0.60686519,12.337805,5.9184486,0.58021126,10.223885,0.73942267,1.0937438
1.1772794,-2.3643416,2.7730003,-0.5075631,4.1220854,-4.8946268,0.60208407,12.400312,5.9057771,0.5937231,10.159772,1.2761522,1.0638884
1.1775862,-2.3982176,3.0003442,-0.55656233,4.0227567,-5.1795189,0.60525054,12.444363,5.8806691,0.60883449,10.128782,1.781614,1.0106069
1.177893,-2.4189953,3.2116227,-0.59703732,3.9565335,-5.4152408,0.61714745,12.470009,5.8394258,0.62614323,10.137581,2.2509847,0.93451718
1.1781998,-2.423839,3.4079261,-0.62689208,3.9219721,-5.5984056,0.63831962,12.474644,5.7689979,0.64530687,10.170813,2.6771595,0.84201232
1.1785066,-2.4068495,3.5875411,-0.64266352,3.9002414,-5.7323703,0.67213828,12.4563,5.6568633,0.66637707,10.228373,3.0579505,0.73644488
1.1788134,-2.3694957,3.7494837,-0.64521206,3.9078346,-5.8192696,0.71915094,12.413264,5.4943915,0.6893284,10.328365,3.3925006,0.62351725
1.1791202,-2.3148271,3.8940558,-0.63467972,3.9410989,-5.8622934,0.77810677,12.344711,5.2734478,0.71488795,10.465096,3.6808578,0.50900368
1.179427,-2.2384794,4.0176687,-0.60510987,3.9938385,-5.8638179,0.84448826,12.248324,4.9966935,0.74506879,10.630012,3.9240412,0.39881161
1.1797337,-2.143716,4.1215987,-0.55752684,4.0602061,-5.8256611,0.91490162,12.126622,4.6734625,0.77796512,10.82229,4.1277895,0.29600525
1.1800405,-2.0297461,4.2054318,-0.49102526,4.132501,-5.7484917,0.98636553,11.97827,4.298255,0.81517606,11.032846,4.2963678,0.20475965
1.1803473,-1.8972453,4.268363,-0.41014841,4.2054882,-5.6385979,1.053031,11.803761,3.8708919,0.85190078,11.253715,4.4364998,0.12822531
1.1806541,-1.7483399,4.3099731,-0.31486196,4.2736681,-5.5025454,1.1156688,11.600787,3.3898341,0.88906861,11.477777,4.5540272,0.06844178
1.1809609,-1.5851015,4.3326061,-0.20839186,4.334421,-5.3413619,1.1737981,11.373883,2.8585289,0.92480618,11.699053,4.655031,0.025989335
1.1812676,-1.4073889,4.3338051,-0.091014317,4.3837955,-5.1508671,1.2302682,11.128999,2.2901112,0.96296218,11.915394,4.7448024,0.00035926879
1.1815744,-1.2208912,4.3191849,0.030531566,4.4191089,-4.9312757,1.2837447,10.867445,1.6802508,1.0022759,12.122843,4.8272249,-0.0091273074
1.1818812,-1.0284849,4.2844759,0.15217492,4.4366777,-4.6833057,1.3337114,10.592195,1.0396311,1.0340438,12.318896,4.9055378,-0.0035938989
1.182188,-0.83190457,4.2316037,0.2706285,4.4388682,-4.4077338,1.3799586,10.307637,0.37156353,1.059252,12.502099,4.9820536,0.0147305
1.1824948,-0.63686502,4.1589371,0.38493597,4.421085,-4.1081026,1.4225678,10.015492,-0.30334889,1.08137,12.67317,5.0592019,0.044240017
1.1828016,-0.4473659,4.0665762,0.49176648,4.3858225,-3.7805562,1.4590643,9.7297686,-0.9790402,1.1006644,12.832365,5.1375946,0.081837546
1.1831084,-0.26711772,3.9554138,0.58820255,4.3364144,-3.4274726,1.4876254,9.455545,-1.6456717,1.1157608,12.978469,5.2111011,0.12601847
1.1834152,-0.09884382,3.8251756,0.67614107,4.2625111,-3.0488316,1.5100366,9.2057493,-2.2915778,1.1229289,13.111972,5.2801935,0.17527662
1.183722,0.052480964,3.6762536,0.75331598,4.1822644,-2.6486677,1.5262626,8.9846134,-2.9039675,1.1202538,13.234464,5.3431373,0.22859201
1.1840289,0.18544919,3.5094276,0.81760248,4.0859524,-2.2243905,1.5394024,8.7976896,-3.4741938,1.1040799,13.346862,5.3982073,0.28544335
1.1843357,0.30595859,3.3237663,0.86957329,3.9767067,-1.7772842,1.5458872,8.6483428,-3.9975843,1.0744396,13.447914,5.4458069,0.34433708
1.1846425,0.41334669,3.1203837,0.91064395,3.863718,-1.3018693,1.5390736,8.5414401,-4.4644169,1.0325651,13.536477,5.4795579,0.40444513
1.1849494,0.50476693,2.9020876,0.93756077,3.7332762,-0.79819618,1.5218314,8.4779079,-4.8709389,0.98213204,13.613196,5.4903556,0.46496426
1.1852562,0.57962079,2.6681374,0.95400844,3.5979529,-0.28511262,1.4876927,8.4506897,-5.2147406,0.92878391,13.677071,5.4889893,0.52531299
1.1855631,0.63991944,2.4202979,0.96324938,3.461787,0.24247916,1.4492324,8.4605757,-5.4993986,0.87810014,13.726479,5.474497,0.58568306
1.18587,0.68820364,2.1581079,0.96294326,3.3275186,0.78297169,1.3887244,8.5132577,-5.7217325,0.83451859,13.76039,5.4501093,0.64544131
1.1861769,0.73417193,1.8827989,0.95539901,3.1977432,1.3363737,1.3059344,8.6015999,-5.8908826,0.80212784,13.774059,5.4004889,0.70402988
1.1864837,0.77653532,1.5965818,0.93895742,3.0841515,1.8856116,1.2027125,8.7108165,-6.0126697,0.78413164,13.764702,5.2959928,0.76013761
1.1867906,0.80298584,1.3072728,0.90515633,2.9928237,2.4250136,1.0877686,8.8373004,-6.0898865,0.78046848,13.730499,5.1226783,0.8138878
1.1870974,0.8197797,1.0044577,0.86329809,2.9441634,2.9450419,0.95134247,8.9736494,-6.1295295,0.78986815,13.672203,4.8720607,0.8660853
1.1874042,0.83164371,0.69195601,0.81608697,2.9434863,3.4416819,0.80745653,9.1135915,-6.1359245,0.81059564,13.585226,4.5488761,0.91597551
1.1877111,0.8366247,0.37962841,0.77021242,2.9872806,3.9110144,0.66964221,9.2512362,-6.1167658,0.84096607,13.473821,4.1668295,0.96384763
1.1880179,0.83340364,0.066664444,0.72125619,3.0992097,4.3417597,0.54492454,9.3799872,-6.0734229,0.87700664,13.335929,3.7262454,1.0074388
1.1883247,0.81911479,-0.24904015,0.66236791,3.2608973,4.7339347,0.44258603,9.4968771,-6.0102019,0.91611577,13.172754,3.2288163,1.0489794
1.1886314,0.79793054,-0.56823219,0.59503899,3.473743,5.08037,0.36243353,9.5956466,-5.9299298,0.95772164,12.985365,2.6827599,1.0790767
1.1889382,0.77092343,-0.87475468,0.52327261,3.7307099,5.3822378,0.31032301,9.6745587,-5.8324285,1.0003836,12.78661,2.1000225,1.1025332
1.189245,0.73968667,-1.1760945,0.45354202,4.023993,5.6393609,0.28615149,9.7339353,-5.717437,1.0423324,12.574688,1.4867686,1.1187844
1.1895517,0.6952879,-1.4662778,0.37781384,4.3521178,5.8530684,0.28866199,9.7712887,-5.5837704,1.082543,12.353152,0.85234086,1.1287388
1.1898585,0.64324855,-1.7459166,0.29532657,4.705433,6.0256208,0.31541135,9.7866802,-5.4296663,1.120255,12.127862,0.20633088,1.1263716
1.1901652,0.58291877,-2.0157963,0.20662603,5.0791911,6.1606898,0.36224229,9.7790306,-5.2537977,1.1550953,11.904834,-0.43680673,1.1195494
1.1904719,0.51240836,-2.2728255,0.11270586,5.4653373,6.2634301,0.42507775,9.7488371,-5.0553796,1.1870971,11.691263,-1.0681356,1.1039408
1.1907787,0.44253198,-2.5093794,0.016936036,5.8587171,6.3375473,0.49910842,9.698108,-4.8308537,1.2174783,11.493891,-1.6767684,1.0784625
1.1910854,0.36732581,-2.7272977,-0.0830713,6.2670982,6.3857886,0.57964694,9.6227084,-4.5712866,1.2465343,11.327123,-2.2551924,1.0404394
1.1913921,0.28577848,-2.9254189,-0.18124605,6.6570409,6.4093693,0.66634232,9.5268757,-4.2733367,1.2722563,11.197592,-2.7926298,0.99176428
1.1916988,0.20156643,-3.1025203,-0.27362983,7.019314,6.419768,0.7575322,9.4089613,-3.9320884,1.295522,11.104574,-3.2834109,0.93237301
1.1920055,0.10842678,-3.2576233,-0.35655315,7.3494401,6.4208649,0.84379783,9.272903,-3.5460136,1.3150778,11.051195,-3.7225111,0.86285569
1.1923122,0.0091354702,-3.3906435,-0.42748494,7.645513,6.4133145,0.91919893,9.119417,-3.1194151,1.3318396,11.036881,-4.1087551,0.78560759
1.1926189,-0.090771598,-3.4981955,-0.4893,7.9079465,6.3958037,0.98076238,8.9457123,-2.6543475,1.3458547,11.047859,-4.4401694,0.70504235
1.1929256,-0.1879872,-3.5796033,-0.54225191,8.1378291,6.3689036,1.0266123,8.7668461,-2.1565979,1.3543501,11.083539,-4.7184623,0.62517633
1.1932323,-0.28180686,-3.6352997,-0.58880086,8.337013,6.3306953,1.0581563,8.5822053,-1.6268078,1.3556845,11.144872,-4.9464217,0.54939177
1.193539,-0.36947005,-3.665612,-0.62648846,8.5033824,6.2808678,1.0769778,8.402146,-1.0667135,1.3549878,11.227497,-5.1293573,0.48123125
1.1938457,-0.44764546,-3.6699814,-0.65337411,8.6369466,6.2140633,1.0840371,8.2140638,-0.48573978,1.3520805,11.327074,-5.2725303,0.42431677
1.1941524,-0.52705068,-3.646602,-0.66600194,8.73808,6.1277495,1.0798646,8.0415354,0.10689992,1.3390769,11.438406,-5.3822532,0.38067556
1.1944591,-0.60334795,-3.5972244,-0.66429318,8.8082627,6.0184834,1.0650201,7.8905007,0.70040501,1.3221613,11.555748,-5.4638951,0.35082076
1.1947658,-0.68024853,-3.5234698,-0.6547019,8.8494112,5.8826744,1.0419642,7.7714482,1.28993,1.2933288,11.673508,-5.5221956,0.33487642
1.1950725,-0.75507964,-3.4259441,-0.63554981,8.8616962,5.7236596,1.0119401,7.6942333,1.8590858,1.2505054,11.788038,-5.5621807,0.33194392
1.1953793,-0.82813118,-3.3053983,-0.60768775,8.8473655,5.5402808,0.97711102,7.6542813,2.4030302,1.1771112,11.895631,-5.5881353,0.34076717
1.195686,-0.89673394,-3.1648122,-0.57305812,8.8054171,5.3268122,0.94079475,7.6577222,2.910635,1.0811488,11.99327,-5.6010353,0.35974036
1.1959927,-0.96255385,-3.0049203,-0.53202119,8.7382948,5.0829237,0.90621483,7.7157842,3.3756402,0.96642196,12.07927,-5.6011442,0.38747635
1.1962995,-1.0269049,-2.8242348,-0.48645319,8.6492799,4.8018737,0.87376652,7.8266069,3.7938891,0.84178536,12.151435,-5.5880026,0.42190612
1.1966062,-1.0823754,-2.625546,-0.43439897,8.5356285,4.4822292,0.84124159,7.9893685,4.1583666,0.71519765,12.208487,-5.5669698,0.46071222
1.196913,-1.1355946,-2.4108231,-0.37910707,8.3982275,4.1231392,0.81073341,8.1828893,4.4696532,0.59499735,12.249328,-5.5310964,0.50279801
1.1972197,-1.1857979,-2.1803562,-0.32849124,8.2342956,3.7262878,0.78262937,8.4115516,4.7346787,0.48998473,12.273882,-5.4789954,0.54687857
1.1975265,-1.2332098,-1.9348936,-0.28270715,8.05177,3.2928287,0.75784294,8.6715595,4.9519433,0.40498044,12.281092,-5.4093821,0.59267752
1.1978333,-1.282038,-1.675807,-0.24094715,7.8593669,2.8297443,0.73672899,8.9631636,5.1212543,0.34216304,12.269141,-5.3153472,0.63892763
1.1981401,-1.3278636,-1.4036999,-0.205782,7.6453016,2.331716,0.71713912,9.2967744,5.2566301,0.30128311,12.236193,-5.1854032,0.68488189
1.1984468,-1.3681142,-1.1198232,-0.17329844,7.4148792,1.8102936,0.69834007,9.6449545,5.36375,0.28062461,12.181967,-5.0216149,0.73042214
1.1987537,-1.4176509,-0.82732223,-0.15684293,7.1676415,1.2631312,0.68341392,9.9847884,5.4529495,0.27830964,12.106389,-4.8218961,0.77555584
1.1990604,-1.4712398,-0.52215758,-0.15219566,6.9043842,0.69203295,0.67134155,10.309748,5.5277855,0.2896786,12.00991,-4.5822888,0.82068139
1.1993672,-1.5287067,-0.20954434,-0.14515882,6.6189958,0.1132066,0.65763994,10.612939,5.5945825,0.30989392,11.891945,-4.2948486,0.86568761
1.199674,-1.5873464,0.10025173,-0.14918124,6.3114001,-0.47814285,0.65027272,10.890041,5.6567319,0.33591672,11.752886,-3.9584822,0.91062286
1.1999807,-1.6484892,0.41008303,-0.16722788,5.9950036,-1.0694238,0.65700597,11.139988,5.7162351,0.36348729,11.594215,-3.569548,0.9534685
1.2002875,-1.7116982,0.7171446,-0.19508624,5.6863695,-1.6605443,0.66382201,11.363523,5.7722938,0.39052932,11.41961,-3.1332617,0.99307413
1.2005942,-1.7782843,1.0174658,-0.23232609,5.389946,-2.2438709,0.66268228,11.562314,5.8254591,0.41624826,11.234385,-2.6550178,1.0297927
1.2009009,-1.8430276,1.317956,-0.27603472,5.1132547,-2.806974,0.65115371,11.737134,5.8763939,0.4397393,11.039108,-2.1428073,1.0622905
1.2012076,-1.9134805,1.6118797,-0.32451259,4.8616848,-3.3456273,0.63528849,11.889782,5.924483,0.46083629,10.845967,-1.6045647,1.0849755
1.2015143,-1.9869754,1.9022013,-0.38143508,4.6302883,-3.8515586,0.61758219,12.021476,5.9639223,0.48054319,10.662761,-1.0483463,1.0963445
1.201821,-2.0574815,2.1852675,-0.44869113,4.4274602,-4.3218073,0.59687795,12.131993,5.9859506,0.49954757,10.494533,-0.48621322,1.1022348
1.2021277,-2.1125744,2.4569792,-0.51823368,4.2600212,-4.7472338,0.57498659,12.22346,5.9966626,0.51784346,10.351012,0.076351818,1.0974117
1.2024344,-2.1471852,2.7188781,-0.58445545,4.1310263,-5.1252252,0.55586208,12.295934,5.9969603,0.535931,10.245213,0.62698567,1.0820902
1.202741,-2.171344,2.9668316,-0.64056024,4.0369512,-5.4511093,0.54432227,12.350879,5.9854783,0.555159,10.174067,1.1593927,1.0529159
1.2030477,-2.184005,3.2001308,-0.68635074,3.9789663,-5.7235674,0.54115937,12.386877,5.9615468,0.57618255,10.131242,1.6616158,1.0027876
1.2033543,-2.1817419,3.4161364,-0.72131978,3.9518825,-5.9388573,0.54764029,12.402432,5.9212096,0.59866097,10.125615,2.128924,0.93183309
1.203661,-2.1595824,3.6128526,-0.74305774,3.9398379,-6.0992503,0.56372726,12.396179,5.8486004,0.62294608,10.15168,2.5564903,0.84414002
1.2039676,-2.115067,3.7895237,-0.75369854,3.9586509,-6.2063172,0.59156122,12.365099,5.7314043,0.64845876,10.19569,2.9427666,0.74268657
1.2042742,-2.0497844,3.9475135,-0.74735707,4.0057245,-6.2639834,0.63418107,12.309197,5.5606053,0.67496492,10.27967,3.2833052,0.63245626
1.2045808,-1.9624583,4.0856813,-0.72539887,4.0740507,-6.2749638,0.68861423,12.22689,5.3262447,0.70454551,10.400345,3.5809208,0.51770149
1.2048875,-1.8545224,4.2021806,-0.68703776,4.1577635,-6.2421943,0.75109727,12.116352,5.0376504,0.73706534,10.550532,3.8354213,0.40357214
1.2051941,-1.7250394,4.2942086,-0.63550847,4.2498073,-6.1694938,0.81839235,11.979751,4.6973637,0.77300818,10.728114,4.052098,0.29618117
1.2055007,-1.5742685,4.3639657,-0.56662699,4.341371,-6.060793,0.88458998,11.816065,4.3022362,0.81313039,10.926,4.2338805,0.19900881
1.2058073,-1.4083111,4.4111407,-0.48507303,4.428786,-5.9196028,0.94559434,11.626853,3.8513335,0.85181501,11.136722,4.3868481,0.11516018
1.2061139,-1.2268711,4.4371172,-0.38827985,4.5075505,-5.7527391,1.003015,11.408385,3.343716,0.89038944,11.354169,4.516783,0.048100219
1.2064205,-1.033024,4.4409834,-0.27499416,4.5747745,-5.5587008,1.0562327,11.172548,2.7859556,0.92626697,11.571516,4.6295099,-0.0017687894
1.2067271,-0.82838593,4.4219925,-0.14922812,4.6295391,-5.3369432,1.1068633,10.919639,2.1869443,0.96451143,11.785228,4.7298975,-0.033827527
1.2070338,-0.61766404,4.3857139,-0.023599234,4.6665579,-5.0872979,1.1536378,10.652924,1.5485448,1.0011618,11.992344,4.8221831,-0.049348063
1.2073404,-0.40428114,4.3296674,0.099909358,4.6846197,-4.8093441,1.1969714,10.377676,0.88008258,1.0295464,12.190508,4.9092238,-0.047749698
1.207647,-0.19367318,4.2540465,0.21914701,4.6855072,-4.5065355,1.238043,10.098015,0.18927913,1.0504831,12.376476,4.993147,-0.032417859
1.2079536,0.0076398836,4.1586331,0.33325518,4.6657128,-4.177741,1.2784705,9.8186943,-0.50737429,1.0648965,12.550067,5.0763189,-0.0048642616
1.2082603,0.19621766,4.0422335,0.43838931,4.627144,-3.823536,1.3148453,9.5483927,-1.200004,1.0784267,12.710672,5.1601832,0.033274357
1.2085669,0.37115427,3.9066161,0.53289164,4.5722898,-3.4416813,1.3421906,9.2967365,-1.880724,1.0872589,12.858626,5.2404969,0.079054766
1.2088736,0.53960905,3.7524622,0.61810175,4.4918142,-3.0346434,1.3644464,9.0737256,-2.5336982,1.0898193,12.993281,5.3150385,0.13074825
1.2091802,0.6840363,3.5809741,0.69221164,4.4063113,-2.6063638,1.3798884,8.8783244,-3.1490324,1.0817813,13.115154,5.3805337,0.1874435
1.2094869,0.81009292,3.391904,0.75377738,4.3051068,-2.1538636,1.3955923,8.7175759,-3.7212433,1.0634427,13.225894,5.4382324,0.24786797
1.2097935,0.91930214,3.1844278,0.80143859,4.1917826,-1.6762608,1.4067835,8.595276,-4.2425858,1.0317399,13.324669,5.4886099,0.31105543
1.2101002,1.0066848,2.9597256,0.84185308,4.0718,-1.1744226,1.3973821,8.5169712,-4.7064846,0.98755197,13.409743,5.5231753,0.37582448
1.2104069,1.0775232,2.7209174,0.87096342,3.9324586,-0.64465026,1.3829339,8.472606,-5.1092701,0.93550152,13.48089,5.5348308,0.44102183
1.2107136,1.1315285,2.4662687,0.88881017,3.7916119,-0.10966527,1.3543196,8.4640669,-5.4495736,0.88154988,13.5378,5.5350665,0.50637409
1.2110203,1.1688192,2.1980798,0.90031672,3.6524905,0.43864593,1.3258205,8.4887217,-5.7263398,0.82943924,13.580342,5.5214655,0.57167255
1.211327,1.2009304,1.9179572,0.9032601,3.5158918,0.99813481,1.2776242,8.5549352,-5.9441848,0.78266195,13.606583,5.4983318,0.63634865
1.2116337,1.2290993,1.6249824,0.89853177,3.3867614,1.5657283,1.2068949,8.6514963,-6.1073706,0.74555379,13.611919,5.4553947,0.69989766
1.2119405,1.2439001,1.3237443,0.88284235,3.2715246,2.1273179,1.1165445,8.7674048,-6.2204313,0.72104629,13.594229,5.3577127,0.76049034
1.2122472,1.2443047,1.0162146,0.85085745,3.1780382,2.6801992,1.0123879,8.8997758,-6.2889919,0.70975676,13.551693,5.1902507,0.81853097
1.2125539,1.2384032,0.69528303,0.81009872,3.1298095,3.2128932,0.89138194,9.0431702,-6.3187359,0.71137375,13.485067,4.9458786,0.87478285
1.2128605,1.2264393,0.37077905,0.7668772,3.132123,3.718574,0.75716242,9.1890757,-6.3179667,0.72474143,13.391472,4.623038,0.92942145
1.2131672,1.2043767,0.048621412,0.72227127,3.1857804,4.1927718,0.62655994,9.331371,-6.2930904,0.7474176,13.274837,4.2397658,0.98125062
1.2134738,1.1743249,-0.27683546,0.67286637,3.3077521,4.6255433,0.50707374,9.4679619,-6.2452888,0.77610674,13.133654,3.7956585,1.0278439
1.2137805,1.137361,-0.60689205,0.60829285,3.480498,5.0164798,0.40454879,9.5915373,-6.1789065,0.808534,12.970219,3.2947785,1.0648989
1.2140871,1.0956986,-0.92318765,0.54208557,3.7073227,5.3585498,0.32407269,9.6955079,-6.0985708,0.8436271,12.788631,2.7452826,1.0924977
1.2143937,1.0520212,-1.2363884,0.47162927,3.9789015,5.6523242,0.26823068,9.7790809,-6.0011442,0.88050888,12.595862,2.1585317,1.1113149
1.2147003,0.9929827,-1.5419999,0.39261227,4.2859776,5.8977712,0.23865929,9.8412482,-5.8822441,0.91769402,12.393907,1.5408338,1.1265536
1.2150069,0.92380613,-1.8358103,0.30833829,4.6241077,6.0959635,0.23455304,9.8801725,-5.7444174,0.95408216,12.186078,0.90354098,1.1342643
1.2153135,0.84505579,-2.1198925,0.2192162,4.9853993,6.2531387,0.25514715,9.8956048,-5.5862055,0.98944586,11.976891,0.25459151,1.1327217
1.2156201,0.75659486,-2.3946139,0.1228928,5.3653124,6.3714088,0.29696896,9.8872046,-5.4063888,1.022846,11.771862,-0.3927271,1.1225442
1.2159267,0.66392035,-2.6491918,0.017368154,5.7548085,6.456979,0.35600177,9.8556418,-5.2027999,1.0556246,11.578628,-1.0269898,1.1062654
1.2162332,0.57050915,-2.8855607,-0.092615505,6.1644356,6.5155493,0.42610057,9.8013844,-4.972447,1.0880051,11.40119,-1.637751,1.0816551
1.2165398,0.47183655,-3.1032898,-0.20249489,6.5667421,6.54889,0.50601406,9.7247945,-4.7068083,1.1202149,11.247535,-2.2168,1.0463105
1.2168463,0.37064953,-3.299601,-0.30633465,6.9449398,6.559918,0.59045576,9.6263713,-4.4019876,1.1517578,11.127753,-2.7555655,0.99842362
1.2171529,0.26970099,-3.4742552,-0.39966258,7.2927162,6.558999,0.67691464,9.5064038,-4.0539669,1.1834503,11.041519,-3.2476225,0.93910023
1.2174594,0.17178772,-3.625662,-0.4816359,7.6070512,6.5497169,0.75661442,9.3698453,-3.6594025,1.213475,10.988007,-3.6890385,0.86880285
1.217766,0.072277649,-3.752882,-0.55064828,7.8879165,6.5337353,0.82472445,9.213378,-3.2228111,1.2384938,10.969821,-4.0778698,0.78978805
1.2180725,-0.027455205,-3.8531281,-0.60742036,8.1353368,6.5095965,0.87948501,9.0404109,-2.7468744,1.262057,10.984653,-4.4140791,0.70594687
1.218379,-0.1240124,-3.925684,-0.65695977,8.3494364,6.472522,0.9198383,8.8605084,-2.2376773,1.2818668,11.02217,-4.6979345,0.62100447
1.2186856,-0.21252107,-3.9700022,-0.69849179,8.5307849,6.428029,0.94714817,8.6760707,-1.6974865,1.2971404,11.080989,-4.9333234,0.53827453
1.2189921,-0.28997045,-3.986378,-0.73288372,8.6781672,6.3687186,0.96336909,8.4927867,-1.1304073,1.3018134,11.157709,-5.1248345,0.46209721
1.2192987,-0.36172342,-3.9757644,-0.75674289,8.791984,6.2906461,0.97103203,8.3081746,-0.54184599,1.2980839,11.251724,-5.2770493,0.39597238
1.2196052,-0.43418226,-3.9358898,-0.76678042,8.8753065,6.1913071,0.96880396,8.1329705,0.062281941,1.2848221,11.35768,-5.3963872,0.34328866
1.2199117,-0.50909808,-3.868955,-0.76299682,8.9275819,6.068945,0.95754425,7.9809601,0.6603067,1.2661512,11.470348,-5.4877809,0.30457883
1.2202183,-0.58171455,-3.7796934,-0.75076139,8.9496635,5.9210453,0.9396148,7.8552676,1.2526261,1.2365089,11.586865,-5.5550383,0.28018573
1.2205248,-0.64872258,-3.663338,-0.72783391,8.943904,5.7500877,0.91493159,7.7709775,1.8265816,1.1973389,11.703587,-5.6023735,0.26945325
1.2208314,-0.70985906,-3.5231633,-0.69659855,8.9114475,5.5526579,0.88643006,7.7350141,2.373561,1.1355021,11.81413,-5.6353536,0.27153554
1.2211379,-0.76645756,-3.3619114,-0.6586107,8.8520164,5.3251103,0.85618338,7.7276681,2.8866587,1.052376,11.915563,-5.6571479,0.28517055
1.2214445,-0.82192136,-3.1818469,-0.61577724,8.7701173,5.0661597,0.82698213,7.7706643,3.3578485,0.9500753,12.006106,-5.6661682,0.30909107
1.2217511,-0.87556286,-2.9830207,-0.56892022,8.6625587,4.7674478,0.80158422,7.8656901,3.782549,0.83662234,12.083248,-5.6571938,0.34124615
1.2220577,-0.92178695,-2.7656789,-0.51790547,8.5314005,4.4288264,0.77392154,8.0027072,4.1552397,0.71930501,12.144876,-5.6384568,0.37938288
1.2223643,-0.96541502,-2.5314716,-0.46480877,8.375768,4.0483809,0.74868238,8.1671084,4.4762459,0.60414512,12.190011,-5.6127973,0.42169238
1.2226709,-1.0040419,-2.2806992,-0.41608078,8.1905663,3.6268856,0.72547844,8.3656768,4.745406,0.49769352,12.218472,-5.5709688,0.46729469
1.2229775,-1.0425234,-2.0143016,-0.37103653,7.9982233,3.172995,0.70420834,8.6000884,4.9627631,0.4082929,12.230046,-5.5132507,0.51521613
1.2232841,-1.0817832,-1.7350531,-0.33072634,7.7870521,2.6844472,0.6878234,8.8779142,5.1385524,0.336709,12.222211,-5.4348936,0.56355535
1.2235907,-1.1149076,-1.4451673,-0.29840386,7.5531153,2.1580154,0.66971857,9.2026613,5.279266,0.2832308,12.193679,-5.323327,0.61167886
1.2238974,-1.1531744,-1.1431675,-0.26838234,7.302362,1.6047545,0.65322045,9.5491146,5.3924141,0.24943445,12.143703,-5.1702709,0.65957943
1.224204,-1.2010102,-0.83277626,-0.25413186,7.0382718,1.0213901,0.64187049,9.8903643,5.4851604,0.23319446,12.072141,-4.9798869,0.70699441
1.2245107,-1.2525819,-0.51106804,-0.25290586,6.7544179,0.42515615,0.63256905,10.217703,5.5639557,0.23250487,11.980122,-4.7506328,0.75379152
1.2248173,-1.3073975,-0.18006119,-0.25088025,6.4496885,-0.1894971,0.62145979,10.524839,5.6333871,0.24260491,11.867386,-4.4752452,0.80047545
1.2251239,-1.3645017,0.14210245,-0.26084361,6.1340288,-0.81534748,0.61341845,10.806151,5.6980664,0.26063022,11.734659,-4.150167,0.84689258
1.2254305,-1.4224981,0.46705032,-0.28240454,5.8186111,-1.4402228,0.61980451,11.060041,5.7599761,0.28245386,11.58399,-3.7736207,0.89215684
1.2257371,-1.4823962,0.78883922,-0.31560947,5.5192415,-2.0679925,0.62175043,11.287564,5.8191417,0.3071757,11.418237,-3.3483357,0.93478022
1.2260437,-1.5458181,1.1046201,-0.35668396,5.226885,-2.6730238,0.61325756,11.489963,5.874519,0.33308946,11.241375,-2.8804254,0.97393704
1.2263503,-1.6071789,1.4193756,-0.4043134,4.9578376,-3.2586041,0.59657006,11.667421,5.9279519,0.35864034,11.059756,-2.3753974,1.007029
1.2266569,-1.6757343,1.7316892,-0.45550894,4.71255,-3.8171377,0.57335644,11.821775,5.9791359,0.38303881,10.875188,-1.8432068,1.034724
1.2269634,-1.7440357,2.0399052,-0.51567787,4.4954392,-4.3390571,0.54944728,11.954139,6.0218916,0.40721279,10.700709,-1.2908983,1.0546386
1.22727,-1.8011997,2.3388625,-0.58123519,4.3186472,-4.81843,0.52278135,12.06457,6.045746,0.43153953,10.534153,-0.73039838,1.0621204
1.2275765,-1.8374728,2.6245128,-0.64557683,4.1809259,-5.2474136,0.49463855,12.154716,6.0586567,0.45524395,10.386802,-0.17059289,1.0609967
1.227883,-1.857103,2.9009785,-0.70276402,4.085927,-5.6246577,0.46903329,12.224452,6.0615335,0.47871113,10.267478,0.38050816,1.0491129
1.2281896,-1.8611594,3.1627188,-0.7480236,4.0300284,-5.9446524,0.45029285,12.275417,6.0529572,0.50244039,10.183009,0.91535325,1.02579
1.2284961,-1.8471988,3.4074502,-0.78386763,4.0102716,-6.2015364,0.44172347,12.307151,6.032492,0.52791839,10.12818,1.4234972,0.98070826
1.2288026,-1.8152514,3.6335044,-0.80447016,4.0091115,-6.3968013,0.44473359,12.317095,5.9967292,0.55445026,10.101224,1.8996019,0.91928065
1.229109,-1.7611926,3.8351594,-0.81475629,4.0380852,-6.5298691,0.46171164,12.30408,5.9284301,0.5812536,10.115193,2.3393942,0.84077572
1.2294155,-1.6822416,4.0148998,-0.80918678,4.099382,-6.6132884,0.49233501,12.264498,5.812869,0.60883978,10.146464,2.7393369,0.74757736
1.229722,-1.5818648,4.1739868,-0.78917561,4.1833485,-6.6427127,0.53637757,12.19969,5.6429019,0.63696119,10.202721,3.0975098,0.6436382
1.2300285,-1.4596247,4.3081773,-0.75275704,4.2820512,-6.622768,0.59129974,12.107644,5.4092998,0.6675807,10.294499,3.4137583,0.53341664
1.2303349,-1.3141676,4.4180451,-0.70457099,4.3888488,-6.5592745,0.65371056,11.988364,5.1158224,0.70081584,10.41959,3.6887449,0.42126995
1.2306414,-1.1454747,4.5025153,-0.64047626,4.4980769,-6.4628055,0.71826782,11.841509,4.7685669,0.73594315,10.56959,3.9265253,0.31244042
1.2309479,-0.95961408,4.5611435,-0.56222321,4.6042853,-6.3276321,0.78258696,11.666482,4.3634548,0.77679443,10.74749,4.1288119,0.21160962
1.2312543,-0.75707749,4.5957929,-0.46739665,4.7037899,-6.1588384,0.84377531,11.467141,3.8988053,0.81626263,10.943175,4.3005219,0.12259937
1.2315608,-0.54170528,4.6067764,-0.35659153,4.7916185,-5.9644145,0.90324621,11.239281,3.3744193,0.85642721,11.150581,4.4473148,0.047958572
1.2318673,-0.32107925,4.5941856,-0.23163328,4.8647167,-5.7437379,0.96075814,10.996355,2.7978946,0.89468973,11.363112,4.5742425,-0.0098796675
1.2321737,-0.098934122,4.5578822,-0.10131562,4.9219374,-5.4964334,1.0157042,10.73646,2.1754628,0.93273225,11.576023,4.6864701,-0.050349289
1.2324802,0.11818149,4.4979695,0.026624524,4.9599265,-5.2230576,1.067221,10.467618,1.5165102,0.97081624,11.784741,4.7888296,-0.072366643
1.2327866,0.33628108,4.4197478,0.14864587,4.976734,-4.9214668,1.1156772,10.193943,0.82844737,1.0022971,11.98643,4.8848454,-0.078997694
1.2330931,0.54084762,4.3213421,0.26376661,4.9754805,-4.5965276,1.1619471,9.9214121,0.11859256,1.0275221,12.178955,4.9764397,-0.070090554
1.2333996,0.73806853,4.2021078,0.37157357,4.9518675,-4.245959,1.2070385,9.6530322,-0.59660413,1.0408291,12.358835,5.0645622,-0.047268905
1.2337061,0.9211596,4.0619603,0.46950501,4.9104908,-3.8686161,1.2467235,9.3972672,-1.3051943,1.0538196,12.525879,5.1537975,-0.012975761
1.2340126,1.0857709,3.9017328,0.55758281,4.8469215,-3.4674518,1.2774642,9.1655546,-1.9965977,1.0584991,12.679869,5.2402345,0.030539759
1.2343191,1.2305885,3.7238608,0.6374877,4.7597966,-3.0375076,1.3011693,8.9614673,-2.660807,1.0536842,12.820077,5.3211385,0.081182413
1.2346256,1.356398,3.5287543,0.70498098,4.6683049,-2.5865976,1.3172646,8.785165,-3.2869245,1.0374302,12.945912,5.3924857,0.13738993
1.2349321,1.4650418,3.3177207,0.7591161,4.561671,-2.1126101,1.332285,8.6441297,-3.8667832,1.0114809,13.058364,5.4537702,0.1983923
1.2352386,1.5524,3.0893609,0.80247043,4.4456059,-1.611402,1.345084,8.5434476,-4.3939173,0.97586393,13.157711,5.5078949,0.26275752
1.2355451,1.6163124,2.8441278,0.83767266,4.3186636,-1.0922591,1.3391425,8.4832238,-4.8613267,0.93032467,13.242657,5.5480716,0.32934852
1.2358516,1.6617342,2.5839616,0.86141123,4.1752523,-0.53712276,1.3192869,8.4586801,-5.2673596,0.87771139,13.311756,5.5644764,0.3967451
1.2361582,1.6907066,2.3091314,0.87690813,4.0304796,0.022194918,1.2803568,8.4695645,-5.6076183,0.82174248,13.364978,5.568516,0.46424268
1.2364647,1.7072,2.0221354,0.88602203,3.8896432,0.58885131,1.2438961,8.5148279,-5.8837769,0.76569237,13.402437,5.5590536,0.53183111
1.2367713,1.7197663,1.7253892,0.88798648,3.7538933,1.166265,1.1885612,8.5957443,-6.0999056,0.71469925,13.423508,5.537425,0.59898727
1.2370779,1.7230915,1.415983,0.88082936,3.6249788,1.7464757,1.1126356,8.7001511,-6.2606685,0.67264931,13.423447,5.503291,0.66518936
1.2373844,1.7082155,1.1031198,0.86649667,3.5125592,2.317101,1.0190993,8.8240065,-6.3702525,0.64220193,13.40029,5.421673,0.72923931
1.237691,1.6839261,0.77930657,0.83775378,3.421415,2.8806567,0.91195694,8.9644099,-6.4355559,0.62401646,13.352706,5.2719783,0.79156422
1.2379976,1.6540335,0.44284017,0.79828697,3.3727544,3.4220784,0.79879065,9.1146063,-6.4621412,0.61859339,13.281006,5.0461582,0.8521463
1.2383042,1.6189814,0.10824836,0.75478089,3.3767803,3.9335425,0.67349796,9.266037,-6.4564452,0.62500508,13.185513,4.737976,0.9106602
1.2386107,1.5746406,-0.22357878,0.7118218,3.4351555,4.4101598,0.55190947,9.4179928,-6.4295376,0.64130564,13.067482,4.3661923,0.96901028
1.2389172,1.5246205,-0.5620305,0.66214423,3.564045,4.8418827,0.43920793,9.5637642,-6.3799555,0.66459229,12.927496,3.9324918,1.0198826
1.2392238,1.4694132,-0.89657567,0.59783531,3.7460683,5.2296799,0.34246789,9.693543,-6.3105985,0.69211141,12.767118,3.4403933,1.0617105
1.2395303,1.4090332,-1.2199869,0.52623369,3.9802312,5.5645087,0.26278573,9.802949,-6.2273662,0.72321689,12.59175,2.8973392,1.093591
1.2398368,1.3441613,-1.5393063,0.44904203,4.2579878,5.8473414,0.20796861,9.8912129,-6.129986,0.75726316,12.405904,2.3144458,1.1144209
1.2401433,1.2602049,-1.851023,0.36181023,4.5730637,6.0804727,0.17902444,9.9558682,-6.0110455,0.79294392,12.214873,1.7008809,1.1318835
1.2404497,1.1683177,-2.152563,0.26898723,4.9164016,6.2643671,0.17446534,9.995542,-5.871591,0.82850692,12.021006,1.0644602,1.1424139
1.2407562,1.0678135,-2.444471,0.17393673,5.2813058,6.4073956,0.19431382,10.010291,-5.7115344,0.86335972,11.82811,0.41650488,1.1430903
1.2410626,0.95479163,-2.7226406,0.064388282,5.6599753,6.5096297,0.23444146,9.9995592,-5.5296748,0.89835624,11.641025,-0.23282665,1.1322606
1.2413691,0.84481983,-2.981131,-0.055573015,6.0590533,6.5804821,0.29288855,9.9646254,-5.3242318,0.93394453,11.465388,-0.86932946,1.1158303
1.2416755,0.73042728,-3.2216,-0.17267678,6.4590813,6.6256762,0.36417415,9.9069991,-5.0936596,0.96977658,11.306469,-1.4845677,1.0906497
1.241982,0.61442688,-3.4416256,-0.28372748,6.8416813,6.6512556,0.44552548,9.8265483,-4.8278471,1.0058899,11.167522,-2.0697354,1.0543943
1.2422884,0.5023603,-3.6404154,-0.38540445,7.199385,6.654121,0.52830263,9.7245338,-4.5225356,1.0423585,11.058182,-2.617825,1.005284
1.2425948,0.39400589,-3.815808,-0.47445647,7.5273773,6.6430246,0.60956783,9.6011101,-4.1751064,1.0795017,10.977335,-3.1203874,0.94469659
1.2429012,0.29164221,-3.9660318,-0.55423292,7.822206,6.6246697,0.68409861,9.4609284,-3.7799607,1.1162979,10.927226,-3.5740104,0.87334979
1.2432076,0.196245,-4.0877231,-0.62245232,8.0837091,6.60159,0.74626271,9.3018682,-3.341821,1.1503432,10.906511,-3.976791,0.79364533
1.243514,0.10695984,-4.1807647,-0.68023758,8.3125697,6.5685682,0.79424281,9.12934,-2.8614293,1.1807975,10.921073,-4.3273045,0.70860175
1.2438204,0.027493884,-4.2441513,-0.72987937,8.5088839,6.5231739,0.828838,8.9470627,-2.3467653,1.2084729,10.956464,-4.6266413,0.62166898
1.2441268,-0.041833446,-4.2796508,-0.77075282,8.6720687,6.4731867,0.85312064,8.7614983,-1.800802,1.2304897,11.012049,-4.8777547,0.53645204
1.2444332,-0.10911119,-4.2877159,-0.80255745,8.8020414,6.4088232,0.86767102,8.5784616,-1.228398,1.2463223,11.08731,-5.084433,0.45684594
1.2447395,-0.17247897,-4.2641817,-0.81929373,8.8995642,6.325266,0.87279195,8.3961554,-0.6364972,1.2540697,11.177736,-5.2508276,0.38621839
1.2450459,-0.23349182,-4.2076552,-0.82232911,8.9678291,6.2211378,0.86840109,8.2167938,-0.02929864,1.2446638,11.282703,-5.3824907,0.32778185
1.2453523,-0.28997924,-4.1240266,-0.81138491,9.0054046,6.0934283,0.85729739,8.066412,0.57442928,1.2263638,11.39627,-5.4851941,0.28323744
1.2456587,-0.34629546,-4.0166135,-0.79233351,9.0130534,5.9399237,0.8414913,7.9412678,1.1718222,1.1945446,11.513188,-5.5630487,0.25274698
1.2459651,-0.39971927,-3.8846051,-0.76349847,8.9937837,5.7622967,0.81983382,7.8510506,1.7504191,1.1488996,11.628949,-5.6194495,0.23635076
1.2462715,-0.44878834,-3.7296592,-0.72822333,8.9475243,5.557732,0.79675406,7.8085159,2.3037983,1.0888216,11.739627,-5.6589085,0.23317848
1.2465779,-0.49296065,-3.552171,-0.68785459,8.8751415,5.3229019,0.77339474,7.8033484,2.8231077,1.0063108,11.842114,-5.6859753,0.24196413
1.2468843,-0.53302785,-3.3536723,-0.64369395,8.7813237,5.0561232,0.75126525,7.835799,3.2999774,0.91118301,11.934735,-5.7035263,0.26127748
1.2471907,-0.56930102,-3.1355802,-0.59419981,8.6615249,4.7489622,0.73169527,7.916334,3.7292613,0.80778409,12.015086,-5.7014915,0.29014427
1.2474972,-0.60463867,-2.899229,-0.54226503,8.5165941,4.400019,0.71245095,8.0385012,4.1074276,0.70148512,12.080418,-5.6876485,0.32610243
1.2478036,-0.64153809,-2.6454674,-0.4888707,8.3466908,4.0077697,0.69408917,8.1897109,4.4370402,0.59477474,12.129126,-5.6633051,0.36641586
1.24811,-0.67362934,-2.3756678,-0.44221174,8.1499718,3.572574,0.67819717,8.375364,4.7080236,0.49481144,12.160848,-5.6284495,0.41047438
1.2484165,-0.70482691,-2.088604,-0.40138791,7.9437793,3.1038309,0.66288604,8.5943681,4.9314072,0.40475281,12.175853,-5.5791463,0.45788408
1.2487229,-0.73806597,-1.7897814,-0.36584062,7.7172246,2.5970975,0.64859599,8.8608595,5.1124484,0.33046997,12.17234,-5.5134018,0.50661607
1.2490294,-0.76719751,-1.4813343,-0.33889088,7.4665508,2.0485575,0.6386114,9.1736507,5.2578431,0.27225787,12.148246,-5.4190974,0.55507558
1.2493359,-0.80747188,-1.1618515,-0.31433883,7.1989288,1.4715267,0.62566778,9.5069546,5.3755789,0.23184037,12.102899,-5.2856634,0.60309558
1.2496423,-0.85351118,-0.83444685,-0.30295059,6.9240979,0.86045989,0.617657,9.837826,5.4723551,0.20877313,12.036122,-5.1091365,0.65121175
1.2499488,-0.90460165,-0.49235118,-0.30649928,6.6210406,0.23751786,0.61211554,10.157769,5.5546004,0.20094764,11.948828,-4.8928639,0.69916148
1.2502553,-0.95703714,-0.14445262,-0.31281849,6.3101946,-0.40611492,0.60216888,10.459955,5.6265803,0.20516251,11.841296,-4.6334256,0.74679244
1.2505618,-1.0131073,0.19561149,-0.32721451,5.9957827,-1.0627402,0.59486473,10.737899,5.6929459,0.21853193,11.715268,-4.3252801,0.7934464
1.2508683,-1.0696696,0.53646335,-0.35329614,5.6829893,-1.717464,0.59353743,10.990396,5.7569935,0.23706158,11.57182,-3.9664624,0.84004674
1.2511748,-1.1273328,0.8746332,-0.39201429,5.3947512,-2.3692238,0.59003261,11.217354,5.8187233,0.26103169,11.414315,-3.5571304,0.88475523
1.2514813,-1.189083,1.2111436,-0.43656441,5.1090593,-2.9991142,0.57809456,11.419463,5.8775274,0.28717838,11.244821,-3.1045157,0.92652262
1.2517877,-1.2504984,1.5486077,-0.48341467,4.8445239,-3.6077813,0.55790952,11.596858,5.9328071,0.31415409,11.069846,-2.6133188,0.96372146
1.2520942,-1.3171651,1.8827342,-0.53364482,4.6120853,-4.1880185,0.53173614,11.750523,5.9856902,0.34079613,10.89322,-2.0898635,0.9934413
1.2524006,-1.3814816,2.2115774,-0.59026009,4.4148404,-4.7229872,0.50356236,11.882342,6.0344616,0.36688261,10.721333,-1.5464105,1.0165055
1.252707,-1.4256875,2.5293194,-0.64621684,4.262869,-5.2129031,0.47203713,11.991682,6.0630734,0.39346495,10.558657,-0.9911347,1.0287467
1.2530134,-1.4490272,2.8321734,-0.69814197,4.153054,-5.6468109,0.44016889,12.08022,6.0766548,0.42013203,10.413403,-0.43229246,1.0265798
1.2533198,-1.4527926,3.1228337,-0.74079315,4.0888095,-6.0226343,0.40875108,12.1474,6.0815443,0.44635156,10.292425,0.12096658,1.0106702
1.2536262,-1.4394337,3.3960471,-0.77062736,4.0679746,-6.3330298,0.3838553,12.194985,6.0754498,0.4728711,10.20048,0.65823725,0.98172706
1.2539326,-1.4032823,3.6502079,-0.78626784,4.0715294,-6.5758221,0.36871679,12.222432,6.0540474,0.50014731,10.137045,1.1736189,0.93828383
1.2542389,-1.3430842,3.8819264,-0.79310732,4.1044638,-6.7467547,0.36519885,12.227994,6.0232246,0.52881291,10.101292,1.6606174,0.87881073
1.2545453,-1.2568652,4.0865729,-0.78714981,4.1712315,-6.8551188,0.37598747,12.210133,5.9632104,0.55750312,10.101915,2.1128631,0.80430016
1.2548516,-1.1467082,4.2677688,-0.76933283,4.2669289,-6.9146848,0.40097847,12.164993,5.8581869,0.58609148,10.123361,2.5278963,0.71627972
1.2551579,-1.0157453,4.4243281,-0.738045,4.3775928,-6.9200963,0.43889361,12.093362,5.6981731,0.61560776,10.161359,2.9031284,0.6184107
1.2554642,-0.86315825,4.552813,-0.69570735,4.4981997,-6.8781734,0.48835922,11.993811,5.4744429,0.64644201,10.229892,3.2370067,0.51435682
1.2557706,-0.68749971,4.6534103,-0.6395249,4.6257939,-6.7981723,0.54678525,11.866282,5.1852439,0.67984858,10.329198,3.529903,0.40815944
1.2560769,-0.49664894,4.7258909,-0.56985865,4.7514395,-6.6841888,0.61044226,11.712104,4.8412116,0.7157143,10.452937,3.7864149,0.30518044
1.2563832,-0.29497722,4.7716257,-0.48668873,4.8687203,-6.5294851,0.67616507,11.528047,4.4381031,0.75499658,10.609886,4.0068967,0.20841381
1.2566895,-0.086836527,4.7900225,-0.38826465,4.9750472,-6.3391332,0.74224315,11.321379,3.9735426,0.79503353,10.792744,4.1942684,0.12241013
1.2569958,0.134503,4.7836933,-0.27581922,5.06674,-6.1214674,0.8089763,11.086173,3.4466233,0.83501686,10.989906,4.3544551,0.04908789
1.2573021,0.35842454,4.7513397,-0.15695543,5.1395162,-5.8801546,0.87362063,10.835779,2.864537,0.87350781,11.196017,4.493577,-0.0095572622
1.2576083,0.57567314,4.6953649,-0.037291209,5.191573,-5.6140186,0.93391186,10.569868,2.2325456,0.90920013,11.405576,4.615949,-0.050656662
1.2579146,0.79578342,4.6145439,0.075773314,5.2237812,-5.3230414,0.98932504,10.298944,1.5639214,0.95053093,11.613649,4.7259197,-0.075628727
1.2582209,1.0105338,4.5114169,0.18387156,5.2340854,-5.0051995,1.0390204,10.024795,0.86389199,0.98206406,11.816441,4.8279496,-0.085116808
1.2585272,1.207906,4.3871824,0.28435839,5.225383,-4.6631236,1.0830288,9.7558262,0.14040782,1.0085649,12.011293,4.9249088,-0.080151067
1.2588335,1.3879362,4.2423129,0.37970903,5.1944663,-4.2973012,1.1240319,9.4962141,-0.58826598,1.0272708,12.194419,5.0178497,-0.061706783
1.2591398,1.5484889,4.0773457,0.46981053,5.1445781,-3.903351,1.1611076,9.2525637,-1.3111817,1.0413017,12.365661,5.1084122,-0.032040191
1.2594461,1.6906119,3.8927274,0.55029367,5.0703927,-3.4864295,1.1925913,9.034735,-2.016585,1.0488841,12.523637,5.1996557,0.0069835428
1.2597524,1.8131353,3.6907464,0.61770108,4.9752259,-3.0403395,1.2186019,8.8453923,-2.6930759,1.0453403,12.66732,5.2841506,0.053637238
1.2600587,1.9164183,3.4729194,0.67110402,4.8757825,-2.5714087,1.2366171,8.6856181,-3.3328531,1.0295198,12.795654,5.3595517,0.10659261
1.260365,2.0019106,3.2395587,0.71418422,4.7623613,-2.0791932,1.2532219,8.5608639,-3.9246585,1.0035595,12.909326,5.4260619,0.16456036
1.2606713,2.0648022,2.9908076,0.74756536,4.6443082,-1.559395,1.2691018,8.4767716,-4.4618014,0.96805282,13.008374,5.4848409,0.22652333
1.2609776,2.1067233,2.725874,0.77293372,4.5030997,-1.0213693,1.2708471,8.4351215,-4.9378502,0.92130129,13.09223,5.534403,0.29148306
1.2612839,2.1291004,2.4464062,0.79178626,4.3550292,-0.45001892,1.2603817,8.4350661,-5.35061,0.86573763,13.159396,5.5625834,0.3581462
1.2615903,2.1361338,2.1526227,0.80384214,4.2058652,0.13186692,1.2295851,8.4680276,-5.6965015,0.80517611,13.209242,5.5703627,0.42553402
1.2618966,2.1374662,1.8497076,0.80785529,4.0607089,0.71700937,1.1917617,8.5302396,-5.9773486,0.74374492,13.241781,5.5647218,0.49310362
1.262203,2.1326333,1.5380421,0.80543864,3.9236531,1.3083056,1.1415231,8.6215666,-6.195656,0.68590497,13.257326,5.5430155,0.56124679
1.2625093,2.1143267,1.2168891,0.79952985,3.7968836,1.8971662,1.0722734,8.7323001,-6.356463,0.63521713,13.252762,5.5129474,0.62912854
1.2628157,2.0815607,0.88987319,0.79181964,3.6864462,2.4780763,0.98488524,8.8628099,-6.4666322,0.59472051,13.224982,5.4511027,0.69566087
1.263122,2.0419879,0.55267237,0.77230805,3.6014371,3.0479904,0.88830807,9.0082643,-6.5313304,0.56664244,13.173351,5.3276135,0.7598766
1.2634284,1.9969566,0.20813505,0.74422377,3.5573839,3.5964837,0.78658468,9.1614441,-6.5586117,0.55162404,13.097719,5.1303897,0.82252147
1.2637348,1.9442266,-0.1335506,0.70445255,3.5622559,4.1082204,0.67400169,9.3190728,-6.550879,0.54854537,12.999954,4.8556991,0.88505077
1.2640412,1.8836298,-0.47547168,0.66252804,3.6292496,4.5844928,0.56384709,9.4771663,-6.5221241,0.55622625,12.880754,4.5072139,0.94424782
1.2643476,1.8207231,-0.82445614,0.6085798,3.7619217,5.0131638,0.45933827,9.6265756,-6.4708646,0.57253317,12.741555,4.0964769,1.0002882
1.2646539,1.7516291,-1.1604158,0.54819492,3.9508588,5.393842,0.3693896,9.7590473,-6.4003296,0.59470954,12.583227,3.6252021,1.0502263
1.2649603,1.6790693,-1.4923769,0.48207877,4.1890603,5.721508,0.29356692,9.8710582,-6.3129621,0.62104058,12.411107,3.1004992,1.0928694
1.2652666,1.5938347,-1.8172652,0.40837248,4.4711945,5.9939422,0.23292302,9.960227,-6.2155072,0.65052195,12.227635,2.5309502,1.1264857
1.2655729,1.4926072,-2.1341532,0.32840207,4.7878027,6.2156759,0.19580367,10.024968,-6.0980251,0.68275408,12.043996,1.9284495,1.1525728
1.2658792,1.3848627,-2.4419921,0.24313994,5.1323625,6.388557,0.18146696,10.06409,-5.9595088,0.71602179,11.859591,1.3009016,1.1680798
1.2661855,1.2672545,-2.7404886,0.14379752,5.4937038,6.5196321,0.18905942,10.077353,-5.8009981,0.74966672,11.678019,0.65815294,1.1734873
1.2664918,1.1453882,-3.0180506,0.036674777,5.8742156,6.6115194,0.2150838,10.064853,-5.6210579,0.78407442,11.503779,0.0105264,1.167699
1.266798,1.0236666,-3.2788302,-0.069893311,6.2695957,6.6725075,0.25700739,10.027135,-5.4166394,0.81962083,11.34086,-0.62974475,1.1517199
1.2671043,0.9004963,-3.5199899,-0.17591982,6.6522206,6.7107707,0.3125462,9.9653806,-5.1870799,0.85607586,11.194698,-1.2521677,1.1254092
1.2674105,0.78078484,-3.740513,-0.27796332,7.0146335,6.730658,0.37581651,9.8812339,-4.9257786,0.89305221,11.068538,-1.8476941,1.0881793
1.2677168,0.66799208,-3.938528,-0.36794222,7.3508588,6.7327922,0.44266393,9.7744655,-4.6242221,0.93079982,10.966941,-2.4083301,1.0382082
1.268023,0.56415743,-4.1105543,-0.44750728,7.6566122,6.7197411,0.50670372,9.6474324,-4.281936,0.97000663,10.891991,-2.9282333,0.97542197
1.2683292,0.46983613,-4.2548367,-0.51836342,7.9307776,6.6997194,0.56250563,9.5036237,-3.893383,1.0099488,10.846222,-3.4009318,0.90170607
1.2686354,0.3867226,-4.3701713,-0.5814014,8.1723881,6.6686544,0.61115939,9.3406615,-3.4591084,1.0480808,10.829529,-3.8234918,0.82006312
1.2689416,0.30985111,-4.4578513,-0.63399511,8.382617,6.6247415,0.6507214,9.1653864,-2.9821101,1.0844604,10.843047,-4.1944993,0.73249077
1.2692478,0.23896089,-4.5109849,-0.67685961,8.561352,6.5711303,0.68130386,8.9796557,-2.4653919,1.1145096,10.877113,-4.5147285,0.64220896
1.2695539,0.17204238,-4.5338026,-0.71060831,8.7086243,6.5150306,0.70411896,8.7919724,-1.9185207,1.1440581,10.931975,-4.7856944,0.55319643
1.2698601,0.10640152,-4.5226377,-0.73669536,8.824238,6.4467256,0.71867365,8.6091777,-1.3434269,1.1677573,11.005991,-5.011099,0.46895367
1.2701663,0.046425437,-4.486514,-0.7490628,8.9094021,6.3600884,0.72481053,8.426583,-0.74857912,1.1836233,11.094988,-5.1945986,0.39246365
1.2704724,-0.010974063,-4.4224922,-0.74836233,8.9656623,6.2524624,0.72357484,8.2463999,-0.14007102,1.1898629,11.198572,-5.3411188,0.32770504
1.2707786,-0.064013664,-4.3301123,-0.73644078,8.9926179,6.119708,0.7164684,8.0968644,0.47048444,1.1794048,11.312923,-5.4560152,0.27622023
1.2710847,-0.11182538,-4.2109362,-0.71821436,8.9910784,5.9589121,0.70550726,7.9719711,1.0722035,1.1581618,11.430846,-5.5456322,0.23883658
1.2713909,-0.15249031,-4.0665709,-0.69213994,8.9619677,5.7711986,0.69148962,7.8786387,1.6561681,1.122742,11.547711,-5.6129305,0.21593746
1.271697,-0.18652961,-3.8971989,-0.66005514,8.9072316,5.5570285,0.67562956,7.827142,2.2160757,1.0778386,11.660079,-5.6603434,0.20661855
1.2720032,-0.21707252,-3.7044592,-0.62381729,8.8283681,5.313857,0.65935269,7.8211713,2.7391691,1.007506,11.764549,-5.6940059,0.20970902
1.2723093,-0.2451661,-3.489005,-0.58425999,8.7259223,5.038171,0.64432833,7.8473153,3.2216728,0.92317473,11.858945,-5.717308,0.22380898
1.2726155,-0.27087615,-3.2535283,-0.54093898,8.5985543,4.7225205,0.63115971,7.9139095,3.6581983,0.82738534,11.941306,-5.7280352,0.24732534
1.2729216,-0.29687242,-2.9998208,-0.49613889,8.4441885,4.3632214,0.62004789,8.0243908,4.0425169,0.72637198,12.009139,-5.7192873,0.27920115
1.2732278,-0.32184776,-2.7277449,-0.45162237,8.2656381,3.9593168,0.60891198,8.1648613,4.374006,0.62304091,12.060728,-5.7002082,0.31650856
1.273534,-0.34764115,-2.4383699,-0.41145077,8.0591944,3.5130323,0.59937401,8.3387727,4.6545414,0.52241483,12.094731,-5.6692848,0.35755129
1.2738401,-0.38009625,-2.1318032,-0.37786746,7.8424802,3.0308741,0.59015527,8.5440688,4.8865838,0.43052015,12.111707,-5.6259572,0.40221875
1.2741463,-0.40660717,-1.8152684,-0.3510322,7.6034641,2.5095866,0.58195931,8.7959867,5.0766616,0.34916394,12.111111,-5.566808,0.44936535
1.2744525,-0.43639302,-1.4905669,-0.32917278,7.3418161,1.9424613,0.57898435,9.0930986,5.2295332,0.2824573,12.090306,-5.4857386,0.49708371
1.2747587,-0.47795241,-1.1606779,-0.31297495,7.0650631,1.345283,0.57190902,9.4137719,5.3529227,0.23128147,12.048501,-5.3698523,0.54470336
1.2750649,-0.5238833,-0.81408013,-0.29974272,6.7703245,0.71491225,0.56584808,9.7348619,5.4550352,0.19759018,11.985622,-5.2119397,0.59240286
1.275371,-0.57282934,-0.4535936,-0.29790281,6.4614624,0.06892018,0.56209628,10.047054,5.5418907,0.17847253,11.902275,-5.0111354,0.64024601
1.2756773,-0.62415296,-0.090144551,-0.31197519,6.148671,-0.59678261,0.5563088,10.344041,5.6172257,0.17211122,11.799283,-4.7708582,0.68780958
1.2759835,-0.67882079,0.27010964,-0.32820882,5.8339865,-1.2792279,0.54681782,10.618996,5.6856209,0.17605056,11.677983,-4.4855748,0.73462861
1.2762897,-0.73558468,0.62802208,-0.3535756,5.5302704,-1.9611004,0.54671688,10.870328,5.7516733,0.1863676,11.540278,-4.1508481,0.7803512
1.2765959,-0.79630153,0.98482904,-0.38801831,5.2491886,-2.6342548,0.54447893,11.0971,5.8172738,0.2036315,11.387798,-3.7658181,0.82563964
1.2769021,-0.85799805,1.3404166,-0.41991211,4.97194,-3.2858241,0.53959541,11.299129,5.8777931,0.22431887,11.224066,-3.3354585,0.86795632
1.2772084,-0.91935451,1.7014657,-0.4553211,4.7217566,-3.9122008,0.52868349,11.476973,5.9347741,0.24702071,11.054258,-2.8651181,0.90693693
1.2775146,-0.9866903,2.0556383,-0.49757255,4.5065186,-4.5104335,0.5111805,11.6314,5.9897751,0.27038582,10.884348,-2.3604408,0.93995859
1.2778208,-1.0446585,2.4028812,-0.54368364,4.3282444,-5.0618511,0.49159391,11.764088,6.0419028,0.29386329,10.715104,-1.8298183,0.96626074
1.278127,-1.0775803,2.7366858,-0.58640759,4.2005926,-5.55815,0.46949472,11.874302,6.0800439,0.31777853,10.557722,-1.2827226,0.98356541
1.2784331,-1.0912143,3.0551978,-0.62325334,4.1184699,-5.9909462,0.44333822,11.962911,6.0936297,0.34194218,10.413462,-0.72924653,0.98847302
1.2787393,-1.0830798,3.3589096,-0.65170611,4.0835006,-6.360949,0.41605944,12.030185,6.0993925,0.36654884,10.288371,-0.17630658,0.97795822
1.2790454,-1.0558127,3.6410375,-0.66855623,4.0849645,-6.6498902,0.38984011,12.076314,6.0955862,0.39138753,10.186921,0.36858654,0.9528804
1.2793515,-1.0025722,3.9006392,-0.67732408,4.1086349,-6.8618349,0.36862222,12.101147,6.0751625,0.41723631,10.111413,0.89278418,0.91643797
1.2796576,-0.92312601,4.1346343,-0.67751162,4.1730213,-7.007061,0.35413028,12.104636,6.0427819,0.44498165,10.06245,1.3896761,0.86338583
1.2799637,-0.81723976,4.3413982,-0.66804868,4.2687195,-7.1001815,0.34898423,12.084449,5.9928083,0.4739603,10.049477,1.8563438,0.79507518
1.2802698,-0.68955062,4.5212681,-0.64937249,4.3827217,-7.1497064,0.3542439,12.037486,5.9011593,0.50250313,10.060988,2.2880844,0.7134836
1.2805759,-0.54253673,4.6726641,-0.62157935,4.5127961,-7.1506604,0.37127144,11.96117,5.7547251,0.53219507,10.09125,2.6817008,0.6212761
1.280882,-0.37539444,4.7940168,-0.57885532,4.6515518,-7.1059425,0.39857752,11.856956,5.5457093,0.56285283,10.142444,3.035441,0.52127992
1.281188,-0.19254875,4.8848183,-0.52381307,4.7921051,-7.0211736,0.43448789,11.724106,5.2691549,0.59576675,10.222194,3.3495088,0.41752528
1.281494,0.0053618784,4.9450932,-0.45691996,4.9256428,-6.8967243,0.47535281,11.564234,4.9332159,0.63142097,10.323654,3.6256034,0.31567961
1.2818001,0.21722785,4.9760425,-0.38010885,5.0472676,-6.727492,0.52260302,11.374991,4.5374171,0.66967174,10.459144,3.8653532,0.21872217
1.2821061,0.43580273,4.9792078,-0.29398334,5.1548037,-6.5228142,0.57184058,11.160155,4.0794359,0.71109959,10.628178,4.0715618,0.12974578
1.2824121,0.65647156,4.9548363,-0.19844648,5.2451252,-6.2886779,0.62173494,10.918449,3.5565972,0.75191633,10.815123,4.2480958,0.052270266
1.2827181,0.87864639,4.903539,-0.10018464,5.3153255,-6.0308388,0.6719309,10.658926,2.9756907,0.79221218,11.014465,4.4011855,-0.011326338
1.2830241,1.1003703,4.8262332,-0.0023551512,5.3625103,-5.7490863,0.7215853,10.386758,2.3418259,0.83054734,11.220376,4.5358061,-0.058722808
1.2833301,1.313193,4.7238055,0.092943287,5.3882235,-5.4422406,0.76892051,10.109271,1.6664883,0.87083668,11.426816,4.6557072,-0.090600375
1.2836361,1.5144073,4.5989882,0.18317738,5.3928815,-5.1099535,0.8133893,9.8305932,0.95840611,0.90823,11.629895,4.7656469,-0.1076906
1.283942,1.7004712,4.4526402,0.27030998,5.3780853,-4.7540453,0.85433566,9.5594034,0.22511422,0.94110048,11.826777,4.8692962,-0.11061965
1.284248,1.8689117,4.2851155,0.35090077,5.3416108,-4.3737894,0.89287129,9.3002903,-0.51584979,0.96450576,12.013911,4.9676162,-0.099977697
1.284554,2.018026,4.0975534,0.42503738,5.2859116,-3.9658463,0.92985588,9.0596621,-1.2538672,0.98331766,12.188984,5.0617247,-0.077930544
1.28486,2.1474179,3.8916192,0.49237158,5.2043188,-3.532189,0.96497824,8.8468056,-1.9744873,1.0023084,12.351212,5.1536066,-0.04632843
1.2851659,2.2550098,3.6680548,0.54937173,5.1019845,-3.0696363,0.9956021,8.6646044,-2.6656768,1.0099589,12.498959,5.24424,-0.0066758378
1.2854719,2.3419799,3.4295307,0.59284684,4.995881,-2.5835994,1.0210899,8.5145583,-3.3206791,1.0050484,12.631039,5.3270582,0.039698665
1.2857779,2.4101486,3.1771197,0.62777115,4.8761831,-2.0715356,1.0389212,8.4044172,-3.9287027,0.98646708,12.746695,5.3997297,0.091783381
1.2860839,2.4599753,2.912711,0.65307938,4.7521446,-1.5334363,1.0575955,8.3358129,-4.4798293,0.95897878,12.847084,5.4649213,0.14775518
1.2863898,2.4924508,2.6343479,0.66936181,4.6049318,-0.9742866,1.0774492,8.3175372,-4.9681649,0.9187686,12.93103,5.5214687,0.2074267
1.2866958,2.5100031,2.3414385,0.68792619,4.4515614,-0.38949862,1.0810033,8.3353876,-5.392945,0.86696898,12.997547,5.5612806,0.26984057
1.2870018,2.5102014,2.0351072,0.69948672,4.297388,0.20842825,1.0747052,8.3833374,-5.7507014,0.80622306,13.04495,5.5746082,0.33376729
1.2873078,2.5067009,1.7213435,0.70532538,4.1446993,0.81890231,1.0409808,8.4585958,-6.0418899,0.74171646,13.073099,5.5745572,0.39885203
1.2876138,2.4952135,1.3963868,0.70506853,4.0026126,1.4294536,1.0084043,8.5556271,-6.2699432,0.6769342,13.083575,5.5598726,0.46507359
1.2879198,2.4657712,1.0665167,0.70073453,3.8749411,2.0311302,0.96287406,8.6714138,-6.4395771,0.6164942,13.074377,5.5314052,0.53205141
1.2882258,2.4263665,0.72996745,0.69263424,3.7648117,2.6247299,0.90304297,8.8060053,-6.5573238,0.56398708,13.042649,5.48619,0.59880406
1.2885318,2.3800601,0.3797788,0.68623637,3.6831317,3.2054644,0.83509184,8.9542521,-6.6288015,0.52310359,12.986893,5.3922184,0.6644355
1.2888378,2.3276429,0.027705694,0.66901309,3.6392684,3.7584472,0.75014323,9.1099041,-6.6612405,0.49396072,12.907128,5.2303902,0.72870375
1.2891439,2.2645705,-0.31995492,0.63855076,3.6445293,4.276425,0.66165518,9.2721008,-6.6612923,0.47678432,12.804775,4.9933247,0.79205039
1.2894499,2.1936999,-0.67233556,0.59682815,3.7133171,4.756367,0.57116545,9.4349363,-6.634374,0.46986876,12.680219,4.6763702,0.85448426
1.2897559,2.1202051,-1.0246666,0.5495319,3.8459057,5.1850785,0.48403573,9.5902472,-6.5837994,0.47235586,12.537774,4.2978075,0.91452026
1.290062,2.0401387,-1.3661035,0.49913017,4.0339166,5.5670543,0.40481878,9.7276759,-6.5129816,0.48218516,12.377758,3.8568666,0.97031419
1.290368,1.959079,-1.7061216,0.44884499,4.2704967,5.8933019,0.33228261,9.8439208,-6.4250211,0.49675881,12.203391,3.3581436,1.0200019
1.290674,1.8588342,-2.0358104,0.39006921,4.5464927,6.1650435,0.27086039,9.9365218,-6.3213048,0.51457535,12.020229,2.8100095,1.0618262
1.29098,1.7447966,-2.355591,0.325392,4.8573351,6.3823072,0.22058879,10.003763,-6.2022515,0.53566194,11.834098,2.2227691,1.0943337
1.291286,1.625488,-2.6645032,0.24663681,5.194352,6.5497104,0.18496562,10.045044,-6.0646531,0.55907523,11.650724,1.6057555,1.1184359
1.291592,1.4938614,-2.9658373,0.15968046,5.5494318,6.6753046,0.16656697,10.060176,-5.9080977,0.58372668,11.471678,0.96936967,1.1320553
1.2918979,1.3639083,-3.2476562,0.070886842,5.9330921,6.7655031,0.16318678,10.049705,-5.7295982,0.60972075,11.301469,0.32323643,1.1346963
1.2922039,1.2366507,-3.5121351,-0.016920131,6.3229296,6.8267738,0.17432577,10.012993,-5.5254944,0.63727215,11.14448,-0.32288709,1.1214018
1.2925098,1.1108599,-3.7573771,-0.10315923,6.6989776,6.8644582,0.19887782,9.9512895,-5.295834,0.66743748,11.004566,-0.95477229,1.100905
1.2928157,0.99086696,-3.9799858,-0.18741729,7.0527151,6.8783189,0.23447466,9.8665933,-5.0375362,0.69978825,10.885461,-1.5639016,1.0692112
1.2931216,0.88003861,-4.1771416,-0.26820397,7.37764,6.8718686,0.27536637,9.7587546,-4.7413614,0.73399388,10.79013,-2.1427428,1.0253105
1.2934275,0.77788072,-4.349233,-0.34518527,7.6712656,6.84828,0.31819492,9.6309841,-4.4023202,0.76875728,10.720874,-2.6844023,0.96832689
1.2937334,0.6871379,-4.4954655,-0.41609165,7.9330542,6.8116125,0.36007669,9.4847873,-4.0176182,0.80533585,10.676741,-3.1818486,0.90005331
1.2940392,0.60855361,-4.6084277,-0.4792334,8.163233,6.7660108,0.39786499,9.3195299,-3.5865459,0.84369725,10.662273,-3.6314649,0.82277079
1.2943451,0.53243446,-4.6899088,-0.53019211,8.3625295,6.7142472,0.43039964,9.1412617,-3.1113125,0.882034,10.676005,-4.0305274,0.73881006
1.2946509,0.45981488,-4.7383239,-0.56904112,8.5306115,6.6526733,0.45742698,8.9501254,-2.5936356,0.9196249,10.707703,-4.3791183,0.65043548
1.2949567,0.39097642,-4.7555476,-0.59708572,8.6692939,6.5826128,0.47895838,8.7578471,-2.0419408,0.95245649,10.762229,-4.677847,0.56127484
1.2952626,0.32588264,-4.7420443,-0.61385722,8.7772332,6.5048869,0.49516417,8.5731743,-1.4599746,0.982582,10.836404,-4.9295456,0.47516355
1.2955684,0.26482276,-4.7033831,-0.62055177,8.8573115,6.4118201,0.50525047,8.387455,-0.85889964,1.0099024,10.924298,-5.1389677,0.39451573
1.2958742,0.2089418,-4.6347911,-0.61741703,8.9090612,6.2997175,0.50959306,8.2055565,-0.24192011,1.0319598,11.028407,-5.3083047,0.32322562
1.29618,0.16240962,-4.5364952,-0.60552848,8.9318905,6.1624005,0.50887061,8.0477822,0.37974918,1.0383153,11.145557,-5.4427672,0.26351962
1.2964858,0.12234325,-4.4093101,-0.59000009,8.9279963,5.9989951,0.5047315,7.9212088,0.99286463,1.0344176,11.267908,-5.5483901,0.21678023
1.2967916,0.088782023,-4.2543942,-0.56923434,8.8980426,5.8079886,0.49887628,7.8248536,1.5888513,1.0166871,11.390115,-5.6309058,0.18347777
1.2970973,0.062829407,-4.0761072,-0.54438446,8.8422292,5.5889542,0.49196865,7.768984,2.1576514,0.98774601,11.508459,-5.6919164,0.16310337
1.2974031,0.043208352,-3.8729305,-0.51646325,8.7646837,5.3420024,0.48463,7.7619721,2.6909626,0.94038147,11.61927,-5.7350758,0.15542478
1.2977089,0.028205472,-3.6467155,-0.48586605,8.6614433,5.0630139,0.47707346,7.7833603,3.1842522,0.87331397,11.719994,-5.765185,0.15892707
1.2980147,0.016485175,-3.3984136,-0.4529737,8.5326465,4.745189,0.47060214,7.8407597,3.6302867,0.79361531,11.808253,-5.7843245,0.17226838
1.2983205,-0.0018907454,-3.1324744,-0.41835141,8.3800755,4.3837143,0.4660917,7.9393766,4.0249874,0.703653,11.88184,-5.7856815,0.19397623
1.2986262,-0.023501123,-2.8477058,-0.38567653,8.2004492,3.9748901,0.46438465,8.0683898,4.3666103,0.60830985,11.93889,-5.7703175,0.22196161
1.298932,-0.050114841,-2.5458231,-0.3536731,7.9928742,3.5233019,0.46138475,8.232079,4.6562784,0.51114373,11.97833,-5.7446561,0.25469178
1.2992378,-0.083286552,-2.2282854,-0.32469334,7.7720436,3.0348659,0.45940312,8.427831,4.8988792,0.41999947,11.998993,-5.7048705,0.29093276
1.2995436,-0.11048875,-1.90039,-0.30266535,7.5276738,2.5071094,0.4575296,8.6675343,5.0980541,0.33734895,12.001453,-5.6454486,0.33027218
1.2998494,-0.14035462,-1.5628797,-0.28647653,7.2625454,1.9322193,0.45704492,8.9500542,5.259888,0.26535191,11.984801,-5.5732782,0.37205959
1.3001552,-0.18340865,-1.2215182,-0.27487641,6.978488,1.3208719,0.46460119,9.2620656,5.3895975,0.2058828,11.947168,-5.4739905,0.41495288
1.300461,-0.2312025,-0.86508028,-0.26760478,6.6771052,0.67452079,0.46533746,9.5772899,5.495819,0.16206352,11.888151,-5.335873,0.45822892
1.3007668,-0.28190586,-0.49224922,-0.25970468,6.3656263,0.01108648,0.46625289,9.8857643,5.5846216,0.1338235,11.808119,-5.1541216,0.50143322
1.3010726,-0.33644447,-0.11844413,-0.26572748,6.0500784,-0.67468303,0.46489953,10.179759,5.6617734,0.11758598,11.708626,-4.9341625,0.54536768
1.3013784,-0.39416376,0.25591625,-0.28334048,5.7352392,-1.3787381,0.46005895,10.453919,5.7307914,0.11091496,11.590739,-4.6723821,0.58928691
1.3016842,-0.45342574,0.62919372,-0.3097072,5.4381081,-2.0865021,0.46416804,10.706219,5.7960465,0.11224462,11.456456,-4.3640287,0.63273382
1.3019901,-0.51583995,1.0007239,-0.33160578,5.161132,-2.7856652,0.46584274,10.935115,5.8602125,0.11903237,11.308311,-4.0057242,0.67560489
1.3022959,-0.58089736,1.3718671,-0.34950768,4.8936623,-3.4611751,0.46541921,11.140417,5.9246831,0.13131929,11.149113,-3.5976941,0.71656336
1.3026018,-0.64145461,1.7485026,-0.37366937,4.6553104,-4.1173438,0.46089876,11.321434,5.9827692,0.14632484,10.982746,-3.1473934,0.75497009
1.3029076,-0.70815419,2.1163752,-0.40587417,4.451841,-4.7397542,0.45106132,11.479945,6.0378135,0.16292342,10.81446,-2.6591648,0.78933397
1.3032135,-0.76754475,2.4794626,-0.43970616,4.2867097,-5.3085819,0.43913933,11.616078,6.0896296,0.18036432,10.648989,-2.1402573,0.81711408
1.3035193,-0.79804953,2.8268822,-0.46901181,4.1717097,-5.8145154,0.42506846,11.730747,6.1365403,0.19863402,10.492341,-1.5992704,0.83783445
1.3038252,-0.81088172,3.1567231,-0.49361949,4.1034529,-6.2488666,0.40821551,11.823713,6.16201,0.21744809,10.345599,-1.0468865,0.84946154
1.304131,-0.79986459,3.4693168,-0.51081423,4.0831743,-6.5857361,0.38770686,11.894922,6.1689949,0.23753403,10.213922,-0.49138427,0.84958391
1.3044368,-0.76841897,3.7559588,-0.52518338,4.0931575,-6.8385701,0.36416007,11.944921,6.1663498,0.25859343,10.102178,0.058578223,0.83634331
1.3047426,-0.7104515,4.0228362,-0.53609038,4.1278739,-7.0292061,0.33908595,11.971984,6.1498302,0.28071237,10.013209,0.59413526,0.80988395
1.3050483,-0.62838176,4.2662643,-0.53717893,4.202524,-7.161545,0.31489948,11.976756,6.1149505,0.30500307,9.9470428,1.1078223,0.7720795
1.3053541,-0.52092373,4.4808939,-0.52754255,4.3051839,-7.2546094,0.2939595,11.959388,6.0652391,0.33101542,9.911012,1.5938288,0.71698889
1.3056598,-0.39188604,4.6683472,-0.50867545,4.4298172,-7.3107766,0.279139,11.91561,5.9847879,0.35781372,9.9111507,2.0473711,0.64919123
1.3059656,-0.24363124,4.8245143,-0.48153839,4.5701611,-7.327771,0.27121854,11.843099,5.8574231,0.38657001,9.9324434,2.4650747,0.57024707
1.3062713,-0.079268124,4.9496484,-0.4468295,4.7176375,-7.3019707,0.27085641,11.73947,5.6684519,0.41694353,9.9679301,2.8439348,0.48369475
1.306577,0.10664816,5.0446532,-0.40401556,4.8631581,-7.2350736,0.27886376,11.604801,5.4122792,0.44857551,10.034409,3.18249,0.39101478
1.3068827,0.30761297,5.1079526,-0.35306428,4.9988506,-7.1245156,0.29530818,11.444978,5.093642,0.48316376,10.121733,3.4829295,0.29672679
1.3071884,0.51333937,5.1411101,-0.29463258,5.1231204,-6.9644003,0.31724273,11.255735,4.714839,0.52047712,10.237677,3.7451741,0.20549106
1.3074941,0.72752995,5.1429946,-0.23054994,5.2310597,-6.7627656,0.34391181,11.040183,4.2731668,0.56061088,10.386987,3.9727624,0.12032762
1.3077997,0.94302434,5.1106418,-0.16015745,5.3194895,-6.5284194,0.37341783,10.795459,3.7645175,0.6026789,10.563307,4.1691096,0.042605557
1.3081054,1.1572462,5.0497901,-0.086698856,5.3877331,-6.2664439,0.40597547,10.529062,3.1928825,0.64351151,10.754683,4.3390194,-0.024187258
1.308411,1.3673148,4.9615708,-0.013019499,5.4363033,-5.9798302,0.44080979,10.249472,2.5644954,0.68435022,10.957187,4.4867869,-0.076959671
1.3087167,1.567032,4.8484492,0.060030501,5.4626155,-5.6676061,0.47674092,9.9619233,1.885823,0.72497657,11.164531,4.6179761,-0.11583831
1.3090223,1.7530804,4.7109883,0.13136877,5.4662095,-5.3292332,0.51250609,9.673084,1.1707352,0.76838052,11.370878,4.7364292,-0.14146146
1.3093279,1.9218295,4.551732,0.1998358,5.4513876,-4.96761,0.5470586,9.39147,0.42717315,0.80846474,11.572941,4.8465969,-0.15418193
1.3096336,2.0712399,4.3730736,0.26399822,5.415855,-4.5801938,0.57971196,9.1219956,-0.33098151,0.843774,11.766968,4.9511498,-0.15462108
1.3099392,2.1989403,4.175129,0.32197387,5.3629191,-4.1651051,0.61177396,8.8710991,-1.0935378,0.86533015,11.95085,5.0507744,-0.14404956
1.3102448,2.3076153,3.9616622,0.37642806,5.2843844,-3.7247661,0.64377113,8.6496336,-1.842186,0.8910507,12.122532,5.146046,-0.12378889
1.3105504,2.4040486,3.7333842,0.41996304,5.1805961,-3.2540303,0.67556182,8.4660835,-2.5644966,0.9102614,12.279816,5.2400815,-0.095181628
1.310856,2.4907284,3.4903888,0.46013448,5.0715188,-2.7581812,0.70323449,8.3316225,-3.2518562,0.91727749,12.421585,5.3329266,-0.059638823
1.3111616,2.5632373,3.2333671,0.49321812,4.9487452,-2.235302,0.72508768,8.234352,-3.8900526,0.91163751,12.54586,5.4132218,-0.018382203
1.3114673,2.6192352,2.9636605,0.51838604,4.8246905,-1.6846386,0.74383587,8.1825266,-4.4710967,0.89459313,12.652464,5.4824789,0.02781953
1.3117729,2.6594251,2.6811232,0.53772694,4.6767578,-1.1143254,0.76263403,8.1799825,-4.9942751,0.86559533,12.741512,5.5446527,0.078374034
1.3120785,2.6834704,2.3848193,0.55302684,4.5208767,-0.52177361,0.78318754,8.2141777,-5.4476658,0.82428372,12.812425,5.5948262,0.132484
1.3123841,2.6891709,2.0746277,0.56320679,4.3627602,0.096381626,0.79151765,8.2769649,-5.8256793,0.77257589,12.863786,5.6245213,0.18898618
1.3126898,2.6888883,1.7553977,0.56934819,4.2029471,0.71681101,0.78577877,8.3607882,-6.1380567,0.71221983,12.893783,5.6312375,0.24772329
1.3129954,2.6838684,1.4259333,0.57156861,4.0522636,1.3467125,0.76055915,8.4632452,-6.3861008,0.64741348,12.903961,5.6242947,0.308554
1.313301,2.663293,1.08916,0.57073943,3.9155082,1.9701285,0.73893445,8.589482,-6.5669127,0.58107959,12.894202,5.601157,0.3717049
1.3136067,2.6314755,0.75010143,0.57026314,3.7974613,2.582936,0.7100188,8.735957,-6.6971599,0.51816618,12.862224,5.5666705,0.43606836
1.3139123,2.5907668,0.39837369,0.56687778,3.7110206,3.1848283,0.67728436,8.8951505,-6.7814375,0.46241847,12.806286,5.503351,0.5014732
1.314218,2.541527,0.040746945,0.55862791,3.6596975,3.7544114,0.62331597,9.0601121,-6.8237603,0.41559763,12.725881,5.383059,0.56703539
1.3145236,2.4820996,-0.31159312,0.54518438,3.6525326,4.2892744,0.56116432,9.2256392,-6.8321539,0.37949877,12.621297,5.1914539,0.63224955
1.3148293,2.4138565,-0.66472997,0.51723927,3.7007752,4.7889347,0.4977748,9.3895795,-6.8109966,0.35453898,12.49428,4.922884,0.69775419
1.315135,2.3401565,-1.023288,0.48133705,3.813598,5.2416529,0.43320779,9.5455715,-6.7657156,0.34028439,12.347626,4.5805133,0.7616688
1.3154406,2.2611275,-1.3667005,0.44828056,3.9803033,5.6502572,0.37214472,9.6842543,-6.6971732,0.33458594,12.184226,4.1751172,0.82281639
1.3157463,2.1763865,-1.70818,0.41190034,4.195386,6.0002163,0.31128828,9.8019718,-6.6106326,0.335327,12.00548,3.70812,0.87925981
1.316052,2.0821751,-2.0438601,0.3718282,4.4506332,6.2917646,0.2557599,9.897227,-6.508233,0.34182069,11.816326,3.1865346,0.92956537
1.3163577,1.9695407,-2.3655603,0.3191537,4.7399196,6.5250537,0.20648858,9.968605,-6.3891529,0.35304988,11.621202,2.6184072,0.97171935
1.3166634,1.8513885,-2.6785741,0.25936851,5.0604575,6.7040513,0.16387828,10.014938,-6.2517591,0.36767961,11.432049,2.0148334,1.0044988
1.3169691,1.723053,-2.9817665,0.19907053,5.4079129,6.8410991,0.13001093,10.03607,-6.099096,0.38430412,11.249632,1.384009,1.0272256
1.3172748,1.5923761,-3.2689652,0.13613069,5.7877341,6.9431398,0.10465476,10.031533,-5.9264842,0.40318015,11.077509,0.73669913,1.0387809
1.3175804,1.4662015,-3.5400501,0.071751801,6.1819942,7.0153066,0.088027052,10.001185,-5.7291435,0.42375399,10.919705,0.083344013,1.038445
1.317886,1.3413125,-3.7912292,0.0054960737,6.5624934,7.0576093,0.080978489,9.944571,-5.5059504,0.44611326,10.780332,-0.56634844,1.0200707
1.3181917,1.2240292,-4.0173954,-0.059466161,6.9206314,7.0767838,0.084490034,9.8641099,-5.2545747,0.47102431,10.662453,-1.1990958,0.99537101
1.3184973,1.1157673,-4.219086,-0.1201562,7.2507201,7.075069,0.097967413,9.7602795,-4.9685809,0.49841168,10.567621,-1.8054512,0.95893702
1.3188029,1.0163892,-4.3933326,-0.17585139,7.5495262,7.0539869,0.11933086,9.6353551,-4.6420107,0.52776107,10.499188,-2.3782691,0.91080864
1.3191085,0.9307937,-4.5381972,-0.22954557,7.8161373,7.0202214,0.14463464,9.4898149,-4.2695067,0.55814723,10.457465,-2.9117202,0.85028414
1.319414,0.85903322,-4.6525191,-0.27884915,8.050822,6.9718376,0.17167327,9.3247056,-3.8497498,0.59083439,10.440616,-3.3989054,0.78041148
1.3197196,0.79073208,-4.7342437,-0.32258314,8.2548713,6.9134423,0.19751949,9.1440319,-3.3833799,0.62488307,10.450969,-3.8364866,0.70299217
1.3200252,0.72494421,-4.7911734,-0.35865037,8.4295972,6.8455593,0.22183047,8.9505616,-2.8728244,0.65983206,10.48188,-4.2230854,0.62053376
1.3203307,0.66445862,-4.8218261,-0.38862645,8.5740489,6.7633848,0.24414619,8.751315,-2.323575,0.69347147,10.536354,-4.5589168,0.53535357
1.3206362,0.60586103,-4.8210563,-0.40934707,8.6897017,6.6757632,0.26349416,8.5545239,-1.7394948,0.72379002,10.611376,-4.8451114,0.45070313
1.3209418,0.55253223,-4.7918815,-0.42320696,8.7770415,6.5725345,0.2798114,8.3599752,-1.1317936,0.75302012,10.703577,-5.0862453,0.36950738
1.3212473,0.50691415,-4.7321426,-0.42915525,8.8370183,6.4498945,0.29215142,8.1696126,-0.50452526,0.77930691,10.810212,-5.2832456,0.29441327
1.3215528,0.47402986,-4.6431421,-0.42843779,8.8680785,6.3060044,0.30071694,7.9994446,0.13157592,0.79902985,10.929576,-5.4424185,0.22833999
1.3218583,0.45143702,-4.5238264,-0.42058382,8.8714927,6.1387189,0.30553601,7.8601064,0.76340614,0.80943784,11.055631,-5.5688965,0.17334557
1.3221638,0.43447024,-4.375164,-0.41108979,8.8505204,5.9459802,0.30856727,7.7476171,1.3854056,0.80927699,11.183889,-5.6689533,0.13054192
1.3224693,0.42501195,-4.2008243,-0.39891529,8.8048715,5.7244875,0.31028097,7.6750425,1.9769723,0.80000222,11.309751,-5.7452701,0.099826664
1.3227748,0.41739925,-4.0021206,-0.38447097,8.7337284,5.4753194,0.31181643,7.6480937,2.535952,0.78030714,11.429072,-5.8011478,0.080538031
1.3230803,0.40578201,-3.7809551,-0.36727874,8.6397979,5.197373,0.31192521,7.6569964,3.0540715,0.74425795,11.539168,-5.840883,0.072142583
1.3233858,0.39022816,-3.5394344,-0.34795182,8.5188146,4.8848631,0.31240095,7.7026457,3.5251311,0.69036005,11.637564,-5.8676569,0.07422171
1.3236913,0.37072091,-3.2785691,-0.32781739,8.3755941,4.5312903,0.31417626,7.7851718,3.9452205,0.62413062,11.722162,-5.8823377,0.085178016
1.3239968,0.34718252,-2.9994555,-0.30764886,8.2065949,4.1334267,0.3157339,7.8981428,4.3128653,0.54783867,11.790847,-5.8769612,0.10334198
1.3243023,0.31899136,-2.703961,-0.2878556,8.0039735,3.6886962,0.31998993,8.0468965,4.627103,0.46522779,11.841422,-5.8570854,0.12702377
1.3246078,0.28162688,-2.3913648,-0.26902251,7.7894569,3.2060844,0.32170612,8.2325458,4.8907207,0.3816487,11.873007,-5.8268558,0.15501441
1.3249133,0.24712948,-2.0662625,-0.25079624,7.5505084,2.6847177,0.32398909,8.4552321,5.1080382,0.3020638,11.88521,-5.7799852,0.18625908
1.3252188,0.21428646,-1.7290054,-0.23760072,7.2893289,2.1168236,0.32761078,8.7196714,5.283716,0.23025138,11.878139,-5.7120731,0.2204364
1.3255243,0.16880424,-1.3876157,-0.22856729,7.0062173,1.5098865,0.33176259,9.0222986,5.4246558,0.16694517,11.850725,-5.6291579,0.2571604
1.3258298,0.11834546,-1.0336199,-0.22093873,6.7079216,0.8599574,0.3401983,9.3353433,5.5372008,0.11439595,11.801445,-5.516463,0.29522836
1.3261353,0.063419671,-0.66791324,-0.21736519,6.3916225,0.18891225,0.34474784,9.6451456,5.6290659,0.075474027,11.730359,-5.3630458,0.33383996
1.3264408,0.0022126523,-0.29009307,-0.21450723,6.0705952,-0.50696041,0.34590735,9.9433141,5.7073967,0.048894229,11.637885,-5.1671626,0.37258556
1.3267463,-0.061007798,0.08432653,-0.21674285,5.7516886,-1.2224171,0.34320951,10.223432,5.7776256,0.032573876,11.526401,-4.9328895,0.41224699
1.3270518,-0.12626585,0.46610085,-0.23125035,5.4496801,-1.9449777,0.34618472,10.482463,5.8432608,0.023906248,11.397008,-4.655679,0.45153662
1.3273574,-0.19339358,0.84447095,-0.24622555,5.1733808,-2.667585,0.34456159,10.71934,5.9065739,0.022356516,11.252088,-4.3307508,0.49029799
1.3276629,-0.26307345,1.2232344,-0.25191276,4.9154965,-3.3694605,0.34349759,10.934129,5.9694287,0.02624512,11.094896,-3.955188,0.52765399
1.3279685,-0.32535711,1.602841,-0.26507602,4.6861622,-4.0530862,0.34124833,11.12605,6.0338719,0.03457093,10.928593,-3.5324056,0.56333293
1.328274,-0.39377466,1.9801244,-0.27962133,4.4893875,-4.7032403,0.33433357,11.294224,6.0906546,0.045451531,10.758127,-3.0675215,0.59483952
1.3285796,-0.46013733,2.3539342,-0.29518928,4.3291468,-5.3029661,0.32548023,11.440692,6.1447188,0.058412022,10.588,-2.5660289,0.62253153
1.3288852,-0.50117639,2.7164525,-0.31208563,4.2121996,-5.843895,0.31381051,11.56544,6.1946491,0.073031584,10.423341,-2.0363448,0.64417945
1.3291907,-0.5210054,3.06234,-0.32549009,4.1387638,-6.3082578,0.30252225,11.668972,6.2301307,0.088790218,10.270095,-1.4866209,0.65812396
1.3294963,-0.51862841,3.3848207,-0.3368434,4.1149837,-6.6691272,0.29159781,11.750874,6.2460324,0.10501823,10.128803,-0.92605198,0.66280311
1.3298019,-0.48938355,3.6823402,-0.34656676,4.1241749,-6.9396996,0.27667944,11.810477,6.2476987,0.12190171,10.004387,-0.36376873,0.65722549
1.3301075,-0.44075742,3.9601344,-0.35362795,4.156388,-7.1339543,0.25791753,11.84893,6.2394373,0.13975061,9.9017416,0.19117918,0.64103655
1.330413,-0.37048712,4.2190013,-0.35674485,4.2235082,-7.2653245,0.23629915,11.863551,6.2145497,0.15927526,9.8219668,0.7304886,0.61153271
1.3307186,-0.27642918,4.4522327,-0.35510531,4.3267511,-7.3646822,0.21420209,11.855137,6.1759661,0.18118286,9.7657726,1.2455802,0.57422132
1.3310241,-0.16543733,4.6581912,-0.34602034,4.456307,-7.4346983,0.19166964,11.822148,6.1102076,0.20438859,9.7386199,1.7316316,0.52300629
1.3313296,-0.036342881,4.8342437,-0.33148952,4.6024022,-7.4737467,0.17108081,11.761185,6.0079552,0.2286289,9.7473735,2.1819685,0.46166843
1.3316351,0.11070557,4.9799653,-0.31194505,4.7555363,-7.4746524,0.15383169,11.670589,5.8537694,0.25497385,9.777247,2.595147,0.39205834
1.3319406,0.27029829,5.0947185,-0.28740991,4.9077123,-7.4352096,0.14225688,11.546729,5.6337354,0.28381786,9.8287213,2.9680127,0.31758728
1.3322461,0.4362461,5.1789487,-0.25716536,5.0512026,-7.3488782,0.13687251,11.395741,5.3440379,0.3148203,9.9102917,3.3005947,0.23937878
1.3325516,0.61263805,5.2327519,-0.22162372,5.1823303,-7.2114319,0.13802023,11.215642,4.9936166,0.34861792,10.015112,3.5929502,0.16046342
1.332857,0.79205771,5.2492962,-0.18198938,5.2970671,-7.0228452,0.14421584,11.005765,4.5816153,0.38519644,10.144077,3.8476143,0.084948259
1.3331625,0.97100617,5.2292024,-0.13889099,5.3918725,-6.8005951,0.1551008,10.768032,4.102493,0.42454192,10.303702,4.0682568,0.015436694
1.3334679,1.1464182,5.1782824,-0.094185674,5.4671152,-6.5478087,0.17071374,10.497147,3.5533725,0.46738666,10.482133,4.2579749,-0.046745152
1.3337734,1.3142206,5.1003344,-0.047994759,5.5244725,-6.2667638,0.1909584,10.215823,2.9450957,0.5092302,10.673708,4.4212632,-0.1008691
1.3340788,1.4716867,4.9974718,0.0017459725,5.5600233,-5.9599507,0.21426594,9.9202659,2.2786289,0.54996032,10.87429,4.5636053,-0.14259571
1.3343842,1.6199895,4.8718927,0.050665704,5.5713861,-5.6256431,0.23998317,9.6224128,1.5671339,0.59127435,11.078492,4.6902826,-0.1734942
1.3346897,1.7577281,4.7239893,0.097257976,5.5593922,-5.2658264,0.26742379,9.3209083,0.81986417,0.63368236,11.281367,4.8049785,-0.19331832
1.3349951,1.8827959,4.5569295,0.14000126,5.5285639,-4.8806205,0.29514151,9.0319442,0.045644551,0.67540171,11.479072,4.9118102,-0.20310771
1.3353005,1.9981176,4.3723783,0.18352291,5.4792364,-4.4680978,0.32267862,8.762409,-0.73637743,0.71054469,11.670515,5.0145561,-0.20283559
1.3356059,2.1066396,4.1727771,0.22448198,5.4077772,-4.0290116,0.35043534,8.525227,-1.5180765,0.73584163,11.851418,5.1135703,-0.19400494
1.3359113,2.2061198,3.9583704,0.26440586,5.3118802,-3.5639879,0.37908628,8.3340139,-2.2793813,0.75904871,12.019198,5.2081289,-0.17724144
1.3362167,2.295826,3.7285084,0.30133816,5.1944825,-3.0669136,0.40803136,8.1914139,-3.0107516,0.77581507,12.172373,5.3005606,-0.15355958
1.3365221,2.3737665,3.4829951,0.3330463,5.0701763,-2.5462115,0.43392351,8.102255,-3.6989743,0.78165181,12.309938,5.3934367,-0.12428955
1.3368275,2.4393814,3.2232296,0.3620032,4.9352315,-1.9973685,0.45616456,8.0584073,-4.3329442,0.77370586,12.429328,5.4749721,-0.090257304
1.3371329,2.4918721,2.951066,0.38831167,4.795186,-1.4224444,0.4771381,8.0552421,-4.9101829,0.75516135,12.530057,5.5434745,-0.051875751
1.3374384,2.5312928,2.6669927,0.40984883,4.6334054,-0.82826796,0.49776343,8.0898909,-5.4172515,0.72608557,12.612244,5.6051246,-0.0095339371
1.3377438,2.5584471,2.3699192,0.42774884,4.4668824,-0.20090616,0.51953827,8.1474178,-5.8510921,0.68647662,12.674814,5.6522812,0.036209044
1.3380492,2.5685976,2.059754,0.44094311,4.2964364,0.4282262,0.5349872,8.2329159,-6.2064751,0.6373568,12.716703,5.6772478,0.084627953
1.3383546,2.5735529,1.7404252,0.45055305,4.1272979,1.0673233,0.53369411,8.3480522,-6.4863191,0.58049883,12.735968,5.6815292,0.13569051
1.33866,2.5755434,1.4102523,0.4584364,3.9718547,1.7082611,0.5304535,8.4894052,-6.6885067,0.51930363,12.734074,5.6713192,0.18951262
1.3389654,2.5635932,1.0765663,0.46416745,3.8349271,2.3377179,0.51794734,8.6540622,-6.8263527,0.45705797,12.711076,5.6441675,0.24600001
1.3392709,2.5415743,0.73703717,0.46860055,3.7281308,2.9571967,0.50914067,8.833318,-6.9145429,0.39681417,12.664595,5.606174,0.30485702
1.3395763,2.509354,0.3880527,0.46917416,3.6558279,3.5509647,0.48503029,9.0163444,-6.9660806,0.34131437,12.592967,5.5308501,0.3662863
1.3398817,2.4694984,0.034571303,0.46505682,3.6367306,4.1131735,0.45180936,9.1960319,-6.9885815,0.29356134,12.496237,5.3973588,0.42896093
1.3401872,2.419597,-0.3148943,0.45884027,3.6571916,4.6400363,0.41479027,9.3673315,-6.9817257,0.25500619,12.374715,5.1915497,0.49315392
1.3404926,2.3618932,-0.66561658,0.44707006,3.7394608,5.1220837,0.37092705,9.5261059,-6.9547105,0.22658109,12.230335,4.9072078,0.55922633
1.3407981,2.2990948,-1.0138543,0.43158732,3.8767608,5.5585402,0.32745131,9.6678156,-6.9066486,0.20697182,12.067601,4.5525017,0.62473627
1.3411036,2.2272612,-1.3530827,0.41112233,4.0649994,5.9409005,0.28165859,9.7902358,-6.8304021,0.19509552,11.888452,4.1338622,0.68828745
1.3414091,2.1542774,-1.68819,0.38934999,4.2937975,6.2648344,0.23573895,9.8917261,-6.7288651,0.19005124,11.695624,3.6537866,0.74849004
1.3417145,2.062989,-2.0137428,0.36165532,4.5563169,6.532405,0.19053551,9.9710435,-6.6108957,0.19114898,11.494587,3.1189959,0.80339128
1.34202,1.9621496,-2.3322137,0.33183329,4.8507578,6.7396605,0.14535943,10.027347,-6.4790661,0.19726691,11.291991,2.5390898,0.85067607
1.3423256,1.8512864,-2.6398066,0.29872179,5.1792011,6.8993441,0.1040112,10.059218,-6.3223723,0.20759753,11.09639,1.9225586,0.88791839
1.3426311,1.7300918,-2.9389426,0.26415275,5.5474076,7.0200827,0.063930929,10.066197,-6.1523775,0.22085999,10.911308,1.2800505,0.91437824
1.3429366,1.6169634,-3.2218655,0.22538452,5.9425385,7.1089601,0.027054589,10.047952,-5.961837,0.23663985,10.741052,0.62203855,0.92852839
1.3432421,1.509216,-3.4900972,0.18486501,6.3412489,7.1652584,-0.0043098047,10.003385,-5.7456486,0.2547338,10.590062,-0.042295452,0.93199918
1.3435476,1.4083167,-3.73769,0.14391296,6.7197798,7.1892119,-0.029233869,9.9316733,-5.5039537,0.27513305,10.460656,-0.70105677,0.91557403
1.3438531,1.3145208,-3.9633491,0.10440656,7.0689407,7.1885292,-0.045430223,9.8363349,-5.2308083,0.29874612,10.357016,-1.3423895,0.8891979
1.3441585,1.2291788,-4.164053,0.065844773,7.3864403,7.1708931,-0.052780376,9.7171706,-4.9217934,0.32508497,10.281846,-1.9569345,0.85035615
1.344464,1.1526088,-4.3375367,0.026979199,7.669944,7.1394722,-0.05162477,9.5767463,-4.5694435,0.3537636,10.234627,-2.5368923,0.79977233
1.3447694,1.0866062,-4.4828003,-0.010013269,7.9196047,7.0971452,-0.043314288,9.4168796,-4.1697978,0.38402401,10.215326,-3.075367,0.7381199
1.3450749,1.0300567,-4.5987722,-0.044841287,8.1380137,7.0429597,-0.02949251,9.2356053,-3.7214874,0.41635463,10.223643,-3.5669509,0.66685288
1.3453803,0.98331602,-4.6856136,-0.075417191,8.3260816,6.9783929,-0.011504541,9.0401677,-3.2272827,0.45076418,10.260079,-4.0067946,0.58962485
1.3456857,0.93495503,-4.7483469,-0.10306131,8.4840076,6.9098041,0.0084889275,8.8324374,-2.689182,0.48683639,10.320132,-4.3931802,0.50892097
1.3459912,0.88710978,-4.7842293,-0.12742287,8.6125969,6.8246088,0.030811708,8.6241976,-2.1121661,0.52134543,10.403082,-4.7267229,0.42717881
1.3462966,0.84007106,-4.7895659,-0.14879005,8.7132141,6.7278886,0.052675515,8.4241254,-1.5002907,0.5521597,10.504954,-5.0109639,0.34638415
1.346602,0.79453478,-4.7655147,-0.16726414,8.7862793,6.6112277,0.07310171,8.2198106,-0.86762268,0.58213554,10.621803,-5.2468067,0.27066996
1.3469074,0.75095672,-4.7137336,-0.18291135,8.8318591,6.4689254,0.092312361,8.0319392,-0.21981419,0.60905266,10.749437,-5.4370231,0.20147095
1.3472128,0.71318485,-4.6328101,-0.19645868,8.8497895,6.3040411,0.10842778,7.8721872,0.43333547,0.62994972,10.883833,-5.58795,0.14052043
1.3475182,0.68114415,-4.5231762,-0.20479599,8.8421184,6.119678,0.12277942,7.7406648,1.0798743,0.64171074,11.020621,-5.7072447,0.08965601
1.3478236,0.65395274,-4.3851919,-0.21071648,8.8113773,5.9096359,0.13480153,7.6422102,1.7078017,0.64239883,11.156105,-5.798335,0.050076147
1.3481289,0.63246656,-4.2221964,-0.21378349,8.7545229,5.671634,0.14643639,7.5935364,2.3039526,0.63726055,11.285767,-5.8658668,0.021308331
1.3484343,0.61225673,-4.0346069,-0.21386444,8.6763657,5.4070775,0.15751049,7.5795076,2.8602477,0.61816404,11.405595,-5.9135131,0.0021166609
1.3487397,0.59182022,-3.8239504,-0.21187673,8.5724684,5.1126357,0.1668308,7.6120185,3.3713036,0.58707268,11.513903,-5.9467084,-0.0077685449
1.3490451,0.5669754,-3.5914413,-0.20752901,8.4446245,4.7853852,0.17618328,7.6841635,3.8322157,0.54261362,11.609025,-5.9672501,-0.0083260786
1.3493504,0.53823422,-3.3386177,-0.20179901,8.2938832,4.4176163,0.18492994,7.7964989,4.2368575,0.48507847,11.68887,-5.972852,-0.00094190972
1.3496558,0.50567336,-3.0684058,-0.19562998,8.1187591,4.0052728,0.1938142,7.9477477,4.585407,0.41973059,11.751748,-5.961395,0.012693213
1.3499612,0.46756861,-2.7808315,-0.18959498,7.9141103,3.5521011,0.20120674,8.1376276,4.8780606,0.3479963,11.795998,-5.9365098,0.031352595
1.3502666,0.42039157,-2.4766559,-0.18440659,7.6906653,3.0584069,0.21043612,8.3580118,5.1193075,0.27328832,11.820967,-5.9006087,0.05430672
1.3505719,0.3740073,-2.160185,-0.17902203,7.4455185,2.5288841,0.21857831,8.6171131,5.3138176,0.19938197,11.826019,-5.847693,0.080562185
1.3508773,0.32808443,-1.8306262,-0.17392573,7.1788617,1.953419,0.22891047,8.9112859,5.4670952,0.13047143,11.810439,-5.7742165,0.10995972
1.3511827,0.27992251,-1.4960962,-0.16858552,6.8908255,1.3370026,0.23836884,9.2122614,5.5863476,0.069000712,11.774549,-5.6822707,0.14217298
1.3514881,0.22230011,-1.1501317,-0.16705098,6.5850132,0.68087302,0.2487301,9.5129822,5.6797375,0.015654411,11.716262,-5.559569,0.1765415
1.3517935,0.15844273,-0.79255513,-0.1674927,6.2636957,-0.00021107527,0.26670928,9.8048397,5.7553284,-0.026979653,11.635537,-5.3956013,0.21238374
1.3520989,0.090932749,-0.42156524,-0.16784844,5.9365507,-0.70426111,0.27074563,10.081081,5.8202898,-0.058297518,11.532706,-5.1900341,0.2492841
1.3524043,0.020925188,-0.051020013,-0.16778083,5.616964,-1.423928,0.28385727,10.338526,5.8789693,-0.079740308,11.410686,-4.9455227,0.28764383
1.3527097,-0.050299525,0.3257337,-0.16798781,5.3207866,-2.1534524,0.29359826,10.575279,5.9350932,-0.092895753,11.270981,-4.6574865,0.32636723
1.3530151,-0.12286977,0.70007795,-0.16574049,5.0649696,-2.8773739,0.29945181,10.790359,5.9903133,-0.09874085,11.115645,-4.3213326,0.36466266
1.3533205,-0.19708847,1.075665,-0.17308476,4.8286622,-3.5830162,0.31041593,10.984614,6.0458317,-0.097756307,10.949645,-3.9347998,0.40163023
1.353626,-0.26725509,1.4525891,-0.17720189,4.627493,-4.2655996,0.31328839,11.158267,6.1009188,-0.091267033,10.774561,-3.5014523,0.43738851
1.3539314,-0.3378836,1.8288328,-0.17849989,4.4581028,-4.90917,0.31564766,11.310431,6.1535382,-0.081036774,10.596666,-3.025324,0.46962901
1.3542369,-0.40595635,2.2023364,-0.18005244,4.3230865,-5.5040566,0.31351729,11.442148,6.2033902,-0.068129939,10.420377,-2.5125739,0.49684061
1.3545423,-0.46096907,2.5658347,-0.18124826,4.2326347,-6.0351342,0.30560191,11.553368,6.2469287,-0.052635863,10.251693,-1.9708825,0.51844439
1.3548478,-0.49217141,2.9153252,-0.18531158,4.1781109,-6.4785167,0.29858473,11.645267,6.2761335,-0.035518426,10.095662,-1.4082401,0.53193054
1.3551533,-0.50271515,3.2423169,-0.18960821,4.160029,-6.8189917,0.28554182,11.716336,6.2902295,-0.018276612,9.9556509,-0.83471132,0.53517713
1.3554587,-0.49317203,3.5423692,-0.19313773,4.1695436,-7.0721747,0.2694687,11.766774,6.2897034,-0.0009089272,9.8347374,-0.2585647,0.52847291
1.3557642,-0.46582002,3.8233128,-0.19626767,4.2031857,-7.2517651,0.24704807,11.795735,6.2768165,0.017485914,9.7375669,0.31227925,0.51200884
1.3560697,-0.42187333,4.085065,-0.19942084,4.2669838,-7.3790451,0.21912785,11.800987,6.2483077,0.037029022,9.6663331,0.86503191,0.48044721
1.3563752,-0.35402956,4.3263917,-0.20193171,4.3681503,-7.4751534,0.18726368,11.783215,6.2053506,0.05825667,9.6239377,1.3919238,0.44299177
1.3566807,-0.27083308,4.5427782,-0.20412589,4.4947994,-7.5427031,0.1523807,11.739492,6.1291442,0.080220846,9.6120861,1.8859619,0.39303074
1.3569862,-0.17072817,4.7301313,-0.20363902,4.6368762,-7.5756121,0.11620437,11.668752,6.0174865,0.10335532,9.6311367,2.3434558,0.33506067
1.3572917,-0.059849973,4.8872143,-0.20173029,4.7839999,-7.571037,0.082134705,11.567436,5.8540724,0.128187,9.6817814,2.7591672,0.26959407
1.3575971,0.069326149,5.0136691,-0.19755554,4.9286072,-7.5271308,0.049954236,11.432603,5.6262556,0.15556465,9.7621522,3.1329924,0.2008835
1.3579026,0.20993472,5.1108411,-0.19165755,5.0631351,-7.4331983,0.021072677,11.270171,5.3280372,0.18593405,9.8712214,3.4616623,0.13036681
1.358208,0.35765632,5.1785222,-0.18202324,5.1828921,-7.2868625,-0.0027966119,11.078348,4.9713517,0.2201956,10.004491,3.747179,0.060977924
1.3585135,0.51500515,5.2109098,-0.16806202,5.2897098,-7.0914957,-0.020717162,10.857085,4.5513197,0.25690016,10.160071,3.9928377,-0.0063618419
1.3588189,0.67679068,5.2077649,-0.15488508,5.3823814,-6.8654739,-0.031673072,10.60588,4.0639954,0.29670243,10.332442,4.2029329,-0.06834543
1.3591243,0.83905643,5.1717574,-0.13979024,5.4582182,-6.6092821,-0.036501563,10.323874,3.505674,0.3402506,10.517987,4.3802613,-0.12438633
1.3594298,0.99894125,5.1089357,-0.12544292,5.5157454,-6.3256235,-0.035256541,10.027479,2.8847848,0.38504776,10.712279,4.5308012,-0.17098161
1.3597352,1.1553952,5.020771,-0.10588725,5.5497078,-6.0164916,-0.028081118,9.7189973,2.2057634,0.43204585,10.910476,4.6602301,-0.2092766
1.3600406,1.3057614,4.9086614,-0.084719059,5.5585639,-5.6797248,-0.015767691,9.4022163,1.476429,0.47897254,11.108014,4.774049,-0.23848643
1.360346,1.4472464,4.7747342,-0.062289631,5.5431458,-5.316551,0.00092796442,9.0869428,0.71005383,0.5271907,11.302223,4.8767108,-0.25874001
1.3606514,1.5777411,4.6205249,-0.038505385,5.5084819,-4.9279522,0.020638779,8.7864694,-0.083683922,0.58004006,11.491185,4.9720372,-0.26951229
1.3609568,1.6961439,4.4485327,-0.011474193,5.4558195,-4.5137439,0.042533151,8.5093237,-0.88934771,0.61927994,11.671322,5.0642452,-0.27208621
1.3612622,1.8042737,4.2589038,0.011298641,5.3814959,-4.0741631,0.066457964,8.2764302,-1.6933249,0.65706671,11.839911,5.1545967,-0.26705614
1.3615676,1.9008028,4.0532311,0.035207904,5.285302,-3.6081112,0.091996821,8.0924658,-2.4755557,0.68775705,11.995751,5.2423414,-0.25501168
1.361873,1.9855415,3.8317645,0.059415426,5.1639915,-3.1131403,0.11786465,7.9703099,-3.2245108,0.71046115,12.137614,5.3276772,-0.23662732
1.3621784,2.0599975,3.5955629,0.083068249,5.035933,-2.5922528,0.14405587,7.8937547,-3.9260499,0.7224541,12.263897,5.4133864,-0.21287898
1.3624838,2.1258916,3.3452803,0.10602731,4.9001349,-2.0470929,0.17143447,7.8657491,-4.5739411,0.72081185,12.373615,5.4957998,-0.18518072
1.3627893,2.181521,3.0822549,0.12722952,4.7578858,-1.4756538,0.19762383,7.8860915,-5.1583029,0.70626698,12.46568,5.5635825,-0.15335699
1.3630947,2.2262646,2.8072611,0.14664054,4.5972374,-0.88317177,0.22501971,7.9326566,-5.6647356,0.68078944,12.539841,5.6237952,-0.11789784
1.3634001,2.2595046,2.5203142,0.16459323,4.4245915,-0.26283406,0.2504848,8.0166795,-6.0902251,0.64302056,12.594952,5.6732722,-0.07912378
1.3637055,2.2826886,2.2208441,0.18035902,4.2508399,0.36383374,0.27365432,8.1391574,-6.4370071,0.59305407,12.62938,5.7010288,-0.03746041
1.3640109,2.2932575,1.9098469,0.19362757,4.0820053,0.99788233,0.29739287,8.2942783,-6.6987279,0.53377794,12.641785,5.7073254,0.0068414846
1.3643163,2.3061394,1.5909495,0.20911234,3.9146303,1.6401629,0.31622622,8.4750291,-6.8822906,0.46777418,12.632144,5.6972698,0.054313991
1.3646217,2.3079757,1.26411,0.22437879,3.7649948,2.2693004,0.33030979,8.6703183,-7.0039139,0.39843551,12.601083,5.6703851,0.10492855
1.3649272,2.2994659,0.93509269,0.23316133,3.6428661,2.8843463,0.33542288,8.8716,-7.0771079,0.3287683,12.546251,5.6313514,0.15867021
1.3652326,2.2828144,0.59666558,0.24045784,3.558184,3.4796193,0.33322582,9.0691576,-7.112734,0.26169789,12.465904,5.5580237,0.21596062
1.365538,2.2600306,0.24943947,0.24529508,3.5223539,4.0459086,0.32617215,9.2568301,-7.120806,0.20167624,12.359237,5.4296421,0.27611088
1.3658435,2.2300831,-0.096663743,0.24797857,3.5282643,4.5759096,0.31130626,9.4303353,-7.1101896,0.14978859,12.226638,5.2311269,0.33872702
1.366149,2.1911876,-0.4374859,0.25888068,3.5923905,5.0611174,0.28794743,9.5873958,-7.0869599,0.10735138,12.069718,4.9544331,0.40420799
1.3664544,2.1474249,-0.78186753,0.26495586,3.7090706,5.501664,0.25590263,9.7246054,-7.0517168,0.072713405,11.893443,4.6036828,0.47102762
1.3667599,2.0967977,-1.1101791,0.2609122,3.8751413,5.8924695,0.21804118,9.8404246,-6.990349,0.046907905,11.700674,4.1890706,0.53730441
1.3670654,2.0392421,-1.4346778,0.24996222,4.0851684,6.2276744,0.17387018,9.9342534,-6.9006481,0.029851945,11.492766,3.7106357,0.60239587
1.3673709,1.978278,-1.7534627,0.23996155,4.3306447,6.5056017,0.12427398,10.006159,-6.7899665,0.020398522,11.276884,3.175131,0.66437092
1.3676764,1.8973305,-2.0617452,0.22959331,4.6076928,6.7251032,0.070811151,10.055772,-6.6524949,0.017807111,11.059681,2.5904344,0.7219503
1.3679819,1.8056795,-2.3595856,0.22026721,4.9143791,6.8959311,0.015252612,10.081093,-6.4851241,0.021038319,10.851245,1.9664893,0.77060203
1.3682874,1.7028188,-2.6476466,0.20665519,5.2606804,7.0268623,-0.040990076,10.081488,-6.2912652,0.028669313,10.655028,1.3134453,0.80948868
1.3685929,1.5971081,-2.9244775,0.19256612,5.6394404,7.1247676,-0.09648627,10.057167,-6.0818604,0.040516859,10.476397,0.64267523,0.83654658
1.3688985,1.4933534,-3.1865918,0.17697932,6.0384211,7.1918322,-0.14939617,10.00776,-5.8497621,0.055775213,10.321188,-0.037244746,0.8505593
1.369204,1.389275,-3.4337554,0.16053786,6.4278128,7.226476,-0.19792071,9.9320328,-5.5936993,0.074006107,10.194763,-0.71463932,0.84739119
1.3695096,1.2875099,-3.6613574,0.14512047,6.7917184,7.2340119,-0.23908268,9.8319704,-5.3087467,0.095632651,10.102143,-1.3761257,0.83247048
1.3698151,1.189978,-3.8675174,0.12723958,7.1246811,7.2238619,-0.27175735,9.7087928,-4.9901928,0.12058627,10.039899,-2.0116815,0.80346285
1.3701207,1.0988519,-4.0513756,0.10811178,7.4248742,7.1986939,-0.29471663,9.5637804,-4.6313017,0.14840385,10.011027,-2.6124619,0.76142757
1.3704262,1.0139318,-4.2116105,0.087962647,7.6917193,7.1631449,-0.30845754,9.398991,-4.2265512,0.1785145,10.015847,-3.1713526,0.70675689
1.3707317,0.93888289,-4.3453082,0.067289429,7.9260346,7.117068,-0.31161946,9.2130216,-3.7744113,0.210873,10.047594,-3.6809287,0.64112632
1.3710372,0.87085473,-4.4528196,0.04611326,8.1299819,7.058592,-0.30537309,9.0103496,-3.2776823,0.24666471,10.107533,-4.1350996,0.56791784
1.3713427,0.81304886,-4.5316197,0.024509629,8.3037078,6.9944023,-0.2917823,8.795528,-2.7380727,0.28394173,10.195149,-4.5318769,0.48913779
1.3716482,0.76255943,-4.586057,0.0024120644,8.4474952,6.9133734,-0.27389018,8.5778687,-2.159489,0.32115754,10.305779,-4.8713937,0.40741767
1.3719537,0.71598077,-4.6140822,-0.020185935,8.5622832,6.8173094,-0.25257327,8.3678455,-1.5452116,0.3581893,10.433873,-5.1593415,0.32627718
1.3722592,0.66890899,-4.6128475,-0.042547729,8.6487102,6.7068335,-0.22945635,8.1552978,-0.90770435,0.3944975,10.574427,-5.394061,0.24787524
1.3725647,0.62340906,-4.582715,-0.064170484,8.7076212,6.568799,-0.20535842,7.9475378,-0.25471594,0.4274288,10.722186,-5.5803305,0.17397258
1.3728702,0.57892739,-4.524221,-0.085608078,8.738693,6.4062891,-0.18060436,7.7799281,0.40474075,0.45689089,10.873056,-5.72486,0.10596554
1.3731757,0.53632842,-4.4381539,-0.10569305,8.7431171,6.2242938,-0.15757636,7.6405645,1.0587486,0.47745057,11.021827,-5.835358,0.0464975
1.3734812,0.49480314,-4.3252891,-0.12375191,8.7244192,6.019778,-0.13599355,7.5342799,1.6966219,0.48941482,11.16446,-5.9170714,-0.0033177397
1.3737867,0.45532166,-4.1872242,-0.14030188,8.6833606,5.7905545,-0.11589452,7.4803857,2.3043267,0.49685001,11.297927,-5.9745328,-0.043635845
1.3740922,0.41731238,-4.0254265,-0.15443788,8.6154802,5.5328348,-0.095987388,7.4603839,2.8719003,0.48705853,11.418868,-6.0132878,-0.07477845
1.3743976,0.38129829,-3.8397409,-0.16596541,8.5268999,5.2478114,-0.076904784,7.4864448,3.3919512,0.46465085,11.525614,-6.0375907,-0.096033561
1.3747031,0.34741973,-3.6331929,-0.1769012,8.4136464,4.9318055,-0.059530355,7.5564753,3.8611056,0.42897149,11.617616,-6.0515176,-0.10829885
1.3750086,0.31609061,-3.4073168,-0.18584847,8.2774436,4.5767372,-0.043761445,7.6697082,4.2751816,0.3799526,11.694118,-6.0516216,-0.11210974
1.3753141,0.28025341,-3.163209,-0.19329548,8.1184868,4.1817367,-0.02858137,7.8296569,4.6306354,0.32208686,11.75394,-6.0376234,-0.10855365
1.3756196,0.24020876,-2.901921,-0.20095723,7.9286587,3.7442407,-0.014295088,8.0294801,4.9291351,0.25553147,11.795198,-6.0147561,-0.099110339
1.375925,0.19603535,-2.6240201,-0.20714274,7.7259658,3.2699268,-0.0018041193,8.264556,5.174424,0.1817725,11.817213,-5.9809294,-0.084322275
1.3762305,0.14312395,-2.3295529,-0.21316193,7.5020517,2.7589518,0.01585539,8.5345445,5.3728847,0.10594753,11.819832,-5.9346222,-0.065111318
1.376536,0.096040628,-2.0246996,-0.21618754,7.2574241,2.2105048,0.029979759,8.8264697,5.529092,0.03225718,11.802456,-5.8686313,-0.041813216
1.3768415,0.050949538,-1.7080219,-0.21788102,6.9924534,1.6201261,0.046353543,9.1250866,5.6500997,-0.039111931,11.764128,-5.7772202,-0.01496163
1.377147,-0.00034004514,-1.3866507,-0.22289328,6.7123089,0.98969865,0.062650987,9.422885,5.743062,-0.10366208,11.703931,-5.6571743,0.015227509
1.3774525,-0.0595784,-1.0522305,-0.22813679,6.4072994,0.33236117,0.075091418,9.712049,5.8168555,-0.15908092,11.62203,-5.4976964,0.048669244
1.377758,-0.12348636,-0.70487874,-0.23266866,6.0899848,-0.34727997,0.1058226,9.9857439,5.8788525,-0.20421366,11.516787,-5.2937912,0.084183269
1.3780635,-0.19048562,-0.34931887,-0.23386607,5.7672271,-1.0435343,0.12743849,10.241956,5.9337016,-0.24099148,11.390784,-5.051819,0.12182339
1.3783691,-0.25967235,0.0037600918,-0.22192282,5.4509577,-1.7530551,0.14946422,10.476649,5.9851263,-0.26811921,11.246429,-4.7680613,0.1612904
1.3786746,-0.32973084,0.36347878,-0.21730252,5.1624461,-2.4696798,0.16901613,10.68973,6.0363679,-0.28528138,11.085609,-4.4385315,0.20190556
1.3789801,-0.39962169,0.71916487,-0.2191921,4.9128143,-3.1659924,0.18464975,10.881848,6.0876393,-0.29296577,10.911824,-4.058995,0.24175139
1.3792857,-0.47195272,1.0744008,-0.21700829,4.6931568,-3.842111,0.20408035,11.054355,6.1397093,-0.29320895,10.728224,-3.6309928,0.28091066
1.3795912,-0.53819496,1.4375629,-0.21035335,4.503001,-4.4917844,0.21712382,11.206207,6.1915296,-0.28684263,10.540151,-3.1596503,0.31846661
1.3798968,-0.61290595,1.7956924,-0.20034,4.3450149,-5.1017468,0.2260887,11.337575,6.2399493,-0.2761984,10.352942,-2.6498524,0.3518132
1.3802024,-0.68793577,2.1505652,-0.18934476,4.2181417,-5.6561718,0.23038787,11.44991,6.2851684,-0.26113197,10.172804,-2.1084161,0.37989843
1.3805079,-0.74557827,2.4947355,-0.18259634,4.1296646,-6.1479294,0.22751936,11.543437,6.3177719,-0.24299915,9.9999683,-1.5427451,0.40141397
1.3808135,-0.78385629,2.8246823,-0.17789855,4.0754935,-6.5517486,0.21987145,11.618529,6.3369061,-0.22397348,9.8514745,-0.96352102,0.41391969
1.3811191,-0.80626218,3.1355605,-0.17270031,4.0513314,-6.860653,0.20532326,11.67394,6.3424975,-0.20465569,9.7228218,-0.3795169,0.41540977
1.3814248,-0.81278545,3.4223155,-0.16913466,4.0518115,-7.0881879,0.18567584,11.709177,6.3346526,-0.18507812,9.6184509,0.20015088,0.40698165
1.3817304,-0.80529518,3.6869303,-0.16658349,4.0746159,-7.2438758,0.15835872,11.723508,6.3127191,-0.16436163,9.5455752,0.7660692,0.38725802
1.382036,-0.78294102,3.9353601,-0.1682125,4.1197497,-7.3568544,0.1246903,11.715942,6.2780695,-0.14257512,9.498829,1.3093524,0.35836683
1.3823417,-0.74007657,4.1649076,-0.17245248,4.191432,-7.4407674,0.084481956,11.684176,6.2143774,-0.12027534,9.4833428,1.8193354,0.31579623
1.3826473,-0.68237228,4.3729878,-0.17916917,4.29044,-7.4968398,0.040669706,11.626352,6.1132391,-0.097134021,9.500856,2.2929446,0.26442223
1.382953,-0.60899227,4.555084,-0.18628336,4.4039268,-7.517528,-0.0082476046,11.54046,5.9702478,-0.07310496,9.5520771,2.7259863,0.20514595
1.3832586,-0.52370767,4.7078422,-0.1921209,4.5250406,-7.5005766,-0.059221372,11.424011,5.7697762,-0.047596808,9.6314482,3.1146744,0.14002602
1.3835642,-0.42438439,4.8311979,-0.20193431,4.6470965,-7.4429707,-0.11077354,11.2768,5.5018609,-0.019179119,9.7418579,3.4569347,0.073535105
1.3838699,-0.31215159,4.9245298,-0.21349614,4.7646604,-7.3387184,-0.16011378,11.101679,5.1709412,0.012936663,9.8784203,3.7539478,0.0053334474
1.3841755,-0.18964736,4.9889806,-0.22511387,4.8747854,-7.1864693,-0.20502381,10.895208,4.7804604,0.04766744,10.037018,4.0087716,-0.06248489
1.3844811,-0.060794644,5.0219315,-0.23794044,4.9754044,-7.0002087,-0.24387444,10.659237,4.3252869,0.085058155,10.213175,4.2244022,-0.12929132
1.3847868,0.067754411,5.0229567,-0.24726957,5.0647962,-6.7833041,-0.27567531,10.39172,3.7994209,0.12641715,10.401216,4.4056881,-0.18843054
1.3850924,0.20566293,4.9951897,-0.25557291,5.138949,-6.5360205,-0.30026072,10.10191,3.2059262,0.17109007,10.59715,4.5572949,-0.24203645
1.385398,0.34053843,4.9425007,-0.2615118,5.1949381,-6.2593374,-0.31710354,9.7976736,2.5534956,0.21919872,10.795078,4.6858418,-0.28852856
1.3857036,0.47865842,4.8648411,-0.26507858,5.2270663,-5.9556399,-0.3272348,9.4816311,1.8460517,0.26932098,10.994259,4.7964152,-0.32688187
1.3860093,0.61339409,4.7649221,-0.26626108,5.2355304,-5.6213686,-0.33035761,9.1617569,1.0962075,0.32158969,11.188811,4.8948732,-0.35655674
1.3863149,0.74242732,4.6433353,-0.2647553,5.2229343,-5.2604016,-0.32717215,8.8486775,0.3111211,0.37397499,11.37641,4.9846515,-0.37764972
1.3866205,0.86352348,4.5025475,-0.26033697,5.1918644,-4.8727866,-0.3197253,8.5529076,-0.48980302,0.42691858,11.554625,5.0702701,-0.39031636
1.3869261,0.97658067,4.3433222,-0.25456845,5.1446559,-4.4582106,-0.30826848,8.2829328,-1.294143,0.47363185,11.72236,5.1553835,-0.39469301
1.3872317,1.0806593,4.1666248,-0.24476875,5.073749,-4.019369,-0.29484489,8.057115,-2.0878022,0.51546213,11.877215,5.2398495,-0.39178078
1.3875374,1.1749467,3.9736574,-0.2312666,4.9808979,-3.5538376,-0.28031603,7.8807008,-2.8542571,0.54865061,12.0183,5.3228482,-0.38212255
1.387843,1.2594894,3.765036,-0.21690158,4.8672657,-3.0583427,-0.2632667,7.7561295,-3.5823611,0.57099108,12.145223,5.4041483,-0.36688459
1.3881486,1.3361297,3.5417697,-0.20071859,4.7487833,-2.5406129,-0.24199796,7.6835986,-4.2566838,0.58237269,12.256966,5.4850987,-0.3467926
1.3884542,1.4038697,3.3053558,-0.18463419,4.6220029,-1.9987074,-0.21970967,7.6597451,-4.8759939,0.58073502,12.352173,5.5626869,-0.32260107
1.3887598,1.4645464,3.0568847,-0.16816183,4.4861899,-1.4312767,-0.19560335,7.6829665,-5.4238135,0.5662376,12.430465,5.6265058,-0.29465557
1.3890655,1.5183108,2.7964432,-0.14952176,4.3299661,-0.84547974,-0.17530179,7.7449952,-5.894131,0.53735757,12.491806,5.6839475,-0.26371991
1.3893711,1.5643878,2.5237887,-0.13167494,4.1668735,-0.22622105,-0.15660013,7.8226221,-6.2837107,0.49433955,12.534041,5.7242818,-0.22984543
1.3896767,1.6017102,2.2391969,-0.11354605,4.0018295,0.39382747,-0.12393223,7.9358402,-6.5972629,0.43982279,12.555692,5.7425869,-0.19320567
1.3899824,1.6312293,1.9444199,-0.094330689,3.8418982,1.0219194,-0.095712954,8.0754957,-6.8259639,0.37646725,12.555466,5.7427902,-0.15348606
1.390288,1.6627852,1.6417601,-0.075048144,3.68585,1.6595243,-0.060496584,8.2340224,-6.9859086,0.30521936,12.534282,5.725549,-0.11002044
1.3905937,1.6842648,1.3345427,-0.056395889,3.5342855,2.2813744,-0.041606652,8.4035766,-7.0915916,0.23086186,12.490039,5.6937422,-0.063482777
1.3908993,1.6997957,1.0239469,-0.039033903,3.4067235,2.8937272,-0.021235903,8.5769661,-7.1529956,0.15593795,12.420965,5.644307,-0.013550161
1.391205,1.7075785,0.70370867,-0.026847505,3.3074275,3.4833972,-0.0044454589,8.7518435,-7.1801375,0.08342462,12.32558,5.5482567,0.040673127
1.3915107,1.7117179,0.37831832,-0.0090781656,3.2501073,4.042524,0.0085480877,8.922166,-7.183826,0.016581753,12.202968,5.3897221,0.09927941
1.3918164,1.7115988,0.05351895,0.012358153,3.2363495,4.5706118,0.016152726,9.0890056,-7.1729521,-0.044600474,12.05431,5.1564761,0.16141537
1.3921221,1.704945,-0.26923921,0.038135226,3.2837656,5.0535333,0.0098808052,9.2491426,-7.1504895,-0.098745554,11.881634,4.8425712,0.22667606
1.3924278,1.6956959,-0.58957427,0.053963713,3.3784001,5.4906788,-0.0036988492,9.3965225,-7.113959,-0.14447125,11.688825,4.4618622,0.29363846
1.3927335,1.6794271,-0.89771304,0.06383825,3.5204397,5.8800443,-0.027521452,9.5264919,-7.05173,-0.18128671,11.478421,4.0164373,0.3611401
1.3930392,1.6559267,-1.2030621,0.066868631,3.7030725,6.2150735,-0.058932248,9.6363764,-6.9637428,-0.21024177,11.254307,3.5095426,0.42870449
1.3933449,1.6268245,-1.500742,0.075100465,3.9193945,6.4966826,-0.096818427,9.7236827,-6.8490112,-0.23035995,11.023342,2.9475515,0.49372928
1.3936507,1.5777264,-1.7883329,0.083088536,4.1697423,6.7214734,-0.14040451,9.7856851,-6.7046838,-0.2428844,10.794155,2.3402745,0.55382665
1.3939564,1.5173574,-2.0667286,0.094962822,4.4435995,6.8978984,-0.18816123,9.8216941,-6.5289342,-0.24959951,10.573649,1.6977644,0.60712595
1.3942622,1.4452407,-2.3349272,0.10348657,4.754609,7.034274,-0.24231998,9.8320792,-6.3294401,-0.25108332,10.370202,1.03097,0.65053608
1.394568,1.3735333,-2.5905007,0.10899665,5.1005359,7.1362087,-0.29833651,9.816176,-6.1145158,-0.24762887,10.189271,0.35011918,0.68191227
1.3948738,1.2985468,-2.8311088,0.11334244,5.4747752,7.2097552,-0.35524753,9.7739806,-5.876291,-0.23997099,10.03576,-0.33499464,0.69904343
1.3951796,1.2194672,-3.0542777,0.11738032,5.8679172,7.2541837,-0.41058016,9.7048538,-5.6135875,-0.22894656,9.9177565,-1.0120713,0.70284947
1.3954854,1.1353335,-3.2604036,0.1224823,6.2612197,7.2754006,-0.46197039,9.6116758,-5.3208895,-0.21461915,9.8367112,-1.668418,0.69164715
1.3957912,1.0487133,-3.4485476,0.12599698,6.6259838,7.2798929,-0.50819127,9.4939271,-4.9930617,-0.19728352,9.7880718,-2.2946964,0.66597437
1.396097,0.96290331,-3.6177908,0.12653601,6.958912,7.2699064,-0.54666906,9.3534779,-4.6244755,-0.17707281,9.7726324,-2.8825376,0.62643776
1.3964028,0.88002583,-3.7677759,0.12459796,7.2559876,7.2499019,-0.5736203,9.1942346,-4.2088771,-0.15340152,9.7893696,-3.4261816,0.57499003
1.3967086,0.80128618,-3.8955748,0.1201143,7.5193286,7.2154142,-0.58828667,9.0121224,-3.7466672,-0.12798272,9.834312,-3.919274,0.51288952
1.3970144,0.72686897,-3.9987343,0.11152323,7.7516316,7.1698861,-0.59161981,8.8134213,-3.239013,-0.099279742,9.9050754,-4.3555828,0.44178249
1.3973202,0.6584463,-4.0776517,0.099861695,7.9525701,7.1018519,-0.5865974,8.6019429,-2.6892851,-0.070008089,10.003106,-4.7335031,0.36607378
1.397626,0.59510065,-4.1314002,0.0843488,8.122704,7.0134608,-0.57387476,8.3847918,-2.1032274,-0.038012946,10.12388,-5.0584157,0.28721929
1.3979318,0.53782088,-4.1608275,0.064844464,8.2607423,6.9087226,-0.55542189,8.1725416,-1.4830517,-0.0033952177,10.260918,-5.3296914,0.20711862
1.3982376,0.4864441,-4.1646696,0.042821544,8.3686111,6.784692,-0.53220024,7.9599801,-0.84136062,0.026955086,10.40933,-5.5484258,0.12824876
1.3985434,0.43869496,-4.1433038,0.019447102,8.4464689,6.6354191,-0.50529024,7.7498274,-0.18377496,0.058398333,10.56425,-5.7203389,0.052679137
1.3988492,0.3912752,-4.092421,-0.0040930782,8.4941981,6.456551,-0.47625379,7.5630862,0.47715646,0.08417264,10.720571,-5.8524489,-0.017916073
1.399155,0.34449108,-4.0170539,-0.027170671,8.5156846,6.2584591,-0.44728057,7.4188343,1.1322575,0.1066071,10.87292,-5.9507193,-0.082263079
1.3994608,0.29861973,-3.917403,-0.049588232,8.5128824,6.0414126,-0.41918686,7.3090779,1.7697914,0.12510989,11.018164,-6.0220591,-0.13804213
1.3997666,0.25341503,-3.7947147,-0.070813274,8.4846668,5.8004063,-0.3913931,7.2504981,2.3772691,0.13365188,11.153296,-6.0712786,-0.18480117
1.4000724,0.21021176,-3.649492,-0.090503629,8.429376,5.5331811,-0.36342216,7.2438628,2.9436889,0.13355416,11.274952,-6.1033468,-0.22396665
1.4003782,0.16762435,-3.4830032,-0.10826354,8.3513891,5.2379595,-0.33701901,7.2672521,3.4654685,0.12232485,11.381944,-6.1222496,-0.25434311
1.400684,0.12578058,-3.2964785,-0.12452739,8.2484201,4.9102313,-0.31185189,7.3259812,3.9374532,0.10197572,11.474907,-6.1320192,-0.27600597
1.4009898,0.085002836,-3.0910171,-0.13833455,8.1244462,4.5438261,-0.28814994,7.4240301,4.3538944,0.071382702,11.552559,-6.1282821,-0.28981357
1.4012956,0.045222552,-2.8697733,-0.15019869,7.976872,4.1381214,-0.26462522,7.559094,4.7103851,0.032287972,11.61226,-6.1098637,-0.29662181
1.4016014,0.003044608,-2.632793,-0.16150716,7.7999771,3.693773,-0.24163336,7.7346593,5.0107086,-0.016737182,11.653229,-6.0837813,-0.29717859
1.4019072,-0.042844667,-2.3798521,-0.17126951,7.6131594,3.2167677,-0.21896036,7.9489294,5.2583147,-0.071417675,11.675292,-6.0486386,-0.29183233
1.402213,-0.094436774,-2.1113723,-0.17796867,7.4048558,2.706315,-0.19487483,8.2048599,5.4586742,-0.13030164,11.678624,-6.000871,-0.28177293
1.4025189,-0.14203846,-1.8314567,-0.18327041,7.1786246,2.1615366,-0.17127199,8.5026729,5.616848,-0.18954778,11.661639,-5.9334425,-0.26746788
1.4028247,-0.18933564,-1.5403969,-0.18687795,6.9335405,1.5799275,-0.1453628,8.8164414,5.7388713,-0.24870119,11.622956,-5.8409066,-0.2496789
1.4031305,-0.23908597,-1.2441914,-0.19066452,6.6738722,0.96358016,-0.12536758,9.1313724,5.8333176,-0.30304076,11.562319,-5.7162494,-0.22765635
1.4034364,-0.29997853,-0.93304592,-0.19872202,6.3922937,0.3273757,-0.094158413,9.4390155,5.9080484,-0.35389141,11.478711,-5.5502774,-0.20194334
1.4037422,-0.36239777,-0.61219439,-0.19800577,6.0945584,-0.33129432,-0.055718935,9.7321037,5.9688767,-0.3982129,11.371771,-5.3386396,-0.17300734
1.4040481,-0.42771831,-0.28501294,-0.18773552,5.7877245,-1.0031755,-0.022474807,10.005465,6.021449,-0.43582264,11.243238,-5.0872286,-0.14230011
1.4043539,-0.49437341,0.040272196,-0.1770676,5.4746361,-1.6875752,0.014322453,10.255474,6.0702239,-0.46497073,11.096603,-4.7926701,-0.10966852
1.4046598,-0.56186864,0.36973173,-0.17157577,5.176022,-2.3760767,0.0423176,10.482747,6.1182869,-0.4849475,10.932875,-4.4505186,-0.075448011
1.4049657,-0.63034729,0.69662708,-0.16753865,4.9088303,-3.0446262,0.06978187,10.687819,6.1667818,-0.49602284,10.756186,-4.0563607,-0.040969786
1.4052716,-0.69991307,1.0233952,-0.16415503,4.6772348,-3.6947823,0.092256772,10.870998,6.2157956,-0.49905449,10.567813,-3.6136431,-0.0068711935
1.4055775,-0.76687647,1.354528,-0.15032732,4.4807873,-4.3206593,0.10875646,11.031738,6.2649584,-0.49566582,10.373816,-3.1280441,0.026422193
1.4058834,-0.84184583,1.681688,-0.13449395,4.3166539,-4.9084893,0.11979838,11.171088,6.3120274,-0.48674668,10.181724,-2.6043588,0.056913618
1.4061893,-0.91542988,2.003518,-0.1206009,4.1806836,-5.4464008,0.1224415,11.290008,6.3542996,-0.47303101,9.9977007,-2.0504148,0.082072362
1.4064953,-0.97871597,2.3180833,-0.10843862,4.0784313,-5.9282788,0.11685909,11.38881,6.3845253,-0.45598383,9.8205765,-1.4747793,0.10189045
1.4068012,-1.0235852,2.6205649,-0.098861125,4.0053986,-6.3407969,0.10265336,11.467377,6.4027414,-0.43765721,9.6596145,-0.88796453,0.11356848
1.4071072,-1.055324,2.9109802,-0.090698722,3.9645544,-6.6613274,0.082108031,11.526447,6.408444,-0.41894027,9.5334492,-0.29722694,0.11649308
1.4074131,-1.0779565,3.1824722,-0.084272004,3.9464973,-6.9033834,0.056014279,11.565547,6.3987718,-0.39951444,9.4312956,0.28879831,0.11069231
1.4077191,-1.0883755,3.4345142,-0.082200463,3.9490851,-7.0884141,0.023374234,11.583837,6.3756572,-0.37932824,9.3613781,0.85837312,0.09649284
1.4080251,-1.0881599,3.6648521,-0.08530377,3.9694042,-7.2165222,-0.015692801,11.580512,6.3373778,-0.35844814,9.3305629,1.4029332,0.07101649
1.4083311,-1.0709044,3.8744937,-0.091494802,4.0056998,-7.3084577,-0.061854712,11.552794,6.2646276,-0.33680394,9.317115,1.9144878,0.038904744
1.4086371,-1.0384265,4.0678073,-0.10396532,4.0603144,-7.3647785,-0.1150263,11.499547,6.1524724,-0.31435391,9.3353483,2.3884279,-0.0011570536
1.4089431,-0.99142694,4.2397438,-0.12096504,4.1411395,-7.3810079,-0.17313239,11.419167,5.9961226,-0.29085443,9.3846753,2.8213366,-0.046348277
1.4092492,-0.93288866,4.3864533,-0.14180994,4.2394337,-7.3570266,-0.23583996,11.308575,5.7815023,-0.26545675,9.4641509,3.2090762,-0.094971089
1.4095552,-0.86233631,4.5059586,-0.16712822,4.3441245,-7.2936633,-0.29951155,11.170632,5.5000719,-0.2368208,9.5733593,3.5499806,-0.14620098
1.4098612,-0.77898412,4.5985621,-0.19155951,4.4494059,-7.1869747,-0.36171522,11.003616,5.1599492,-0.20533669,9.7097548,3.8455356,-0.19912957
1.4101672,-0.68376034,4.6638203,-0.21715156,4.551449,-7.0447927,-0.42061964,10.806118,4.7603567,-0.17174916,9.8707603,4.0981559,-0.25115218
1.4104732,-0.57967885,4.702326,-0.24297264,4.64667,-6.8726083,-0.4728713,10.578446,4.2952901,-0.13423777,10.049598,4.31116,-0.3015417
1.4107793,-0.47000839,4.7152251,-0.26788937,4.7321153,-6.6694596,-0.5177938,10.316331,3.7569876,-0.094497097,10.241605,4.4891832,-0.34891947
1.4110853,-0.35403438,4.7021964,-0.29059721,4.8039598,-6.4359617,-0.55448599,10.035918,3.1555074,-0.046799658,10.441765,4.6377042,-0.39137007
1.4113913,-0.2347802,4.6649071,-0.31032512,4.8594847,-6.1718661,-0.58344209,9.7358476,2.4936093,0.0037469927,10.645105,4.7626581,-0.42803815
1.4116973,-0.11503621,4.6043299,-0.32691271,4.8942035,-5.8778162,-0.60427306,9.423107,1.7789083,0.057223136,10.847738,4.869439,-0.45901567
1.4120033,0.0020107396,4.5226648,-0.33997052,4.9084886,-5.5526863,-0.61664395,9.1033051,1.0233729,0.11296985,11.045794,4.9641654,-0.48375264
1.4123094,0.11359676,4.4204691,-0.35021664,4.9044216,-5.1998048,-0.62159341,8.7922529,0.23370545,0.16868594,11.236797,5.0509509,-0.50176092
1.4126154,0.21802056,4.2990349,-0.35804519,4.8821547,-4.8187763,-0.6200509,8.4962067,-0.56813848,0.22825247,11.418139,5.1337464,-0.51337777
1.4129214,0.32500666,4.1591606,-0.36344539,4.8416152,-4.4119162,-0.61452102,8.2278889,-1.3729202,0.28185616,11.58853,5.2156302,-0.51887927
1.4132275,0.42515164,4.0018326,-0.36596077,4.7790926,-3.9793063,-0.60583898,7.9986815,-2.1657705,0.32923277,11.746099,5.2974665,-0.51898784
1.4135335,0.51764337,3.8283882,-0.36515738,4.6944023,-3.5203297,-0.59420635,7.8147634,-2.9306831,0.36337678,11.890224,5.3789286,-0.514172
1.4138395,0.60106086,3.6393343,-0.36112571,4.5923646,-3.0339505,-0.57615634,7.6821275,-3.6558806,0.3900778,12.020002,5.4590038,-0.50496859
1.4141456,0.67753497,3.4365378,-0.35360912,4.4842514,-2.5250764,-0.55183865,7.5921263,-4.3290595,0.4043944,12.1345,5.5379555,-0.49192522
1.4144516,0.74443062,3.2215483,-0.34285679,4.365091,-1.9942236,-0.52816189,7.5501684,-4.9491988,0.40367077,12.232808,5.6149132,-0.47588746
1.4147577,0.80454828,2.9940103,-0.33046842,4.2383074,-1.4387352,-0.50329114,7.5559484,-5.4957629,0.38831948,12.314516,5.6795382,-0.45743833
1.4150637,0.86064545,2.7535588,-0.31964476,4.0908022,-0.86734822,-0.48213247,7.6045577,-5.9649736,0.35776976,12.379147,5.7365505,-0.43674707
1.4153698,0.90971455,2.5013519,-0.30810033,3.937369,-0.26254019,-0.4510469,7.6723224,-6.3545731,0.31489046,12.424908,5.7774823,-0.41346301
1.4156758,0.9553734,2.2384401,-0.29337163,3.779715,0.34375918,-0.40752602,7.7676806,-6.6673562,0.26000116,12.449729,5.7969941,-0.38787239
1.4159819,0.99397693,1.9654141,-0.27623409,3.6236292,0.96246064,-0.35865936,7.896701,-6.8909618,0.19689337,12.453169,5.7980967,-0.35959583
1.416288,1.0344832,1.6857802,-0.25949853,3.4726692,1.586467,-0.31884936,8.047558,-7.0474676,0.1259999,12.435666,5.7808285,-0.3278668
1.4165941,1.0665065,1.401074,-0.24398333,3.3269169,2.2008272,-0.28515636,8.2120215,-7.1519277,0.049878148,12.394243,5.7499075,-0.29272102
1.4169001,1.0944192,1.1129551,-0.22909055,3.2002748,2.8088958,-0.25834749,8.3811825,-7.2123324,-0.028719591,12.327011,5.7005659,-0.25310424
1.4172062,1.1174497,0.81560164,-0.2136115,3.0891238,3.3930962,-0.22349969,8.5484063,-7.2369185,-0.10827741,12.232948,5.6010598,-0.20861581
1.4175124,1.1373174,0.51513733,-0.18965335,3.0183943,3.9520432,-0.19498346,8.7099017,-7.2414112,-0.18522487,12.110633,5.437454,-0.15751489
1.4178185,1.1545707,0.21347195,-0.16108024,2.9925146,4.4762599,-0.17825804,8.868874,-7.2319288,-0.25816879,11.961288,5.1969997,-0.10148733
1.4181246,1.1681612,-0.083425806,-0.13472306,3.0261029,4.9609679,-0.1754675,9.0234372,-7.21019,-0.32434935,11.786764,4.8719853,-0.040986492
1.4184307,1.1813946,-0.37881622,-0.11343602,3.1049575,5.4020636,-0.18801074,9.1694045,-7.1694554,-0.38213272,11.591207,4.4779548,0.02339764
1.4187369,1.1907297,-0.66312274,-0.099345572,3.2319444,5.7908131,-0.20965495,9.3021693,-7.1051558,-0.43000533,11.375466,4.0166036,0.090473635
1.4190431,1.1932171,-0.94348257,-0.084352403,3.4031037,6.1264005,-0.24234066,9.4169107,-7.0139729,-0.46704985,11.144447,3.4916147,0.15979031
1.4193492,1.1918526,-1.2177104,-0.063765738,3.6116846,6.4079149,-0.28470658,9.511208,-6.8913104,-0.49352474,10.903667,2.9101378,0.22887065
1.4196554,1.1756256,-1.4832862,-0.040384308,3.8557699,6.6362259,-0.33467853,9.5808961,-6.7375942,-0.51094156,10.665935,2.2840978,0.2970987
1.4199616,1.1466838,-1.7385994,-0.016172203,4.1255268,6.8170016,-0.39216905,9.6246712,-6.5542453,-0.52062454,10.436404,1.6232154,0.35899307
1.4202678,1.1066317,-1.9847579,0.005314538,4.4138647,6.9578275,-0.45326715,9.6420519,-6.3511361,-0.52357341,10.223536,0.93853363,0.41310748
1.420574,1.0645531,-2.2180142,0.025515644,4.7342483,7.064969,-0.51556725,9.6327174,-6.1326399,-0.52026227,10.035858,0.24211557,0.45620349
1.4208803,1.0164931,-2.4382062,0.04548243,5.0858174,7.1398688,-0.57966232,9.5969781,-5.8920481,-0.51228425,9.8770577,-0.45635257,0.48700493
1.4211865,0.96241573,-2.6431157,0.065894327,5.4615208,7.1882706,-0.64449482,9.534952,-5.6266795,-0.50069559,9.7562809,-1.1467798,0.50465006
1.4214928,0.90005886,-2.8313774,0.086046656,5.8496339,7.2203022,-0.70318223,9.4486165,-5.3311,-0.48571825,9.6764603,-1.8117748,0.50601522
1.421799,0.83226566,-3.0028315,0.10474587,6.2309187,7.2338644,-0.75492433,9.3373603,-5.0017488,-0.46689226,9.6309601,-2.4444792,0.492845
1.4221053,0.75908509,-3.1560819,0.122435,6.5844652,7.2340024,-0.80092709,9.2035857,-4.630395,-0.44389385,9.6172926,-3.0379961,0.46497807
1.4224116,0.6826404,-3.2912183,0.13702727,6.9048864,7.2186305,-0.83812668,9.0494755,-4.2137117,-0.4182551,9.6356152,-3.5843558,0.42515829
1.4227179,0.60669566,-3.4065375,0.14835588,7.1904585,7.1906959,-0.86384309,8.8727786,-3.7518443,-0.38936829,9.6830698,-4.0779513,0.372655
1.4230242,0.53074764,-3.5008976,0.15589841,7.4431288,7.1459518,-0.87666546,8.6793793,-3.2449254,-0.3572463,9.7563092,-4.5136738,0.30993132
1.4233304,0.45730597,-3.5743717,0.16046481,7.6622799,7.0776883,-0.87718115,8.4729514,-2.6968631,-0.3223264,9.8565483,-4.8906239,0.23968917
1.4236367,0.38707428,-3.6250675,0.16121494,7.8487165,6.9884996,-0.8680642,8.2601631,-2.1104821,-0.28287684,9.9797112,-5.2162255,0.16391374
1.423943,0.32049033,-3.653793,0.15573249,8.0016869,6.8785923,-0.84985359,8.0486771,-1.4935069,-0.24385688,10.119058,-5.4842475,0.084531135
1.4242493,0.25779254,-3.6601189,0.14566519,8.1225736,6.7475603,-0.82313118,7.8358012,-0.8528621,-0.20586923,10.269697,-5.698285,0.004703746
1.4245556,0.19983295,-3.6436702,0.13253703,8.2106068,6.5909965,-0.7911841,7.6254315,-0.19666786,-0.16892241,10.426741,-5.8644991,-0.073495314
1.4248619,0.14672371,-3.6043146,0.11667312,8.2689648,6.4078559,-0.75580075,7.4296421,0.464733,-0.13553722,10.584748,-5.9902616,-0.14882512
1.4251682,0.097413609,-3.5417141,0.098449013,8.2993066,6.208977,-0.71909256,7.2785949,1.1229186,-0.10539689,10.738958,-6.0804865,-0.21966529
1.4254744,0.047730345,-3.4568027,0.076806452,8.3045539,5.9916452,-0.68239273,7.1602956,1.7634033,-0.0862482,10.885621,-6.144084,-0.28398929
1.4257807,-0.0011143751,-3.3501515,0.053678112,8.2835589,5.7518121,-0.6445765,7.0873317,2.3791142,-0.080650492,11.021938,-6.1860406,-0.34072768
1.426087,-0.048648974,-3.2218964,0.030379947,8.2348787,5.4852158,-0.60727642,7.0689909,2.9552425,-0.079177616,11.145899,-6.2111404,-0.38931205
1.4263933,-0.095130101,-3.0736077,0.010043662,8.1637512,5.1901668,-0.57091455,7.0855702,3.4888901,-0.089101717,11.256505,-6.22274,-0.42888416
1.4266997,-0.13967132,-2.9097664,-0.008868982,8.0683749,4.8607042,-0.53421763,7.138507,3.9710276,-0.1095518,11.353173,-6.2255289,-0.45946839
1.427006,-0.18447457,-2.7300469,-0.028044293,7.9537115,4.4934702,-0.49841106,7.2359014,4.4021353,-0.1411065,11.434727,-6.2157256,-0.48161967
1.4273123,-0.22724781,-2.5332143,-0.046555417,7.8144312,4.09029,-0.46386246,7.3715228,4.7680983,-0.18411175,11.499391,-6.1904142,-0.49645948
1.4276186,-0.27195372,-2.3213199,-0.063334309,7.6498901,3.6515177,-0.4288542,7.5505844,5.0771629,-0.23736446,11.545551,-6.1569288,-0.50433973
1.4279249,-0.31611961,-2.0943488,-0.078656143,7.4731813,3.1844769,-0.39470243,7.7682694,5.3326785,-0.29907951,11.573537,-6.116689,-0.50570709
1.4282313,-0.36390699,-1.8547948,-0.090207397,7.2786871,2.6875751,-0.3596265,8.0198034,5.5384841,-0.36557644,11.582785,-6.0602727,-0.50149226
1.4285376,-0.40991228,-1.6041119,-0.099863147,7.0659599,2.159854,-0.32404203,8.3108424,5.7004028,-0.43429645,11.571942,-5.9847395,-0.49298654
1.428844,-0.45580093,-1.3426391,-0.10833142,6.8354478,1.6009398,-0.29454228,8.6249936,5.8251122,-0.50081554,11.538909,-5.8852785,-0.48017025
1.4291503,-0.50278275,-1.0743905,-0.1166487,6.5908246,1.0135015,-0.25594134,8.9421369,5.9215607,-0.56361696,11.48327,-5.7530759,-0.46259984
1.4294567,-0.55718939,-0.79529595,-0.12686787,6.3268381,0.40787841,-0.21455353,9.2528772,5.9972613,-0.61828997,11.404073,-5.5823247,-0.44025636
1.429763,-0.61516485,-0.50639627,-0.12800093,6.0464592,-0.21347851,-0.17051313,9.5514452,6.0576683,-0.66785318,11.300697,-5.370429,-0.41448397
1.4300694,-0.6758736,-0.21358805,-0.11786478,5.7519795,-0.85036561,-0.12157673,9.8316112,6.1084842,-0.71119903,11.17507,-5.1191353,-0.38579552
1.4303758,-0.73801854,0.077004031,-0.10853052,5.4481672,-1.495408,-0.081021464,10.090148,6.1541629,-0.74356878,11.029397,-4.8250721,-0.35416743
1.4306822,-0.80146085,0.37190884,-0.10235346,5.1452705,-2.1465213,-0.041092362,10.325502,6.1982038,-0.76453,10.86593,-4.4830688,-0.31964081
1.4309886,-0.863728,0.66596044,-0.095358276,4.8612692,-2.7809624,-0.005691046,10.537823,6.241548,-0.77415834,10.688562,-4.0887351,-0.28352878
1.431295,-0.9277543,0.95722734,-0.089521752,4.6083774,-3.3986238,0.022782693,10.726695,6.2847845,-0.77328455,10.498102,-3.6449546,-0.2460376
1.4316015,-0.99237741,1.2508136,-0.074959387,4.3876009,-3.9945558,0.047766262,10.892361,6.325893,-0.76271128,10.300612,-3.1568224,-0.20781788
1.4319079,-1.06382,1.5405672,-0.054667372,4.1998401,-4.559059,0.064391163,11.035425,6.365994,-0.74464655,10.103428,-2.6291911,-0.17113385
1.4322143,-1.1339163,1.8254963,-0.035555726,4.0341807,-5.0856397,0.073189879,11.157272,6.3992913,-0.72065275,9.9156256,-2.0702194,-0.13585345
1.4325208,-1.2009555,2.1042259,-0.016451035,3.901364,-5.5637849,0.071336382,11.257903,6.4221826,-0.69261022,9.7334834,-1.4891615,-0.10612133
1.4328273,-1.2535077,2.3731473,0.0006207122,3.7947803,-5.9875955,0.058852613,11.338318,6.4344382,-0.66263258,9.5638968,-0.89552072,-0.083823828
1.4331338,-1.2969799,2.6313839,0.015907588,3.7169342,-6.3510916,0.038916756,11.398628,6.4359272,-0.6320105,9.4319964,-0.29749043,-0.071055572
1.4334403,-1.3351968,2.8751198,0.030745915,3.6750235,-6.6434612,0.010887973,11.439667,6.4239554,-0.60155895,9.3281875,0.29763591,-0.068072884
1.4337468,-1.3631259,3.1044832,0.041090127,3.6569359,-6.8645829,-0.023362101,11.460438,6.3995139,-0.57130727,9.2555457,0.87554405,-0.07213241
1.4340533,-1.3835468,3.3174925,0.04648555,3.6570571,-7.0252787,-0.065237158,11.459314,6.3538939,-0.5416552,9.2225415,1.4275251,-0.089383661
1.4343598,-1.3908486,3.5116953,0.047307544,3.6712714,-7.1379178,-0.11454592,11.434716,6.272088,-0.5123493,9.214847,1.9477606,-0.11690159
1.4346664,-1.3855355,3.6840201,0.042613013,3.6975153,-7.2061873,-0.17134017,11.385373,6.1492097,-0.4827357,9.2297403,2.4303668,-0.15411727
1.4349729,-1.3665048,3.8379794,0.033188145,3.7457354,-7.2274424,-0.23596002,11.309786,5.9828706,-0.45261006,9.276718,2.8707316,-0.1982791
1.4352795,-1.3364855,3.9739028,0.019444226,3.8184722,-7.2069262,-0.30553666,11.205977,5.7607398,-0.4210963,9.3559387,3.2647069,-0.24921422
1.4355861,-1.2941886,4.0874977,-0.00018579524,3.9064343,-7.1490081,-0.37475336,11.075696,5.4791721,-0.38866314,9.4647387,3.6115247,-0.30460119
1.4358927,-1.2418938,4.1778022,-0.023452431,4.0019684,-7.0551512,-0.44348106,10.917637,5.1443078,-0.35529952,9.6019353,3.9115947,-0.36207383
1.4361993,-1.1774891,4.2451837,-0.052314042,4.0998808,-6.9269044,-0.5113369,10.729589,4.7530095,-0.31959477,9.7634637,4.1674472,-0.42013019
1.4365059,-1.1027431,4.2879143,-0.086191747,4.1931386,-6.7693784,-0.57611662,10.512704,4.2985423,-0.28190477,9.9440644,4.3819592,-0.47661244
1.4368125,-1.0203911,4.3092111,-0.12417659,4.2793037,-6.5820599,-0.63396548,10.263141,3.7769737,-0.23873459,10.13881,4.5602104,-0.52859368
1.4371191,-0.92960412,4.3079203,-0.16083248,4.3543447,-6.3639755,-0.68477477,9.9922445,3.1933542,-0.190646,10.342056,4.7075776,-0.57559753
1.4374257,-0.83358868,4.2851379,-0.19871776,4.415546,-6.1148599,-0.72689202,9.7009898,2.5514539,-0.13716286,10.548829,4.8304304,-0.61519385
1.4377323,-0.73353703,4.2407468,-0.23618807,4.4594555,-5.835235,-0.75753935,9.3940883,1.8600619,-0.082252843,10.754708,4.9337848,-0.6470997
1.4380389,-0.63176752,4.1763095,-0.27262527,4.4858195,-5.5263162,-0.78530366,9.0794158,1.1236655,-0.03081312,10.9564,5.0237972,-0.67405325
1.4383456,-0.53012034,4.0940847,-0.30703109,4.4949675,-5.1890539,-0.80616009,8.7670516,0.35336108,0.027358141,11.150702,5.1055122,-0.69373773
1.4386522,-0.42937555,3.9918818,-0.33997152,4.4866027,-4.8245388,-0.81980001,8.4638096,-0.43061082,0.08608942,11.335486,5.1824909,-0.70602403
1.4389588,-0.3312698,3.8722203,-0.37004286,4.4596032,-4.435499,-0.82987214,8.1784203,-1.223438,0.14941891,11.508718,5.2575042,-0.71132551
1.4392654,-0.23638127,3.7357754,-0.39733385,4.4147106,-4.0198166,-0.83533311,7.9245775,-2.0087588,0.19772669,11.669097,5.3326075,-0.710509
1.4395721,-0.14556977,3.5828883,-0.42060279,4.3485831,-3.5797938,-0.83437211,7.7109496,-2.7687634,0.23683133,11.815649,5.4077916,-0.70438866
1.4398787,-0.058029433,3.4158497,-0.43988082,4.2648431,-3.1122482,-0.82699191,7.5468086,-3.4952659,0.26434969,11.947679,5.4819981,-0.69322121
1.4401854,0.017342862,3.2349225,-0.4572348,4.1764567,-2.6242529,-0.81140622,7.4214764,-4.1727584,0.28067182,12.064659,5.5545237,-0.67828458
1.440492,0.090223067,3.041259,-0.47111137,4.0711165,-2.1152827,-0.79460591,7.3483479,-4.795079,0.28291167,12.166005,5.6262798,-0.66046604
1.4407987,0.15709126,2.835615,-0.48161489,3.9618953,-1.5829083,-0.77936235,7.3207665,-5.3560335,0.26809842,12.251352,5.6884617,-0.64093148
1.4411053,0.21879724,2.6177775,-0.48915781,3.830343,-1.0349944,-0.7621772,7.3398327,-5.8477354,0.2363213,12.320002,5.7420145,-0.61976213
1.441412,0.27387428,2.3887734,-0.49318131,3.691827,-0.45305229,-0.73345069,7.3996154,-6.2609316,0.19172005,12.370293,5.7824261,-0.59697965
1.4417187,0.32615094,2.1499648,-0.49327605,3.5462429,0.13000174,-0.69243311,7.4784553,-6.592992,0.13547794,12.400675,5.80328,-0.572453
1.4420254,0.37309497,1.9012737,-0.49270395,3.3967941,0.72697871,-0.64116865,7.5949442,-6.8414979,0.067844622,12.410541,5.8066116,-0.54571007
1.4423321,0.41957363,1.6477622,-0.4905531,3.2504976,1.330599,-0.60059275,7.7418979,-7.0202151,-0.0081956947,12.399206,5.7938262,-0.51689641
1.4426388,0.45960838,1.3888576,-0.4857421,3.110273,1.9312354,-0.55435846,7.9102063,-7.1421858,-0.089887505,12.364558,5.7658203,-0.48478465
1.4429455,0.49660937,1.1262399,-0.47979187,2.9769599,2.5260892,-0.50615956,8.0905705,-7.2167253,-0.17409811,12.304382,5.7203693,-0.44934553
1.4432522,0.53031702,0.85548229,-0.47361568,2.8535486,3.1065912,-0.45639621,8.2745343,-7.2526736,-0.25918662,12.217088,5.6254568,-0.40847552
1.4435589,0.56304808,0.58105286,-0.45575156,2.7540694,3.6657819,-0.40041959,8.4534856,-7.2662938,-0.34468811,12.101395,5.4714778,-0.36133352
1.4438656,0.59518644,0.30552851,-0.4385587,2.6952733,4.1930897,-0.35588627,8.6225252,-7.2642485,-0.42723651,11.957851,5.2444822,-0.30877602
1.4441724,0.62701348,0.032066993,-0.41863504,2.6930962,4.6873812,-0.32017246,8.7843375,-7.2482552,-0.50388328,11.787958,4.9359346,-0.2516036
1.4444791,0.66000089,-0.23677185,-0.39867407,2.7385747,5.1389669,-0.29703858,8.9352886,-7.2106579,-0.57237495,11.594723,4.554956,-0.18921126
1.4447859,0.69071447,-0.49571748,-0.38461046,2.8305119,5.5412904,-0.29000664,9.0724417,-7.149629,-0.63123048,11.378605,4.1075758,-0.12208254
1.4450927,0.71732767,-0.74974836,-0.36483516,2.9692974,5.8948632,-0.29598107,9.1920185,-7.0593912,-0.67892631,11.144158,3.5936354,-0.051070843
1.4453995,0.74096331,-0.99807122,-0.33740978,3.1530599,6.1973494,-0.31775696,9.2908266,-6.9373107,-0.71530489,10.898285,3.0210168,0.023234638
1.4457063,0.75380235,-1.2390343,-0.30547228,3.3756958,6.4500977,-0.35170509,9.3654846,-6.7842551,-0.74105707,10.649439,2.3994785,0.099061192
1.4460131,0.7527244,-1.4698719,-0.27180635,3.6310587,6.6544901,-0.39586635,9.4152241,-6.6049073,-0.7571271,10.404237,1.7380188,0.17162774
1.4463199,0.74008038,-1.6935367,-0.23858411,3.9099191,6.8159422,-0.44836027,9.4397828,-6.4042722,-0.76520116,10.172703,1.0504841,0.23735823
1.4466268,0.72656861,-1.9033901,-0.20511309,4.2051988,6.9390987,-0.50826257,9.4390916,-6.189534,-0.76620622,9.9660306,0.34640559,0.29137985
1.4469336,0.70625983,-2.1010418,-0.16870311,4.5241235,7.0299631,-0.57365988,9.4126888,-5.9540787,-0.76264982,9.7911687,-0.36095432,0.33593062
1.4472405,0.68029641,-2.2841525,-0.13112216,4.8696005,7.0909412,-0.64465843,9.3616394,-5.694852,-0.75548763,9.653571,-1.0617476,0.36672986
1.4475473,0.64464702,-2.4521361,-0.093019624,5.2354374,7.131505,-0.71719296,9.2864952,-5.4065888,-0.74532804,9.5581451,-1.739758,0.38053636
1.4478542,0.60207494,-2.6054494,-0.054849475,5.6127,7.1550717,-0.78673957,9.1876109,-5.0863287,-0.73266911,9.5002809,-2.3871676,0.37743066
1.4481611,0.55220067,-2.7422979,-0.018202224,5.981058,7.1661822,-0.85068969,9.0674244,-4.7262334,-0.71684801,9.4753166,-2.995825,0.35730807
1.448468,0.49498929,-2.8620034,0.015689427,6.3220117,7.1615847,-0.9055332,8.9251893,-4.3226311,-0.69934908,9.4826575,-3.5580855,0.32289292
1.4487749,0.43299916,-2.964136,0.047721955,6.6310857,7.1417421,-0.95318584,8.7629857,-3.8761294,-0.6795177,9.5206497,-4.067672,0.27490003
1.4490819,0.36598412,-3.0477311,0.075842792,6.9086405,7.1035652,-0.99313027,8.5835772,-3.3876292,-0.65801344,9.5839203,-4.5198462,0.21389836
1.4493888,0.29615946,-3.1115489,0.1014637,7.15296,7.0384319,-1.0208729,8.3886259,-2.8570866,-0.63435755,9.6767046,-4.9129305,0.1426462
1.4496957,0.22702246,-3.1574983,0.12460303,7.3631149,6.9481475,-1.0351955,8.1878172,-2.2895007,-0.60618058,9.7941252,-5.2523738,0.065065009
1.4500026,0.15941027,-3.1826722,0.14388179,7.5402493,6.8364269,-1.0386339,7.9847768,-1.6891993,-0.57922013,9.9304119,-5.5351984,-0.016719902
1.4503096,0.09112913,-3.1888846,0.16016765,7.684484,6.7036525,-1.0311236,7.7732368,-1.0662627,-0.55048967,10.080407,-5.7610476,-0.10098013
1.4506165,0.025531714,-3.1759061,0.17170527,7.7949047,6.5513987,-1.014459,7.5693082,-0.42220478,-0.52269292,10.239056,-5.9370226,-0.18637933
1.4509234,-0.03847236,-3.1423407,0.17845859,7.8754181,6.3770109,-0.99180877,7.3677164,0.23139629,-0.49389205,10.40063,-6.069962,-0.26960564
1.4512304,-0.098286397,-3.0895546,0.18001416,7.927769,6.1869255,-0.9650433,7.1850192,0.88423222,-0.46446621,10.560381,-6.1640856,-0.34762674
1.4515373,-0.15469425,-3.0177198,0.17678479,7.9532466,5.9779162,-0.93648408,7.0442855,1.5310413,-0.44210823,10.714517,-6.2304739,-0.41977121
1.4518443,-0.20804367,-2.927059,0.17117599,7.952311,5.7480163,-0.90516073,6.9370074,2.1518363,-0.42505589,10.859064,-6.2747087,-0.48517412
1.4521512,-0.2585374,-2.8182724,0.16370318,7.9239654,5.4918757,-0.87314978,6.8789034,2.7447626,-0.41753623,10.992344,-6.3005508,-0.54259755
1.4524582,-0.30794307,-2.6915455,0.15403373,7.8704125,5.2069511,-0.84044826,6.8734046,3.2980874,-0.40893246,11.113511,-6.310949,-0.59124295
1.4527651,-0.35619857,-2.5484825,0.14226603,7.795621,4.889442,-0.80510668,6.8972141,3.8063635,-0.40717435,11.221163,-6.312376,-0.63067962
1.4530721,-0.4032399,-2.3902195,0.12927958,7.6991246,4.5361895,-0.76928021,6.965738,4.2616041,-0.4149234,11.313914,-6.3021824,-0.66103452
1.4533791,-0.44891131,-2.2165412,0.11565375,7.5819025,4.1499967,-0.73531198,7.0768959,4.6692569,-0.43222754,11.390139,-6.2765009,-0.68296264
1.453686,-0.49471589,-2.0289223,0.10152082,7.4448115,3.7329841,-0.69975448,7.2291026,5.0113276,-0.45894943,11.448526,-6.2401349,-0.69696439
1.453993,-0.54060375,-1.8291425,0.087528557,7.282791,3.2864573,-0.66613459,7.4258164,5.2969495,-0.49428826,11.488898,-6.1983426,-0.70388437
1.4543,-0.58566173,-1.6185458,0.076407982,7.1148889,2.8176519,-0.63174142,7.6615737,5.5307356,-0.53832329,11.51082,-6.1362367,-0.7049176
1.454607,-0.63075285,-1.3979486,0.066932142,6.929742,2.3234633,-0.59571673,7.9322797,5.7163353,-0.58812985,11.513128,-6.055087,-0.70124237
1.454914,-0.67189894,-1.1697608,0.057105194,6.7284722,1.7992354,-0.57066213,8.2400744,5.8634845,-0.64307701,11.493648,-5.9544077,-0.69366309
1.455221,-0.71263773,-0.93215655,0.048462895,6.5117459,1.2575257,-0.53405028,8.5593398,5.978277,-0.69939393,11.451141,-5.8226626,-0.6820885
1.455528,-0.76077554,-0.68717534,0.039648284,6.2815691,0.69099094,-0.49711951,8.8772316,6.0669031,-0.75510297,11.385888,-5.6584518,-0.6663513
1.455835,-0.81024546,-0.43407538,0.038373768,6.0355661,0.11790588,-0.4586409,9.1872444,6.1375508,-0.80548022,11.297013,-5.457956,-0.64776266
1.456142,-0.86164164,-0.17317381,0.043442542,5.7752645,-0.46877563,-0.4157959,9.4831677,6.1940057,-0.85278391,11.184871,-5.2217304,-0.62748656
1.4564491,-0.91401344,0.08220675,0.051693216,5.4993361,-1.0658902,-0.37062538,9.7589048,6.2417755,-0.89181059,11.051714,-4.9445015,-0.60548748
1.4567561,-0.96857523,0.34090631,0.060227498,5.2117398,-1.6641565,-0.32854662,10.011858,6.2848585,-0.92119362,10.899038,-4.6220363,-0.5814536
1.4570632,-1.0227299,0.59660126,0.065869991,4.9256166,-2.2638302,-0.28335155,10.240728,6.3253513,-0.94059073,10.729901,-4.2493828,-0.55631207
1.4573702,-1.0776719,0.84888554,0.071960368,4.6388692,-2.849182,-0.23765866,10.445898,6.364351,-0.94904574,10.546615,-3.8255292,-0.53038837
1.4576773,-1.1316478,1.1043435,0.084400413,4.3782106,-3.4182011,-0.19353244,10.626534,6.4014843,-0.94690074,10.35415,-3.355542,-0.5034299
1.4579844,-1.19387,1.3540443,0.10300782,4.1470189,-3.9650829,-0.14967903,10.783073,6.4340386,-0.93538452,10.156292,-2.8443375,-0.47701186
1.4582915,-1.2570578,1.6003307,0.12219341,3.9469396,-4.4811346,-0.11165693,10.916536,6.4621516,-0.91570419,9.9618172,-2.2975377,-0.45064932
1.4585986,-1.3231368,1.8408812,0.13995086,3.7702426,-4.9626495,-0.080123447,11.027673,6.4815015,-0.88989633,9.7803376,-1.724591,-0.42789407
1.4589057,-1.3795815,2.0733672,0.1565796,3.6159015,-5.4012175,-0.059145669,11.117639,6.491374,-0.8601793,9.5991201,-1.1360101,-0.41074414
1.4592128,-1.4287843,2.2963742,0.17047386,3.4878845,-5.7895931,-0.048341343,11.187855,6.4914598,-0.82773336,9.4325093,-0.53905115,-0.40011063
1.45952,-1.473845,2.5080464,0.18217172,3.386866,-6.1293793,-0.046549795,11.238459,6.4823003,-0.79408916,9.3091397,0.056929098,-0.39648228
1.4598271,-1.5139597,2.7084837,0.18983382,3.3217532,-6.4032565,-0.055540827,11.269418,6.4615816,-0.76085896,9.2125888,0.64254664,-0.40084446
1.4601343,-1.5503415,2.8947386,0.19336781,3.2908135,-6.6155577,-0.075053745,11.279142,6.4209759,-0.72825168,9.1502249,1.2071568,-0.4116797
1.4604415,-1.5799285,3.0667713,0.19371753,3.2742467,-6.7722371,-0.10285032,11.267516,6.3455283,-0.69592909,9.1273901,1.7421511,-0.43225425
1.4607486,-1.5986104,3.2235253,0.18925404,3.2698106,-6.8779468,-0.13962004,11.233038,6.2281083,-0.66384951,9.1286758,2.2452345,-0.45925733
1.4610558,-1.6070232,3.3639342,0.17990107,3.275441,-6.939339,-0.18474859,11.174201,6.068538,-0.63270129,9.1527994,2.7088012,-0.4912314
1.461363,-1.6062788,3.4851651,0.16582451,3.295964,-6.9563612,-0.23784365,11.091005,5.8571174,-0.60259009,9.2082983,3.1286139,-0.52799882
1.4616702,-1.5951122,3.5893094,0.14584614,3.3423128,-6.9340154,-0.29803271,10.98089,5.5902914,-0.57394036,9.2982006,3.5018649,-0.56647862
1.4619775,-1.5748548,3.6757362,0.11948146,3.4068738,-6.8729408,-0.36504431,10.848495,5.2776367,-0.54668255,9.4182072,3.8287417,-0.60722694
1.4622847,-1.5437312,3.7422958,0.088761307,3.4827461,-6.7802487,-0.43416544,10.68896,4.9135125,-0.51952798,9.566473,4.1099461,-0.64647704
1.462592,-1.5029588,3.7892011,0.054150506,3.5627763,-6.6553371,-0.5053009,10.500905,4.4929003,-0.49257183,9.7383564,4.3481503,-0.68362456
1.4628992,-1.4537845,3.816137,0.01421076,3.6408993,-6.4968819,-0.57650502,10.285254,4.012728,-0.46282129,9.9291116,4.5476293,-0.71795726
1.4632065,-1.3961881,3.8232988,-0.028941635,3.7119193,-6.3044839,-0.64464606,10.036756,3.4714621,-0.42992351,10.133155,4.7125621,-0.74869892
1.4635138,-1.3312501,3.8119195,-0.075189794,3.7734711,-6.0796023,-0.70717,9.7752907,2.8780313,-0.39525053,10.344102,4.8488429,-0.77493436
1.4638211,-1.2608903,3.781957,-0.12352893,3.8237552,-5.823683,-0.76211611,9.4936478,2.2336705,-0.35669264,10.556666,4.9623508,-0.79943503
1.4641284,-1.1856965,3.7335847,-0.1726967,3.8611126,-5.539343,-0.80659827,9.2011606,1.5428713,-0.32188095,10.76706,5.0592449,-0.82100029
1.4644357,-1.1067256,3.6682163,-0.22197988,3.8827682,-5.2260069,-0.84183767,8.8973354,0.81913083,-0.28271828,10.97157,5.1444383,-0.83736051
1.4647429,-1.0256708,3.5855395,-0.27199958,3.8917307,-4.8871573,-0.86918811,8.594885,0.068380134,-0.24163154,11.166677,5.2226749,-0.84793595
1.4650502,-0.94378181,3.484813,-0.32274989,3.882454,-4.522999,-0.89428973,8.3002735,-0.69482684,-0.1994712,11.350431,5.2966188,-0.85315897
1.4653575,-0.8605181,3.369314,-0.36906771,3.8589349,-4.1331001,-0.91588592,8.0214667,-1.4619298,-0.15681478,11.521056,5.3692574,-0.85310988
1.4656648,-0.77842378,3.2384091,-0.41298708,3.8149085,-3.7201229,-0.93179538,7.7727034,-2.219936,-0.125913,11.677517,5.4412518,-0.84817952
1.4659721,-0.6988018,3.0942162,-0.45398012,3.7521127,-3.2803171,-0.94003846,7.5595541,-2.9535534,-0.096628038,11.819438,5.5121994,-0.83869877
1.4662795,-0.62258715,2.9368528,-0.491718,3.6863861,-2.8229463,-0.94278357,7.3823006,-3.6527978,-0.075241492,11.945946,5.5812637,-0.82566162
1.4665868,-0.55039542,2.7659534,-0.52583686,3.6057847,-2.343805,-0.93763465,7.243353,-4.3047296,-0.057895551,12.056925,5.6491044,-0.81005164
1.4668941,-0.48087965,2.5831304,-0.55623259,3.5157708,-1.8447399,-0.93366351,7.1465275,-4.9063235,-0.048861615,12.152768,5.7141664,-0.79241011
1.4672014,-0.41422503,2.3889182,-0.58308316,3.4174343,-1.3273652,-0.92442487,7.1001985,-5.4475364,-0.051025292,12.232453,5.7672818,-0.77342066
1.4675087,-0.34922188,2.1841742,-0.6043082,3.2992106,-0.78575422,-0.89978411,7.0980257,-5.9225024,-0.062784462,12.294977,5.8106006,-0.75320701
1.4678161,-0.29308441,1.9712391,-0.6223649,3.1749387,-0.22446011,-0.86688273,7.138766,-6.3177098,-0.086119263,12.339499,5.8405169,-0.73215544
1.4681234,-0.2418323,1.749621,-0.63662928,3.0416772,0.33735725,-0.81706467,7.2035886,-6.6340397,-0.1197527,12.364805,5.8527362,-0.70969854
1.4684308,-0.19644102,1.523158,-0.64817587,2.9050831,0.91069228,-0.76465836,7.3061626,-6.8728831,-0.16399894,12.370931,5.8508182,-0.68579108
1.4687381,-0.15184597,1.2917561,-0.65690076,2.7706133,1.493535,-0.71051759,7.4416039,-7.0456886,-0.21698352,12.356244,5.8322174,-0.66068065
1.4690455,-0.10839548,1.055765,-0.66133505,2.6404993,2.0679513,-0.64294187,7.6007497,-7.1616308,-0.27718294,12.317599,5.8011025,-0.63350813
1.4693529,-0.065596145,0.81526373,-0.66415948,2.5197321,2.6402963,-0.56780738,7.7742229,-7.2293134,-0.34400579,12.253419,5.7356004,-0.60275987
1.4696603,-0.022666978,0.57031977,-0.65751849,2.3982502,3.1976162,-0.48855943,7.9546215,-7.2643696,-0.41524207,12.16194,5.6117648,-0.56729181
1.4699676,0.021362674,0.32364207,-0.64886678,2.3006489,3.7323233,-0.40481268,8.1339736,-7.2791948,-0.4886538,12.041756,5.4255179,-0.52803432
1.470275,0.067979444,0.077861375,-0.6383328,2.2374067,4.2400185,-0.33219629,8.304941,-7.2775142,-0.56295044,11.895288,5.1651848,-0.48510984
1.4705824,0.11589999,-0.15952384,-0.62314904,2.2359957,4.7100605,-0.26876665,8.4625534,-7.2559745,-0.63339975,11.723714,4.8249983,-0.43938018
1.4708899,0.16631752,-0.38976204,-0.61022637,2.2813527,5.1415684,-0.22285005,8.6097168,-7.2087846,-0.69900514,11.528936,4.4197572,-0.39028931
1.4711973,0.21348637,-0.61621715,-0.58969982,2.3717133,5.5277528,-0.19744872,8.7431165,-7.1342694,-0.75904856,11.310384,3.948364,-0.33722676
1.4715047,0.25826219,-0.83685146,-0.56135245,2.5120649,5.8644245,-0.19237825,8.8578097,-7.0274788,-0.81078483,11.074685,3.4129641,-0.28136256
1.4718122,0.29742641,-1.0519531,-0.52835282,2.6954383,6.1538677,-0.20912595,8.9508282,-6.888682,-0.85515947,10.826572,2.8212605,-0.22248333
1.4721196,0.3253759,-1.2574716,-0.49170928,2.9221693,6.3952201,-0.24479292,9.0192525,-6.7215789,-0.89069781,10.576891,2.1844849,-0.16324053
1.4724271,0.34154762,-1.4560924,-0.44915257,3.1832185,6.5922701,-0.29529026,9.0627875,-6.5297206,-0.91804815,10.329664,1.5100791,-0.1058898
1.4727346,0.35541861,-1.6415034,-0.40205622,3.4680814,6.7474197,-0.3599119,9.0822815,-6.3241477,-0.93797941,10.096261,0.81227167,-0.056785692
1.4730421,0.36354976,-1.8159354,-0.35301847,3.7709601,6.8627354,-0.43443507,9.0768064,-6.1006183,-0.95158582,9.8867737,0.10196305,-0.014477259
1.4733496,0.36633806,-1.9781349,-0.30306845,4.0822103,6.9440418,-0.51749119,9.0481347,-5.8546664,-0.96087535,9.7097353,-0.60891911,0.017891556
1.4736571,0.3608438,-2.1264655,-0.25198182,4.4091628,7.0019551,-0.60314627,8.9953251,-5.5831331,-0.96661971,9.5692054,-1.310431,0.037192254
1.4739646,0.34589111,-2.2607979,-0.20129514,4.7562358,7.0396048,-0.69166857,8.9190552,-5.2813866,-0.96874603,9.4700594,-1.9864401,0.042778323
1.4742722,0.32259586,-2.3796234,-0.15045047,5.1158355,7.0608365,-0.78024822,8.8218895,-4.9441125,-0.96821094,9.4116959,-2.6297334,0.03377762
1.4745797,0.29095208,-2.4835349,-0.10096472,5.4803543,7.0656437,-0.86141731,8.7027976,-4.5658163,-0.96530474,9.3861314,-3.233065,0.015111864
1.4748873,0.25247385,-2.5699905,-0.053246897,5.8196717,7.0553162,-0.93592535,8.5666599,-4.1454805,-0.96082132,9.3891949,-3.7872305,-0.015225276
1.4751948,0.20731338,-2.6404203,-0.0087892069,6.1302042,7.0287668,-1.0005803,8.4104777,-3.6856871,-0.95489532,9.4242152,-4.2874942,-0.054506411
1.4755024,0.15682919,-2.6931872,0.032923916,6.4106954,6.9731025,-1.0536238,8.2377584,-3.1855415,-0.94581119,9.4835477,-4.7305367,-0.10175207
1.47581,0.10059978,-2.7297598,0.071937373,6.656895,6.8899396,-1.0983054,8.0564494,-2.6483661,-0.93270043,9.5693694,-5.1187475,-0.15532992
1.4761176,0.03979001,-2.7481931,0.10722667,6.8697759,6.7840652,-1.1313262,7.865292,-2.0781339,-0.91744694,9.6801813,-5.4508898,-0.21218828
1.4764252,-0.024834105,-2.7496497,0.13901114,7.049621,6.6584841,-1.1497796,7.6732777,-1.4770513,-0.89980639,9.8115933,-5.7288998,-0.27116306
1.4767328,-0.091802995,-2.7342461,0.16730152,7.1964171,6.5164695,-1.1573224,7.4718734,-0.85528265,-0.87994547,9.9586477,-5.9505835,-0.33136804
1.4770404,-0.15863069,-2.7025543,0.19046723,7.3118281,6.3513256,-1.1559134,7.2771733,-0.21364576,-0.85370042,10.115,-6.1215665,-0.39330269
1.477348,-0.22484953,-2.6550394,0.20943563,7.3985463,6.1706646,-1.1461882,7.0849982,0.43280553,-0.81934476,10.274964,-6.2465276,-0.45516637
1.4776556,-0.28849119,-2.5912654,0.22436395,7.4577947,5.9723907,-1.1302073,6.9047739,1.0778283,-0.78853742,10.433579,-6.3322175,-0.51691645
1.4779632,-0.34960818,-2.5122921,0.23516058,7.4886384,5.7544458,-1.1101468,6.7665,1.7126002,-0.75752555,10.586855,-6.3895605,-0.57664842
1.4782708,-0.41061342,-2.4181856,0.24144446,7.4928634,5.5123947,-1.0857194,6.6606131,2.3250356,-0.72688733,10.731256,-6.4249616,-0.63301898
1.4785784,-0.46923559,-2.3095322,0.24332374,7.4688022,5.2408905,-1.0577589,6.599122,2.9114555,-0.7009454,10.86487,-6.4430479,-0.68463707
1.478886,-0.52531163,-2.1866277,0.24123917,7.4246715,4.9386555,-1.0260906,6.59054,3.4596535,-0.67131996,10.985837,-6.4514467,-0.73063088
1.4791936,-0.57817214,-2.0499297,0.23608297,7.3577265,4.6051085,-0.99275086,6.6132446,3.9649795,-0.64642269,11.093215,-6.4481997,-0.77004925
1.4795013,-0.62902808,-1.9005015,0.22946526,7.2695045,4.2400057,-0.95901066,6.6837008,4.4183185,-0.63013293,11.185611,-6.4310718,-0.80266602
1.4798089,-0.67759251,-1.7386878,0.22216912,7.1633456,3.8496315,-0.92201819,6.8012181,4.8241163,-0.62315263,11.261123,-6.4014955,-0.82885193
1.4801165,-0.72500159,-1.5661144,0.21490986,7.0341809,3.4323442,-0.8839776,6.9607516,5.1791033,-0.62578253,11.31918,-6.3593962,-0.84817729
1.4804241,-0.77088566,-1.3836091,0.20690752,6.8934261,2.9940052,-0.84402437,7.1673339,5.4693968,-0.64073545,11.359327,-6.2916496,-0.86150695
1.4807318,-0.81519812,-1.1919273,0.1998133,6.7416257,2.5379444,-0.80397007,7.4138405,5.7026271,-0.66732047,11.380926,-6.2044842,-0.87004728
1.4810394,-0.86088271,-0.99167638,0.19118584,6.5725746,2.0545805,-0.76287059,7.6945511,5.886167,-0.70454293,11.38213,-6.1016935,-0.87482886
1.4813471,-0.90179588,-0.78385026,0.18367732,6.3900355,1.5575621,-0.72137123,8.0089469,6.0289212,-0.75157731,11.361197,-5.9745094,-0.8762397
1.4816547,-0.94663393,-0.5692111,0.17750119,6.1936082,1.0450752,-0.67667036,8.3381105,6.1410765,-0.80494244,11.317634,-5.8161018,-0.87430176
1.4819624,-0.99159778,-0.34906645,0.17609169,5.9840352,0.51904337,-0.62849527,8.6666972,6.2271247,-0.86179983,11.25166,-5.6333909,-0.86989472
1.4822701,-1.0368111,-0.1245632,0.17891959,5.7590968,-0.0095235065,-0.57767071,8.9862209,6.2939162,-0.91896884,11.162573,-5.4190246,-0.86440908
1.4825778,-1.0814006,0.099995653,0.18403961,5.5178178,-0.54822352,-0.51518397,9.2898995,6.3465511,-0.97156184,11.051466,-5.1684637,-0.85822075
1.4828854,-1.1261963,0.32168262,0.1864331,5.2622294,-1.0893305,-0.46042385,9.5724768,6.3912512,-1.0171238,10.919879,-4.8760429,-0.8510493
1.4831931,-1.1710657,0.54198362,0.19145663,4.9939224,-1.6300577,-0.40068125,9.8314796,6.4300134,-1.0532069,10.769302,-4.5380674,-0.8429711
1.4835008,-1.2165193,0.75802898,0.1939797,4.7184841,-2.1693773,-0.33508643,10.065141,6.465368,-1.0783675,10.603227,-4.1481107,-0.83443618
1.4838086,-1.2605537,0.97630472,0.19916822,4.430735,-2.696269,-0.26732839,10.273377,6.496256,-1.0919414,10.422716,-3.7085577,-0.82492267
1.4841163,-1.3130995,1.1899187,0.20978494,4.1584558,-3.2094674,-0.1965002,10.454845,6.5209919,-1.0941129,10.233429,-3.2237919,-0.81471636
1.484424,-1.367838,1.3997976,0.22020993,3.9037937,-3.7024018,-0.12791044,10.610301,6.5419589,-1.0852723,10.038537,-2.6989118,-0.80372207
1.4847317,-1.4269252,1.6053892,0.22843517,3.6801054,-4.1684559,-0.06686958,10.741029,6.5553582,-1.0667916,9.8460088,-2.1414459,-0.79298997
1.4850395,-1.4803935,1.8029107,0.23363738,3.48773,-4.6034872,-0.012809932,10.848484,6.560313,-1.0407042,9.6650575,-1.5588091,-0.78227904
1.4853473,-1.5298751,1.992904,0.23588295,3.3108727,-5.0009414,0.030392323,10.934734,6.5579994,-1.0090802,9.4867403,-0.96066823,-0.77412529
1.485655,-1.5792157,2.1728411,0.23690555,3.156971,-5.3589083,0.063657624,11.000124,6.5502319,-0.97428354,9.3216939,-0.35526741,-0.77042259
1.4859628,-1.6275346,2.34287,0.23771622,3.0268541,-5.6738771,0.081509392,11.045415,6.5330723,-0.93755009,9.194948,0.24894128,-0.76585808
1.4862706,-1.6747239,2.5010022,0.23676812,2.9242136,-5.9409033,0.082751644,11.070531,6.49511,-0.89951616,9.0992412,0.83865125,-0.76809491
1.4865784,-1.7198798,2.6471411,0.23426524,2.8560744,-6.1575147,0.069559255,11.074131,6.4241119,-0.86078875,9.0366813,1.4071478,-0.772205
1.4868862,-1.759387,2.7798227,0.22891364,2.8174463,-6.3181462,0.042291825,11.056618,6.313647,-0.82181903,9.0144218,1.9456096,-0.78140402
1.487194,-1.7922718,2.8988425,0.21852629,2.7889983,-6.4293679,0.0025513515,11.015694,6.1602222,-0.78377882,9.0203662,2.4487363,-0.79166256
1.4875019,-1.8194725,3.0036984,0.20376242,2.7692883,-6.4947631,-0.047198983,10.952569,5.9574131,-0.74757423,9.0464985,2.9111134,-0.80510292
1.4878097,-1.839671,3.0935258,0.18412577,2.7555144,-6.5175406,-0.10975701,10.868817,5.7049456,-0.71330925,9.1055625,3.3295103,-0.81976725
1.4881176,-1.8531584,3.1678522,0.15991675,2.755916,-6.4990226,-0.17986516,10.759963,5.411436,-0.68200517,9.2000536,3.6997071,-0.83333439
1.4884254,-1.8599072,3.2266257,0.13105502,2.7780747,-6.4465865,-0.25617517,10.629384,5.0747026,-0.65218763,9.3266413,4.0233029,-0.84831776
1.4887333,-1.8590238,3.2688755,0.098036339,2.8169862,-6.360203,-0.33587846,10.472219,4.6891419,-0.62359599,9.483113,4.3006879,-0.86371003
1.4890412,-1.8503138,3.2944741,0.059488082,2.866403,-6.2399083,-0.41575683,10.290538,4.2507655,-0.59466418,9.6646022,4.5337948,-0.87983111
1.4893491,-1.8342209,3.3034911,0.016184323,2.9200119,-6.084164,-0.49436549,10.084116,3.7612095,-0.56231994,9.8661508,4.7276316,-0.89685534
1.489657,-1.8114263,3.2961474,-0.030778619,2.9718588,-5.8940653,-0.56912386,9.8537423,3.2207692,-0.52868349,10.081375,4.8873764,-0.9139229
1.4899649,-1.782232,3.272952,-0.079915915,3.016964,-5.6708537,-0.64011916,9.6057931,2.6337719,-0.49342228,10.303216,5.0182632,-0.92947559
1.4902728,-1.7465795,3.2335326,-0.13112852,3.0548219,-5.4184333,-0.70427858,9.3378722,2.0067749,-0.4577807,10.526182,5.1264005,-0.94313179
1.4905808,-1.7049,3.177979,-0.18290051,3.0817951,-5.1375693,-0.75961912,9.0608802,1.338109,-0.42331691,10.74564,5.2183042,-0.95429709
1.4908887,-1.6574732,3.1080894,-0.23600202,3.099918,-4.8305615,-0.80665588,8.7691057,0.6399097,-0.38520368,10.957595,5.2988303,-0.9624328
1.4911967,-1.6052822,3.0226245,-0.28918065,3.1047033,-4.4984426,-0.84586951,8.4751391,-0.079898504,-0.346909,11.15829,5.3720585,-0.96724445
1.4915046,-1.5487891,2.9227858,-0.34189365,3.0960192,-4.1423427,-0.87590977,8.1849481,-0.81170259,-0.30948259,11.345617,5.4417741,-0.96838138
1.4918126,-1.4897999,2.8096583,-0.3939711,3.0743441,-3.7611977,-0.89841079,7.9063133,-1.5469588,-0.26736657,11.518468,5.5098363,-0.96555679
1.4921206,-1.4289562,2.6840514,-0.4448486,3.0306553,-3.3565134,-0.91115327,7.6476648,-2.2717432,-0.23164134,11.675843,5.576725,-0.95889744
1.4924285,-1.3669133,2.5459187,-0.49358718,2.9847324,-2.9347444,-0.91854327,7.4224317,-2.9773026,-0.19706295,11.816836,5.6417504,-0.94868236
1.4927365,-1.3033621,2.3960088,-0.53963674,2.9270053,-2.4916898,-0.91830908,7.2210022,-3.6501549,-0.16678106,11.941747,5.7043176,-0.93530348
1.4930444,-1.2391234,2.2342612,-0.58316001,2.8575895,-2.0309502,-0.91777148,7.0583001,-4.2805174,-0.14131655,12.051409,5.7663021,-0.91932629
1.4933524,-1.1743143,2.0625489,-0.62393192,2.7839267,-1.5513516,-0.91173732,6.9341267,-4.864386,-0.12258839,12.145293,5.8202432,-0.90141656
1.4936603,-1.1092842,1.8813677,-0.66067804,2.6880225,-1.0494895,-0.89043515,6.8530905,-5.3850667,-0.11343609,12.222841,5.8653578,-0.88228737
1.4939683,-1.0441847,1.6919658,-0.69435972,2.5845151,-0.52862401,-0.86143969,6.8165183,-5.8417514,-0.11610173,12.282967,5.8995633,-0.86213453
1.4942763,-0.98433649,1.4963256,-0.72453986,2.4732106,-0.0052239771,-0.8124045,6.8242643,-6.2273417,-0.13139294,12.325786,5.9181556,-0.84100359
1.4945842,-0.92696487,1.2954536,-0.7496314,2.3552728,0.5287284,-0.76123335,6.8743773,-6.5354803,-0.15896312,12.350484,5.9216995,-0.81851019
1.4948922,-0.87000506,1.0890736,-0.77045771,2.2351466,1.0744035,-0.70279855,6.9556486,-6.7724493,-0.20162699,12.356598,5.9132808,-0.79516426
1.4952002,-0.81230997,0.87739527,-0.78567299,2.1150762,1.6209554,-0.62598449,7.0721671,-6.9532853,-0.25722472,12.341759,5.8908853,-0.77091768
1.4955081,-0.75580861,0.66308923,-0.79892865,2.0036163,2.1688983,-0.53700862,7.2156527,-7.0746503,-0.32375763,12.303438,5.8456021,-0.74454136
1.4958161,-0.698942,0.44287714,-0.80457569,1.8815872,2.7075537,-0.44296485,7.3766889,-7.1456382,-0.40029738,12.239434,5.7523157,-0.71424193
1.4961241,-0.639583,0.2175702,-0.80896916,1.7680502,3.231609,-0.33237808,7.5475639,-7.1842541,-0.48399507,12.148793,5.5976843,-0.68043996
1.496432,-0.577328,-0.0007633941,-0.80835752,1.6718712,3.7356346,-0.22591004,7.7204726,-7.194999,-0.57006484,12.030888,5.3798835,-0.64423491
1.49674,-0.51146855,-0.21113426,-0.80033477,1.6155957,4.2126786,-0.12863705,7.8901999,-7.1812948,-0.65620433,11.88584,5.0855609,-0.60599844
1.497048,-0.44128265,-0.41688366,-0.78457472,1.6159704,4.6559582,-0.048098975,8.0489298,-7.1459312,-0.74048632,11.716473,4.724306,-0.56565896
1.497356,-0.36901135,-0.61937524,-0.76313286,1.6584707,5.0619355,0.0086566226,8.1918295,-7.0855082,-0.81737565,11.524345,4.2995513,-0.52268236
1.497664,-0.29319922,-0.81758258,-0.73493833,1.7502494,5.42424,0.039753966,8.3194434,-6.9925916,-0.88445402,11.307745,3.8095038,-0.4768274
1.497972,-0.22165049,-1.0096593,-0.70285596,1.886626,5.7422404,0.04363131,8.4282477,-6.867459,-0.94016219,11.074095,3.2574903,-0.4260805
1.49828,-0.16314316,-1.193665,-0.66704254,2.0640085,6.0154175,0.024436782,8.5145937,-6.709798,-0.98208716,10.829397,2.6521015,-0.37245706
1.498588,-0.11488541,-1.3690916,-0.62998709,2.2826882,6.2451608,-0.019516565,8.5765102,-6.5282966,-1.0227223,10.58136,2.0024195,-0.31826203
1.498896,-0.067644207,-1.5329427,-0.59177786,2.5338542,6.4348129,-0.086911213,8.6151045,-6.3332846,-1.0548811,10.331777,1.3176437,-0.26551279
1.499204,-0.026077019,-1.6857963,-0.55045195,2.8110984,6.5842545,-0.17297157,8.629557,-6.1200427,-1.0791814,10.092954,0.61129788,-0.21716791
1.499512,0.0089101929,-1.8276079,-0.50550908,3.1051389,6.6925019,-0.26979649,8.6207131,-5.885683,-1.09664,9.8761939,-0.10974169,-0.17290393
1.4998201,0.034228442,-1.9575163,-0.45882936,3.4091165,6.7709011,-0.37401373,8.5896988,-5.6263123,-1.1077347,9.6868868,-0.82497114,-0.13991022
1.5001281,0.050728784,-2.0748864,-0.41173475,3.7180324,6.8234356,-0.48131794,8.5354956,-5.3388041,-1.1121949,9.533789,-1.5284993,-0.1177112
1.5004361,0.058638676,-2.1788249,-0.36490288,4.0369395,6.8546774,-0.58939345,8.4595085,-5.0166731,-1.1132085,9.4220844,-2.2065709,-0.10917848
1.5007442,0.058151332,-2.269147,-0.31828377,4.3714093,6.8660898,-0.69580452,8.3629038,-4.6562013,-1.1103897,9.3540482,-2.8509202,-0.11395933
1.5010522,0.050123717,-2.3435771,-0.27233613,4.7154108,6.8605207,-0.79901647,8.2470634,-4.2574347,-1.1044717,9.3188956,-3.4519937,-0.12594618
1.5013603,0.034588964,-2.4027049,-0.22689868,5.0615629,6.8434879,-0.8863349,8.1139552,-3.8211575,-1.0961291,9.3144926,-4.0031707,-0.15011169
1.5016684,0.010908983,-2.4459728,-0.18253908,5.3874639,6.8016158,-0.96327544,7.9633962,-3.3469136,-1.0833695,9.3449637,-4.4972148,-0.18144735
1.5019765,-0.019917677,-2.4733778,-0.1394856,5.6825118,6.7336589,-1.0280771,7.8001139,-2.8353003,-1.0680093,9.4005966,-4.9360638,-0.21963585
1.5022846,-0.056843711,-2.4852142,-0.098375055,5.9449287,6.6423516,-1.0803061,7.6266087,-2.292813,-1.048049,9.4795082,-5.3187047,-0.26410994
1.5025927,-0.098642865,-2.4818505,-0.060087916,6.173869,6.5311166,-1.1198436,7.4456787,-1.7183215,-1.0234671,9.5834726,-5.6395185,-0.31343563
1.5029008,-0.14534198,-2.4631156,-0.02485975,6.3703468,6.4019257,-1.1482256,7.2559234,-1.1202991,-0.99659014,9.7091646,-5.904408,-0.36646059
1.5032089,-0.19570242,-2.4299286,0.0067096676,6.5371443,6.249495,-1.167904,7.0640879,-0.50078306,-0.95915263,9.8525124,-6.1130683,-0.42375129
1.503517,-0.24868893,-2.3819988,0.034593231,6.6737388,6.0800128,-1.1805584,6.8778602,0.13477538,-0.91574479,10.00637,-6.2689982,-0.48417802
1.5038251,-0.30367217,-2.3198734,0.059154831,6.780674,5.8932498,-1.1854385,6.6912536,0.76920899,-0.8722056,10.164929,-6.3785184,-0.54652759
1.5041333,-0.36068107,-2.2441295,0.079860455,6.8576693,5.686065,-1.1835505,6.5183274,1.4066469,-0.8214781,10.322976,-6.4497669,-0.61051185
1.5044414,-0.4181398,-2.1553439,0.096786625,6.9061179,5.4539408,-1.174356,6.3823023,2.0228373,-0.77297443,10.475927,-6.4934572,-0.6749736
1.5047496,-0.47509382,-2.0542037,0.10958743,6.923606,5.1933799,-1.1592596,6.2783939,2.6185104,-0.72366496,10.619855,-6.517411,-0.73445607
1.5050577,-0.53093277,-1.9409033,0.11957562,6.9171856,4.9035736,-1.138313,6.2195941,3.1835641,-0.67796585,10.752522,-6.5282766,-0.7903907
1.5053659,-0.58527457,-1.8162103,0.12743415,6.8880415,4.5839276,-1.1123072,6.2187778,3.7110191,-0.63623767,10.872243,-6.5278224,-0.84144571
1.5056741,-0.63813239,-1.6806491,0.1326118,6.836738,4.2360221,-1.0842808,6.2439602,4.1970374,-0.60353369,10.97743,-6.5145295,-0.88312275
1.5059823,-0.68737111,-1.5345605,0.13593536,6.764974,3.8633084,-1.0530903,6.3281471,4.6295091,-0.58240666,11.066442,-6.4900923,-0.92045022
1.5062905,-0.73378033,-1.3788965,0.13790647,6.6715378,3.4679022,-1.0168473,6.4627629,5.0159856,-0.57588261,11.13851,-6.4522649,-0.94997039
1.5065987,-0.77808176,-1.2149178,0.13779008,6.5589634,3.049602,-0.9777731,6.6416854,5.3526633,-0.58492446,11.193097,-6.389719,-0.97187681
1.5069069,-0.82080883,-1.0423501,0.13698937,6.4403995,2.6185082,-0.93574433,6.8659082,5.6366177,-0.61106257,11.229058,-6.3067527,-0.98697636
1.5072151,-0.86276666,-0.86219994,0.13625279,6.3040407,2.1642545,-0.89067409,7.1322418,5.8638769,-0.65337409,11.245331,-6.207698,-0.99646757
1.5075233,-0.90589615,-0.67423533,0.13627467,6.1532203,1.6965289,-0.85077534,7.4313254,6.0409136,-0.7093156,11.240527,-6.08072,-1.0012053
1.5078316,-0.94540939,-0.48204552,0.13681469,5.9874467,1.2186392,-0.79937555,7.7596415,6.1766463,-0.77735624,11.213638,-5.9210074,-1.0017489
1.5081398,-0.98400479,-0.28529612,0.13774937,5.809426,0.72923976,-0.74533809,8.1060039,6.2807972,-0.85280313,11.164052,-5.7405134,-0.99900453
1.508448,-1.0223085,-0.086280467,0.14257045,5.6141592,0.24038284,-0.68658867,8.4493985,6.3599435,-0.93119816,11.092212,-5.5313483,-0.9945149
1.5087563,-1.0599026,0.11763791,0.14716549,5.4010272,-0.25507492,-0.61703061,8.7827574,6.4188737,-1.0040527,10.997797,-5.2891156,-0.98898542
1.5090645,-1.0962544,0.31533772,0.14701956,5.1721851,-0.75203653,-0.55585672,9.0986943,6.4642718,-1.0706523,10.882109,-5.0077368,-0.98182824
1.5093728,-1.1324452,0.51194802,0.14660871,4.9260726,-1.2476701,-0.49034102,9.3933885,6.5012787,-1.1261221,10.746038,-4.6843382,-0.97358146
1.5096811,-1.1693559,0.70937132,0.14660781,4.674862,-1.7425056,-0.41672012,9.6624999,6.5324721,-1.1676533,10.591772,-4.3126742,-0.96481387
1.5099893,-1.2042093,0.90371888,0.14783124,4.4008695,-2.2269431,-0.33916671,9.9042331,6.5574851,-1.1987876,10.422017,-3.8903606,-0.95518377
1.5102976,-1.2443719,1.0936214,0.14951707,4.1217438,-2.7010191,-0.25567233,10.1171,6.5769383,-1.2148453,10.23931,-3.4225073,-0.94421897
1.5106059,-1.288606,1.2780987,0.14882411,3.8469495,-3.1614734,-0.17125902,10.302129,6.5905802,-1.2174261,10.049518,-2.912288,-0.93228574
1.5109142,-1.3341932,1.4564989,0.14683111,3.5858949,-3.5998822,-0.08825637,10.460585,6.5983006,-1.2066908,9.8547916,-2.3646547,-0.9197837
1.5112225,-1.3752791,1.6255964,0.14204027,3.3515448,-4.0133103,-0.0095970782,10.592925,6.599932,-1.1845063,9.665096,-1.7876327,-0.90574638
1.5115308,-1.4154798,1.7874832,0.13807803,3.1512673,-4.3945639,0.057644744,10.701573,6.5968551,-1.1549453,9.4829025,-1.1900828,-0.89157035
1.5118391,-1.4574367,1.9406296,0.13363459,2.976659,-4.7414342,0.11224901,10.788394,6.5857039,-1.1203001,9.304078,-0.57988151,-0.87956689
1.5121474,-1.4996876,2.0840782,0.12885579,2.8200906,-5.0509442,0.15324235,10.853536,6.5646014,-1.0811779,9.1409293,0.034040137,-0.86615886
1.5124557,-1.5430515,2.2177114,0.12181302,2.6819481,-5.3193869,0.18249522,10.896767,6.5216882,-1.0388409,9.0211708,0.63953239,-0.85804705
1.512764,-1.5849274,2.3412901,0.11294926,2.5642021,-5.5451481,0.19543114,10.917198,6.4477674,-0.99435501,8.9284472,1.2287656,-0.85294489
1.5130723,-1.6237712,2.4528278,0.10201836,2.470176,-5.728111,0.19219586,10.915543,6.3370509,-0.94910269,8.8733152,1.7914418,-0.85138977
1.5133806,-1.6606444,2.5511041,0.089031511,2.4040863,-5.8691804,0.17391707,10.891498,6.1805789,-0.90394504,8.8601382,2.3218299,-0.85523625
1.5136889,-1.6951946,2.6368742,0.07379563,2.3522176,-5.9686603,0.14290685,10.845743,5.9763055,-0.8600211,8.8738883,2.8115178,-0.85708224
1.5139972,-1.7263077,2.7090214,0.05555016,2.3068957,-6.0246151,0.098885378,10.779568,5.7305527,-0.81853341,8.9098205,3.2571066,-0.86280666
1.5143056,-1.7539633,2.7674019,0.033400581,2.2656636,-6.0381846,0.044075824,10.688953,5.4461508,-0.77924953,8.9850767,3.6556887,-0.87114977
1.5146139,-1.7767759,2.8110215,0.0078362499,2.2280674,-6.0159992,-0.021670979,10.578005,5.1213833,-0.7419584,9.0962119,4.0048017,-0.88186378
1.5149222,-1.7941722,2.8394878,-0.020304886,2.1945057,-5.9588811,-0.09548895,10.442608,4.7522073,-0.70518089,9.2418066,4.3051476,-0.89501102
1.5152305,-1.8066408,2.853051,-0.050191839,2.1815642,-5.8658166,-0.1727611,10.283191,4.3349194,-0.66928773,9.4188197,4.559282,-0.91109345
1.5155388,-1.8146563,2.8519699,-0.082622121,2.1845052,-5.734949,-0.25223538,10.103223,3.8728844,-0.63174151,9.6209345,4.7709691,-0.92934144
1.5158471,-1.8173526,2.836046,-0.1175368,2.197616,-5.5692211,-0.3323734,9.8950896,3.3642638,-0.59376517,9.8419587,4.9441671,-0.94913871
1.5161554,-1.814878,2.8057551,-0.15444024,2.2144488,-5.3706634,-0.41058696,9.6743824,2.8163457,-0.55676533,10.075071,5.0861351,-0.97016912
1.5164638,-1.8068296,2.760073,-0.19342606,2.230203,-5.1417382,-0.48555984,9.4335987,2.231654,-0.5200393,10.313108,5.201974,-0.9906482
1.5167721,-1.7933227,2.7006259,-0.23408648,2.244908,-4.8842995,-0.55617434,9.1756552,1.607628,-0.48747977,10.549975,5.2976842,-1.0092441
1.5170804,-1.773777,2.6260454,-0.27611701,2.2557737,-4.5998274,-0.6205556,8.9037605,0.95390689,-0.45010161,10.780406,5.3800182,-1.0253542
1.5173887,-1.7508396,2.5384407,-0.31921762,2.260188,-4.2894963,-0.67882096,8.622444,0.27236355,-0.41387027,11.000362,5.4537582,-1.0380665
1.517697,-1.7243958,2.4385659,-0.3626399,2.2549301,-3.9540451,-0.73001559,8.3326931,-0.42234514,-0.37725457,11.20698,5.5227249,-1.0462575
1.5180053,-1.6945521,2.3263681,-0.40629489,2.2374879,-3.5948555,-0.77165819,8.0453726,-1.1244275,-0.34142083,11.398512,5.5890944,-1.0493934
1.5183136,-1.6597299,2.2021614,-0.44958148,2.2082693,-3.2155773,-0.80480212,7.7663521,-1.8259732,-0.31181962,11.573549,5.6542103,-1.0473082
1.5186219,-1.6205134,2.066564,-0.4922979,2.1747676,-2.8173236,-0.83018331,7.5052563,-2.5135464,-0.28180214,11.731209,5.7185333,-1.0401879
1.5189303,-1.5787004,1.9201682,-0.53436901,2.1315527,-2.3990164,-0.84857156,7.2687964,-3.1785086,-0.25284641,11.87202,5.7818777,-1.028407
1.5192386,-1.5326286,1.7633286,-0.57479926,2.077661,-1.9627042,-0.86171283,7.0609868,-3.8113926,-0.22734074,11.99697,5.8441186,-1.0124878
1.5195469,-1.4855735,1.598502,-0.61387411,2.0184799,-1.4996546,-0.87128069,6.8889255,-4.4031239,-0.20335891,12.105484,5.8972436,-0.99349311
1.5198552,-1.4391773,1.4275844,-0.65088173,1.9404038,-1.015936,-0.86390015,6.7519757,-4.9433387,-0.18613867,12.197039,5.9438092,-0.9726693
1.5201635,-1.3947534,1.2511228,-0.68458519,1.8571748,-0.53160618,-0.8459379,6.6541353,-5.4271514,-0.17782461,12.270958,5.9794023,-0.94975658
1.5204719,-1.3466202,1.0678075,-0.71511346,1.7686895,-0.031166833,-0.80653391,6.5959247,-5.8477062,-0.18007571,12.328409,5.9994767,-0.92493347
1.5207802,-1.2981279,0.87808828,-0.74300713,1.6757476,0.48007869,-0.76693853,6.5778987,-6.200744,-0.1942511,12.368392,6.0059692,-0.89874312
1.5210885,-1.2473447,0.68244921,-0.76737672,1.5807872,1.0055987,-0.71354181,6.5937025,-6.4817278,-0.22197919,12.389599,5.9972134,-0.87177653
1.5213969,-1.1950853,0.48141094,-0.7874955,1.4822296,1.5360252,-0.63941178,6.6404263,-6.6946615,-0.2645912,12.391349,5.9737992,-0.84376139
1.5217052,-1.140966,0.27426851,-0.80589048,1.3834015,2.0662776,-0.55687513,6.724959,-6.854339,-0.32002194,12.370836,5.9237508,-0.8137523
1.5220136,-1.0799686,0.075016902,-0.81881496,1.2752847,2.5899574,-0.46220643,6.8367246,-6.955856,-0.38779221,12.325922,5.8302546,-0.78090194
1.5223219,-1.0117904,-0.1159231,-0.82405572,1.1701088,3.1011374,-0.34976237,6.9679659,-7.0194156,-0.46482266,12.254625,5.6797216,-0.74509726
1.5226303,-0.93732501,-0.30529618,-0.82060715,1.0845664,3.5947646,-0.23707304,7.1097583,-7.0503816,-0.54837383,12.157671,5.4704027,-0.70788994
1.5229387,-0.85816551,-0.49223438,-0.81366387,1.0266351,4.0661565,-0.12837416,7.2571651,-7.0446434,-0.63625927,12.034581,5.1909486,-0.6699008
1.523247,-0.77533832,-0.67672427,-0.80202542,1.0206369,4.505698,-0.03195156,7.4030649,-7.0122433,-0.72500544,11.886015,4.8509712,-0.63154101
1.5235554,-0.69245319,-0.85846291,-0.78348,1.0507333,4.9094652,0.044970761,7.5423416,-6.957931,-0.81196122,11.71237,4.4499587,-0.5928834
1.5238638,-0.61311566,-1.0358869,-0.75987137,1.1220882,5.2694912,0.10008061,7.671705,-6.8717032,-0.89231127,11.514169,3.9850493,-0.55276706
1.5241722,-0.54219299,-1.2042551,-0.73487504,1.2315385,5.587801,0.12769568,7.7905707,-6.7525054,-0.96218627,11.295932,3.4569981,-0.5095904
1.5244806,-0.46988956,-1.3606385,-0.70734055,1.3763725,5.8654172,0.12970023,7.8950491,-6.6059519,-1.0177117,11.059542,2.8710189,-0.46394124
1.524789,-0.40106711,-1.5064552,-0.67644553,1.5573653,6.0991826,0.10759219,7.9827652,-6.445575,-1.060271,10.816336,2.2392673,-0.41851509
1.5250974,-0.33917424,-1.6426145,-0.64300253,1.7668794,6.2937737,0.061431704,8.0495834,-6.2666385,-1.1002389,10.570233,1.5661622,-0.3734076
1.5254058,-0.28344589,-1.7689975,-0.60609736,2.0028491,6.4484924,-0.0014263827,8.0941226,-6.0635258,-1.135249,10.323607,0.86603752,-0.33329672
1.5257143,-0.23492109,-1.8849141,-0.56672135,2.258302,6.5640193,-0.079444878,8.1147666,-5.8372018,-1.1665717,10.085748,0.14895704,-0.29725725
1.5260227,-0.19620375,-1.9897321,-0.52542678,2.5268156,6.6510036,-0.1713847,8.1120509,-5.5842475,-1.1928812,9.8665067,-0.57200516,-0.26798452
1.5263311,-0.16600933,-2.0834937,-0.48396347,2.8048073,6.7108802,-0.27029984,8.0851713,-5.3030932,-1.2128165,9.671726,-1.286922,-0.24727936
1.5266396,-0.14338594,-2.1644431,-0.44228611,3.0853279,6.745811,-0.37299311,8.0360208,-4.9883188,-1.2284899,9.510373,-1.9808131,-0.23723717
1.5269481,-0.12805361,-2.2310828,-0.40042309,3.3786692,6.7565429,-0.47789456,7.9672182,-4.6374682,-1.240147,9.3922117,-2.6441608,-0.23638201
1.5272566,-0.12068864,-2.2841078,-0.35983316,3.6854527,6.7518385,-0.58519182,7.8773955,-4.252692,-1.2487729,9.3177441,-3.2694965,-0.24375756
1.527565,-0.12184478,-2.3232877,-0.32079295,4.0016661,6.7288614,-0.69108177,7.7709346,-3.8317038,-1.2559222,9.2811196,-3.8457124,-0.26022736
1.5278735,-0.13095807,-2.3485951,-0.28436274,4.3200192,6.6813131,-0.79049213,7.6437114,-3.3765765,-1.2584314,9.2778432,-4.368543,-0.28353626
1.528182,-0.14785507,-2.3604294,-0.25055095,4.6327165,6.6090183,-0.87761899,7.5005556,-2.8857986,-1.2586896,9.3068921,-4.8344431,-0.31311354
1.5284906,-0.17033092,-2.3593507,-0.21796691,4.9254507,6.5141259,-0.95907861,7.3489614,-2.3651008,-1.2546345,9.3623081,-5.2439017,-0.34816277
1.5287991,-0.19760901,-2.3448361,-0.18685887,5.186112,6.4004539,-1.0301433,7.1856074,-1.8148313,-1.2456895,9.4353658,-5.5905225,-0.38804075
1.5291076,-0.22905875,-2.3172609,-0.15768927,5.4136298,6.2661297,-1.0910413,7.0162779,-1.2374578,-1.2356815,9.5341555,-5.8759145,-0.43192122
1.5294162,-0.26386039,-2.2768435,-0.12997784,5.6105898,6.1111696,-1.1438584,6.8357653,-0.63909924,-1.2128031,9.6566037,-6.1054326,-0.47962072
1.5297248,-0.30118351,-2.2242645,-0.10428037,5.7774924,5.9406891,-1.1903716,6.6562707,-0.021427873,-1.1838031,9.7985223,-6.2790559,-0.53250172
1.5300333,-0.34153693,-2.1594087,-0.08089355,5.9145259,5.7545252,-1.2301369,6.4798418,0.60075067,-1.1462889,9.9508258,-6.4017333,-0.58911523
1.5303419,-0.38372236,-2.0830228,-0.059239529,6.0197106,5.5486735,-1.2617154,6.3034821,1.2269161,-1.0981009,10.108642,-6.4840956,-0.64890938
1.5306505,-0.42823541,-1.9957569,-0.040323674,6.0946693,5.3199337,-1.28444,6.1463557,1.8427388,-1.0490088,10.268133,-6.5347974,-0.71045996
1.5309591,-0.4751299,-1.8984215,-0.024106526,6.139188,5.0646623,-1.2987215,6.024949,2.441003,-0.99243962,10.423045,-6.5672404,-0.77179487
1.5312677,-0.52099258,-1.791216,-0.010720145,6.1591943,4.7840674,-1.3055601,5.9356721,3.0153919,-0.93719859,10.569156,-6.5855834,-0.83135939
1.5315764,-0.5668062,-1.6746943,0.00020894371,6.1547179,4.4761304,-1.3069115,5.895503,3.5532385,-0.87677893,10.70486,-6.5870757,-0.88734864
1.531885,-0.61123099,-1.5498171,0.0091196928,6.1258533,4.14392,-1.3037705,5.9090472,4.0555178,-0.81912474,10.827333,-6.5704949,-0.93802936
1.5321937,-0.65535119,-1.4167091,0.014872011,6.0747935,3.7889074,-1.296622,5.9678884,4.5095416,-0.76996798,10.933787,-6.5385958,-0.98195927
1.5325023,-0.69925372,-1.2763413,0.018521665,6.0014158,3.4127528,-1.282533,6.0750024,4.9117788,-0.73183395,11.022488,-6.4821232,-1.0188517
1.532811,-0.74304733,-1.1294078,0.02101771,5.9105085,3.0186408,-1.2626614,6.2271721,5.2695041,-0.70650033,11.09305,-6.4091243,-1.0486432
1.5331197,-0.78529751,-0.97627388,0.022588604,5.8122543,2.6091498,-1.2395279,6.4205851,5.5764443,-0.69890264,11.14424,-6.3199268,-1.0722608
1.5334284,-0.82625706,-0.81798777,0.023642151,5.6955428,2.1801232,-1.2102868,6.6504281,5.8325446,-0.70905753,11.174675,-6.2135639,-1.0904603
1.5337371,-0.86379249,-0.65523817,0.024588525,5.5642946,1.739824,-1.1844445,6.9201902,6.0380287,-0.7359885,11.183033,-6.0819474,-1.1041823
1.5340458,-0.89982861,-0.49005426,0.02498033,5.4186829,1.2904249,-1.1442056,7.2228437,6.1960074,-0.77996767,11.168499,-5.9289993,-1.1141925
1.5343545,-0.93462421,-0.3244058,0.025309397,5.2606715,0.82953634,-1.0981087,7.5685137,6.315879,-0.83718964,11.131024,-5.7558171,-1.1217164
1.5346632,-0.96853272,-0.1543901,0.025454858,5.0859107,0.37268787,-1.0441636,7.9441345,6.4089214,-0.90333426,11.070291,-5.5547634,-1.1281248
1.5349719,-1.0019648,0.020023771,0.024386353,4.8918395,-0.089318193,-0.97994744,8.3136772,6.4796285,-0.97507278,10.987859,-5.3204233,-1.1340363
1.5352807,-1.0358014,0.19546673,0.024247907,4.6834323,-0.55345808,-0.91058165,8.6690748,6.5328381,-1.0469998,10.883271,-5.0476519,-1.1402733
1.5355894,-1.0701075,0.36714596,0.024491661,4.4584501,-1.0136764,-0.84276354,9.0023629,6.572866,-1.1142846,10.757672,-4.731447,-1.1464747
1.5358982,-1.1047444,0.53502724,0.023807067,4.2260943,-1.4739079,-0.76338282,9.3078716,6.6001201,-1.1732912,10.612543,-4.368233,-1.1529326
1.536207,-1.1408087,0.69861721,0.023827216,3.9794645,-1.927803,-0.6738771,9.5834609,6.6204348,-1.2214631,10.452447,-3.9538905,-1.1597347
1.5365158,-1.1776722,0.85838649,0.023791356,3.7220087,-2.3719056,-0.57630487,9.8280193,6.6374121,-1.25696,10.276891,-3.4938182,-1.166969
1.5368246,-1.2164546,1.0130924,0.019980855,3.4662954,-2.8064364,-0.47072989,10.042232,6.6488223,-1.2795437,10.091383,-2.9908865,-1.1731952
1.5371333,-1.2523879,1.1596122,0.015102925,3.2172472,-3.2216636,-0.36413002,10.227817,6.6555565,-1.2894515,9.8987562,-2.4488691,-1.1783101
1.5374421,-1.288282,1.3007786,0.0091797515,2.9829749,-3.6153415,-0.25559007,10.384788,6.6585817,-1.2883518,9.7055248,-1.8747963,-1.1821662
1.537751,-1.32463,1.4346432,0.0038242159,2.7780534,-3.9840988,-0.15547186,10.514485,6.6502052,-1.2783652,9.5174708,-1.2771267,-1.1836132
1.5380598,-1.361636,1.5610053,-0.0030047503,2.6006861,-4.3212119,-0.0651309,10.619428,6.6326458,-1.2610024,9.3353905,-0.66350537,-1.1828386
1.5383686,-1.400749,1.6781748,-0.011383428,2.4373957,-4.6257149,0.013449066,10.699912,6.6034067,-1.2373865,9.1622944,-0.041883555,-1.1795207
1.5386774,-1.4411837,1.7861067,-0.021026974,2.2897792,-4.8938078,0.074069132,10.756378,6.5518999,-1.2088844,9.0164763,0.57525363,-1.1759316
1.5389863,-1.4798523,1.8842953,-0.032352894,2.1575885,-5.1237337,0.11699733,10.789003,6.4734593,-1.1767625,8.9115587,1.1811245,-1.1688491
1.5392951,-1.5181729,1.9719258,-0.046082012,2.0448366,-5.3144484,0.14715343,10.797783,6.3610218,-1.1421202,8.8392424,1.7600552,-1.1593934
1.5396039,-1.5551072,2.0489755,-0.06143783,1.9568609,-5.4665919,0.15860788,10.784641,6.2115577,-1.1068871,8.8102846,2.3063809,-1.1474357
1.5399128,-1.5912703,2.1148599,-0.079009599,1.8930237,-5.5801434,0.15256777,10.7505,6.0223207,-1.0720356,8.8174798,2.8152347,-1.1307703
1.5402216,-1.6257921,2.1690491,-0.099113636,1.8440222,-5.6559407,0.12892193,10.695354,5.7990659,-1.0386478,8.8478391,3.2788969,-1.1132033
1.5405305,-1.658636,2.2118141,-0.12107818,1.7988518,-5.6936777,0.091048417,10.618735,5.5419547,-1.0076876,8.9100882,3.694755,-1.0954864
1.5408393,-1.6891619,2.2424552,-0.14538765,1.7562186,-5.6965573,0.04013237,10.518059,5.2463709,-0.97932187,9.0073682,4.0592293,-1.0778563
1.5411482,-1.7170595,2.2613992,-0.17207834,1.7144969,-5.6644605,-0.019654752,10.397,4.9106307,-0.95189754,9.1458093,4.3721434,-1.0629267
1.5414571,-1.7424916,2.2676736,-0.20095344,1.6753941,-5.5968394,-0.092574182,10.253883,4.5309807,-0.92557943,9.3239356,4.6354755,-1.0523877
1.5417659,-1.7648411,2.2613816,-0.23219498,1.644305,-5.4942338,-0.17173235,10.090388,4.1085188,-0.89932358,9.5321283,4.8533937,-1.0471021
1.5420748,-1.7840574,2.2429387,-0.26572616,1.6280358,-5.3583531,-0.25318385,9.9052487,3.6444581,-0.87350605,9.7646962,5.0300473,-1.0475765
1.5423837,-1.7996151,2.2120739,-0.30136352,1.6226203,-5.1913617,-0.33473992,9.6990031,3.1415363,-0.84923168,10.012601,5.172081,-1.0543071
1.5426926,-1.8118593,2.1690835,-0.33908232,1.622069,-4.9949773,-0.41712271,9.4767734,2.6026953,-0.82499859,10.267578,5.2855865,-1.0658432
1.5430014,-1.8216315,2.1146244,-0.37903416,1.6230219,-4.7699947,-0.4980418,9.2360598,2.0271665,-0.8061642,10.522118,5.377762,-1.0807832
1.5433103,-1.8280685,2.0485056,-0.42053424,1.6241934,-4.5197933,-0.5775342,8.9801666,1.4218859,-0.78320587,10.770583,5.4546917,-1.0976784
1.5436192,-1.8312923,1.9710617,-0.46313211,1.6228748,-4.2447886,-0.65364504,8.7114065,0.78805845,-0.75961861,11.008183,5.5217359,-1.115166
1.5439281,-1.8313005,1.8823987,-0.50642572,1.6147181,-3.9467934,-0.7269221,8.4322767,0.13313499,-0.73808307,11.230983,5.5842818,-1.1312723
1.544237,-1.8280654,1.7829637,-0.55007021,1.601151,-3.6276808,-0.79224536,8.1469681,-0.53653834,-0.71690655,11.436681,5.6442409,-1.1441438
1.5445459,-1.820673,1.6727262,-0.59330752,1.573146,-3.2877182,-0.84940321,7.8614118,-1.2163673,-0.69387065,11.623242,5.7021213,-1.1529026
1.5448548,-1.808919,1.5523314,-0.63566656,1.5462199,-2.9316342,-0.89880953,7.5811138,-1.8989253,-0.66926446,11.790322,5.7582106,-1.1569738
1.5451637,-1.7974691,1.4246559,-0.67770149,1.5148207,-2.5563656,-0.93836,7.3231553,-2.5681178,-0.6396304,11.9377,5.8146387,-1.1557805
1.5454726,-1.78599,1.2903995,-0.71996209,1.4738108,-2.1624902,-0.96876989,7.0769136,-3.2172873,-0.60728691,12.066703,5.8719185,-1.1495609
1.5457815,-1.7721719,1.1489942,-0.7597333,1.4269424,-1.7537602,-0.99442885,6.8602485,-3.8378423,-0.57674829,12.177856,5.9224023,-1.138999
1.5460904,-1.7545059,1.0012991,-0.79612559,1.3726381,-1.3254027,-1.0026017,6.6779391,-4.4193327,-0.54130578,12.271083,5.9620004,-1.1247459
1.5463993,-1.734217,0.84740103,-0.82968104,1.30265,-0.88147034,-0.99804943,6.5311102,-4.9528105,-0.50867964,12.346829,5.9920352,-1.1070821
1.5467082,-1.7111682,0.68672839,-0.85957452,1.2285257,-0.43780872,-0.97731203,6.4276278,-5.4323917,-0.48213865,12.405274,6.0103893,-1.0864212
1.5470171,-1.6868454,0.51930429,-0.88435187,1.1489327,0.021454604,-0.93095848,6.3667311,-5.8489709,-0.46639663,12.447171,6.0180169,-1.06331
1.5473261,-1.6592951,0.34657046,-0.90914526,1.0648919,0.48989742,-0.87424517,6.3503184,-6.1963823,-0.46251029,12.471904,6.0157589,-1.0380647
1.547635,-1.6275132,0.17630055,-0.93386735,0.9762542,0.96793353,-0.80025184,6.3653832,-6.4617864,-0.47242605,12.47976,6.0032241,-1.0107699
1.547944,-1.5904626,0.0098448302,-0.95737891,0.88818106,1.4508958,-0.71228681,6.417869,-6.6583637,-0.49803026,12.468013,5.9799842,-0.9816331
1.5482529,-1.5485467,-0.15454483,-0.97465045,0.79534743,1.9274626,-0.61532041,6.5061285,-6.7948427,-0.53841457,12.435425,5.9181518,-0.95021409
1.5485619,-1.5014623,-0.31929415,-0.98540378,0.69085563,2.4006169,-0.51287698,6.6241726,-6.8882864,-0.59279784,12.37927,5.8081717,-0.91661992
1.5488708,-1.4490984,-0.48258262,-0.98805008,0.58839702,2.8631094,-0.39768181,6.7641441,-6.9464468,-0.66055858,12.298642,5.6373492,-0.88249692
1.5491798,-1.3930722,-0.64447399,-0.986033,0.50133266,3.3100965,-0.27865423,6.9159445,-6.9683966,-0.73935114,12.193894,5.4057415,-0.8493383
1.5494888,-1.3347583,-0.80653628,-0.97922487,0.43489644,3.7401603,-0.16753663,7.0726393,-6.9590333,-0.82623797,12.063469,5.1058637,-0.81842561
1.5497978,-1.2751151,-0.96583642,-0.96838788,0.41643425,4.1440131,-0.068352156,7.2263654,-6.9256197,-0.91825054,11.909754,4.7505923,-0.79047764
1.5501068,-1.211796,-1.1203137,-0.95311724,0.42909829,4.519047,0.0099938704,7.373208,-6.8645199,-1.0126993,11.732679,4.3365019,-0.76459655
1.5504158,-1.1429119,-1.2672902,-0.93388453,0.47885743,4.8626199,0.060686428,7.5073559,-6.7711158,-1.1049081,11.532995,3.8600479,-0.74009098
1.5507248,-1.0754339,-1.406567,-0.91139173,0.5658033,5.1686033,0.075588488,7.6277115,-6.6501586,-1.192163,11.313365,3.3234994,-0.71738193
1.5510338,-1.00834,-1.5385169,-0.88398882,0.68229772,5.4406673,0.067244299,7.7332122,-6.5151123,-1.268812,11.078847,2.7336792,-0.6957755
1.5513428,-0.94374889,-1.6621706,-0.85272231,0.83636181,5.6773996,0.03325477,7.8187446,-6.3641047,-1.3339498,10.836245,2.0981997,-0.67600937
1.5516519,-0.88419365,-1.7775712,-0.81907373,1.0215303,5.8793048,-0.022500168,7.8826889,-6.1966286,-1.3932563,10.590622,1.4226538,-0.66160762
1.5519609,-0.83048491,-1.8845696,-0.78279782,1.2332815,6.0486529,-0.10197159,7.924074,-6.0088143,-1.4496672,10.342763,0.72030015,-0.64500737
1.55227,-0.78274734,-1.9825107,-0.74499355,1.4691817,6.1852157,-0.20217572,7.9416552,-5.7987627,-1.5030118,10.104135,-0.0024983151,-0.63023872
1.5525791,-0.7426865,-2.0705085,-0.70572306,1.7227648,6.2898252,-0.32698414,7.9375473,-5.564674,-1.550892,9.8824313,-0.72710112,-0.62103076
1.5528882,-0.70743268,-2.1470292,-0.66546383,1.9887039,6.3687984,-0.47380613,7.91086,-5.3014492,-1.5921668,9.6866404,-1.4512943,-0.61336349
1.5531973,-0.67891435,-2.2132527,-0.62506035,2.2608863,6.4236982,-0.62747041,7.8619654,-5.0057073,-1.6260254,9.5260093,-2.1521,-0.60700511
1.5535064,-0.65859693,-2.2686888,-0.58511822,2.5331043,6.4556813,-0.78146745,7.7958029,-4.675959,-1.6538389,9.4074722,-2.8252927,-0.6067525
1.5538155,-0.64546332,-2.3131163,-0.54502758,2.8023423,6.4662666,-0.93327467,7.7108738,-4.313911,-1.6763155,9.3362707,-3.4597671,-0.61319551
1.5541246,-0.64013029,-2.3466479,-0.50555243,3.0689106,6.4577723,-1.0844319,7.6094806,-3.9195072,-1.6926377,9.2986026,-4.0450645,-0.61810011
1.5544338,-0.64216663,-2.3685012,-0.46737317,3.3380658,6.4312761,-1.2318966,7.4906699,-3.4923836,-1.7038429,9.2994273,-4.5748455,-0.62628875
1.554743,-0.6496455,-2.3798296,-0.43038428,3.6070177,6.3863239,-1.3682447,7.3534408,-3.0302792,-1.7092862,9.3354643,-5.0517887,-0.6380168
1.5550521,-0.66313334,-2.379717,-0.39492546,3.8714955,6.3226319,-1.4842026,7.212597,-2.5413356,-1.708382,9.3856437,-5.4645663,-0.65364459
1.5553613,-0.68208463,-2.3681647,-0.36183804,4.1263726,6.2409735,-1.5884379,7.0595339,-2.0234922,-1.6995731,9.4670359,-5.8083905,-0.67368816
1.5556705,-0.70581685,-2.3461301,-0.33082817,4.3587157,6.1416354,-1.6820419,6.8976741,-1.4779005,-1.6784712,9.5777941,-6.0877706,-0.69992238
1.5559797,-0.73390024,-2.3134117,-0.30228773,4.5662712,6.0245189,-1.7646332,6.7262598,-0.90984664,-1.6472513,9.7133903,-6.3044374,-0.73400465
1.556289,-0.76618088,-2.2701998,-0.27645253,4.7488731,5.8927463,-1.8345652,6.5493742,-0.31300216,-1.6016602,9.8684961,-6.4591818,-0.77754885
1.5565982,-0.80211435,-2.2166005,-0.25369354,4.906782,5.7474033,-1.8927106,6.3703428,0.28310275,-1.5431273,10.035211,-6.5653988,-0.82973804
1.5569074,-0.84127522,-2.1534671,-0.23446024,5.0403439,5.5849165,-1.9416002,6.1954633,0.8867661,-1.4719191,10.206952,-6.6334747,-0.88917263
1.5572167,-0.88332475,-2.0808572,-0.21742864,5.149076,5.4030278,-1.9796834,6.0177727,1.4953618,-1.384577,10.377126,-6.6722937,-0.95654185
1.557526,-0.9270871,-1.9997588,-0.20197457,5.2310959,5.198078,-2.0085082,5.867228,2.0848967,-1.2955695,10.540066,-6.6902495,-1.029534
1.5578353,-0.97259778,-1.9097865,-0.18835783,5.2869653,4.9671458,-2.0309506,5.7501982,2.6602327,-1.2011087,10.691999,-6.6949196,-1.1037427
1.5581446,-1.0196597,-1.8120547,-0.17722731,5.3201541,4.7137608,-2.0454149,5.6654635,3.2060972,-1.1082344,10.8307,-6.6885437,-1.1761862
1.5584539,-1.0663751,-1.7063982,-0.16860249,5.331954,4.4375892,-2.0519323,5.6354205,3.7157219,-1.0238673,10.953144,-6.6723517,-1.2447414
1.5587632,-1.113428,-1.5934129,-0.16218936,5.3224136,4.1374165,-2.0526689,5.6478161,4.188659,-0.95107874,11.058051,-6.6435261,-1.3073206
1.5590726,-1.1606313,-1.4735883,-0.15787506,5.2946825,3.8177147,-2.0458405,5.7148796,4.6132624,-0.89820566,11.144117,-6.5929353,-1.3626795
1.5593819,-1.2075774,-1.3477366,-0.15528334,5.2477121,3.4779838,-2.0323635,5.8369212,4.9894884,-0.86807145,11.211181,-6.5178037,-1.4099219
1.5596913,-1.2535821,-1.2166594,-0.15380584,5.1815454,3.120424,-2.0132474,6.0122287,5.3165567,-0.86494083,11.258524,-6.4219788,-1.4494046
1.5600007,-1.2985738,-1.0806673,-0.15361717,5.1106211,2.7529762,-1.987269,6.2383883,5.5987997,-0.88862012,11.284857,-6.3088907,-1.4816825
1.5603101,-1.343745,-0.94032102,-0.1539765,5.0259619,2.3645719,-1.9585634,6.5142266,5.8347549,-0.93798942,11.289682,-6.1792203,-1.5070926
1.5606195,-1.3858635,-0.79471348,-0.15577389,4.9267093,1.9637854,-1.9255239,6.8279605,6.0263112,-1.0118545,11.273004,-6.0286061,-1.5271568
1.5609289,-1.4258029,-0.64593704,-0.16014443,4.8181111,1.5568914,-1.8818988,7.1664195,6.1787278,-1.1059353,11.23519,-5.8596618,-1.5430459
1.5612383,-1.464442,-0.49511093,-0.16459334,4.7004262,1.1411197,-1.8338057,7.5196492,6.299251,-1.2139648,11.175423,-5.6716713,-1.5565174
1.5615478,-1.5000567,-0.34190513,-0.16921791,4.570665,0.72039638,-1.7784186,7.8778642,6.3956301,-1.3294504,11.094698,-5.4594886,-1.568934
1.5618572,-1.5370062,-0.18644773,-0.17355379,4.4268904,0.30509069,-1.7153577,8.2315893,6.4715846,-1.4483789,10.994394,-5.2185104,-1.5802957
1.5621667,-1.5735733,-0.02802485,-0.17760608,4.2678432,-0.11348235,-1.6437362,8.5720725,6.5298801,-1.5660553,10.875543,-4.9417753,-1.5907285
1.5624761,-1.6107899,0.13085474,-0.18141128,4.0935287,-0.52642713,-1.5663222,8.8933449,6.5743203,-1.675752,10.738032,-4.6241401,-1.6004492
1.5627856,-1.64855,0.28852522,-0.18641162,3.9071991,-0.93254013,-1.4895777,9.1917723,6.607869,-1.7693525,10.583839,-4.2594074,-1.6091012
1.5630951,-1.6870847,0.44438569,-0.19236885,3.7162666,-1.3352511,-1.401591,9.4626505,6.6328136,-1.8447348,10.418007,-3.8473742,-1.6159706
1.5634046,-1.7257481,0.59685777,-0.19895879,3.5047839,-1.7253389,-1.3044423,9.704907,6.6477642,-1.900482,10.238876,-3.3930369,-1.6197623
1.5637141,-1.7657349,0.74518966,-0.20571289,3.2814674,-2.1039346,-1.1998103,9.918287,6.6544041,-1.9351946,10.051606,-2.8971847,-1.6191887
1.5640236,-1.8076113,0.89158663,-0.21214837,3.0533648,-2.4701901,-1.0881183,10.102678,6.6554452,-1.9595201,9.8596803,-2.3644227,-1.6146519
1.5643331,-1.8455236,1.0336646,-0.21862786,2.8290477,-2.8190055,-0.97468935,10.258518,6.6526019,-1.9700463,9.6670035,-1.8024754,-1.6040234
1.5646426,-1.8863372,1.1695951,-0.22584921,2.6082449,-3.1498129,-0.85997378,10.387396,6.6446431,-1.9668352,9.4786121,-1.2169828,-1.5882973
1.5649521,-1.9285968,1.3000306,-0.23287486,2.3962354,-3.4601376,-0.75375634,10.491517,6.6339508,-1.9517414,9.2979791,-0.61495392,-1.5659226
1.5652616,-1.9708011,1.42437,-0.23900757,2.1934662,-3.7449403,-0.66138698,10.57165,6.6164282,-1.9266953,9.1213036,-0.001191001,-1.5395576
1.5655712,-2.0126869,1.5430999,-0.24515988,2.0140635,-4.0033921,-0.58320524,10.627888,6.5802301,-1.8920823,8.9666015,0.60697246,-1.5080217
1.5658807,-2.057091,1.655009,-0.25153042,1.8588678,-4.2335372,-0.51844807,10.6614,6.5219714,-1.8502877,8.8492473,1.206153,-1.4714779
1.5661903,-2.1012477,1.7586647,-0.25778473,1.713037,-4.4318472,-0.47033704,10.672954,6.4343353,-1.8038551,8.7595851,1.7802486,-1.4338391
1.5664998,-2.1444177,1.8534537,-0.26499886,1.5797255,-4.600292,-0.43620871,10.661967,6.3095974,-1.7536663,8.7128798,2.3231261,-1.3974849
1.5668094,-2.186348,1.9411691,-0.27315894,1.4578725,-4.7368768,-0.41351971,10.629652,6.1478166,-1.7015976,8.7099799,2.8319266,-1.3654594
1.567119,-2.2271277,2.0190584,-0.28243373,1.3531499,-4.8412912,-0.41036216,10.577214,5.9535467,-1.6503824,8.730408,3.2967826,-1.3375146
1.5674286,-2.2667911,2.0863184,-0.29371082,1.2698415,-4.91608,-0.42582207,10.505926,5.7320226,-1.6011371,8.7829098,3.7131352,-1.3157473
1.5677382,-2.3046553,2.1429705,-0.30654603,1.2056591,-4.9598142,-0.45863273,10.41538,5.4797197,-1.5553724,8.8781579,4.0816083,-1.3041652
1.5680478,-2.3394373,2.1894684,-0.32114036,1.1568208,-4.9771476,-0.50615217,10.303723,5.1927248,-1.5088924,9.0135214,4.397733,-1.3058197
1.5683575,-2.3711063,2.2247388,-0.33765814,1.1100922,-4.9680989,-0.56417927,10.174552,4.870492,-1.4626285,9.1855142,4.6654573,-1.3203633
1.5686671,-2.400001,2.2488095,-0.35634962,1.0635474,-4.9284665,-0.63346042,10.028497,4.5094816,-1.4182069,9.390272,4.8875655,-1.3462689
1.5689767,-2.4249945,2.2614315,-0.37676183,1.0176082,-4.8600026,-0.71245518,9.8672179,4.1119731,-1.3739664,9.6221713,5.0678934,-1.3830398
1.5692863,-2.4460877,2.2624153,-0.4002549,0.97122483,-4.7642279,-0.79521883,9.6906735,3.6793259,-1.332607,9.8731915,5.2130598,-1.4278011
1.569596,-2.4637938,2.2541579,-0.42532546,0.92545995,-4.6417604,-0.87952647,9.4945502,3.2142389,-1.2923163,10.135105,5.3290865,-1.4781518
1.5699056,-2.4774883,2.2339512,-0.45177446,0.87996997,-4.4940324,-0.96371264,9.2936327,2.7227625,-1.2575562,10.400625,5.4212111,-1.535933
1.5702152,-2.4865735,2.1991864,-0.47945251,0.84515037,-4.3221679,-1.0476971,9.0806257,2.2019157,-1.2270372,10.662887,5.4953792,-1.5916692
1.5705248,-2.4916491,2.152738,-0.50805634,0.82087282,-4.1262025,-1.1303781,8.8546238,1.6555139,-1.1975314,10.915392,5.5567423,-1.6445323
1.5708345,-2.4926495,2.0953822,-0.53721454,0.80156769,-3.9066115,-1.2084646,8.6213988,1.0869665,-1.170332,11.153986,5.6101313,-1.6925768
1.5711441,-2.4893817,2.0274812,-0.56723041,0.78335419,-3.6649158,-1.2834272,8.3766932,0.49872718,-1.1409031,11.374601,5.6587024,-1.7306045
1.5714537,-2.4822529,1.9486519,-0.59840754,0.76618405,-3.4007287,-1.3509328,8.1236954,-0.096459197,-1.1185037,11.575098,5.7047955,-1.7618056
1.5717633,-2.4707392,1.8597048,-0.63023422,0.74415989,-3.1160115,-1.4102734,7.8631412,-0.69872466,-1.0960425,11.755131,5.7486895,-1.7830518
1.5720729,-2.4550776,1.7615678,-0.66294036,0.71949543,-2.8125986,-1.4627254,7.5988578,-1.3025864,-1.0670835,11.914304,5.7897089,-1.7934489
1.5723825,-2.436149,1.654528,-0.69570234,0.69764103,-2.491111,-1.5057095,7.3354988,-1.9006575,-1.0328066,12.052347,5.8282824,-1.7937119
1.5726921,-2.4131338,1.5381815,-0.7279814,0.67173496,-2.1491482,-1.5409055,7.0821176,-2.4843875,-0.99246191,12.169895,5.8665542,-1.7838458
1.5730017,-2.3890545,1.414207,-0.75925262,0.64181545,-1.78943,-1.5743746,6.8378475,-3.0476165,-0.94998049,12.26806,5.9014075,-1.7648596
1.5733113,-2.3640082,1.2829743,-0.78931285,0.61132105,-1.4097354,-1.5911502,6.6103044,-3.5818577,-0.90724843,12.347567,5.9282898,-1.7371094
1.5736209,-2.3376703,1.1439518,-0.81813842,0.57290882,-1.0119415,-1.5998788,6.4031006,-4.0848758,-0.86633109,12.407851,5.9465954,-1.7018978
1.5739305,-2.3077953,0.99766291,-0.84515167,0.52791449,-0.61431588,-1.5967137,6.2255895,-4.5469879,-0.83533932,12.449918,5.952431,-1.6609036
1.5742401,-2.273835,0.84475037,-0.86966372,0.47395198,-0.20456054,-1.5714536,6.0808193,-4.9648176,-0.81565689,12.473888,5.9491307,-1.6153582
1.5745497,-2.2383499,0.68686039,-0.89395594,0.41460215,0.21685942,-1.5379793,5.9696936,-5.3355725,-0.81021497,12.481256,5.9398856,-1.5653315
1.5748593,-2.1995263,0.52512986,-0.91821614,0.3512011,0.64862449,-1.501014,5.8936911,-5.6563752,-0.82526894,12.47251,5.9268059,-1.5101183
1.5751689,-2.1585021,0.3570501,-0.93968954,0.28499454,1.0923372,-1.4466544,5.8555991,-5.9271842,-0.86014372,12.446137,5.9058548,-1.4507234
1.5754786,-2.111288,0.1890766,-0.95867183,0.21646234,1.5339226,-1.3717405,5.8515956,-6.1445194,-0.91413127,12.401565,5.8549048,-1.3884513
1.5757882,-2.0567139,0.021679679,-0.97500535,0.13494196,1.9732193,-1.2888243,5.8775109,-6.3068784,-0.98564811,12.338647,5.7584898,-1.3258738
1.5760978,-1.9950087,-0.14568224,-0.98894489,0.04941228,2.411234,-1.1898321,5.9363285,-6.4175531,-1.0727326,12.256838,5.6069511,-1.2644693
1.5764074,-1.9269267,-0.31216504,-1.0000044,-0.036770887,2.8408228,-1.0868801,6.0234148,-6.4878624,-1.1727044,12.156961,5.3991614,-1.2064866
1.576717,-1.8538466,-0.47934253,-1.0050446,-0.11671448,3.2599266,-0.98220508,6.1288167,-6.5255769,-1.2805731,12.039125,5.1286351,-1.1530712
1.5770267,-1.7769697,-0.64499016,-1.0089378,-0.17682875,3.6636888,-0.88177119,6.2471303,-6.5352835,-1.3938302,11.901545,4.8085174,-1.1057729
1.5773363,-1.6992119,-0.80735102,-1.0081836,-0.19906663,4.044291,-0.78905211,6.3724758,-6.5186971,-1.506924,11.745338,4.4350934,-1.0659074
1.577646,-1.6208555,-0.96750441,-1.0050369,-0.19158943,4.4008435,-0.71060414,6.4999545,-6.4800379,-1.6132164,11.572744,4.0075381,-1.0315908
1.5779556,-1.5419965,-1.120686,-1.0001904,-0.15189421,4.7284947,-0.64899555,6.6236394,-6.4198153,-1.7087481,11.385734,3.5270997,-1.0034406
1.5782653,-1.4659396,-1.2648372,-0.99259105,-0.086732615,5.0231791,-0.61008829,6.7384748,-6.3333594,-1.7938655,11.185272,2.9996203,-0.97974535
1.5785749,-1.3890246,-1.399869,-0.98080352,0.0038209134,5.2880017,-0.6017918,6.8417341,-6.2219389,-1.8630665,10.978196,2.4318539,-0.96048028
1.5788846,-1.3176053,-1.526859,-0.96769074,0.1302741,5.5185555,-0.61676947,6.9303193,-6.0893074,-1.9176757,10.766597,1.8302974,-0.94655906
1.5791942,-1.2514359,-1.6458936,-0.95163366,0.29182161,5.7165964,-0.64925622,7.0056054,-5.9349958,-1.9589575,10.553364,1.2023063,-0.93518563
1.5795039,-1.1906904,-1.756083,-0.93264141,0.47991756,5.8833392,-0.70207215,7.0655209,-5.7620874,-1.9909848,10.339461,0.55393377,-0.92612847
1.5798136,-1.1356997,-1.8568919,-0.91230423,0.69374768,6.0177137,-0.77469409,7.1082834,-5.5690418,-2.0142555,10.130805,-0.10458367,-0.92075099
1.5801233,-1.0899637,-1.9485242,-0.89011371,0.93005456,6.1222644,-0.85770224,7.1342996,-5.3523467,-2.0320695,9.9309834,-0.76008274,-0.91840198
1.580433,-1.0524508,-2.0303007,-0.86642642,1.1858585,6.2001585,-0.95126055,7.1399503,-5.1078927,-2.0456429,9.7399276,-1.4103991,-0.91565018
1.5807427,-1.0216881,-2.1015066,-0.84180959,1.4553165,6.2531839,-1.0522957,7.1255167,-4.8344578,-2.05485,9.5596273,-2.0374396,-0.91363173
1.5810524,-0.99834133,-2.1619432,-0.81599622,1.7335548,6.2834626,-1.1561077,7.093898,-4.5296058,-2.0623219,9.3973907,-2.6382013,-0.91504492
1.5813621,-0.98321603,-2.2112737,-0.7892367,2.0155667,6.2913715,-1.2589321,7.042091,-4.1942372,-2.0696267,9.2608449,-3.2044423,-0.91991678
1.5816718,-0.97570509,-2.2492058,-0.7609932,2.3050919,6.2789058,-1.3580651,6.9753443,-3.8306191,-2.0735244,9.1597668,-3.7307187,-0.92932682
1.5819816,-0.9752111,-2.2748012,-0.73419163,2.6075277,6.2472239,-1.4494815,6.8915443,-3.4361765,-2.0750068,9.0917725,-4.2116033,-0.94345032
1.5822913,-0.98037455,-2.2876006,-0.70778787,2.9182926,6.1972429,-1.5328816,6.7871595,-3.0106405,-2.0714203,9.0598623,-4.6439677,-0.96495205
1.5826011,-0.9910099,-2.28868,-0.68164909,3.2324358,6.1296648,-1.6132047,6.6800285,-2.5601385,-2.0627111,9.0591645,-5.0255943,-0.99573187
1.5829108,-1.0072779,-2.2780104,-0.65673251,3.5466736,6.0443657,-1.6906601,6.5581849,-2.0817397,-2.0523507,9.0829392,-5.3559748,-1.0351859
1.5832205,-1.0280374,-2.2553734,-0.633109,3.8551022,5.9407833,-1.7634458,6.4254991,-1.5808419,-2.0275719,9.1340741,-5.6365631,-1.0842083
1.5835302,-1.0530475,-2.222452,-0.61122333,4.1536105,5.8181533,-1.8355564,6.2870029,-1.0577334,-1.9944322,9.2025393,-5.8683623,-1.1443967
1.58384,-1.0812852,-2.1784927,-0.5909413,4.4330615,5.6766483,-1.9019615,6.1373251,-0.50704475,-1.949188,9.2884147,-6.0521138,-1.2159559
1.5841497,-1.1113892,-2.1235207,-0.57232131,4.6817789,5.5160892,-1.959487,5.9820924,0.043060976,-1.8941199,9.3964415,-6.1935101,-1.296148
1.5844594,-1.1435024,-2.0563286,-0.55595296,4.8987918,5.3364165,-2.0084292,5.8240907,0.60173734,-1.8268993,9.5248203,-6.2981629,-1.3812847
1.5847691,-1.1763617,-1.9784134,-0.54112438,5.0842667,5.1371422,-2.0481857,5.6682724,1.1654365,-1.7462461,9.666381,-6.3709017,-1.4687742
1.5850788,-1.2109023,-1.8903082,-0.52827091,5.2386265,4.9155126,-2.0789919,5.5130228,1.7210617,-1.6631983,9.8154219,-6.4090104,-1.5549252
1.5853885,-1.2454695,-1.7921895,-0.51749046,5.3644149,4.6729667,-2.1027345,5.3741841,2.2662233,-1.57225,9.9648026,-6.4217466,-1.6372898
1.5856982,-1.279589,-1.6845455,-0.50813853,5.4638459,4.4085631,-2.1208695,5.2625311,2.7888691,-1.4838912,10.109782,-6.4188298,-1.711935
1.5860078,-1.312981,-1.5679969,-0.5000891,5.5354822,4.1229727,-2.134607,5.1848529,3.283918,-1.3913386,10.246488,-6.4038593,-1.7789405
1.5863175,-1.346369,-1.4415302,-0.49339394,5.5788958,3.8159851,-2.1460894,5.1537678,3.7470787,-1.3026303,10.372186,-6.3797391,-1.8391798
1.5866272,-1.3785401,-1.3057826,-0.48765015,5.5956317,3.490959,-2.1511975,5.1837947,4.170075,-1.2347137,10.483694,-6.3483786,-1.893278
1.5869369,-1.4099164,-1.1628155,-0.48365708,5.587794,3.1483954,-2.1504098,5.2562109,4.5523976,-1.1837988,10.579653,-6.2994435,-1.9388268
1.5872466,-1.4405685,-1.0135832,-0.4819593,5.5672195,2.789556,-2.1453153,5.3728116,4.8902003,-1.1513277,10.658551,-6.2278046,-1.9745017
1.5875562,-1.4697517,-0.85928516,-0.48155992,5.5260424,2.4108326,-2.1376302,5.5383063,5.1857673,-1.1372286,10.719025,-6.133351,-2.0022618
1.5878659,-1.497396,-0.70076362,-0.48327116,5.4646811,2.0173588,-2.1316243,5.746107,5.4411093,-1.1467164,10.759169,-6.0159805,-2.019129
1.5881756,-1.5289724,-0.53490784,-0.48469281,5.3831737,1.6098486,-2.1252014,5.992028,5.6525642,-1.1786451,10.777704,-5.8770797,-2.0296711
1.5884852,-1.5612182,-0.36258255,-0.48684478,5.2845316,1.1921918,-2.1055065,6.2714303,5.8246385,-1.2315698,10.775116,-5.7175828,-2.0319226
1.5887949,-1.5949021,-0.18697155,-0.48766793,5.1653921,0.76724266,-2.0810298,6.584102,5.9598596,-1.3012027,10.752506,-5.5359295,-2.0275989
1.5891046,-1.6290575,-0.010147266,-0.49137282,5.0213452,0.33826352,-2.0517095,6.9244917,6.0655672,-1.3837604,10.709457,-5.3324055,-2.0192421
1.5894142,-1.6637681,0.1683645,-0.49360029,4.8539948,-0.095055722,-2.029078,7.2992032,6.1473405,-1.4735257,10.648335,-5.1026968,-2.0088751
1.5897239,-1.6987692,0.34729876,-0.49546217,4.6665738,-0.53234137,-2.0080297,7.7029516,6.209697,-1.5627798,10.569447,-4.8404564,-1.9989078
1.5900336,-1.7359472,0.52691098,-0.49619327,4.4616726,-0.96864439,-1.9801363,8.1023616,6.2571403,-1.6462259,10.472934,-4.5399441,-1.9890907
1.5903432,-1.7734762,0.7055305,-0.49214537,4.246689,-1.4035416,-1.9431986,8.4854523,6.293652,-1.7236786,10.362259,-4.1973043,-1.9793383
1.5906529,-1.810682,0.88272154,-0.4838773,4.0088868,-1.8313621,-1.8937204,8.8471929,6.3226309,-1.7897759,10.238003,-3.8111566,-1.9710104
1.5909626,-1.8510376,1.0559904,-0.47391026,3.7609004,-2.2508203,-1.832103,9.1820951,6.3449068,-1.8382932,10.101843,-3.3853235,-1.9633107
1.5912723,-1.8928787,1.227201,-0.46280827,3.5164283,-2.6575541,-1.7624646,9.485822,6.3527625,-1.867829,9.9554392,-2.9223206,-1.9539338
1.591582,-1.928844,1.3929118,-0.45113186,3.2816769,-3.0476814,-1.6856078,9.7571253,6.3505008,-1.8794916,9.7993551,-2.4258268,-1.9445206
1.5918916,-1.962385,1.5535407,-0.4371807,3.0603519,-3.414892,-1.603197,9.9985452,6.3422794,-1.8770934,9.6386578,-1.9012685,-1.9328027
1.5922013,-1.9933275,1.7080197,-0.42028412,2.8568978,-3.7567041,-1.5154932,10.213705,6.3270523,-1.8658272,9.4766731,-1.3550542,-1.9172111
1.592511,-2.0239109,1.8548385,-0.40194938,2.6752886,-4.0682263,-1.4282034,10.401946,6.3062031,-1.8486861,9.3061868,-0.79588698,-1.896612
1.5928207,-2.0525944,1.9930716,-0.38330561,2.5210544,-4.3437699,-1.346056,10.563234,6.2818585,-1.827062,9.1403748,-0.2300017,-1.8738026
1.5931304,-2.0777363,2.121482,-0.36476549,2.3946762,-4.5828468,-1.2683347,10.698845,6.2488835,-1.798575,8.9847408,0.33582998,-1.8466079
1.5934401,-2.0975267,2.2391722,-0.34657085,2.2830632,-4.7851466,-1.196424,10.806791,6.1906205,-1.763321,8.8448005,0.89436122,-1.8143709
1.5937499,-2.1121144,2.3455357,-0.32859634,2.1813782,-4.9512695,-1.1324658,10.886106,6.1008103,-1.7198848,8.7342529,1.4362641,-1.7764269
1.5940596,-2.1219344,2.4396164,-0.31144102,2.0884147,-5.078346,-1.0766232,10.93703,5.9776988,-1.6699085,8.6613921,1.9554734,-1.7342675
1.5943693,-2.1264913,2.522829,-0.29636996,2.0063635,-5.1673164,-1.0291831,10.960265,5.8144187,-1.6173764,8.6252836,2.4469874,-1.6932828
1.594679,-2.1252993,2.5925535,-0.28349099,1.9277068,-5.2208248,-0.98999888,10.956986,5.6054423,-1.5648314,8.6224168,2.9030007,-1.6475116
1.5949887,-2.117959,2.6489432,-0.27339155,1.8516254,-5.240366,-0.96082722,10.92778,5.3651167,-1.5152124,8.6486767,3.3199345,-1.6032845
1.5952985,-2.1032009,2.693109,-0.26614569,1.7782988,-5.2265965,-0.94185541,10.870825,5.0890857,-1.4705851,8.6958797,3.6945098,-1.5628125
1.5956082,-2.0818187,2.721982,-0.26204013,1.7097651,-5.1782058,-0.93058522,10.79042,4.7762001,-1.4314576,8.76385,4.0263728,-1.5280464
1.5959179,-2.0534573,2.7361599,-0.26127459,1.6445396,-5.0955288,-0.92662712,10.687972,4.4207856,-1.3996525,8.8572559,4.3135093,-1.5023314
1.5962275,-2.0190562,2.7355616,-0.26363936,1.5829569,-4.9795216,-0.93027993,10.561032,4.023769,-1.376434,8.9705946,4.5509906,-1.4870844
1.5965372,-1.978801,2.7211998,-0.26947352,1.5237117,-4.8298617,-0.94067361,10.413939,3.588853,-1.3598256,9.1170117,4.7472047,-1.4838795
1.5968469,-1.9323315,2.6947872,-0.27879139,1.4682922,-4.6482876,-0.95582019,10.241918,3.1147618,-1.3512158,9.3052276,4.9074293,-1.4936558
1.5971566,-1.8800191,2.6509698,-0.29113796,1.4303459,-4.4368236,-0.97626549,10.055269,2.6095281,-1.3486022,9.5342553,5.0363648,-1.5143603
1.5974662,-1.8230193,2.5930066,-0.3065221,1.4037675,-4.1947642,-1.0023381,9.8502432,2.0671461,-1.3541886,9.7988591,5.1397004,-1.5416541
1.5977759,-1.7619111,2.5225693,-0.32486895,1.3842489,-3.9234108,-1.0326842,9.6260318,1.4954879,-1.3668005,10.091856,5.2236709,-1.5733904
1.5980855,-1.6970053,2.4402164,-0.3459589,1.3652955,-3.6234168,-1.0666415,9.3835644,0.8992447,-1.3820383,10.388506,5.2943374,-1.6073904
1.5983951,-1.6286788,2.3457648,-0.36950358,1.3399312,-3.2973184,-1.0997134,9.1229162,0.28190025,-1.4005573,10.681466,5.3554529,-1.6389168
1.5987047,-1.5570022,2.2396958,-0.3948144,1.3155788,-2.9512382,-1.1298733,8.8463785,-0.34825197,-1.41777,10.964205,5.4103782,-1.6643463
1.5990143,-1.4835405,2.1227374,-0.42139932,1.2970992,-2.58568,-1.1604085,8.5577183,-0.98450005,-1.4392268,11.231474,5.4628964,-1.6818475
1.599324,-1.4095047,1.9960068,-0.45004462,1.2757056,-2.1959072,-1.1891263,8.26303,-1.6188256,-1.4588256,11.480239,5.5152746,-1.6911977
1.5996336,-1.3333092,1.8599728,-0.47969858,1.2511377,-1.7818843,-1.2166428,7.9681769,-2.2422926,-1.4738546,11.708529,5.5669261,-1.6927901
1.5999432,-1.2558181,1.7157679,-0.51052006,1.2232985,-1.3427769,-1.2411602,7.6850645,-2.8450161,-1.4805052,11.915234,5.6160997,-1.6801058
1.6002528,-1.1778661,1.5634014,-0.54216937,1.1791316,-0.88566544,-1.2493346,7.4205078,-3.4205566,-1.4765714,12.100267,5.6620966,-1.6514258
1.6005623,-1.1010433,1.4037677,-0.57417721,1.1264868,-0.42871802,-1.2559225,7.1822067,-3.9680498,-1.4657565,12.263289,5.7078957,-1.6067231
1.6008719,-1.0254659,1.2371813,-0.60430193,1.0690587,0.046627991,-1.2565233,6.9783363,-4.4697934,-1.443584,12.404139,5.7449958,-1.5522038
1.6011815,-0.94862245,1.0663054,-0.63222367,1.0064776,0.54007847,-1.2460273,6.8042739,-4.9144121,-1.4135151,12.523031,5.7634432,-1.4921106
1.6014911,-0.87295819,0.89178529,-0.65973601,0.94133712,1.0517111,-1.2286589,6.6628913,-5.2985307,-1.3773761,12.621526,5.770998,-1.428421
1.6018007,-0.79824884,0.71197031,-0.6882851,0.87902746,1.5724393,-1.2084618,6.5557834,-5.6115189,-1.3381006,12.699388,5.7687653,-1.3636949
1.6021102,-0.72452671,0.52844745,-0.71504884,0.80653218,2.082838,-1.1607903,6.478599,-5.8419726,-1.2981444,12.758067,5.7531871,-1.2990552
1.6024198,-0.65186412,0.34350503,-0.73729347,0.73986257,2.5876486,-1.0990855,6.4226361,-6.0119497,-1.2616396,12.795489,5.7373395,-1.2363624
1.6027294,-0.58079421,0.1585258,-0.75761341,0.68725567,3.0845502,-1.0215872,6.3841383,-6.1340747,-1.2330247,12.810845,5.6979106,-1.1766511
1.603039,-0.51042623,-0.024887637,-0.77953398,0.65372161,3.5657207,-0.93153657,6.3616223,-6.2122938,-1.2128214,12.803044,5.6059277,-1.1218762
1.6033485,-0.43706417,-0.2030982,-0.802588,0.64751928,4.0244449,-0.83675883,6.3757075,-6.2551797,-1.2008729,12.770965,5.4469854,-1.0750817
1.6036581,-0.36407208,-0.37557725,-0.82400428,0.68461256,4.4402297,-0.73338076,6.4209113,-6.2719457,-1.1974172,12.716985,5.2183959,-1.0383864
1.6039677,-0.28965766,-0.54610686,-0.84255392,0.74639782,4.8104207,-0.62858806,6.4892401,-6.2663452,-1.2026005,12.638153,4.9125837,-1.0146685
1.6042772,-0.21639102,-0.71220814,-0.85330785,0.83321871,5.1498518,-0.52790537,6.5701084,-6.2356656,-1.2152286,12.537399,4.5476032,-1.0046663
1.6045868,-0.14980887,-0.87158214,-0.86266569,0.94802557,5.4477683,-0.43559016,6.6570944,-6.1809403,-1.2331334,12.41321,4.1241117,-1.0078393
1.6048964,-0.095626139,-1.0236616,-0.87031944,1.0903106,5.6982978,-0.35400921,6.7452316,-6.1014893,-1.2538697,12.265652,3.6431166,-1.0251976
1.6052059,-0.051320155,-1.1694787,-0.87464352,1.2621663,5.9028117,-0.2856039,6.8308624,-5.9966757,-1.2759346,12.097628,3.1108436,-1.0543158
1.6055155,-0.0081359934,-1.3069116,-0.8748962,1.4572496,6.0676956,-0.23327014,6.9123739,-5.8654453,-1.2994147,11.912137,2.5344811,-1.0948367
1.6058251,0.032405255,-1.43511,-0.87054726,1.6728774,6.1948665,-0.19457463,6.989011,-5.706938,-1.3241464,11.713398,1.9228176,-1.1474809
1.6061347,0.064005271,-1.5526676,-0.86218561,1.9064162,6.2840366,-0.17171871,7.0581186,-5.5227375,-1.3487497,11.505057,1.2819331,-1.2134731
1.6064443,0.086139273,-1.6585403,-0.85083483,2.1589288,6.3427272,-0.16490989,7.1166153,-5.3124892,-1.3723828,11.286109,0.6249567,-1.2799585
1.6067538,0.10082144,-1.753483,-0.83615693,2.4261069,6.370664,-0.1726113,7.1593398,-5.0728989,-1.3979862,11.063329,-0.04325453,-1.346898
1.6070634,0.10940478,-1.8359895,-0.81808181,2.7020476,6.3707316,-0.1933839,7.1844514,-4.8013502,-1.4255588,10.840141,-0.70619547,-1.4138116
1.607373,0.1123476,-1.9060483,-0.7967308,2.9988446,6.3450292,-0.22570112,7.1916125,-4.4947357,-1.4552006,10.622489,-1.357861,-1.4723916
1.6076826,0.11040593,-1.9622622,-0.77228857,3.3129655,6.2976471,-0.26825111,7.1790906,-4.1511146,-1.4867571,10.414627,-1.9855038,-1.5237791
1.6079922,0.10159732,-2.002488,-0.74546486,3.6399379,6.2301439,-0.31927728,7.1478985,-3.7722304,-1.5185874,10.222233,-2.5866692,-1.5719049
1.6083018,0.087836181,-2.0288739,-0.71737449,3.9747373,6.1397835,-0.37792309,7.0934984,-3.3558626,-1.5511252,10.049674,-3.1485083,-1.6056113
1.6086114,0.069959327,-2.0424475,-0.68759766,4.310182,6.0290256,-0.44303803,7.0150571,-2.903327,-1.5807043,9.8975802,-3.6680425,-1.6250904
1.608921,0.048848589,-2.0430899,-0.65660635,4.6393863,5.8985441,-0.51247954,6.9266445,-2.4197201,-1.6098041,9.7715368,-4.1385913,-1.6314782
1.6092306,0.024898723,-2.0304256,-0.62543488,4.9559672,5.7492571,-0.58510192,6.8210573,-1.9039314,-1.6393436,9.678721,-4.5602943,-1.6268563
1.6095402,-0.0020230052,-2.0034289,-0.59429829,5.2475101,5.5833344,-0.66037413,6.704982,-1.3570859,-1.6660501,9.611453,-4.9330476,-1.6121962
1.6098498,-0.030765115,-1.9630555,-0.56309258,5.5062795,5.3990028,-0.73607486,6.5696152,-0.78297608,-1.6891233,9.5691144,-5.2522953,-1.5899003
1.6101594,-0.060610148,-1.908349,-0.53192243,5.7302905,5.195726,-0.80990957,6.4212068,-0.18330993,-1.6985874,9.5531844,-5.5153121,-1.5632188
1.610469,-0.090964673,-1.8407895,-0.50280332,5.9197689,4.9746261,-0.88154056,6.2677575,0.41956963,-1.7000062,9.5627019,-5.723888,-1.5350925
1.6107785,-0.12136926,-1.7609568,-0.47467581,6.073747,4.7355982,-0.95054286,6.119393,1.0319895,-1.6927168,9.6003187,-5.8804317,-1.5067956
1.6110881,-0.15193718,-1.6685617,-0.44789654,6.2023273,4.4817227,-1.0161413,5.9823615,1.6429133,-1.6801539,9.6624737,-5.9904691,-1.4806525
1.6113976,-0.18320771,-1.5635352,-0.42244705,6.3064555,4.2090126,-1.0795014,5.8684177,2.2353338,-1.6548224,9.7372202,-6.0654731,-1.4584149
1.6117072,-0.21495791,-1.446243,-0.39851587,6.3794185,3.916773,-1.1399208,5.7972931,2.8038932,-1.6134562,9.8233077,-6.1137814,-1.4403701
1.6120167,-0.24510468,-1.3192196,-0.37627585,6.4206633,3.6048742,-1.197517,5.7577729,3.3381266,-1.5544144,9.9245968,-6.1405389,-1.425792
1.6123262,-0.27549054,-1.1833695,-0.35549029,6.4271913,3.2737841,-1.2507588,5.7550076,3.833477,-1.4776214,10.039338,-6.1506202,-1.4155764
1.6126357,-0.30540554,-1.0396636,-0.33491982,6.4072536,2.931004,-1.302425,5.7951204,4.2822495,-1.3832933,10.162781,-6.1446813,-1.4090163
1.6129452,-0.33485382,-0.88607411,-0.31473998,6.3757484,2.5692319,-1.3500491,5.8810567,4.6795119,-1.2727913,10.290628,-6.1268509,-1.4040978
1.6132547,-0.36293494,-0.72444134,-0.29440035,6.3173639,2.1875281,-1.3927876,6.0059769,5.030815,-1.1568316,10.415982,-6.0892811,-1.4006421
1.6135642,-0.38978823,-0.55604861,-0.2775627,6.2319588,1.7895408,-1.4322214,6.1630638,5.3275873,-1.0401262,10.530427,-6.0327649,-1.3994741
1.6138737,-0.42016647,-0.38091761,-0.2620538,6.1209373,1.375111,-1.4664098,6.3478921,5.5690753,-0.9284369,10.62967,-5.9559828,-1.4009688
1.6141831,-0.45136393,-0.20317221,-0.24467755,5.985683,0.9441806,-1.500186,6.5619448,5.7570484,-0.82459637,10.711494,-5.854507,-1.4045881
1.6144926,-0.48267788,-0.019265469,-0.22556589,5.8175684,0.51641294,-1.5267459,6.8151609,5.8967684,-0.73580043,10.772684,-5.7242885,-1.4102205
1.6148021,-0.51399189,0.16733428,-0.20351462,5.6153645,0.07716891,-1.5448181,7.1128108,5.9995839,-0.66214139,10.811467,-5.5666551,-1.4198354
1.6151115,-0.54486677,0.3571651,-0.18185824,5.3907527,-0.37310466,-1.5550978,7.4581561,6.0740348,-0.60480422,10.826336,-5.3778702,-1.4336526
1.615421,-0.57266461,0.54402972,-0.1624863,5.1455784,-0.83060337,-1.556706,7.8424327,6.126374,-0.56410002,10.816682,-5.1548807,-1.4538555
1.6157305,-0.60149708,0.72638831,-0.13889313,4.8885063,-1.296525,-1.5483992,8.242168,6.1620281,-0.54020334,10.783492,-4.8973788,-1.481996
1.6160399,-0.62878311,0.90854992,-0.11207214,4.6084641,-1.755655,-1.5308693,8.6290333,6.1877438,-0.53014648,10.726001,-4.5993445,-1.5185139
1.6163494,-0.65495321,1.0918446,-0.08176499,4.325225,-2.2039974,-1.4983582,8.9963194,6.2072749,-0.528313,10.645807,-4.2554297,-1.56215
1.6166589,-0.68045425,1.2741421,-0.04950824,4.0509636,-2.640875,-1.4543942,9.3370456,6.2160457,-0.53529407,10.54306,-3.8616883,-1.6114563
1.6169683,-0.69821759,1.4497523,-0.017058009,3.7935503,-3.0582257,-1.3966313,9.6487503,6.2127316,-0.54859969,10.417883,-3.4188979,-1.6668274
1.6172778,-0.70658683,1.615459,0.016576555,3.5687685,-3.4523288,-1.3207345,9.9309457,6.1982246,-0.56646508,10.273547,-2.9334296,-1.7260249
1.6175873,-0.71171771,1.7728542,0.052087496,3.3726404,-3.8135076,-1.2277019,10.185673,6.1785116,-0.58696032,10.116295,-2.4076355,-1.7866879
1.6178968,-0.71338438,1.922588,0.088071273,3.2061711,-4.1339517,-1.1210573,10.41633,6.149123,-0.60893163,9.9483708,-1.8498289,-1.8479819
1.6182062,-0.71108435,2.0644051,0.12409741,3.0658293,-4.4123955,-0.99897238,10.620774,6.1061391,-0.63214618,9.7750085,-1.2697071,-1.9075093
1.6185157,-0.70248697,2.1946424,0.15870721,2.9419824,-4.6488207,-0.87635074,10.79523,6.0496029,-0.6565778,9.6033648,-0.67550566,-1.9622973
1.6188252,-0.68453461,2.3097954,0.19141981,2.8320373,-4.843712,-0.75530619,10.939482,5.9775658,-0.6819798,9.442739,-0.077646689,-2.0051492
1.6191346,-0.66095775,2.410741,0.22176788,2.7330456,-4.9955875,-0.63891966,11.055769,5.8833439,-0.707807,9.2990515,0.5161226,-2.0310903
1.6194441,-0.63236252,2.5001838,0.25050246,2.6373285,-5.104255,-0.52881785,11.144172,5.7579097,-0.73450826,9.180147,1.0966397,-2.0440716
1.6197536,-0.59929242,2.5784915,0.27558897,2.5417056,-5.1717881,-0.42566047,11.20294,5.595149,-0.76425623,9.0943426,1.6520418,-2.041422
1.6200631,-0.56084741,2.6438239,0.29638786,2.4502045,-5.1983556,-0.33206207,11.231236,5.3973077,-0.79719046,9.0413455,2.1785683,-2.0153298
1.6203726,-0.51547977,2.6936184,0.31297332,2.3637215,-5.1858757,-0.24993924,11.228551,5.1648361,-0.83293542,9.0217376,2.6687663,-1.9686714
1.6206821,-0.46564965,2.7290852,0.32423065,2.2821813,-5.1351695,-0.180207,11.19698,4.8975958,-0.87144929,9.0362777,3.1140978,-1.9007633
1.6209916,-0.41012053,2.7491151,0.33106968,2.2039856,-5.0462182,-0.12297405,11.136463,4.5938195,-0.91358343,9.0792279,3.5095989,-1.8135834
1.6213011,-0.34964113,2.7537774,0.33291259,2.128857,-4.9186824,-0.077130861,11.046881,4.2469146,-0.95926218,9.1423271,3.8605232,-1.709202
1.6216106,-0.28520231,2.7437926,0.32963979,2.0568722,-4.7544883,-0.042957027,10.926307,3.8567863,-1.0080634,9.2267774,4.1528879,-1.5909258
1.62192,-0.21715411,2.717709,0.32083382,1.9981941,-4.5578417,-0.021027009,10.771335,3.4224956,-1.0594232,9.3368415,4.3939257,-1.4664493
1.6222295,-0.1457826,2.6763356,0.30725174,1.9514385,-4.330433,-0.0079523978,10.586278,2.9473574,-1.1140842,9.4758946,4.5897499,-1.3395641
1.622539,-0.072177376,2.6214628,0.28931914,1.9133128,-4.0700028,-0.0032520347,10.370472,2.4326252,-1.1700523,9.6593145,4.7456555,-1.2158154
1.6228484,0.0020815601,2.5522785,0.26795441,1.8770631,-3.7784445,-0.0059676874,10.1235,1.8723296,-1.2280301,9.8873692,4.8687434,-1.099342
1.6231579,0.076483434,2.4706757,0.24264703,1.8388914,-3.4572365,-0.01523941,9.8455911,1.2763875,-1.2859763,10.142969,4.9658111,-0.99468701
1.6234673,0.15010687,2.3775625,0.21406893,1.7967846,-3.1147014,-0.032900689,9.5403093,0.64444306,-1.3423595,10.411322,5.0452691,-0.90511116
1.6237767,0.22512362,2.2730131,0.1826934,1.7583475,-2.7558643,-0.055661789,9.2125594,-0.0038006825,-1.396349,10.685145,5.1138417,-0.830986
1.6240861,0.29950026,2.1580572,0.14930852,1.7182211,-2.3744083,-0.079551781,8.8615324,-0.66760677,-1.4444716,10.956995,5.1752806,-0.77186531
1.6243956,0.37103932,2.0342735,0.11396959,1.67406,-1.9683767,-0.10343181,8.5059502,-1.3377629,-1.4844546,11.222013,5.2329053,-0.72582818
1.6247049,0.4402189,1.9019538,0.076749822,1.6291393,-1.5342454,-0.12532949,8.1656325,-1.9998313,-1.5179818,11.475605,5.290757,-0.69171508
1.6250143,0.507877,1.762883,0.039477107,1.5750722,-1.0763911,-0.15375579,7.8552326,-2.6402642,-1.5461446,11.714676,5.3524381,-0.6669298
1.6253237,0.5708112,1.6165392,0.0021809041,1.5059702,-0.62225512,-0.18909393,7.5787464,-3.2588959,-1.5620143,11.938433,5.4112286,-0.64911325
1.6256331,0.62972417,1.4643655,-0.035311177,1.4330233,-0.1558848,-0.21219773,7.3454669,-3.8353323,-1.5551254,12.146012,5.4633925,-0.63640079
1.6259424,0.68452058,1.3082711,-0.074076192,1.3568136,0.32823527,-0.23037109,7.142325,-4.353939,-1.5265226,12.335587,5.5127266,-0.62835725
1.6262518,0.7362649,1.1466586,-0.11244373,1.2781195,0.83283279,-0.24519102,6.9728295,-4.8081625,-1.4711984,12.505251,5.5602894,-0.6239659
1.6265611,0.78923534,0.98277492,-0.14891547,1.214471,1.3518107,-0.23667821,6.8406085,-5.1943974,-1.3829982,12.654617,5.5887665,-0.62190319
1.6268705,0.84103002,0.81510407,-0.18368212,1.15437,1.858221,-0.2173406,6.7442177,-5.4828525,-1.2763907,12.783038,5.5940336,-0.6222943
1.6271798,0.8873698,0.64513196,-0.21659284,1.1070896,2.3522828,-0.18905794,6.6730439,-5.6938992,-1.1587663,12.890488,5.5854406,-0.6261545
1.6274892,0.93004804,0.47252586,-0.24727808,1.0852599,2.8356738,-0.1436553,6.6272202,-5.8412988,-1.0346772,12.975445,5.5629805,-0.63544307
1.6277985,0.96838317,0.30019739,-0.27110257,1.0898995,3.3017858,-0.082374788,6.6048182,-5.9361246,-0.9080787,13.03684,5.5275735,-0.65002526
1.6281078,1.0028216,0.13275423,-0.28960983,1.1162972,3.7455049,-0.0063450774,6.6186968,-5.9969109,-0.78388376,13.071443,5.4591385,-0.67069875
1.6284172,1.0333647,-0.035306107,-0.30513368,1.1818653,4.1489182,0.083956767,6.6613189,-6.0292825,-0.66910299,13.075948,5.3421183,-0.6989319
1.6287265,1.0625977,-0.20107594,-0.31859104,1.2737513,4.5044242,0.18147398,6.7248067,-6.0385031,-0.5667293,13.049208,5.1580936,-0.73652343
1.6290358,1.0918288,-0.36060231,-0.32937394,1.3920595,4.8288237,0.28457247,6.7994978,-6.0225817,-0.47700377,12.99021,4.8956759,-0.78575472
1.6293452,1.1183285,-0.5170474,-0.33364276,1.5348092,5.1110731,0.38722953,6.8783226,-5.9786595,-0.40347948,12.900512,4.5622764,-0.84802114
1.6296545,1.1333327,-0.66528133,-0.33062459,1.6976547,5.3484296,0.48365339,6.9563134,-5.9052387,-0.35045747,12.777609,4.1691643,-0.92332507
1.6299638,1.1437057,-0.80793725,-0.32146892,1.8832443,5.5401422,0.5707596,7.0300749,-5.8038766,-0.31871924,12.620784,3.7141981,-1.0109232
1.6302731,1.1492638,-0.94529593,-0.30792593,2.0865967,5.6920396,0.64038735,7.0992119,-5.6728533,-0.30363224,12.430453,3.1991537,-1.1093369
1.6305825,1.1535453,-1.0750351,-0.29198885,2.3029134,5.8096851,0.68724322,7.1632577,-5.5104393,-0.301973,12.209867,2.629581,-1.2155851
1.6308918,1.1583529,-1.1953316,-0.27254574,2.5279846,5.8923313,0.71433571,7.2176834,-5.3182205,-0.31537569,11.967348,2.0150881,-1.3291967
1.6312011,1.1565669,-1.3069626,-0.24739266,2.7599796,5.9444851,0.72706384,7.2580005,-5.0961474,-0.34098618,11.70601,1.3633915,-1.4420281
1.6315105,1.1501083,-1.408281,-0.21758159,2.9953979,5.9661231,0.72478644,7.2789948,-4.8435986,-0.37573035,11.433947,0.68446188,-1.5492889
1.6318198,1.1406598,-1.49982,-0.18420517,3.2461703,5.9585554,0.7073729,7.2851385,-4.562985,-0.42363272,11.159887,-0.012087481,-1.6494586
1.6321291,1.1269599,-1.5811713,-0.14684188,3.5134511,5.9247905,0.67485517,7.2738941,-4.2513268,-0.48193628,10.89016,-0.70582452,-1.7380109
1.6324385,1.1116655,-1.6508212,-0.107185,3.7919488,5.868601,0.63087407,7.2402159,-3.9064006,-0.54832447,10.630393,-1.3886315,-1.8145049
1.6327478,1.0931527,-1.705787,-0.06610956,4.0784619,5.7925225,0.57385726,7.1844972,-3.5282289,-0.62152608,10.397079,-2.0470202,-1.875989
1.6330572,1.0719988,-1.7454578,-0.022161616,4.3681175,5.6966671,0.50497756,7.1006614,-3.114867,-0.69930265,10.19799,-2.6705684,-1.9181006
1.6333665,1.0483122,-1.7717894,0.023268819,4.655176,5.5803924,0.42722117,7.0023873,-2.6718179,-0.78388684,10.035571,-3.2466957,-1.9314955
1.6336759,1.0225417,-1.7852274,0.069018789,4.9331487,5.4453846,0.34162388,6.8883826,-2.1983668,-0.86822348,9.9116865,-3.7681539,-1.915868
1.6339853,0.99567222,-1.7873076,0.11482895,5.1934113,5.2920796,0.24847661,6.7571269,-1.6939277,-0.9512817,9.8286753,-4.233834,-1.8716829
1.6342946,0.96709709,-1.7771993,0.15990892,5.4257707,5.1226976,0.14875471,6.6160701,-1.1601988,-1.0308416,9.7806865,-4.6392794,-1.7997912
1.634604,0.93509655,-1.7534806,0.20451615,5.6309872,4.9380113,0.044034467,6.4599993,-0.59514445,-1.1000058,9.7611059,-4.9832583,-1.7036831
1.6349134,0.90116016,-1.7169071,0.24696245,5.807561,4.7370064,-0.064840847,6.3001757,-0.015768575,-1.1683488,9.7693896,-5.2609956,-1.5886261
1.6352228,0.86489184,-1.6678786,0.28709445,5.9547832,4.5199461,-0.17653505,6.1358773,0.57079385,-1.2156698,9.8062953,-5.4741885,-1.461647
1.6355322,0.82744526,-1.6074306,0.32495204,6.0719195,4.2862251,-0.28897451,5.9828643,1.1587703,-1.2459467,9.8660489,-5.6319088,-1.3285336
1.6358416,0.78907559,-1.5345353,0.3612778,6.1615982,4.0372288,-0.40276433,5.8670434,1.741737,-1.2525704,9.9466902,-5.7454607,-1.194881
1.636151,0.74870252,-1.4513414,0.39560845,6.2295721,3.7721938,-0.51773981,5.7920055,2.3070906,-1.233418,10.040525,-5.823263,-1.0664248
1.6364604,0.70708045,-1.3575173,0.4281188,6.27157,3.4912026,-0.62614679,5.7521481,2.8446452,-1.1855674,10.1437,-5.8773199,-0.94678647
1.6367697,0.663916,-1.2531532,0.45840976,6.2869831,3.194281,-0.73036856,5.7691963,3.3468038,-1.1060528,10.256369,-5.9028449,-0.84016472
1.6370791,0.62280146,-1.1399453,0.48682408,6.273206,2.8814999,-0.8303155,5.8291466,3.8063266,-1.0002774,10.374669,-5.9058863,-0.74931746
1.6373885,0.58262821,-1.0177876,0.51419061,6.2310327,2.5544032,-0.92213952,5.9307513,4.2198501,-0.87203892,10.49283,-5.8943521,-0.67609253
1.6376978,0.54155782,-0.88978168,0.54187614,6.175652,2.2108879,-1.0082548,6.0753194,4.5878645,-0.73071467,10.603865,-5.8697725,-0.62233631
1.6380071,0.50006577,-0.75338696,0.56933946,6.098479,1.8529116,-1.0805116,6.2519327,4.9057587,-0.5790491,10.704299,-5.8258102,-0.58819125
1.6383165,0.46064154,-0.6085233,0.59682204,5.9970421,1.4818576,-1.1441394,6.457107,5.1703472,-0.42253008,10.790954,-5.7678133,-0.57354494
1.6386258,0.42373316,-0.457982,0.62494276,5.8727483,1.0988257,-1.2031666,6.6887689,5.3839593,-0.26936103,10.861241,-5.6899111,-0.57782814
1.6389351,0.38800324,-0.30668628,0.65217108,5.7256565,0.70215157,-1.2567862,6.9569143,5.547197,-0.12583535,10.912768,-5.5820792,-0.60062221
1.6392444,0.34976588,-0.15331684,0.68137853,5.5499641,0.30385387,-1.307988,7.2727142,5.6660626,0.0029724285,10.943788,-5.4456796,-0.640229
1.6395537,0.31315672,0.0044147325,0.70968414,5.3461989,-0.09963225,-1.342217,7.6269617,5.7517702,0.11023398,10.952461,-5.2839123,-0.69548621
1.639863,0.27776857,0.16646714,0.73590255,5.1190858,-0.50794137,-1.3656876,8.0046598,5.8141434,0.18641429,10.936609,-5.091337,-0.76533351
1.6401723,0.24366203,0.33293849,0.76421735,4.8748577,-0.91982144,-1.3811458,8.3724337,5.860152,0.2372192,10.896978,-4.863498,-0.84836189
1.6404816,0.20762985,0.49875856,0.78914002,4.6264755,-1.3359835,-1.3875728,8.7212209,5.8936791,0.26321086,10.833015,-4.6001432,-0.94345034
1.6407909,0.17276081,0.66016644,0.81085573,4.3655502,-1.7495067,-1.3852435,9.0458903,5.9148551,0.27268057,10.744562,-4.2975075,-1.0492099
1.6411002,0.14046122,0.82037905,0.83122433,4.1028756,-2.1532001,-1.3692721,9.3459392,5.9259358,0.26902917,10.632224,-3.9518277,-1.1635373
1.6414095,0.10991302,0.98131794,0.85054392,3.8475822,-2.542478,-1.3366282,9.6201079,5.9283503,0.25494328,10.4984,-3.5597118,-1.2841399
1.6417188,0.080376375,1.1418802,0.87075814,3.6141225,-2.913787,-1.2870732,9.871714,5.920845,0.2286194,10.34375,-3.1247606,-1.4086102
1.6420281,0.054981708,1.2975943,0.89048558,3.4086164,-3.2638527,-1.2170521,10.097883,5.9019256,0.19154498,10.172426,-2.650001,-1.5323767
1.6423373,0.037135055,1.4441202,0.9087678,3.230837,-3.5891483,-1.1316926,10.299307,5.8705012,0.13751642,9.9869807,-2.1391545,-1.6511886
1.6426466,0.023810069,1.5836565,0.92635446,3.0789532,-3.8818238,-1.033863,10.476701,5.8278776,0.065698558,9.7976352,-1.5998458,-1.7613796
1.6429559,0.015969723,1.7147078,0.94209848,2.9413365,-4.1390815,-0.92225328,10.629247,5.771696,-0.015775395,9.6121984,-1.0391821,-1.8590559
1.6432652,0.012817129,1.8395165,0.95623231,2.817775,-4.3611339,-0.80582384,10.757204,5.6992565,-0.10399282,9.436311,-0.4671615,-1.9366964
1.6435745,0.015295367,1.9555178,0.96924891,2.705313,-4.5465926,-0.68883628,10.859756,5.6071131,-0.19845006,9.2835748,0.11060651,-1.9899711
1.6438838,0.025014314,2.0586541,0.97855554,2.602124,-4.6961987,-0.57362409,10.93687,5.4958218,-0.29854589,9.1667125,0.67936713,-2.0218413
1.6441931,0.039477032,2.1493219,0.98416791,2.501565,-4.8107005,-0.46272084,10.989609,5.3571718,-0.40270728,9.0797306,1.2336618,-2.0222324
1.6445024,0.058165523,2.2290211,0.98615553,2.4048002,-4.8877172,-0.35694185,11.017664,5.1911682,-0.50885852,9.0269669,1.7607346,-1.9952479
1.6448117,0.080669044,2.2987579,0.98418584,2.3129669,-4.9285919,-0.2593122,11.020619,4.9954433,-0.61951785,9.0103377,2.2535503,-1.9388936
1.645121,0.10778822,2.3579516,0.9775718,2.2261315,-4.9307418,-0.17048222,10.996994,4.7686462,-0.73435053,9.0198108,2.7058755,-1.8509281
1.6454303,0.13911455,2.4051536,0.96721655,2.1439799,-4.8980112,-0.092574806,10.947004,4.5086612,-0.85382908,9.064255,3.1109322,-1.7234842
1.6457397,0.17504014,2.4382609,0.95200791,2.0666492,-4.8325633,-0.024789533,10.870038,4.2137164,-0.97831929,9.1526766,3.465059,-1.5692475
1.646049,0.21468159,2.4574045,0.93211863,1.9947553,-4.7334722,0.03382669,10.766659,3.8818913,-1.1068298,9.2769768,3.7693691,-1.3935813
1.6463583,0.25726306,2.4633074,0.90804666,1.9263977,-4.6019879,0.081254801,10.636001,3.5138414,-1.240605,9.4423941,4.0253042,-1.2048098
1.6466677,0.30213231,2.4566378,0.88043419,1.8698674,-4.4389443,0.11926024,10.476786,3.1096932,-1.3781931,9.6433024,4.2371436,-1.0126174
1.646977,0.3494094,2.4370386,0.85011336,1.8237913,-4.2443488,0.14991102,10.287576,2.6697014,-1.5190467,9.8720265,4.4098624,-0.82507328
1.6472864,0.39878874,2.4045137,0.81840404,1.7870612,-4.0231532,0.17113376,10.072377,2.196194,-1.6593326,10.119981,4.5495538,-0.64857231
1.6475958,0.44838597,2.3595737,0.78602565,1.7550108,-3.7759666,0.18464851,9.8321587,1.6886265,-1.7963335,10.380059,4.6636364,-0.49056314
1.6479051,0.49806623,2.3027708,0.7527094,1.7251005,-3.5091379,0.19113599,9.5685325,1.1536608,-1.927482,10.64578,4.7577755,-0.35672508
1.6482145,0.54723181,2.2353131,0.71847007,1.6958306,-3.2193155,0.19178845,9.2849638,0.59512996,-2.047738,10.910554,4.839164,-0.24975206
1.6485239,0.59639749,2.1579346,0.68346539,1.6597023,-2.9072942,0.18876587,8.9855337,0.018953464,-2.1545712,11.16946,4.9127388,-0.17254141
1.6488333,0.64480812,2.0707505,0.64764945,1.6274999,-2.5801815,0.18172182,8.676466,-0.56751008,-2.2402068,11.418641,4.9817476,-0.12149057
1.6491427,0.6911843,1.9743014,0.61000708,1.5933399,-2.2383486,0.17557933,8.3614959,-1.1594928,-2.3024666,11.654925,5.0488772,-0.090028137
1.649452,0.73613497,1.869509,0.57031002,1.5563288,-1.8806841,0.16702029,8.052805,-1.7501528,-2.3368451,11.876048,5.1153562,-0.073923779
1.6497614,0.77937103,1.7576469,0.52855726,1.5170823,-1.5088416,0.15875506,7.7596286,-2.326387,-2.3428027,12.081354,5.1827416,-0.071828572
1.6500707,0.8210489,1.6392502,0.48740915,1.4730353,-1.1092333,0.15188571,7.4910388,-2.8809722,-2.3229112,12.270812,5.2435878,-0.082338581
1.6503801,0.86086073,1.5147224,0.44610538,1.4144548,-0.69399054,0.14316258,7.2521035,-3.4098829,-2.2701029,12.443999,5.2979608,-0.10359364
1.6506894,0.89755466,1.3847581,0.40612278,1.3512142,-0.27964668,0.15101415,7.0440649,-3.9062087,-2.1881808,12.600793,5.3466103,-0.13597197
1.6509988,0.9314728,1.2507387,0.36689339,1.2819508,0.144176,0.16113623,6.8718203,-4.3576953,-2.0810638,12.740109,5.3847264,-0.17891605
1.6513081,0.96272748,1.112727,0.3287654,1.209315,0.57958107,0.17345793,6.7362474,-4.7602287,-1.9538567,12.861871,5.402516,-0.23173777
1.6516174,0.99238657,0.97127031,0.29293655,1.1365328,1.0321633,0.19671344,6.625067,-5.0983093,-1.8080283,12.965969,5.3986487,-0.29338569
1.6519267,1.0213966,0.82505493,0.26127199,1.0776521,1.4849868,0.2161644,6.534259,-5.3542363,-1.6503129,13.051027,5.3786037,-0.36411189
1.6522361,1.0457866,0.6770068,0.23273119,1.025831,1.93059,0.24046564,6.4629801,-5.5450857,-1.4861468,13.116429,5.3393644,-0.44389936
1.6525454,1.0653938,0.52858051,0.20775931,0.9949947,2.368672,0.26919922,6.4100713,-5.6808972,-1.3224904,13.160869,5.2706148,-0.53535873
1.6528547,1.0831064,0.37838902,0.18569826,0.98991968,2.7915837,0.30663586,6.3878753,-5.7691738,-1.1661033,13.181651,5.1728879,-0.63998751
1.653164,1.0989882,0.22688545,0.16809159,1.0093839,3.1979233,0.34817269,6.3924142,-5.8276919,-1.0198024,13.176434,5.0326987,-0.75805029
1.6534733,1.1112337,0.078574501,0.15911486,1.0529266,3.5795921,0.39451449,6.4188162,-5.8653475,-0.88561545,13.144219,4.8358717,-0.89059577
1.6537826,1.1216516,-0.071857392,0.15287026,1.1251712,3.9222464,0.44002991,6.4588002,-5.884579,-0.76771176,13.085999,4.5862509,-1.0371521
1.6540919,1.1313677,-0.21459225,0.14888663,1.2193762,4.2313545,0.48667084,6.5067571,-5.8783512,-0.67021043,13.001116,4.2931833,-1.1986935
1.6544013,1.1410702,-0.35077967,0.15299199,1.3351982,4.5071943,0.53141858,6.5590992,-5.8425517,-0.59201675,12.888471,3.9565225,-1.3754793
1.6547106,1.1523293,-0.48407031,0.16217323,1.4693872,4.7439421,0.57114281,6.6135503,-5.7701564,-0.53375189,12.749298,3.5751276,-1.5670441
1.6550199,1.1541307,-0.60846964,0.17652958,1.618099,4.9410056,0.60490169,6.6700207,-5.6575303,-0.49289466,12.585484,3.1503466,-1.7695966
1.6553292,1.1523334,-0.72826475,0.19617212,1.7830913,5.1022871,0.6306171,6.7283924,-5.5096575,-0.46812279,12.400035,2.6851789,-1.9850473
1.6556385,1.1467789,-0.84209789,0.21854846,1.9592904,5.2310078,0.64698258,6.7881097,-5.3394953,-0.45720192,12.199127,2.1827335,-2.1993218
1.6559478,1.1436646,-0.94525143,0.24331035,2.1447499,5.3261843,0.6531293,6.8465096,-5.1465955,-0.45957514,11.986458,1.6510984,-2.4125413
1.6562572,1.1409978,-1.0426873,0.27267645,2.3357833,5.3906095,0.64822859,6.9008913,-4.9311948,-0.47500902,11.767577,1.0953622,-2.6178682
1.6565665,1.1330879,-1.1301561,0.30581314,2.5307244,5.4272908,0.63260664,6.9483378,-4.6927282,-0.50178647,11.54425,0.52449051,-2.8075082
1.6568758,1.1208561,-1.2075846,0.34165819,2.7305726,5.4375356,0.60665495,6.9849168,-4.4322567,-0.53818883,11.325607,-0.056018393,-2.9592405
1.6571852,1.1057153,-1.2757886,0.37937789,2.945693,5.423309,0.57085734,7.013815,-4.1509155,-0.58220743,11.11536,-0.63901183,-3.0938651
1.6574945,1.088041,-1.3353049,0.41866991,3.1753519,5.3872211,0.52565826,7.0313968,-3.846698,-0.63212587,10.915087,-1.2226725,-3.1864017
1.6578039,1.0695292,-1.3849754,0.45796882,3.4151524,5.3313008,0.47159263,7.0370188,-3.5198318,-0.68669391,10.728439,-1.7872147,-3.2349866
1.6581133,1.0496219,-1.4249127,0.49654678,3.6623989,5.2585263,0.4096689,7.0266128,-3.1706072,-0.74436753,10.559935,-2.333802,-3.2373717
1.6584226,1.0270908,-1.4540791,0.53508671,3.9134848,5.1682907,0.34110854,6.9974341,-2.7935719,-0.80356775,10.411627,-2.8552892,-3.1990085
1.658732,1.0023499,-1.4728341,0.57241194,4.1634284,5.062234,0.2663206,6.9585762,-2.3951058,-0.86058344,10.283136,-3.3424663,-3.1117916
1.6590414,0.97500374,-1.4813059,0.60758693,4.4066185,4.9428577,0.18719058,6.9029977,-1.9721966,-0.912836,10.180155,-3.7889501,-2.9888215
1.6593508,0.9456374,-1.4803433,0.6410892,4.6381351,4.811453,0.10370332,6.8337921,-1.5278559,-0.96177099,10.103892,-4.1979612,-2.8346459
1.6596602,0.91429112,-1.4694135,0.6737025,4.8496763,4.6676407,0.017966738,6.7493376,-1.0649681,-1.0038654,10.048252,-4.5566367,-2.6557303
1.6599696,0.88161717,-1.4480227,0.70449904,5.0374364,4.5133,-0.06948606,6.6515379,-0.57405914,-1.0384327,10.016479,-4.8648266,-2.4568943
1.660279,0.84707859,-1.4167298,0.73268204,5.2014379,4.3469094,-0.15628262,6.5435908,-0.067778302,-1.0527816,10.007697,-5.114974,-2.2490882
1.6605885,0.81123433,-1.3755602,0.75880759,5.342975,4.1693381,-0.24574228,6.4308049,0.45244569,-1.0479653,10.021339,-5.310689,-2.0388942
1.6608979,0.77435926,-1.3253795,0.78264889,5.462213,3.9799273,-0.33137213,6.3181929,0.97523274,-1.0285832,10.054907,-5.4537616,-1.8334276
1.6612074,0.73685389,-1.266323,0.80418056,5.5578329,3.7796296,-0.41372646,6.2214148,1.4952254,-0.99121199,10.099903,-5.5548774,-1.6413013
1.6615168,0.69876607,-1.1979811,0.82323222,5.6364219,3.5695379,-0.49301532,6.1416588,2.0038013,-0.94021391,10.155446,-5.6258147,-1.4675811
1.6618263,0.66028484,-1.1219215,0.84008725,5.6950068,3.3496682,-0.5676361,6.0764645,2.4896828,-0.87275375,10.220883,-5.6724102,-1.3145116
1.6621358,0.62121715,-1.0370313,0.85550652,5.7329752,3.1163609,-0.63606229,6.0399923,2.9459768,-0.79292865,10.294544,-5.6961971,-1.1817135
1.6624452,0.58173165,-0.94543845,0.86973255,5.7520264,2.8710653,-0.70008963,6.0448883,3.3642672,-0.7026303,10.373892,-5.6919742,-1.0704112
1.6627547,0.54160551,-0.84773094,0.88397462,5.7489809,2.6118465,-0.75829049,6.0924919,3.7382231,-0.60663388,10.456447,-5.6729344,-0.98118371
1.6630642,0.50123483,-0.74296649,0.89653843,5.7252939,2.3394,-0.8106962,6.1816077,4.0710494,-0.50727522,10.540112,-5.6434149,-0.91323753
1.6633736,0.46023339,-0.63217355,0.90897233,5.6950418,2.0608474,-0.85768901,6.3049634,4.3536623,-0.40932531,10.625006,-5.5978795,-0.86488167
1.6636831,0.42149429,-0.51535923,0.92008954,5.647376,1.7711529,-0.89758157,6.4495038,4.5879169,-0.31824681,10.709538,-5.5354207,-0.83548664
1.6639925,0.38291512,-0.39607614,0.93016818,5.581845,1.4633017,-0.9335641,6.6096857,4.7781251,-0.23600128,10.791573,-5.4562319,-0.8242496
1.664302,0.34327145,-0.27462027,0.94188792,5.4994658,1.144601,-0.96980678,6.7805993,4.9276228,-0.17235934,10.869617,-5.3639838,-0.82973092
1.6646114,0.30414704,-0.14812708,0.9514756,5.4007954,0.814512,-1.0028941,6.9601681,5.0405577,-0.12862322,10.941746,-5.2461817,-0.85081922
1.6649208,0.2659888,-0.021876824,0.96075583,5.2814207,0.48085192,-1.020228,7.1612193,5.1230462,-0.10200003,11.0079,-5.1053992,-0.88666497
1.6652303,0.22761103,0.10451184,0.96998524,5.1361552,0.14739425,-1.0235439,7.3908678,5.1803687,-0.09128333,11.06621,-4.9398188,-0.93534087
1.6655397,0.19004245,0.23221168,0.9797497,4.9700592,-0.19575244,-1.012943,7.6443715,5.2166896,-0.094102035,11.115918,-4.7476552,-0.99507295
1.6658491,0.15375263,0.36015235,0.98878715,4.7819949,-0.54511006,-0.98817382,7.9206398,5.2385306,-0.10995746,11.155951,-4.5263384,-1.064143
1.6661586,0.11851801,0.48344163,0.99477754,4.5779861,-0.89710057,-0.95993749,8.2029396,5.2493622,-0.13885075,11.185643,-4.2740976,-1.1490538
1.666468,0.080835646,0.60511943,0.99774316,4.3625627,-1.2505529,-0.91634248,8.4717318,5.2532831,-0.17644786,11.203328,-3.989558,-1.234733
1.6667774,0.040987871,0.72717664,1.0000338,4.1215233,-1.5978676,-0.85768982,8.7230943,5.2529017,-0.21994599,11.206694,-3.6720911,-1.323179
1.6670869,-0.0003297187,0.84794515,0.99980123,3.8720738,-1.9389478,-0.78545251,8.9540582,5.2495334,-0.26647513,11.19464,-3.3218375,-1.4132234
1.6673963,-0.041049471,0.96673244,0.9979409,3.6207631,-2.2734761,-0.70346594,9.1657274,5.2443496,-0.31586819,11.164583,-2.9403714,-1.4978267
1.6677057,-0.075878412,1.0792005,0.9933076,3.3733274,-2.5950629,-0.61452131,9.3584373,5.2367751,-0.3686644,11.11794,-2.5265612,-1.5721973
1.6680152,-0.10850137,1.1860935,0.98658888,3.1357611,-2.8992971,-0.52351421,9.5340397,5.2257373,-0.42252558,11.053043,-2.0833692,-1.642558
1.6683246,-0.14168117,1.2871454,0.97721706,2.9194398,-3.1776439,-0.42993219,9.6925128,5.2085996,-0.47579837,10.970694,-1.614526,-1.6990461
1.6686341,-0.17287202,1.3835975,0.9648976,2.7291473,-3.4322025,-0.33669931,9.8358752,5.183905,-0.52846462,10.872556,-1.1252759,-1.7355343
1.6689435,-0.20264086,1.4745729,0.95036113,2.5588037,-3.6615219,-0.2454437,9.9631199,5.1490502,-0.58157131,10.761328,-0.62192192,-1.7513546
1.669253,-0.22833243,1.5575869,0.93308665,2.40228,-3.8606104,-0.15964808,10.073496,5.1014623,-0.63485602,10.64306,-0.11031905,-1.7411724
1.6695624,-0.24992991,1.6322676,0.91249844,2.2607183,-4.0282828,-0.082186771,10.16704,5.0387948,-0.68916036,10.521601,0.40032406,-1.705935
1.6698719,-0.27022949,1.6980435,0.88843501,2.1316157,-4.1631944,-0.010794513,10.244169,4.9591274,-0.74423829,10.403268,0.900449,-1.6455451
1.6701814,-0.2886884,1.755474,0.8608933,2.0139079,-4.2654663,0.052740195,10.305983,4.8617545,-0.79872572,10.295666,1.3804753,-1.562244
1.6704909,-0.30460151,1.8055385,0.83027572,1.9025442,-4.3366338,0.1073019,10.351716,4.7426421,-0.85484635,10.207607,1.8301977,-1.4642715
1.6708004,-0.31653961,1.8471041,0.79625321,1.7907313,-4.3758149,0.15467465,10.380971,4.6009639,-0.91283597,10.143766,2.2443658,-1.3543658
1.6711099,-0.3235097,1.8782771,0.75967372,1.679962,-4.383476,0.19810739,10.39397,4.4345768,-0.97356602,10.105845,2.6163876,-1.2369949
1.6714194,-0.32695548,1.8993588,0.72053619,1.5728738,-4.3612341,0.23552245,10.389666,4.2444534,-1.0374649,10.098576,2.9401296,-1.1195741
1.6717289,-0.32719559,1.9106634,0.67899908,1.469544,-4.3087848,0.26721369,10.372631,4.0300312,-1.1035865,10.12523,3.219632,-1.0054635
1.6720384,-0.32416871,1.9129252,0.6352714,1.3695441,-4.22617,0.2944568,10.34064,3.7894012,-1.1716286,10.175976,3.4533704,-0.89859101
1.6723479,-0.31785544,1.9064215,0.58968708,1.272279,-4.112942,0.31703552,10.29388,3.520718,-1.2441213,10.250781,3.6455686,-0.80792704
1.6726575,-0.30755642,1.8896084,0.54195207,1.1762955,-3.9731766,0.33421193,10.229064,3.223796,-1.3230552,10.350849,3.7998196,-0.7329021
1.672967,-0.29394528,1.8630093,0.49223185,1.0853116,-3.8093001,0.35056982,10.147008,2.9020708,-1.4015143,10.463952,3.9227643,-0.67508675
1.6732766,-0.27773015,1.8265398,0.44146133,1.0049124,-3.6187422,0.36674843,10.046896,2.5572106,-1.4731105,10.595987,4.0191378,-0.63177238
1.6735862,-0.25915811,1.7809967,0.39015123,0.93376564,-3.4035531,0.38166271,9.9295232,2.190665,-1.5476054,10.753952,4.0970355,-0.60288444
1.6738958,-0.2385068,1.7271607,0.33877746,0.86972992,-3.1638919,0.39618988,9.79172,1.7990171,-1.6231493,10.924522,4.1626341,-0.58527205
1.6742054,-0.21581941,1.6648347,0.28754965,0.8081721,-2.9027322,0.40813795,9.6333264,1.3853323,-1.6997174,11.098759,4.2216546,-0.57677796
1.674515,-0.19116487,1.5940654,0.23708463,0.74170337,-2.6247266,0.42151476,9.4539571,0.95636678,-1.7678535,11.274225,4.2782383,-0.57606957
1.6748246,-0.16483951,1.5152289,0.18733285,0.68114384,-2.3303433,0.43894742,9.2518759,0.51314384,-1.8381265,11.44811,4.3355849,-0.58174862
1.6751342,-0.13710876,1.4291066,0.13836086,0.62797845,-2.0215009,0.46036486,9.0308073,0.05999696,-1.9036349,11.617827,4.3963824,-0.59189455
1.6754439,-0.10859733,1.3368581,0.089597578,0.57659933,-1.6933906,0.4850161,8.793458,-0.39990117,-1.9625366,11.78175,4.4622557,-0.60414603
1.6757535,-0.078977141,1.2388308,0.041421123,0.52994173,-1.3466692,0.51200886,8.5414197,-0.8616652,-2.0129662,11.938399,4.5328197,-0.61810204
1.6760632,-0.049240781,1.1345604,-0.0052325269,0.47393027,-0.9877415,0.53407572,8.2772481,-1.3220583,-2.0529518,12.087183,4.6064418,-0.63422076
1.6763729,-0.018160391,1.0252974,-0.050136279,0.41019075,-0.61550625,0.56729714,8.0122041,-1.7761358,-2.0805958,12.228378,4.6814372,-0.65136417
1.6766826,0.014369141,0.91114391,-0.092941413,0.34696511,-0.24612043,0.60967154,7.752354,-2.2173502,-2.097586,12.360879,4.7549572,-0.669479
1.6769922,0.048044446,0.79323709,-0.13302306,0.28433112,0.13159318,0.66097409,7.5044805,-2.64152,-2.1047996,12.485249,4.8244465,-0.68838551
1.6773019,0.081719987,0.67382007,-0.17080782,0.21451044,0.52599958,0.72676027,7.2660429,-3.0448748,-2.0989141,12.601253,4.8871408,-0.71014559
1.6776116,0.11024035,0.55163303,-0.2063998,0.1447365,0.93017956,0.78609799,7.0417034,-3.4237144,-2.0823972,12.709354,4.9386886,-0.73597614
1.6779213,0.13701593,0.42758089,-0.23843061,0.077242024,1.3322523,0.83879939,6.8323223,-3.7754561,-2.0559765,12.809129,4.9759121,-0.76571847
1.6782309,0.16417382,0.30137452,-0.26691139,0.018470391,1.733081,0.90185228,6.6396018,-4.0955272,-2.0205079,12.90072,4.9952516,-0.80150433
1.6785406,0.19420901,0.17289509,-0.29482256,-0.031908932,2.1280217,0.97285536,6.4646138,-4.3819494,-1.9810249,12.984165,4.9922089,-0.84427179
1.6788503,0.22423752,0.041299593,-0.31751537,-0.062953841,2.5192633,1.0440537,6.2983591,-4.6279311,-1.9341016,13.058812,4.9646376,-0.89582439
1.6791599,0.25596701,-0.087667648,-0.33749669,-0.069798587,2.9040238,1.1102291,6.1392939,-4.8334679,-1.8811663,13.124082,4.9118648,-0.95508939
1.6794696,0.28978312,-0.21114345,-0.35640567,-0.045688687,3.2723775,1.1639292,5.9896706,-4.99831,-1.8259689,13.179543,4.8351666,-1.0235904
1.6797793,0.32572174,-0.33300968,-0.36819738,0.020316349,3.6177298,1.2069861,5.852786,-5.1248365,-1.7704118,13.224626,4.7302025,-1.1015403
1.6800889,0.3626366,-0.45331397,-0.37437007,0.11944854,3.9394723,1.2373519,5.7424121,-5.2114035,-1.7184715,13.258018,4.5965413,-1.1907591
1.6803986,0.40146068,-0.57190687,-0.3762806,0.25151976,4.2297665,1.2565734,5.6555311,-5.2650976,-1.6717526,13.279469,4.4344557,-1.291756
1.6807083,0.43583705,-0.68590035,-0.37175209,0.40889561,4.4917839,1.2618727,5.5890098,-5.290917,-1.6292235,13.287589,4.2450864,-1.4056442
1.681018,0.46785122,-0.79521839,-0.36443996,0.58826526,4.7219451,1.2526286,5.5401869,-5.2869784,-1.5927072,13.281784,4.0286834,-1.5315543
1.6813276,0.50118809,-0.89894129,-0.35410752,0.78940676,4.9155173,1.2300214,5.5062355,-5.2549392,-1.5620484,13.261093,3.7868502,-1.6695259
1.6816373,0.53622817,-0.99638761,-0.340059,1.0068642,5.0740129,1.1950416,5.4859516,-5.1977189,-1.5369377,13.224557,3.5203887,-1.8193321
1.681947,0.57011743,-1.087829,-0.32228834,1.2335337,5.1984359,1.1512985,5.474876,-5.1178106,-1.5168627,13.171215,3.2299178,-1.9803764
1.6822567,0.59882596,-1.1710294,-0.30137738,1.4669568,5.2899239,1.0989754,5.4704139,-5.0047137,-1.5002822,13.101106,2.9172901,-2.150449
1.6825664,0.62323989,-1.247423,-0.27658816,1.7031722,5.351874,1.0425466,5.4711604,-4.8579383,-1.4862042,13.01194,2.5839806,-2.3262942
1.6828761,0.64360269,-1.3168138,-0.24959276,1.9366065,5.3851516,0.98260278,5.4751569,-4.684282,-1.4754321,12.903358,2.2328351,-2.5038319
1.6831859,0.66168243,-1.3781272,-0.22068582,2.1627228,5.3908881,0.92205853,5.481022,-4.4872153,-1.4650892,12.775405,1.8661084,-2.6781352
1.6834956,0.67794514,-1.4309748,-0.18993388,2.3792039,5.3718324,0.86170013,5.4889422,-4.265496,-1.4570551,12.629829,1.4834176,-2.8439065
1.6838053,0.69012747,-1.4748337,-0.15856982,2.5877701,5.330587,0.80206257,5.4988671,-4.0189009,-1.4504771,12.468058,1.0867889,-2.996401
1.684115,0.69795766,-1.5094977,-0.12686552,2.8048761,5.26941,0.74468429,5.5075763,-3.7485501,-1.4445753,12.288453,0.67980116,-3.1310285
1.6844248,0.70212416,-1.535159,-0.094977476,3.0282336,5.1890967,0.6900139,5.5108578,-3.453366,-1.4409003,12.092373,0.26083148,-3.2409919
1.6847346,0.70262364,-1.5523032,-0.063417455,3.2535322,5.0902813,0.63778305,5.5058147,-3.1359461,-1.4356623,11.882479,-0.16824876,-3.3231309
1.6850443,0.70017337,-1.5610158,-0.03277214,3.4772112,4.9745892,0.58760573,5.485141,-2.7911324,-1.4302111,11.661541,-0.606574,-3.3757783
1.6853541,0.69455367,-1.5604096,-0.0035688686,3.6953714,4.8419571,0.53985784,5.465151,-2.4254593,-1.4242066,11.433104,-1.0475691,-3.3996662
1.6856639,0.68456183,-1.5502408,0.025723469,3.9055387,4.694494,0.49442728,5.4353302,-2.0352642,-1.4153835,11.200844,-1.4791246,-3.3971574
1.6859737,0.672035,-1.5312042,0.05482962,4.101295,4.5309715,0.45081189,5.3928393,-1.6231858,-1.4111745,10.967491,-1.9079349,-3.3706576
1.6862835,0.65871857,-1.5036922,0.083036848,4.2738848,4.351963,0.40905724,5.3420082,-1.1847693,-1.4055712,10.739891,-2.3247545,-3.322086
1.6865933,0.64448943,-1.4678683,0.1102163,4.4231645,4.1587668,0.36855234,5.2730109,-0.730468,-1.3917882,10.519416,-2.7252518,-3.2538548
1.6869032,0.62960022,-1.4242278,0.13575981,4.5484192,3.9516866,0.33000066,5.199016,-0.246632,-1.3722752,10.309224,-3.1005237,-3.1662079
1.687213,0.61427079,-1.3729274,0.15978595,4.6555864,3.7338696,0.294572,5.1189062,0.23934763,-1.3384659,10.11384,-3.4478412,-3.0657684
1.6875229,0.59849238,-1.3135801,0.18215163,4.7457805,3.5046564,0.26441169,5.0468275,0.7319592,-1.3045407,9.9302306,-3.7664599,-2.9534419
1.6878327,0.58116793,-1.2471698,0.20291966,4.8176663,3.2602456,0.23738678,4.9797828,1.2323703,-1.257306,9.7624221,-4.053995,-2.8381367
1.6881426,0.56244197,-1.1732244,0.22304161,4.8665792,3.0008937,0.21445672,4.9216054,1.7205458,-1.1943806,9.6108024,-4.3098744,-2.7228627
1.6884525,0.54248174,-1.0909245,0.24025534,4.8916999,2.7260444,0.19317842,4.8905533,2.1991117,-1.1189009,9.4884144,-4.528548,-2.6062516
1.6887624,0.52170287,-1.0019344,0.25545503,4.8946745,2.4392438,0.17813525,4.8900295,2.6596155,-1.0312476,9.3960336,-4.7127001,-2.4969763
1.6890723,0.50031289,-0.90691802,0.26962182,4.8909052,2.1489921,0.17131189,4.9290117,3.0934701,-0.93757745,9.3319279,-4.866533,-2.3959255
1.6893821,0.47944507,-0.80587917,0.28323916,4.8720117,1.8439034,0.17180376,5.0044808,3.4975863,-0.85036388,9.2959175,-4.9914631,-2.304458
1.689692,0.458214,-0.6991835,0.29659041,4.8323734,1.5206323,0.17848342,5.1182336,3.862899,-0.76044121,9.2790076,-5.0801238,-2.2207716
1.6900019,0.4356893,-0.58838707,0.31016109,4.77346,1.1830834,0.18832248,5.2679666,4.1851572,-0.67721933,9.280833,-5.1382472,-2.1461502
1.6903118,0.4145719,-0.47512469,0.32394282,4.6965552,0.82993535,0.20338583,5.4457604,4.4654724,-0.60215871,9.2981566,-5.1738078,-2.083043
1.6906216,0.39376928,-0.35706587,0.33607895,4.5979449,0.47241087,0.24209389,5.6421335,4.7042496,-0.53988552,9.3305459,-5.1942999,-2.0293737
1.6909315,0.37675208,-0.23349989,0.34800327,4.4702509,0.1160852,0.29333399,5.8558031,4.9036559,-0.4915867,9.3790103,-5.2023414,-1.9865188
1.6912413,0.35941647,-0.1075121,0.36273715,4.3193828,-0.24774934,0.34814095,6.0835111,5.0667705,-0.45739948,9.4415066,-5.1922138,-1.952233
1.6915512,0.34236805,0.020286444,0.37821897,4.1455315,-0.61795887,0.41305783,6.3253913,5.1949131,-0.43411502,9.5124082,-5.1526876,-1.9272162
1.6918611,0.32553946,0.14441704,0.39472696,3.9529835,-0.99534523,0.48636744,6.5871608,5.2928938,-0.42461683,9.5859257,-5.0768092,-1.9149126
1.6921709,0.30901617,0.26835806,0.40588643,3.7458086,-1.3759412,0.57291728,6.8731418,5.3656083,-0.42848941,9.6605182,-4.9569901,-1.9151605
1.6924808,0.29280118,0.39380442,0.41336432,3.5088241,-1.7526022,0.67241689,7.177379,5.418637,-0.44307854,9.7331127,-4.7918224,-1.9274098
1.6927907,0.27719714,0.52088435,0.42050793,3.2582262,-2.1221679,0.77962071,7.474027,5.4575886,-0.4666888,9.8005124,-4.5931905,-1.9503985
1.6931005,0.25747844,0.64832732,0.42581874,3.0034322,-2.4880754,0.88896109,7.7552662,5.4847533,-0.49544191,9.8592024,-4.3697823,-1.9838211
1.6934104,0.23683655,0.7749418,0.43074323,2.7558022,-2.8435411,0.99094421,8.017015,5.5024087,-0.52706482,9.9082976,-4.1215425,-2.0266966
1.6937202,0.21697605,0.8996991,0.43296261,2.5241433,-3.1875502,1.0824879,8.2576797,5.5047716,-0.55945259,9.9458443,-3.8500866,-2.0777827
1.6940301,0.19711659,1.0215662,0.43290736,2.3164891,-3.5121675,1.1668912,8.475306,5.4970827,-0.59038294,9.9720839,-3.5531564,-2.1323246
1.69434,0.17671101,1.1406576,0.43060759,2.1375323,-3.8092767,1.2454831,8.6701338,5.4899133,-0.61707107,9.986475,-3.231179,-2.1850279
1.6946499,0.15538359,1.2566849,0.42664873,1.9840215,-4.0814641,1.3156917,8.8429227,5.478843,-0.63833835,9.9865826,-2.8862544,-2.2370322
1.6949597,0.13483109,1.3703475,0.42160789,1.8607943,-4.3225258,1.3782808,8.9941102,5.4552036,-0.65586845,9.9724305,-2.5194902,-2.2883967
1.6952696,0.11711019,1.4783026,0.41477454,1.7657599,-4.5334971,1.4259457,9.1238359,5.4159012,-0.67171601,9.9405425,-2.1313519,-2.3335411
1.6955795,0.10232052,1.5796901,0.40556598,1.6889796,-4.7084111,1.4604713,9.2304299,5.3648464,-0.68525525,9.8989145,-1.7270491,-2.3716631
1.6958894,0.088379083,1.6742773,0.39411017,1.622904,-4.8462154,1.4821045,9.3155449,5.2968604,-0.69677941,9.8455443,-1.3057022,-2.3974733
1.6961993,0.074772973,1.7619037,0.37966731,1.5661327,-4.9463803,1.4905064,9.3788578,5.2032617,-0.70651609,9.7808071,-0.87076427,-2.4030149
1.6965092,0.063474724,1.8424708,0.3628032,1.5095777,-5.0095073,1.4894796,9.4202723,5.0816547,-0.71586769,9.7070586,-0.42551579,-2.3856328
1.6968191,0.055575205,1.9152573,0.34346259,1.453413,-5.0404547,1.4783551,9.4393642,4.93276,-0.73095361,9.629632,0.032309112,-2.3448456
1.697129,0.052708279,1.979029,0.32146814,1.3988054,-5.0407245,1.4596423,9.4349368,4.7563786,-0.74803359,9.5599816,0.48348509,-2.279056
1.697439,0.053091375,2.0341408,0.29671974,1.3482563,-5.0098741,1.4354026,9.4066255,4.5512987,-0.76631713,9.4963727,0.92937618,-2.1891481
1.6977489,0.055951686,2.0796288,0.26992525,1.2997926,-4.946868,1.4087747,9.3592348,4.3158634,-0.79065909,9.44714,1.3638974,-2.0782763
1.6980588,0.061944141,2.1144757,0.24121645,1.2533148,-4.8546052,1.3794131,9.2877614,4.0469849,-0.81933248,9.4168396,1.779938,-1.9486006
1.6983688,0.071230117,2.1388358,0.21035336,1.2080715,-4.7318913,1.3487357,9.1958445,3.7398235,-0.84949446,9.4061934,2.1730709,-1.8085192
1.6986787,0.085215147,2.1551445,0.17779644,1.1626076,-4.5791809,1.3172465,9.0808867,3.3950577,-0.88021376,9.4171972,2.5355221,-1.6619122
1.6989887,0.10438207,2.1616901,0.14377038,1.1155568,-4.3979335,1.2877338,8.9353871,3.0124014,-0.90996819,9.4572489,2.8644525,-1.5151852
1.6992987,0.12759016,2.1573833,0.10946603,1.079496,-4.1890239,1.2611368,8.7777813,2.5945914,-0.93525234,9.5257712,3.159665,-1.373444
1.6996087,0.15488946,2.1425027,0.073276141,1.0515082,-3.9535295,1.2374347,8.5963244,2.1434345,-0.95568851,9.614595,3.4191807,-1.2412161
1.6999187,0.18601852,2.1178921,0.03615325,1.0292901,-3.6917531,1.2159334,8.3890557,1.6581069,-0.97155587,9.7299558,3.6451722,-1.1237784
1.7002287,0.22077927,2.0832752,-0.0010489484,1.0065312,-3.4057873,1.1966021,8.1585098,1.1363181,-0.98550894,9.8658564,3.8403486,-1.0232765
1.7005387,0.25932669,2.0387143,-0.037697408,0.97377577,-3.0987973,1.1792834,7.9068468,0.58569955,-0.98724428,10.017556,4.0078796,-0.94370308
1.7008488,0.3007433,1.9840653,-0.075324686,0.94397598,-2.776662,1.1686019,7.6354944,0.018778565,-0.98358652,10.185765,4.1527417,-0.88368939
1.7011588,0.34471235,1.920112,-0.11449676,0.91737884,-2.4364308,1.1618118,7.3425674,-0.56570214,-0.97542004,10.370971,4.2786647,-0.83958012
1.7014689,0.39112227,1.8473751,-0.1540359,0.88842534,-2.0775451,1.1581579,7.0447874,-1.1619361,-0.96091353,10.559446,4.3905072,-0.80973601
1.7017789,0.43911407,1.7665713,-0.19338848,0.85835763,-1.7004544,1.1581479,6.7468721,-1.7613428,-0.94713515,10.746077,4.4908686,-0.79122522
1.702089,0.48778421,1.6779949,-0.23184983,0.82154483,-1.3018157,1.1565967,6.4648214,-2.3533791,-0.93228977,10.926562,4.5829849,-0.78169477
1.7023991,0.53695083,1.581385,-0.26952383,0.77023103,-0.88537267,1.1667913,6.1971242,-2.9301966,-0.91437062,11.0972,4.6680581,-0.77824553
1.7027092,0.58675116,1.4773695,-0.30409274,0.71174959,-0.46806732,1.1949354,5.9508577,-3.4852865,-0.89448129,11.255036,4.7443054,-0.77845445
1.7030194,0.6365993,1.3668601,-0.33683303,0.6476235,-0.037021781,1.2264061,5.7337021,-4.022493,-0.87609038,11.398313,4.811671,-0.78061872
1.7033295,0.68857688,1.2500396,-0.36838114,0.57819175,0.41100139,1.2635784,5.5496065,-4.5211644,-0.85695854,11.525704,4.8717572,-0.78817168
1.7036397,0.74033772,1.127278,-0.39769937,0.50552441,0.87661277,1.2982592,5.400025,-4.969899,-0.84184109,11.636693,4.9260051,-0.8002822
1.7039498,0.79012274,0.99926271,-0.42406311,0.43111426,1.3491543,1.3280245,5.2888127,-5.3682682,-0.82725998,11.731202,4.9670783,-0.81463839
1.7042599,0.83824336,0.86625022,-0.44760775,0.36149871,1.8260739,1.3556896,5.2050786,-5.7064514,-0.81441233,11.808003,4.9796142,-0.83218643
1.7045701,0.88384938,0.72872257,-0.46830124,0.29550798,2.2996101,1.3892774,5.1409761,-5.9686497,-0.80564441,11.865303,4.9769369,-0.85468405
1.7048802,0.92900335,0.58743312,-0.48651654,0.25024332,2.7674296,1.4150041,5.0961694,-6.1650009,-0.79971836,11.902128,4.9614612,-0.88266676
1.7051904,0.96913407,0.44184482,-0.50179402,0.2255018,3.2263741,1.4357748,5.0716631,-6.3127851,-0.79776168,11.920999,4.9301005,-0.91530834
1.7055005,1.0038078,0.29260001,-0.51267586,0.22214556,3.6685357,1.4494865,5.0847858,-6.4191963,-0.79745368,11.918753,4.8670956,-0.95275345
1.7058106,1.0344014,0.14003216,-0.52003057,0.25667236,4.0812091,1.4590006,5.133122,-6.4957702,-0.79947154,11.892287,4.7769167,-0.99605697
1.7061208,1.0621949,-0.014150986,-0.52292329,0.318371,4.4592415,1.4584484,5.2047824,-6.5413697,-0.80438501,11.842091,4.6400856,-1.0456173
1.7064309,1.0867993,-0.16909103,-0.52546008,0.41159099,4.8068226,1.4491288,5.2924513,-6.5526732,-0.8104415,11.770203,4.4468332,-1.1017417
1.7067411,1.1091372,-0.32699312,-0.52194994,0.53319338,5.1202038,1.4291298,5.3903586,-6.5301002,-0.81768361,11.676903,4.1957249,-1.1661048
1.7070512,1.1290883,-0.48009933,-0.51372448,0.68574155,5.3926467,1.397768,5.4936239,-6.47704,-0.82476773,11.561472,3.8991222,-1.2404599
1.7073613,1.1465617,-0.62889983,-0.50174812,0.86967742,5.62338,1.356829,5.5979941,-6.3851163,-0.83119118,11.425655,3.5537886,-1.3234668
1.7076715,1.1625719,-0.774559,-0.48306628,1.0844772,5.8150414,1.3065309,5.701685,-6.2540936,-0.83627921,11.271131,3.1610626,-1.413798
1.7079816,1.172079,-0.915987,-0.45680411,1.3307504,5.9704733,1.2469559,5.8038615,-6.0865912,-0.84013717,11.101893,2.7270576,-1.510807
1.7082918,1.1776719,-1.0521652,-0.42467815,1.6054535,6.0996306,1.180196,5.9037216,-5.8926831,-0.84296239,10.921326,2.2566317,-1.6139298
1.7086019,1.1767297,-1.1818177,-0.38777192,1.9047775,6.2051356,1.1064128,5.9987831,-5.6802347,-0.84534435,10.735998,1.7570522,-1.7230854
1.7089121,1.1759239,-1.3064055,-0.34543259,2.2232696,6.2857244,1.0271153,6.0850886,-5.446141,-0.84671005,10.548408,1.2361379,-1.8344465
1.7092223,1.1724147,-1.4231397,-0.29648162,2.5623476,6.3428744,0.94306587,6.160087,-5.1871275,-0.84733697,10.361543,0.70114267,-1.9464388
1.7095324,1.1623673,-1.5324409,-0.24289559,2.9319154,6.3751846,0.85856602,6.2223806,-4.9019611,-0.84867434,10.180795,0.16020915,-2.0564952
1.7098426,1.1480694,-1.6351896,-0.18309255,3.3293954,6.3849213,0.7685999,6.2675825,-4.5888985,-0.85212459,10.010123,-0.3807851,-2.1619881
1.7101528,1.130466,-1.7288468,-0.11892081,3.752076,6.365851,0.67017987,6.2932288,-4.2452599,-0.85736746,9.849594,-0.91905316,-2.2589395
1.710463,1.1088941,-1.8152128,-0.051101744,4.1918167,6.3150447,0.57126908,6.2974023,-3.8714293,-0.86520733,9.6997059,-1.43944,-2.3436012
1.7107732,1.0857273,-1.8918689,0.020142087,4.6422,6.2380176,0.47249468,6.2762761,-3.4676229,-0.87403978,9.5601492,-1.9440519,-2.411415
1.7110834,1.0602937,-1.9595888,0.093932673,5.0640311,6.1451032,0.36625468,6.228173,-3.0287526,-0.88337168,9.4349777,-2.4293524,-2.4612141
1.7113936,1.0299696,-2.0170713,0.16958925,5.4530547,6.0375475,0.25789468,6.1669583,-2.5609574,-0.89137725,9.3232516,-2.8929781,-2.49358
1.7117038,0.99672064,-2.0649397,0.24628464,5.8084307,5.9173329,0.14900227,6.0864592,-2.061816,-0.89995596,9.2240749,-3.330286,-2.5043861
1.712014,0.96265546,-2.1013752,0.3223721,6.1310115,5.7863252,0.039655381,5.9899678,-1.5353083,-0.91344103,9.1395839,-3.7392143,-2.4935361
1.7123242,0.92809666,-2.1267989,0.39749676,6.4228326,5.6480519,-0.083672679,5.8679318,-0.98300959,-0.92726846,9.0702343,-4.1166466,-2.4612515
1.7126344,0.89368296,-2.1408153,0.47046469,6.685208,5.5013504,-0.20995404,5.7339322,-0.40738046,-0.93278074,9.0185607,-4.4601923,-2.409191
1.7129446,0.85927811,-2.1443658,0.53828905,6.9153911,5.344739,-0.33867254,5.5926962,0.1904459,-0.93032284,8.984054,-4.7681484,-2.3405268
1.7132548,0.82446075,-2.1384205,0.59961501,7.1059742,5.1766137,-0.46905807,5.4415455,0.79770658,-0.91329606,8.9714279,-5.0365973,-2.2585873
1.7135651,0.78850949,-2.1245815,0.65782434,7.2678966,4.995402,-0.60368956,5.2992565,1.4089539,-0.90738099,8.9772102,-5.2700276,-2.1674761
1.7138753,0.75185949,-2.098895,0.71592787,7.3945369,4.8003086,-0.73962705,5.1798877,2.013067,-0.89561258,9.0021982,-5.4654028,-2.0719971
1.7141855,0.71499667,-2.0632917,0.77133108,7.485914,4.5916262,-0.87643519,5.088103,2.6043776,-0.87528744,9.0459662,-5.6220897,-1.974073
1.7144957,0.67891951,-2.0182446,0.82425645,7.5407358,4.3673154,-1.0129813,5.0364634,3.1745123,-0.83782108,9.1070126,-5.7436925,-1.8784069
1.7148059,0.64342857,-1.963533,0.87446659,7.5656838,4.1293378,-1.1496849,5.0355942,3.7097582,-0.78601838,9.1829398,-5.8341274,-1.7875141
1.7151162,0.60903145,-1.90011,0.92369319,7.5602483,3.8729246,-1.286498,5.0767446,4.2045817,-0.72512413,9.2711155,-5.8962889,-1.7032233
1.7154264,0.57549939,-1.8283562,0.97082054,7.5232701,3.6014168,-1.4202074,5.1663772,4.6548438,-0.6559929,9.3692829,-5.9309622,-1.6250757
1.7157366,0.54225314,-1.7479845,1.0147124,7.4548613,3.3160716,-1.5494588,5.2967849,5.0595106,-0.57926374,9.4737838,-5.9356145,-1.5530578
1.7160469,0.51007674,-1.6599251,1.0560464,7.3584361,3.0151896,-1.6720267,5.4666292,5.4095269,-0.49762112,9.5789046,-5.915675,-1.4877734
1.7163571,0.4791168,-1.5646375,1.0952575,7.2275675,2.7009708,-1.7872093,5.6915093,5.6948386,-0.41114511,9.6789362,-5.8804623,-1.4291849
1.7166674,0.44824764,-1.4625629,1.1308444,7.075119,2.3771836,-1.8955258,5.9933235,5.9223042,-0.3259385,9.7724405,-5.8257921,-1.3780715
1.7169776,0.41840767,-1.3545163,1.1629669,6.8943538,2.035148,-1.9954007,6.3776748,6.097175,-0.244327,9.8556542,-5.7487234,-1.3345687
1.7172879,0.38850379,-1.2406179,1.1919143,6.6871943,1.6807962,-2.0875745,6.8349931,6.2311293,-0.16923171,9.9243404,-5.648941,-1.2987581
1.7175982,0.36115053,-1.1207084,1.2191243,6.4553375,1.3150984,-2.1609952,7.3287715,6.3317826,-0.10523289,9.9739526,-5.5340551,-1.2716684
1.7179084,0.33394239,-0.99662621,1.244424,6.2020249,0.93246669,-2.2177106,7.8363108,6.4022175,-0.051817517,10.00313,-5.3864295,-1.2533311
1.7182187,0.30613767,-0.86909251,1.2679243,5.91903,0.54592691,-2.2547602,8.3455263,6.4566154,-0.010593121,10.010391,-5.2030634,-1.2450415
1.718529,0.2766879,-0.73839371,1.289867,5.6137629,0.15106832,-2.2692862,8.8394805,6.4993161,0.013355137,9.9943885,-4.9892459,-1.2480636
1.7188393,0.24449466,-0.60505776,1.3102895,5.2904228,-0.25372422,-2.2562557,9.3093954,6.5313383,0.026744633,9.955704,-4.7387825,-1.2611574
1.7191496,0.21663521,-0.46805915,1.3325311,4.9504335,-0.66637526,-2.2220303,9.7532639,6.5591703,0.031971254,9.8943198,-4.4451386,-1.2828975
1.7194599,0.18801281,-0.33023688,1.3541832,4.597097,-1.0918547,-2.1602671,10.167381,6.5838976,0.020550676,9.8118342,-4.1058644,-1.3131835
1.7197702,0.15770823,-0.19084314,1.3783079,4.2376899,-1.525492,-2.0682948,10.54944,6.6084999,-0.01281474,9.7090227,-3.7176042,-1.3509013
1.7200805,0.12502648,-0.049257307,1.399279,3.87826,-1.9541248,-1.9582913,10.895182,6.6326865,-0.065196806,9.5897731,-3.2825281,-1.3957298
1.7203908,0.091041219,0.09043231,1.4193161,3.5294246,-2.3838947,-1.8210329,11.200792,6.6546638,-0.13133664,9.4583773,-2.8037673,-1.4433083
1.7207011,0.0534209,0.22532348,1.440218,3.1986562,-2.8096385,-1.6650809,11.467738,6.6718617,-0.21587142,9.3175073,-2.2840152,-1.4921914
1.7210113,0.0154596,0.35829678,1.4604593,2.8904717,-3.2313351,-1.4924967,11.696481,6.6805073,-0.31479325,9.1764639,-1.7268546,-1.5422871
1.7213216,-0.02468207,0.49254835,1.4816518,2.5950291,-3.6469459,-1.3129327,11.887531,6.6765263,-0.42614457,9.0309832,-1.1426676,-1.5870497
1.7216319,-0.065658797,0.62460581,1.5021121,2.3329469,-4.0445892,-1.1422396,12.03912,6.6594441,-0.54879856,8.8927501,-0.53976538,-1.6243756
1.7219422,-0.11462875,0.75110446,1.5244909,2.0915671,-4.4170289,-0.97393897,12.150987,6.624354,-0.67968265,8.767397,0.073106117,-1.6501777
1.7222525,-0.16836339,0.87362835,1.5459253,1.8800788,-4.7609881,-0.79822517,12.224374,6.5687977,-0.81702405,8.6590413,0.68542936,-1.6679835
1.7225628,-0.21706433,0.99263778,1.561571,1.7020749,-5.0744224,-0.62623223,12.259741,6.4908065,-0.95979106,8.5693666,1.2873566,-1.6704489
1.7228731,-0.26689584,1.1081921,1.5763136,1.557904,-5.3512771,-0.46292126,12.257978,6.3933413,-1.1086041,8.5086758,1.8675177,-1.6528503
1.7231834,-0.31706586,1.2191102,1.5903746,1.4531535,-5.5931928,-0.30643095,12.219067,6.2732334,-1.2601385,8.4833288,2.4163029,-1.6193711
1.7234937,-0.36778998,1.3212718,1.6011799,1.3730713,-5.795974,-0.16553724,12.145065,6.1323666,-1.4125425,8.4872708,2.9286189,-1.5612254
1.723804,-0.41870996,1.4162979,1.6081635,1.3215912,-5.9545446,-0.036332776,12.035993,5.9676574,-1.5644348,8.5232708,3.3969436,-1.479919
1.7241143,-0.46996646,1.5044288,1.6112469,1.3127518,-6.0761201,0.077558329,11.8946,5.7788261,-1.7149012,8.6068926,3.8177385,-1.3771466
1.7244246,-0.5166895,1.5845655,1.6103065,1.3570475,-6.1606325,0.1775246,11.720773,5.564996,-1.8631425,8.7288271,4.1866819,-1.2595031
1.7247349,-0.55863532,1.6571799,1.6036395,1.4482134,-6.2092693,0.25966773,11.513437,5.3235811,-2.0087989,8.89523,4.5042942,-1.1320558
1.7250452,-0.59795191,1.7214923,1.5886593,1.5793015,-6.2240423,0.32872427,11.279383,5.057708,-2.1487712,9.1161695,4.7702873,-1.000118
1.7253555,-0.63364158,1.7785832,1.5683116,1.7434344,-6.2058472,0.38250819,11.016584,4.7684774,-2.283523,9.3811465,4.9878903,-0.86449063
1.7256658,-0.66353622,1.8278791,1.5420346,1.9347142,-6.1506858,0.4195272,10.728726,4.4529077,-2.4081362,9.676771,5.1663676,-0.73535497
1.7259761,-0.68858095,1.864846,1.5098977,2.1451683,-6.060677,0.44027005,10.418167,4.1090703,-2.5228665,9.9964935,5.3092105,-0.61623894
1.7262864,-0.70727934,1.8919973,1.4733548,2.3692061,-5.9357406,0.44456287,10.085104,3.7327708,-2.6276882,10.332132,5.4246793,-0.51142979
1.7265967,-0.71888703,1.9126076,1.4308399,2.6043347,-5.7792118,0.43139155,9.7383787,3.3281106,-2.7182716,10.674401,5.5216036,-0.42437236
1.7269071,-0.72332682,1.9247149,1.3822518,2.8431051,-5.5937666,0.4035164,9.377709,2.8949666,-2.8043801,11.016922,5.6098953,-0.3550088
1.7272174,-0.72165098,1.9285247,1.3275304,3.0816656,-5.3818712,0.36012021,9.0062558,2.4322957,-2.8744845,11.353545,5.6904698,-0.30122339
1.7275278,-0.71321531,1.9230408,1.2669723,3.312972,-5.1474546,0.30411641,8.6285161,1.9359081,-2.9263565,11.67812,5.7670387,-0.26614413
1.7278381,-0.69797583,1.9091846,1.2021919,3.530321,-4.8928521,0.23547978,8.2539833,1.3998443,-2.9602667,11.987542,5.8409491,-0.2516446
1.7281485,-0.67635156,1.885727,1.1321664,3.7307672,-4.6232658,0.15594074,7.869118,0.83502686,-2.9744318,12.278984,5.912323,-0.25787874
1.7284588,-0.64749303,1.8544934,1.0585222,3.9089147,-4.3416122,0.066509243,7.4935072,0.2393413,-2.979897,12.549789,5.9796525,-0.28357607
1.7287691,-0.61216612,1.8153606,0.98169287,4.0649362,-4.0477815,-0.028571824,7.1300505,-0.38630926,-2.9787116,12.796658,6.0418445,-0.32750984
1.7290795,-0.5721543,1.768758,0.90248019,4.1939654,-3.7411316,-0.12823334,6.7838719,-1.0425506,-2.9718221,13.017396,6.0955368,-0.39042892
1.7293898,-0.52779535,1.7148815,0.81992856,4.293847,-3.423792,-0.2307086,6.4621856,-1.7311908,-2.92836,13.209555,6.1399744,-0.47171673
1.7297002,-0.47972798,1.6531952,0.73058089,4.3615449,-3.0945606,-0.33036951,6.1748235,-2.4155019,-2.8456721,13.371823,6.1726852,-0.56976748
1.7300105,-0.4277872,1.5851459,0.63525221,4.4068699,-2.763758,-0.42535442,5.9186788,-3.1146078,-2.7221085,13.503611,6.1900761,-0.68139486
1.7303208,-0.37259606,1.5116125,0.53604073,4.4191374,-2.4176858,-0.51568921,5.7108446,-3.808662,-2.5662592,13.604495,6.1910426,-0.80391524
1.7306312,-0.31543173,1.43153,0.43641901,4.3956761,-2.0585904,-0.58832274,5.5546543,-4.4681269,-2.3729404,13.674268,6.1844314,-0.93531811
1.7309415,-0.25663147,1.3449998,0.33819722,4.3424986,-1.6914216,-0.64871577,5.4581196,-5.088468,-2.1449021,13.710511,6.1738744,-1.0726014
1.7312518,-0.19583294,1.2533173,0.24087067,4.2577209,-1.3132271,-0.69232857,5.4373576,-5.6526434,-1.8896707,13.713402,6.159027,-1.2127602
1.7315621,-0.1351109,1.1568041,0.14541952,4.1401873,-0.92914578,-0.71410163,5.4886188,-6.1452828,-1.621676,13.683041,6.1283177,-1.3536466
1.7318725,-0.074659775,1.055307,0.054158953,3.9960001,-0.53306206,-0.7128376,5.6125701,-6.5533424,-1.3315667,13.620207,6.0771385,-1.4924392
1.7321828,-0.017487702,0.9489706,-0.032065244,3.8241188,-0.13297304,-0.69572958,5.7953731,-6.8851682,-1.0350293,13.525725,5.9994651,-1.6276017
1.7324931,0.038404313,0.83773939,-0.11404149,3.6286324,0.26667876,-0.66154964,6.0354303,-7.1508252,-0.74350345,13.3995,5.8910349,-1.7569472
1.7328034,0.090073883,0.72104451,-0.19708728,3.4217816,0.66550568,-0.60864256,6.330122,-7.3467122,-0.46712254,13.241706,5.750548,-1.8803469
1.7331138,0.13787947,0.59860232,-0.27630795,3.2087919,1.0604678,-0.54424649,6.6665528,-7.4820846,-0.21638558,13.05409,5.5852157,-1.9979864
1.7334241,0.18213057,0.47138977,-0.34931361,2.9961969,1.4481814,-0.47347556,7.0347162,-7.5745244,-0.00097393254,12.837088,5.3989659,-2.1088941
1.7337344,0.21159354,0.34054929,-0.41383141,2.7982839,1.8300617,-0.4016251,7.4215894,-7.6343807,0.17315401,12.593886,5.1948439,-2.2114935
1.7340447,0.22821963,0.20569996,-0.47096813,2.621797,2.195339,-0.33750856,7.8186838,-7.6498609,0.30792717,12.323042,4.9710584,-2.3064741
1.7343551,0.23811079,0.066923481,-0.51869843,2.4716423,2.5383983,-0.28243079,8.2130282,-7.6230248,0.39667112,12.025461,4.7228895,-2.3946206
1.7346654,0.24276838,-0.076231242,-0.55906344,2.3509824,2.862779,-0.23803581,8.5923954,-7.5605029,0.43926227,11.712445,4.4477392,-2.4742667
1.7349757,0.24258382,-0.22340854,-0.5925054,2.2600576,3.1681957,-0.2055291,8.9600432,-7.4529897,0.43545607,11.38504,4.1355941,-2.5444094
1.7352861,0.23659034,-0.37277795,-0.61759516,2.2002281,3.452153,-0.1871736,9.3067763,-7.2913908,0.38745343,11.046543,3.7833104,-2.6052397
1.7355964,0.22626131,-0.52557046,-0.63760236,2.1675052,3.7137636,-0.18924711,9.6172264,-7.0983737,0.30148364,10.697769,3.3859196,-2.6562444
1.7359067,0.20995223,-0.67502922,-0.65076764,2.1741961,3.9591892,-0.20998686,9.886615,-6.8921525,0.17819055,10.342429,2.9390574,-2.6985277
1.7362171,0.1870054,-0.82088484,-0.6548576,2.2199228,4.1897645,-0.24687022,10.117404,-6.6730102,0.022700684,9.9987369,2.4490551,-2.7308548
1.7365274,0.15798634,-0.96484808,-0.65018147,2.2976312,4.3969143,-0.29808675,10.30608,-6.4411383,-0.16004487,9.6743946,1.9102753,-2.7500874
1.7368378,0.12319905,-1.1051773,-0.6346385,2.4044006,4.5822071,-0.36270081,10.452078,-6.1964111,-0.36319877,9.3553005,1.3387342,-2.7629307
1.7371482,0.084188937,-1.2406425,-0.60739386,2.5345713,4.7472628,-0.43415396,10.552995,-5.9391897,-0.58130972,9.0567801,0.72871328,-2.7590621
1.7374585,0.040726147,-1.3701858,-0.57005672,2.6822555,4.8926105,-0.51055856,10.613211,-5.6682361,-0.80683421,8.794256,0.085598489,-2.7411694
1.7377689,-0.012329721,-1.4992667,-0.52310133,2.8506982,5.0173046,-0.59799989,10.626586,-5.3819315,-1.0317388,8.5620058,-0.58826857,-2.7133365
1.7380793,-0.07064311,-1.6241751,-0.46166533,3.0356403,5.1261563,-0.70268238,10.598047,-5.0790694,-1.2539016,8.368769,-1.2913332,-2.6575822
1.7383897,-0.12724789,-1.7412228,-0.38951663,3.230604,5.2196514,-0.83001018,10.532591,-4.7644522,-1.4651242,8.2209006,-1.9904037,-2.5606949
1.7387001,-0.18544956,-1.8520981,-0.31025517,3.4314929,5.2990695,-0.97569809,10.434682,-4.4426257,-1.6619859,8.1342499,-2.6906245,-2.4173143
1.7390105,-0.24423066,-1.9575534,-0.22630494,3.6343868,5.364607,-1.1362043,10.304747,-4.1171375,-1.843035,8.0798524,-3.3910369,-2.2106566
1.7393209,-0.30438801,-2.0537059,-0.13824976,3.8359836,5.4187934,-1.311805,10.151587,-3.7897608,-2.0032203,8.0687989,-4.0693178,-1.9464455
1.7396313,-0.36496778,-2.1397367,-0.046253273,4.0347406,5.4620099,-1.4949854,9.9739653,-3.4621396,-2.1393108,8.1238121,-4.6946585,-1.6516478
1.7399417,-0.42768764,-2.2144427,0.048455932,4.2280565,5.5027877,-1.689507,9.7748021,-3.1343105,-2.2494965,8.2365899,-5.2562493,-1.3255799
1.7402521,-0.49033241,-2.2763317,0.1483083,4.4110145,5.5366624,-1.8915628,9.5592784,-2.8043543,-2.3309654,8.4015711,-5.7401687,-0.98966581
1.7405626,-0.55231503,-2.3237594,0.25086492,4.5794324,5.5551823,-2.0984025,9.3264119,-2.471755,-2.3934117,8.6109565,-6.1262773,-0.64364576
1.740873,-0.60931231,-2.3574643,0.35480487,4.730781,5.5601857,-2.3026212,9.0834499,-2.1344735,-2.4322606,8.8609654,-6.4195161,-0.31415196
1.7411835,-0.66483975,-2.3825752,0.46028085,4.8633779,5.5522066,-2.4942795,8.8292081,-1.7916108,-2.4471254,9.1442698,-6.6359923,-0.0054670383
1.741494,-0.71840114,-2.3976339,0.56393868,4.979062,5.5337102,-2.6741358,8.5674101,-1.4416478,-2.4380228,9.452162,-6.7889187,0.26253728
1.7418044,-0.7724929,-2.4024279,0.66395815,5.0758833,5.5051973,-2.8405627,8.305414,-1.0831585,-2.4032902,9.7829055,-6.8813977,0.46942283
1.7421149,-0.82530954,-2.3978311,0.75929386,5.153977,5.467811,-2.9940909,8.0484719,-0.7172693,-2.3556024,10.120966,-6.9228,0.61398812
1.7424254,-0.8779451,-2.3835608,0.84786824,5.2121895,5.4229092,-3.1389516,7.8017253,-0.34321758,-2.2927816,10.450189,-6.9262997,0.71465913
1.7427359,-0.92974735,-2.3593571,0.93083666,5.2479746,5.3715658,-3.2764409,7.5671282,0.038103107,-2.2173558,10.761328,-6.9051415,0.76025201
1.7430464,-0.9785925,-2.3263885,1.0081822,5.2602111,5.313445,-3.4058841,7.3371756,0.42224206,-2.1289102,11.059829,-6.8547909,0.74527367
1.743357,-1.0250409,-2.2838879,1.0808533,5.2487094,5.2461107,-3.5275151,7.1240225,0.81194487,-2.0309626,11.329367,-6.7706019,0.67169691
1.7436675,-1.0697255,-2.232313,1.1484984,5.2135076,5.1705942,-3.6412761,6.9342258,1.2101756,-1.9281848,11.571246,-6.6529145,0.55035265
1.7439781,-1.1133085,-2.1715987,1.211694,5.1540381,5.0846946,-3.7464436,6.7709577,1.6132058,-1.8223315,11.779272,-6.4922126,0.38634482
1.7442886,-1.1564687,-2.1022518,1.2709245,5.07129,4.9876062,-3.8470912,6.6340387,2.0214686,-1.7149585,11.949818,-6.2867588,0.18534642
1.7445992,-1.1946713,-2.0253848,1.3240111,4.9651817,4.8799428,-3.9336436,6.5288733,2.4151049,-1.6104865,12.083151,-6.0569474,-0.0455079
1.7449098,-1.2297438,-1.9407609,1.3734,4.8354183,4.7595794,-4.0099241,6.4582951,2.8054194,-1.512988,12.17929,-5.8177666,-0.29503406
1.7452204,-1.2628968,-1.8494181,1.4185504,4.6855156,4.6282252,-4.0723761,6.4263293,3.1933019,-1.4258928,12.242179,-5.5712004,-0.55498236
1.7455309,-1.2928713,-1.7516273,1.459818,4.5151852,4.4856601,-4.1221014,6.431365,3.5700082,-1.3524052,12.267459,-5.3214235,-0.81634194
1.7458415,-1.3204188,-1.6492374,1.4969114,4.3244655,4.329155,-4.1626895,6.4721434,3.9294554,-1.2953777,12.260364,-5.0704228,-1.0727216
1.7461522,-1.3455269,-1.5427843,1.5299845,4.116156,4.1621156,-4.1891853,6.552216,4.2634218,-1.2622269,12.224339,-4.8212539,-1.3188676
1.7464628,-1.3699708,-1.4313531,1.5592341,3.8946015,3.9830172,-4.199176,6.6774089,4.5742428,-1.2474711,12.16423,-4.5761642,-1.5484093
1.7467734,-1.3940355,-1.3147189,1.5835707,3.6592405,3.7933794,-4.1916569,6.8347905,4.8544948,-1.2585918,12.083299,-4.3368593,-1.7589834
1.747084,-1.4171375,-1.1944541,1.6035416,3.4123262,3.5941837,-4.158136,7.0186393,5.10309,-1.297274,11.981966,-4.1039339,-1.9484701
1.7473947,-1.4385498,-1.070861,1.619,3.1540809,3.3822036,-4.1089537,7.2208168,5.3193596,-1.3617401,11.864847,-3.8779238,-2.1151108
1.7477053,-1.4585253,-0.94570162,1.6354465,2.8901404,3.1586018,-4.0444761,7.4354086,5.5027745,-1.4537243,11.734878,-3.6613789,-2.2589323
1.748016,-1.4784327,-0.82229682,1.648473,2.6405051,2.9242466,-3.9691752,7.6627853,5.6561541,-1.5752326,11.591151,-3.4537869,-2.3823899
1.7483267,-1.4977016,-0.70020485,1.6596636,2.4042572,2.6753149,-3.8785289,7.892033,5.779258,-1.7228324,11.436378,-3.2514046,-2.484865
1.7486373,-1.5179417,-0.58028115,1.6694615,2.172085,2.4159558,-3.7797096,8.1163819,5.8744454,-1.8929548,11.270709,-3.0501835,-2.5675018
1.748948,-1.5405346,-0.45973413,1.6774493,1.9460155,2.1492499,-3.6647624,8.3281288,5.9419637,-2.0745396,11.096725,-2.8514906,-2.6311996
1.7492587,-1.5651901,-0.34042018,1.6854259,1.7294952,1.8708579,-3.5371752,8.527069,5.9888513,-2.2680766,10.914743,-2.651484,-2.6771297
1.7495693,-1.5924412,-0.22313475,1.6946123,1.5143198,1.5861165,-3.3975103,8.7140141,6.0165388,-2.4700312,10.724873,-2.4516663,-2.7053385
1.74988,-1.6200647,-0.10752607,1.7008335,1.3005422,1.294032,-3.2442896,8.8823473,6.0263452,-2.6757187,10.531967,-2.2463016,-2.7134074
1.7501907,-1.6495881,0.00629223,1.7053688,1.0934353,0.99337269,-3.0751614,9.0290623,6.0208648,-2.8763959,10.333801,-2.0318476,-2.70758
1.7505014,-1.6791617,0.11233193,1.7084188,0.89436937,0.68567731,-2.8911093,9.156148,6.0024479,-3.0686486,10.134304,-1.8059284,-2.6850789
1.7508121,-1.7110088,0.20929951,1.710127,0.70400354,0.36377147,-2.6924304,9.2664203,5.9738899,-3.2477525,9.9303315,-1.5643745,-2.6456941
1.7511228,-1.7467224,0.30081608,1.7104942,0.52512455,0.026900602,-2.4791019,9.3589088,5.9386052,-3.414316,9.724086,-1.3045665,-2.5884872
1.7514335,-1.7828016,0.38545711,1.7085176,0.35726799,-0.30640604,-2.2538623,9.432224,5.8984366,-3.567128,9.5211693,-1.0227884,-2.5105114
1.7517442,-1.8178857,0.46396606,1.7035754,0.19712169,-0.63059516,-2.0205277,9.4867088,5.8579369,-3.7053689,9.3272835,-0.71847865,-2.4201635
1.752055,-1.8516303,0.53164604,1.6966756,0.047944641,-0.9466422,-1.7845169,9.5228389,5.8188573,-3.8297519,9.1529358,-0.38883333,-2.3136625
1.7523657,-1.8855923,0.59155692,1.6816507,-0.088665431,-1.2586009,-1.5510906,9.5386567,5.7784585,-3.9390951,8.9860301,-0.03844542,-2.1905051
1.7526764,-1.9215567,0.64302723,1.661489,-0.21073899,-1.5651719,-1.3219024,9.5314237,5.7370089,-4.0302465,8.8219347,0.3324972,-2.0559371
1.7529872,-1.9572838,0.68837326,1.6371585,-0.31762235,-1.8630963,-1.0993815,9.4998826,5.6887732,-4.1039072,8.6698792,0.72303716,-1.9088008
1.753298,-1.9932533,0.72444648,1.6114729,-0.40201015,-2.1478893,-0.88525064,9.4482383,5.6337454,-4.160805,8.5351421,1.1251862,-1.7544584
1.7536087,-2.0298389,0.75329637,1.5846708,-0.46087005,-2.4090127,-0.681688,9.3764261,5.5710024,-4.2008941,8.4172393,1.5387073,-1.5983942
1.7539195,-2.0650566,0.77379755,1.5582504,-0.49373731,-2.6424677,-0.48459969,9.2941618,5.5024294,-4.2220337,8.3240376,1.9479168,-1.4490533
1.7542303,-2.0967938,0.78584782,1.5319275,-0.50521454,-2.8502336,-0.30055836,9.1976064,5.428727,-4.2343512,8.2647475,2.3519782,-1.3108796
1.754541,-2.1265539,0.78844845,1.5007598,-0.49182782,-3.0324188,-0.14643754,9.0845918,5.3479632,-4.2361441,8.2397887,2.7405038,-1.18809
1.7548518,-2.1549037,0.7845396,1.4641115,-0.45460783,-3.1882305,-0.026449049,8.9538181,5.2584883,-4.2278282,8.2490137,3.0998481,-1.0870245
1.7551626,-2.1811541,0.7742368,1.4229077,-0.39802673,-3.3133898,0.065937273,8.8054302,5.1613634,-4.2078396,8.2941417,3.4389092,-1.0182069
1.7554734,-2.2067118,0.75715027,1.3756447,-0.32386985,-3.4058106,0.13029279,8.6379402,5.0561705,-4.175089,8.3834707,3.731946,-0.975405
1.7557841,-2.2314874,0.73146497,1.3249095,-0.23872411,-3.4664774,0.16952694,8.4537025,4.9386169,-4.1210884,8.5028525,3.9781364,-0.96340521
1.7560949,-2.2549592,0.69945385,1.2700357,-0.14033996,-3.492969,0.18903717,8.2549297,4.8055383,-4.046997,8.6476813,4.1833986,-0.98946594
1.7564057,-2.2770498,0.65854313,1.2111368,-0.034909152,-3.4883664,0.18558285,8.046196,4.6565422,-3.9566164,8.8122504,4.3491296,-1.0510934
1.7567165,-2.2979742,0.61144029,1.1489356,0.080421771,-3.4586877,0.16083006,7.8335648,4.4854438,-3.8490573,8.9954937,4.4768226,-1.1460456
1.7570273,-2.3177239,0.56166962,1.0838473,0.19764254,-3.4056855,0.11922619,7.610623,4.2944908,-3.733439,9.1896931,4.5682901,-1.2724344
1.757338,-2.3361559,0.50555221,1.0176426,0.31993018,-3.3351366,0.065459755,7.3788218,4.0729189,-3.5923442,9.3873816,4.630621,-1.4283045
1.7576488,-2.354155,0.44198528,0.949997,0.43299251,-3.2424319,-0.0016005158,7.1411095,3.817991,-3.439888,9.5826208,4.6678052,-1.6093399
1.7579596,-2.3720076,0.37052736,0.88016121,0.53920278,-3.1284063,-0.070816754,6.9083648,3.5280169,-3.2781737,9.7728453,4.6810374,-1.8052767
1.7582704,-2.3896836,0.29190937,0.80796746,0.6344293,-2.9953886,-0.13751462,6.6821811,3.2048986,-3.0969362,9.9544888,4.6708324,-2.0064118
1.7585812,-2.4068676,0.20674397,0.73412412,0.71703569,-2.8463738,-0.20176102,6.4463527,2.8451015,-2.9215511,10.125113,4.6454359,-2.211587
1.758892,-2.4253938,0.11744352,0.66092927,0.78215055,-2.6827068,-0.26138496,6.2013696,2.4474826,-2.7419358,10.282864,4.6133636,-2.4171915
1.7592027,-2.4442104,0.024270182,0.58947651,0.8327154,-2.5102981,-0.30616752,5.9542532,2.0061609,-2.5581825,10.431099,4.5774827,-2.611473
1.7595135,-2.465977,-0.073143956,0.5181873,0.85919036,-2.3292557,-0.34177498,5.712825,1.5274751,-2.3691736,10.571546,4.5412348,-2.7952002
1.7598243,-2.4888152,-0.17555168,0.44573491,0.86584581,-2.1384652,-0.36723225,5.4629818,1.0177058,-2.171798,10.702568,4.5071943,-2.9672877
1.7601351,-2.5114847,-0.28304026,0.37571263,0.85219388,-1.9355506,-0.37700563,5.2057747,0.47921593,-1.9715796,10.821455,4.4795372,-3.1268264
1.7604459,-2.5346386,-0.39355076,0.3095168,0.81852464,-1.7230797,-0.36527364,4.9567615,-0.087338287,-1.7695224,10.928826,4.4620794,-3.2738589
1.7607567,-2.5581605,-0.50770347,0.25107682,0.76090384,-1.5027483,-0.32763047,4.7285795,-0.67689321,-1.5667596,11.024838,4.4521815,-3.4074698
1.7610675,-2.5803164,-0.62103677,0.19907201,0.68626868,-1.2752726,-0.27766366,4.5143991,-1.2876873,-1.3567317,11.106632,4.4514467,-3.5254721
1.7613783,-2.6014021,-0.73512534,0.1514553,0.59571306,-1.0438877,-0.22178011,4.3270874,-1.8724814,-1.1460088,11.173107,4.4594149,-3.6282811
1.7616891,-2.623043,-0.84422287,0.10383462,0.49918405,-0.8053842,-0.15660799,4.1792776,-2.4381529,-0.93907108,11.223849,4.470365,-3.7161471
1.7619999,-2.6450433,-0.95414244,0.057997458,0.39782218,-0.5641678,-0.086052751,4.0836778,-2.9750634,-0.74655949,11.258442,4.4840374,-3.7884653
1.7623107,-2.6664456,-1.0647014,0.013955967,0.30154253,-0.31997441,-0.011299339,4.0484536,-3.47792,-0.56743212,11.273891,4.5007301,-3.8477709
1.7626215,-2.6888249,-1.1746012,-0.023400322,0.20459582,-0.075102416,0.060929799,4.0654373,-3.9125339,-0.40965344,11.269661,4.517306,-3.8890283
1.7629323,-2.7112863,-1.2826891,-0.05360125,0.11367633,0.16856835,0.12519772,4.1489254,-4.2740287,-0.28975345,11.248672,4.530062,-3.9136991
1.7632432,-2.7336472,-1.3893543,-0.078178822,0.025662799,0.41112811,0.18225022,4.2682815,-4.5644086,-0.20337592,11.210683,4.5404847,-3.9264993
1.763554,-2.7579759,-1.4933994,-0.096054541,-0.053448875,0.65771413,0.23088925,4.4185598,-4.7850663,-0.15063894,11.156695,4.5439717,-3.9275623
1.7638648,-2.7850499,-1.5946945,-0.10877825,-0.12405281,0.9060653,0.26713095,4.5866755,-4.9369372,-0.13185453,11.08464,4.5358796,-3.9185346
1.7641757,-2.8093702,-1.6958569,-0.1157997,-0.18308497,1.151834,0.28983188,4.7877482,-5.0229823,-0.15079271,10.995229,4.5109763,-3.8997192
1.7644865,-2.8301055,-1.7953277,-0.11728787,-0.23244227,1.3950506,0.2895799,5.0149095,-5.0537873,-0.21132522,10.886996,4.4681531,-3.8694195
1.7647973,-2.8508238,-1.89283,-0.11352647,-0.26695352,1.6302029,0.2685553,5.2604168,-5.0400292,-0.30124882,10.758779,4.4005673,-3.8235493
1.7651082,-2.8725518,-1.9883876,-0.10355035,-0.28405155,1.8634792,0.22634367,5.5149063,-4.9896917,-0.41401266,10.613542,4.3040828,-3.7559494
1.7654191,-2.8947415,-2.0833142,-0.086870988,-0.28372251,2.092242,0.16342109,5.7738993,-4.9062537,-0.54606201,10.456344,4.1762911,-3.6688483
1.7657299,-2.9169684,-2.1761657,-0.064891515,-0.25734762,2.3183564,0.081187858,6.0303963,-4.7970882,-0.6924703,10.284851,4.0071364,-3.5525061
1.7660408,-2.9393096,-2.2593157,-0.0386296,-0.20424772,2.5415757,-0.017623989,6.2708879,-4.6672433,-0.84882581,10.09298,3.7940288,-3.4123881
1.7663517,-2.960104,-2.3342237,-0.0082561778,-0.11855295,2.7595626,-0.13406347,6.4915196,-4.5171706,-1.0050415,9.8826667,3.5281551,-3.2443016
1.7666626,-2.9792464,-2.3987525,0.028205657,-0.0098478403,2.9731194,-0.26949102,6.6936714,-4.3510948,-1.1542729,9.6564042,3.2103551,-3.0454848
1.7669735,-2.9989833,-2.4546053,0.066038729,0.12006593,3.1660134,-0.4254247,6.8707762,-4.1708578,-1.3017918,9.423028,2.8385249,-2.8308709
1.7672844,-3.0180526,-2.4998624,0.11104234,0.26885342,3.3443664,-0.5947979,7.0159423,-3.9762489,-1.4419893,9.1738119,2.4110146,-2.620553
1.7675953,-3.0344177,-2.5359734,0.1581016,0.43071241,3.5069159,-0.77992364,7.1275438,-3.766753,-1.5637633,8.9148183,1.9254222,-2.4056244
1.7679062,-3.0484953,-2.5615014,0.20728521,0.61007397,3.655582,-0.98067799,7.1971327,-3.5415418,-1.6651958,8.6557097,1.3793383,-2.1820135
1.7682171,-3.0619717,-2.5774419,0.2563744,0.79809021,3.7856087,-1.1956971,7.2396771,-3.3011022,-1.744713,8.3782515,0.80968182,-1.9500292
1.768528,-3.0737522,-2.587886,0.30605892,0.98465504,3.8966765,-1.4235424,7.2503027,-3.0455324,-1.7984919,8.0947681,0.2075759,-1.7103409
1.768839,-3.0850128,-2.5897163,0.35533912,1.1629989,3.9888804,-1.6601024,7.2266545,-2.7764098,-1.8290023,7.8159039,-0.41597273,-1.4643329
1.7691499,-3.0939533,-2.5835418,0.40490026,1.3295782,4.0641186,-1.8976011,7.172805,-2.4964842,-1.8301081,7.5613262,-1.0585155,-1.2139793
1.7694609,-3.1008756,-2.5677386,0.45535838,1.4824999,4.1249544,-2.1396188,7.090562,-2.2021745,-1.8104941,7.3583515,-1.6849496,-0.96005851
1.7697718,-3.1104168,-2.5438503,0.50261869,1.619941,4.1729446,-2.3796503,6.9831661,-1.8923923,-1.7683271,7.1925804,-2.2823206,-0.71216153
1.7700828,-3.1205971,-2.514432,0.54663511,1.7388033,4.2099826,-2.6113894,6.8518435,-1.5721766,-1.7041301,7.0915409,-2.8379464,-0.47825943
1.7703938,-3.1292242,-2.4802033,0.58810976,1.8380483,4.2369931,-2.8329535,6.7075347,-1.235907,-1.6211861,7.0495698,-3.3409482,-0.26549073
1.7707048,-3.1364164,-2.4380111,0.62727614,1.917011,4.2552077,-3.0425926,6.5569097,-0.88560877,-1.5178983,7.0509473,-3.779123,-0.084219484
1.7710158,-3.1420499,-2.3872913,0.66324975,1.9733779,4.263071,-3.2350083,6.4094622,-0.52143755,-1.4104115,7.0937217,-4.1385396,0.051823267
1.7713268,-3.1473614,-2.3281811,0.69596467,2.0082099,4.2601357,-3.4125657,6.2862935,-0.14106624,-1.2987827,7.1717344,-4.4187607,0.14243495
1.7716378,-3.1525228,-2.2618389,0.72520917,2.0193222,4.2438228,-3.5753487,6.1765757,0.24994235,-1.1799702,7.2837518,-4.6224722,0.18652437
1.7719488,-3.1576481,-2.189914,0.75119836,2.0071233,4.2133918,-3.7216669,6.0777466,0.64969192,-1.0605068,7.4267377,-4.7561967,0.18452506
1.7722598,-3.1611384,-2.1127368,0.77429743,1.9722281,4.1679223,-3.8516233,5.9914195,1.0576927,-0.94347791,7.6098876,-4.8236965,0.13879051
1.7725708,-3.1612855,-2.0306603,0.79532443,1.9153374,4.1071506,-3.9665714,5.917866,1.4761011,-0.83773734,7.8406132,-4.8316955,0.046025467
1.7728819,-3.158886,-1.9414548,0.81393328,1.8355118,4.0327709,-4.0663905,5.8562981,1.8987622,-0.74440617,8.1068192,-4.7910537,-0.082067698
1.7731929,-3.1550234,-1.8447423,0.82986544,1.7376967,3.9473046,-4.1498454,5.8085558,2.3128319,-0.6714445,8.3925781,-4.7128306,-0.24296029
1.773504,-3.1501411,-1.7426774,0.84411819,1.6256204,3.8503823,-4.2146922,5.7805217,2.7127104,-0.62380045,8.6851222,-4.6041646,-0.42449169
1.773815,-3.1439128,-1.6372197,0.85613933,1.5008886,3.7393003,-4.2590543,5.7769845,3.100484,-0.6052043,8.9725434,-4.4730311,-0.62053496
1.7741261,-3.1381146,-1.527993,0.86713623,1.3699773,3.6144584,-4.2820509,5.8032364,3.4730965,-0.61943134,9.2486265,-4.3268752,-0.82430685
1.7744371,-3.1301809,-1.4143849,0.87233434,1.2355582,3.4751935,-4.2867925,5.8569198,3.8271878,-0.66644091,9.5089396,-4.1730409,-1.0355926
1.7747482,-3.1208509,-1.2980853,0.87462132,1.0953444,3.3258162,-4.2820098,5.9504685,4.1454948,-0.74767389,9.7501598,-4.0169729,-1.2419751
1.7750593,-3.112253,-1.1804024,0.87464464,0.95083635,3.1661363,-4.2456771,6.0815293,4.4226473,-0.86032901,9.9653443,-3.8611789,-1.4371799
1.7753703,-3.1048846,-1.0623744,0.87277298,0.80188288,2.9956291,-4.1790351,6.2365296,4.6633643,-1.0058574,10.15222,-3.7054951,-1.6185562
1.7756814,-3.1002336,-0.94490714,0.86947828,0.65615394,2.811265,-4.0906884,6.4097422,4.8710647,-1.1826217,10.312757,-3.552172,-1.7826877
1.7759925,-3.0978294,-0.82860814,0.86530734,0.51138619,2.6140367,-3.9819325,6.5955757,5.0373683,-1.3882295,10.437763,-3.3988615,-1.9237913
1.7763036,-3.0979725,-0.71393453,0.85932864,0.3718836,2.4038409,-3.8612115,6.7884938,5.1632171,-1.6185078,10.526706,-3.2436943,-2.0413599
1.7766146,-3.1009258,-0.59578067,0.85184154,0.23682567,2.182439,-3.7362087,6.9775147,5.25064,-1.8667309,10.579643,-3.0832283,-2.1338052
1.7769257,-3.1073928,-0.47718602,0.84377951,0.11058319,1.953024,-3.5956925,7.1591006,5.3066164,-2.1303117,10.597347,-2.9167479,-2.1987164
1.7772368,-3.1166705,-0.36166053,0.83489362,-0.0061102389,1.7138446,-3.4454747,7.3292748,5.3309267,-2.4001988,10.578631,-2.7387321,-2.2363243
1.7775479,-3.1269456,-0.24752559,0.82437186,-0.12280174,1.4665256,-3.2895214,7.4843299,5.3303311,-2.6658099,10.525566,-2.54533,-2.2474645
1.777859,-3.1395773,-0.13590634,0.81394465,-0.23842149,1.2127724,-3.125267,7.6226849,5.3109989,-2.9210735,10.442108,-2.3342252,-2.2323062
1.7781701,-3.153479,-0.027911768,0.8034791,-0.35123842,0.95473385,-2.9505975,7.7448957,5.2791658,-3.1501894,10.33146,-2.1023282,-2.1917033
1.7784812,-3.1731507,0.076199687,0.7925852,-0.4590242,0.69544596,-2.7660188,7.8513345,5.2404668,-3.3490339,10.197736,-1.8474111,-2.1298182
1.7787923,-3.1944026,0.17510138,0.7816826,-0.5608589,0.43744817,-2.5711266,7.9408211,5.1993387,-3.5328334,10.046416,-1.5676356,-2.0502326
1.7791034,-3.2181709,0.27033062,0.76992737,-0.65146552,0.17551402,-2.3705757,8.014588,5.1573109,-3.7035532,9.8719031,-1.2621576,-1.9520876
1.7794145,-3.2438849,0.36050311,0.75929802,-0.72784631,-0.083157508,-2.165108,8.0711281,5.1194416,-3.8610932,9.6817031,-0.92991097,-1.8357239
1.7797256,-3.2713968,0.44507755,0.74806706,-0.79370066,-0.33029397,-1.9543394,8.1114005,5.0849796,-4.0024468,9.4906244,-0.56882215,-1.7034564
1.7800367,-3.3010635,0.52457146,0.73369787,-0.84660767,-0.55967444,-1.7435968,8.1328365,5.0538851,-4.1245384,9.3096175,-0.18058211,-1.5674705
1.7803478,-3.331701,0.5974301,0.71920165,-0.89729896,-0.77957083,-1.5349557,8.1333858,5.0244904,-4.2238647,9.1324002,0.22771664,-1.426285
1.780659,-3.3641509,0.6665147,0.70382479,-0.93849412,-0.99230584,-1.3331446,8.1129431,5.0017138,-4.3103329,8.9630242,0.64813255,-1.2852673
1.7809701,-3.3988854,0.72751005,0.68834134,-0.9738579,-1.1951947,-1.1398955,8.0741528,4.9789107,-4.3726041,8.8129106,1.0830862,-1.150843
1.7812812,-3.4352025,0.78047147,0.67143524,-1.0041417,-1.3768071,-0.95587297,8.018184,4.9474835,-4.4075681,8.6695519,1.5242627,-1.0283504
1.7815923,-3.4722149,0.82579178,0.65393126,-1.0237215,-1.5366066,-0.78662989,7.9396893,4.9118227,-4.4234746,8.5403697,1.9600606,-0.92573605
1.7819034,-3.5105212,0.86588707,0.63336169,-1.0306784,-1.6752418,-0.63188048,7.8528758,4.8744488,-4.4211665,8.4357086,2.3692372,-0.84724547
1.7822145,-3.5487282,0.89900597,0.61190509,-1.0309215,-1.7959215,-0.49622563,7.7573616,4.8320708,-4.3985859,8.3577068,2.7581634,-0.79608104
1.7825256,-3.5876341,0.92514005,0.58962769,-1.0261294,-1.8993997,-0.38319579,7.6528709,4.7832513,-4.3559986,8.3132324,3.1176696,-0.77684548
1.7828367,-3.626816,0.94320767,0.56534694,-1.0167314,-1.9860452,-0.29957357,7.5408154,4.7240313,-4.2902401,8.3014568,3.4359155,-0.79193315
1.7831478,-3.6656631,0.95308477,0.53891505,-1.0040431,-2.0527857,-0.23948781,7.4238969,4.6537327,-4.1980981,8.33888,3.7038907,-0.84028689
1.7834589,-3.7030298,0.95513849,0.51130728,-0.98938456,-2.0985087,-0.19987133,7.2957851,4.572185,-4.0778891,8.4224161,3.9317758,-0.92214304
1.78377,-3.737883,0.95049581,0.48039107,-0.97319495,-2.1266522,-0.17981003,7.1552402,4.4762375,-3.9314011,8.5431794,4.1164814,-1.0369394
1.7840811,-3.7745016,0.93810267,0.44655402,-0.95456132,-2.1391726,-0.17876249,7.0053118,4.3558015,-3.7635696,8.6931388,4.2591018,-1.1821572
1.7843922,-3.8132738,0.92096803,0.41030813,-0.9319796,-2.1351209,-0.1936021,6.8468743,4.2115217,-3.5776236,8.8643972,4.3595325,-1.3535192
1.7847033,-3.8513655,0.89638463,0.37185188,-0.90944588,-2.1142992,-0.22762346,6.6813356,4.0416171,-3.3782903,9.055456,4.4233921,-1.5462813
1.7850144,-3.8892942,0.86460685,0.33085494,-0.88778238,-2.0778336,-0.2830148,6.5046028,3.8496866,-3.1570497,9.2570747,4.4546955,-1.7568774
1.7853254,-3.9251273,0.82569646,0.28737883,-0.86930064,-2.0272433,-0.35550392,6.3157051,3.6284974,-2.9254182,9.4610414,4.458354,-1.9793335
1.7856365,-3.9588298,0.77942173,0.24188257,-0.85505514,-1.9628116,-0.43967183,6.1271488,3.3775359,-2.6893854,9.6615964,4.4416256,-2.2047373
1.7859476,-3.9892426,0.7260496,0.19643904,-0.84661159,-1.884406,-0.52755837,5.9377045,3.0957382,-2.4510367,9.8571818,4.4113408,-2.4248211
1.7862586,-4.0190701,0.66734689,0.15131661,-0.84268549,-1.7924617,-0.61638482,5.7519628,2.7807247,-2.2139336,10.045547,4.3746654,-2.6382168
1.7865697,-4.0489172,0.60116534,0.10475219,-0.84311754,-1.6870907,-0.70060412,5.5569346,2.4400688,-1.9910637,10.226047,4.336569,-2.8313841
1.7868808,-4.0800469,0.53144766,0.056548707,-0.84931511,-1.5709892,-0.78294644,5.3584936,2.0693201,-1.7772843,10.397764,4.3035585,-2.9973525
1.7871918,-4.1094825,0.45668092,0.0099909103,-0.86353215,-1.4426687,-0.86190732,5.1593534,1.6779805,-1.5726115,10.558121,4.2795029,-3.1484606
1.7875029,-4.137384,0.37502673,-0.03547801,-0.88758097,-1.303262,-0.92825358,4.9606467,1.2637206,-1.3782409,10.705004,4.2653166,-3.2850947
1.7878139,-4.1634006,0.28634327,-0.079497676,-0.92149291,-1.1570766,-0.98684762,4.7647893,0.82848577,-1.1922716,10.836116,4.26458,-3.4056563
1.788125,-4.1870129,0.19178459,-0.12175895,-0.96509899,-0.9978675,-1.037461,4.5653986,0.38482635,-1.0188336,10.952345,4.2750078,-3.5065196
1.7884361,-4.2082335,0.09120308,-0.16384457,-1.0196253,-0.82544774,-1.0794635,4.3725197,-0.067847942,-0.85862897,11.051732,4.2954836,-3.5870871
1.7887471,-4.2251718,-0.014061135,-0.20593971,-1.0850255,-0.64040341,-1.1103474,4.1829232,-0.52189576,-0.71274467,11.132341,4.3228977,-3.6531302
1.7890582,-4.2430227,-0.12302339,-0.24430912,-1.159883,-0.44634268,-1.1367688,4.0006326,-0.97471323,-0.58377077,11.191363,4.3585208,-3.7039686
1.7893692,-4.2606585,-0.23333255,-0.27934392,-1.2462547,-0.24766658,-1.1526019,3.848383,-1.4107038,-0.45544438,11.230744,4.3951217,-3.7315436
1.7896803,-4.2760244,-0.34439934,-0.31050196,-1.3446365,-0.043010184,-1.1539155,3.738523,-1.8095077,-0.33643166,11.254932,4.4318819,-3.7404835
1.7899913,-4.288608,-0.45463255,-0.3386541,-1.4542903,0.16857051,-1.1432246,3.6785456,-2.1790985,-0.23743743,11.261659,4.4655892,-3.7373237
1.7903024,-4.2987975,-0.56778463,-0.36243864,-1.5682253,0.38564402,-1.120123,3.6631155,-2.5135521,-0.16985684,11.247544,4.4935095,-3.7227416
1.7906134,-4.3069971,-0.68208465,-0.38219666,-1.6840633,0.60628753,-1.0872006,3.6840112,-2.8122818,-0.13553275,11.220702,4.513675,-3.6944168
1.7909245,-4.3117061,-0.79525685,-0.39698643,-1.7979297,0.82871344,-1.0528031,3.7549968,-3.0707055,-0.13526263,11.181248,4.5286794,-3.6527561
1.7912355,-4.3135976,-0.9098139,-0.40694839,-1.9053735,1.0474015,-1.0148915,3.8557837,-3.27941,-0.16486514,11.128908,4.533373,-3.5940079
1.7915466,-4.3129861,-1.0253185,-0.40881342,-2.0030739,1.2600785,-0.97788084,3.978543,-3.4463255,-0.22661202,11.064721,4.5238187,-3.5161312
1.7918576,-4.3103523,-1.1421148,-0.40583885,-2.0918726,1.464877,-0.94252505,4.1226443,-3.5730066,-0.33222664,10.983068,4.4973314,-3.4182256
1.7921687,-4.3022881,-1.2561164,-0.39965128,-2.1696619,1.666162,-0.9119945,4.2825227,-3.6635421,-0.46359147,10.879194,4.4495181,-3.2937031
1.7924798,-4.2894243,-1.3673408,-0.38895528,-2.2329291,1.8629994,-0.89376249,4.4507448,-3.7198333,-0.61307766,10.75579,4.3767086,-3.1382016
1.7927908,-4.2695205,-1.472063,-0.37416384,-2.2797187,2.06325,-0.88995798,4.6237471,-3.7467186,-0.78145595,10.609862,4.2752224,-2.9593785
1.7931019,-4.2465087,-1.5714803,-0.35582734,-2.3015492,2.2641314,-0.8998401,4.7948098,-3.748149,-0.96237844,10.44694,4.1397722,-2.7581066
1.793413,-4.2189936,-1.665421,-0.3342845,-2.2952411,2.4606211,-0.92769715,4.9547424,-3.7254701,-1.1498828,10.26685,3.9674987,-2.5504211
1.793724,-4.1884916,-1.7564635,-0.30805791,-2.2582292,2.647343,-0.97154084,5.0989919,-3.6826591,-1.338784,10.064639,3.7536217,-2.3358843
1.7940351,-4.1550927,-1.841779,-0.28049406,-2.2010674,2.8260098,-1.0313307,5.2244562,-3.6241347,-1.522314,9.8394602,3.492172,-2.1106675
1.7943462,-4.1179898,-1.918094,-0.25288524,-2.1229594,2.9971841,-1.1089319,5.3327063,-3.5504439,-1.6986691,9.6007139,3.1856103,-1.8822002
1.7946573,-4.0780964,-1.9870954,-0.22284474,-2.0234596,3.1651626,-1.2055123,5.4175457,-3.4603124,-1.8591422,9.356332,2.8303179,-1.6492526
1.7949684,-4.0354594,-2.0498736,-0.18991947,-1.8993611,3.3300641,-1.3188796,5.4752161,-3.3546376,-2.0029483,9.0974301,2.4314904,-1.433048
1.7952795,-3.9895765,-2.1045366,-0.15645214,-1.7519723,3.4875019,-1.4477488,5.5049249,-3.2348037,-2.126058,8.8253155,1.9872387,-1.2232505
1.7955906,-3.9410006,-2.1498621,-0.12243917,-1.5855447,3.6364488,-1.5892114,5.5154579,-3.1031672,-2.2269869,8.5452024,1.5004861,-1.0222921
1.7959017,-3.8904126,-2.1864463,-0.088332616,-1.4041787,3.7777065,-1.7459543,5.5068154,-2.9593387,-2.3083441,8.2641937,0.98251605,-0.83800067
1.7962128,-3.8420447,-2.2148212,-0.054088023,-1.212367,3.9123677,-1.9142027,5.4794365,-2.795437,-2.3680515,7.9847736,0.45244951,-0.67455548
1.7965239,-3.7977733,-2.2344954,-0.020508624,-1.0130471,4.0378162,-2.0899519,5.4245284,-2.6148585,-2.4111002,7.7277294,-0.087750588,-0.52472959
1.796835,-3.7576542,-2.2453588,0.012075762,-0.80944361,4.1526757,-2.2694264,5.3444093,-2.4182957,-2.4369564,7.5112982,-0.62783446,-0.39527954
1.7971461,-3.7209295,-2.2476245,0.043287009,-0.60662575,4.2564694,-2.4494426,5.2435338,-2.2080286,-2.4451858,7.3427377,-1.1622712,-0.27648396
1.7974572,-3.6880426,-2.2419602,0.073090491,-0.40767085,4.3481366,-2.6262547,5.1240826,-1.9829404,-2.440805,7.2261854,-1.6514428,-0.17534312
1.7977683,-3.6595747,-2.227368,0.10069163,-0.21657496,4.4280841,-2.7951295,4.9906144,-1.7398534,-2.4221367,7.1685136,-2.0988836,-0.093731388
1.7980794,-3.6368187,-2.2042667,0.12463189,-0.03501644,4.4976709,-2.952571,4.8444322,-1.4814999,-2.3906569,7.159726,-2.5044053,-0.044096534
1.7983905,-3.6178031,-2.1733971,0.14530719,0.13236359,4.5542039,-3.1013153,4.6873477,-1.2033824,-2.3394634,7.1913478,-2.8531492,-0.030446645
1.7987016,-3.6029131,-2.1348164,0.1641249,0.28303803,4.5964019,-3.2407851,4.5244721,-0.91426323,-2.2751184,7.2600194,-3.1431678,-0.05571191
1.7990127,-3.5914035,-2.0889385,0.18115643,0.41728703,4.6249063,-3.3667168,4.3571159,-0.61290023,-2.2081039,7.369032,-3.3759886,-0.11947945
1.7993238,-3.5848176,-2.0352912,0.19555323,0.5343764,4.6359345,-3.4745497,4.1950289,-0.29745968,-2.1309688,7.5074141,-3.5590075,-0.2195741
1.7996349,-3.5827591,-1.9756511,0.20706039,0.63066085,4.6276236,-3.5578315,4.035486,0.02349298,-2.0463148,7.6773002,-3.6949389,-0.35221262
1.799946,-3.5848801,-1.9096872,0.21533021,0.7114389,4.6028446,-3.6188976,3.8857329,0.35133779,-1.957917,7.8820931,-3.7913716,-0.51312336
1.8002571,-3.5903678,-1.8379361,0.21968055,0.77877111,4.5619039,-3.6577453,3.7643636,0.68177883,-1.8701908,8.1121916,-3.8501919,-0.70185389
1.8005681,-3.5986155,-1.7597062,0.22104145,0.8306969,4.5046708,-3.672395,3.6805501,1.0131765,-1.7895314,8.3518274,-3.8808627,-0.90928856
1.8008792,-3.6091989,-1.6757263,0.21953313,0.86808239,4.4295514,-3.6627521,3.6299893,1.3425292,-1.7164674,8.590974,-3.8902755,-1.1260427
1.8011903,-3.6215361,-1.5866606,0.21449963,0.89232976,4.3323462,-3.6278982,3.6123225,1.6575643,-1.6581549,8.8191976,-3.8852455,-1.3446062
1.8015014,-3.6368783,-1.4940602,0.20727836,0.90719465,4.2140935,-3.567504,3.6268124,1.9616604,-1.6194438,9.0295586,-3.8665178,-1.5662162
1.8018124,-3.6561145,-1.3969881,0.19721104,0.91321265,4.0701458,-3.4859354,3.6691582,2.2580573,-1.6033685,9.2177422,-3.8394398,-1.7788754
1.8021235,-3.6779817,-1.2967151,0.18425485,0.91032668,3.9070614,-3.390034,3.7388446,2.5444389,-1.614429,9.3781511,-3.8090125,-1.978091
1.8024345,-3.702893,-1.1943302,0.16788622,0.89994998,3.7224648,-3.2860276,3.8382983,2.8146824,-1.6490176,9.5096017,-3.7712934,-2.1591457
1.8027456,-3.7304556,-1.0867793,0.15298536,0.88022761,3.5229808,-3.169241,3.9773739,3.0705645,-1.7074182,9.6084955,-3.7293666,-2.3180802
1.8030566,-3.7549271,-0.97612329,0.13669797,0.85241515,3.3050945,-3.0413723,4.1552026,3.3168366,-1.7911243,9.6761159,-3.6805368,-2.4505637
1.8033676,-3.7804691,-0.86196912,0.11999009,0.81582675,3.0702761,-2.9024624,4.363745,3.5479679,-1.899155,9.7110423,-3.6233012,-2.555247
1.8036786,-3.8070131,-0.74700394,0.10254021,0.78097567,2.8198275,-2.7600687,4.5994429,3.7646646,-2.030537,9.7159564,-3.5595871,-2.6352331
1.8039895,-3.8345433,-0.63173612,0.08443744,0.74870177,2.5575133,-2.619146,4.8605127,3.9625192,-2.1716847,9.6917623,-3.4806443,-2.6933089
1.8043005,-3.8629506,-0.51557754,0.066009339,0.72641049,2.2823012,-2.4838131,5.1437231,4.1432512,-2.3236584,9.6408401,-3.3852745,-2.734679
1.8046114,-3.8923915,-0.40096847,0.049712126,0.70735954,1.9951372,-2.3478749,5.4369404,4.3091211,-2.4871582,9.5628351,-3.2714292,-2.7622592
1.8049224,-3.9217672,-0.28335404,0.032426105,0.6853388,1.7019067,-2.2135192,5.7308083,4.4608783,-2.6582086,9.46101,-3.138135,-2.7777601
1.8052333,-3.9518883,-0.16658028,0.015425436,0.66023968,1.4043379,-2.0831284,6.0117775,4.5999235,-2.8353425,9.3392365,-2.9827549,-2.7812044
1.8055442,-3.9832531,-0.051867596,-0.0014297888,0.63669268,1.1056336,-1.9564205,6.2788715,4.7239455,-3.0055013,9.198378,-2.8055871,-2.7757119
1.8058551,-4.0150588,0.060429464,-0.016819322,0.61417833,0.80592899,-1.8372735,6.5312995,4.8356888,-3.1669073,9.0404255,-2.6034018,-2.756992
1.806166,-4.0461426,0.16986386,-0.030572568,0.59214142,0.51215948,-1.7303664,6.7639737,4.9395886,-3.316538,8.869546,-2.3780921,-2.7309579
1.8064769,-4.0755604,0.27670312,-0.041736826,0.57074157,0.21902708,-1.6329539,6.9738585,5.0335779,-3.4455802,8.6882585,-2.1287909,-2.6931164
1.8067878,-4.107666,0.38303726,-0.056528514,0.54891999,-0.074640315,-1.5393489,7.1615083,5.1189932,-3.547902,8.4989957,-1.8555716,-2.6426435
1.8070987,-4.1397847,0.48230097,-0.071404525,0.52318695,-0.35392738,-1.4436552,7.3311762,5.1947638,-3.6155054,8.3001091,-1.5602166,-2.5805845
1.8074096,-4.1714408,0.57401335,-0.085825133,0.4891745,-0.61549569,-1.3484732,7.4801327,5.2619334,-3.6528384,8.0968955,-1.2357944,-2.4950882
1.8077204,-4.2032301,0.66050612,-0.10004611,0.4496252,-0.86082211,-1.2557699,7.6080342,5.3186073,-3.6700135,7.891821,-0.89936434,-2.4010722
1.8080312,-4.2347679,0.74095391,-0.11369466,0.40904088,-1.090414,-1.1702534,7.7166787,5.3604692,-3.66837,7.7067525,-0.54343906,-2.2886335
1.8083421,-4.2655955,0.81483835,-0.12531775,0.36833626,-1.3055638,-1.0897704,7.8084919,5.3938777,-3.648477,7.5344157,-0.17855622,-2.1600614
1.8086528,-4.2965072,0.88307412,-0.13632668,0.32568819,-1.5054791,-1.0174028,7.8830497,5.4168391,-3.6111261,7.3820973,0.19219661,-2.0288901
1.8089636,-4.325447,0.94233488,-0.1467367,0.29029785,-1.6799522,-0.95347954,7.9410465,5.4281489,-3.5539397,7.2824387,0.56525672,-1.906416
1.8092744,-4.3531029,0.99289703,-0.15886455,0.25937982,-1.8340426,-0.90154569,7.9847608,5.4266292,-3.4744197,7.2242691,0.93438144,-1.7954161
1.8095851,-4.379513,1.0365423,-0.17220931,0.22788381,-1.9683324,-0.86668876,8.015651,5.4136684,-3.3713312,7.2052543,1.2925191,-1.6999957
1.8098958,-4.4050719,1.072391,-0.1869086,0.19679641,-2.08162,-0.84491424,8.0330184,5.3873852,-3.2474065,7.2177525,1.6296516,-1.6254007
1.8102065,-4.4325638,1.0971259,-0.20299577,0.16721105,-2.1748764,-0.83978719,8.034032,5.3449962,-3.106913,7.2580797,1.9468002,-1.5772936
1.8105172,-4.4595536,1.1139865,-0.2201009,0.13426485,-2.2497944,-0.85009045,8.016744,5.2854086,-2.9498592,7.3230936,2.2439559,-1.5577943
1.8108279,-4.4857092,1.1229371,-0.23805985,0.099458259,-2.3059193,-0.87519472,7.9789673,5.2067419,-2.7822824,7.4107701,2.5168749,-1.5665078
1.8111385,-4.5120239,1.1228388,-0.25733497,0.058599539,-2.3430751,-0.91603971,7.9229063,5.1068241,-2.6010269,7.5439559,2.771424,-1.6041793
1.8114491,-4.5382674,1.1139446,-0.27753685,0.016057188,-2.3623858,-0.96895823,7.8492424,4.9813587,-2.411958,7.7173604,3.0009786,-1.6690076
1.8117597,-4.5641396,1.0997844,-0.29878556,-0.028403291,-2.3621142,-1.0303572,7.7574745,4.8269215,-2.2265983,7.9316961,3.2087479,-1.7600129
1.8120703,-4.5904115,1.0783663,-0.32278533,-0.077030991,-2.3432857,-1.0987465,7.6519188,4.6407032,-2.0483753,8.1789298,3.3960506,-1.8727489
1.8123808,-4.6179648,1.0496885,-0.34941434,-0.12897341,-2.3068711,-1.1761672,7.536609,4.4216595,-1.881216,8.4561911,3.5686862,-2.0071939
1.8126913,-4.6457156,1.0135029,-0.37772425,-0.18354643,-2.2534672,-1.2602835,7.4090406,4.1716506,-1.7146898,8.7559121,3.7236773,-2.1453902
1.8130018,-4.6724422,0.96927835,-0.40817711,-0.24043308,-2.1852311,-1.3446488,7.2726121,3.8869227,-1.5446268,9.0528878,3.8649465,-2.2909019
1.8133123,-4.6986366,0.91677089,-0.44010051,-0.30100431,-2.1007981,-1.4214963,7.1294216,3.5640453,-1.3825357,9.3407541,3.9960421,-2.4406646
1.8136228,-4.7243067,0.85700075,-0.47275116,-0.36378024,-2.0000838,-1.4901573,6.9858095,3.2005782,-1.2315027,9.6146975,4.1189683,-2.5897087
1.8139332,-4.7492257,0.79071229,-0.50538741,-0.42958747,-1.8805966,-1.5490717,6.8516878,2.8012478,-1.0937567,9.8729576,4.2343799,-2.7300035
1.8142437,-4.7727767,0.71667088,-0.53834155,-0.50076679,-1.744839,-1.5992808,6.7163361,2.3792532,-0.9831215,10.115289,4.3439577,-2.8527052
1.8145541,-4.7948864,0.63686785,-0.57394149,-0.57780935,-1.5945888,-1.6422562,6.5840715,1.9362522,-0.89256213,10.341442,4.4491987,-2.9581912
1.8148645,-4.8153793,0.55336984,-0.6107572,-0.65695648,-1.4313318,-1.6778296,6.4593696,1.475226,-0.82348148,10.552966,4.550778,-3.039176
1.8151748,-4.8343793,0.46494032,-0.64934458,-0.74287267,-1.2553158,-1.7034923,6.3415392,1.0023941,-0.77369635,10.747629,4.6486093,-3.095655
1.8154852,-4.8521543,0.37463789,-0.68664147,-0.83461533,-1.0645576,-1.7199004,6.2258698,0.534401,-0.74584092,10.92698,4.7419131,-3.1323508
1.8157955,-4.8686447,0.27918341,-0.72321016,-0.93051948,-0.8587969,-1.7245262,6.1093707,0.074770744,-0.73208541,11.089926,4.8384272,-3.1546629
1.8161059,-4.8832615,0.17972819,-0.75877735,-1.0299726,-0.63808821,-1.7128424,6.0041116,-0.37186759,-0.736169,11.237112,4.9267921,-3.1666078
1.8164162,-4.8961072,0.077911941,-0.79228201,-1.133546,-0.4123875,-1.6807005,5.9183855,-0.801411,-0.75497437,11.367265,5.0056962,-3.168118
1.8167265,-4.9066227,-0.025482491,-0.82317293,-1.2407785,-0.17893288,-1.635802,5.8471727,-1.2146454,-0.78073308,11.48022,5.0779278,-3.1570924
1.8170368,-4.9139062,-0.13451528,-0.85181017,-1.3573969,0.058027528,-1.5819235,5.7830804,-1.5889954,-0.81371825,11.576534,5.1451503,-3.1330183
1.817347,-4.9183471,-0.24915313,-0.87733684,-1.4731496,0.30187659,-1.5165259,5.7359713,-1.9336245,-0.85332224,11.658959,5.194279,-3.0954903
1.8176573,-4.9222201,-0.36548686,-0.89902023,-1.6000171,0.54689058,-1.4404308,5.7063251,-2.2439913,-0.91310407,11.723757,5.2390739,-3.0388491
1.8179675,-4.9228677,-0.48336333,-0.91844141,-1.7231169,0.79569417,-1.3588345,5.6919174,-2.5220526,-0.99221848,11.768761,5.2796029,-2.9608716
1.8182777,-4.920091,-0.60076168,-0.93395447,-1.8383106,1.0461058,-1.2778967,5.6783369,-2.768672,-1.0893576,11.792363,5.3109296,-2.8599442
1.818588,-4.9114267,-0.7160531,-0.94655097,-1.944039,1.2946985,-1.2040374,5.6737689,-2.9835653,-1.203701,11.792649,5.3276464,-2.7382664
1.8188982,-4.8953482,-0.8313351,-0.95667984,-2.0368494,1.5356918,-1.1417215,5.6722327,-3.1656583,-1.332768,11.769743,5.3265004,-2.5996065
1.8192084,-4.8741549,-0.94397601,-0.96279277,-2.1151779,1.770283,-1.0871122,5.6723267,-3.319137,-1.4754348,11.722652,5.3011081,-2.4437422
1.8195185,-4.8482739,-1.0533614,-0.96625813,-2.1816975,1.9976195,-1.0403807,5.6738639,-3.447025,-1.6299524,11.651767,5.2486035,-2.272973
1.8198287,-4.8186132,-1.1586132,-0.96705892,-2.2344079,2.2208362,-1.0067021,5.6762777,-3.5478617,-1.7863973,11.557142,5.1620013,-2.0894576
1.8201389,-4.787169,-1.257574,-0.9665474,-2.2742237,2.4363569,-0.98956805,5.6779067,-3.6250666,-1.9415189,11.445068,5.0417023,-1.8921619
1.8204491,-4.7484206,-1.3526735,-0.96503203,-2.2861605,2.6452985,-0.99365689,5.6799542,-3.681218,-2.0888516,11.314874,4.8778962,-1.6951835
1.8207592,-4.7054676,-1.4422122,-0.95898609,-2.2750891,2.8501702,-1.0178842,5.6802085,-3.7155121,-2.2232673,11.169368,4.6700278,-1.5073866
1.8210694,-4.6592541,-1.5268369,-0.95131428,-2.2373794,3.0476666,-1.0607403,5.6786424,-3.7291467,-2.3409102,11.008701,4.4189297,-1.3364975
1.8213795,-4.6110967,-1.6069382,-0.942194,-2.1777654,3.2355296,-1.1153739,5.6730946,-3.7214423,-2.4389665,10.845819,4.1182615,-1.1873831
1.8216896,-4.5596649,-1.6802537,-0.93100532,-2.0988476,3.4163082,-1.1941701,5.6628718,-3.697814,-2.5163356,10.682068,3.7720325,-1.0497343
1.8219998,-4.5045643,-1.7460663,-0.91926485,-2.0011645,3.5866666,-1.2931089,5.6453571,-3.6541153,-2.5742612,10.51836,3.3797651,-0.93428885
1.8223099,-4.4465368,-1.8050409,-0.90708415,-1.8839841,3.7454175,-1.4129797,5.6119,-3.5852873,-2.6155112,10.356066,2.9474427,-0.84485664
1.82262,-4.3885201,-1.8570328,-0.89462159,-1.7466478,3.8933624,-1.5473647,5.5659569,-3.4916144,-2.644533,10.206318,2.4863888,-0.78551676
1.8229301,-4.3308182,-1.9009968,-0.88271566,-1.5959934,4.0317146,-1.696208,5.5059069,-3.3713308,-2.664883,10.071036,2.0000161,-0.75111184
1.8232403,-4.2732514,-1.9374818,-0.8710187,-1.4354522,4.1579873,-1.8556567,5.4334091,-3.2266338,-2.6765387,9.9478238,1.497985,-0.74086367
1.8235504,-4.2163347,-1.9661441,-0.85985315,-1.2690507,4.2707822,-2.0205059,5.3488,-3.0567829,-2.6793458,9.839499,0.99058134,-0.75465827
1.8238605,-4.1595523,-1.9863897,-0.84916493,-1.0992426,4.3699275,-2.1875809,5.2519637,-2.8600479,-2.671463,9.7473409,0.48745061,-0.79128108
1.8241706,-4.1055294,-1.9989298,-0.83787827,-0.92875694,4.457387,-2.3523627,5.159519,-2.6372839,-2.6523373,9.6676039,0.0039873348,-0.84824952
1.8244807,-4.0564363,-2.0031116,-0.82639693,-0.75970237,4.5328698,-2.5082685,5.0662223,-2.3883111,-2.6209712,9.5991232,-0.45972023,-0.92026767
1.8247908,-4.0120279,-1.9998017,-0.81522838,-0.59584814,4.594736,-2.6558155,4.9688881,-2.1165216,-2.5835765,9.5433271,-0.89973086,-1.0020145
1.8251009,-3.9716435,-1.9897707,-0.80528006,-0.43978423,4.6457764,-2.7967512,4.8644785,-1.8254031,-2.5311491,9.5033777,-1.3118199,-1.0953853
1.825411,-3.9352751,-1.9730677,-0.7971914,-0.29372897,4.6871811,-2.9302889,4.755167,-1.5061897,-2.4660573,9.4720456,-1.6899739,-1.1986186
1.8257211,-3.9029072,-1.9497815,-0.79137226,-0.15852773,4.7128817,-3.0591348,4.6426884,-1.1739942,-2.3822617,9.4502384,-2.036624,-1.3089887
1.8260312,-3.8755157,-1.9198888,-0.78753343,-0.034891365,4.7233904,-3.1668196,4.5314903,-0.82256706,-2.2760455,9.4381394,-2.3540561,-1.4220415
1.8263412,-3.8527519,-1.8834735,-0.78516333,0.077903217,4.7183766,-3.2492985,4.4269798,-0.45581717,-2.1692787,9.433445,-2.6406952,-1.5452885
1.8266513,-3.8348411,-1.8408485,-0.78481637,0.18018044,4.6952558,-3.3073427,4.3110055,-0.081600927,-2.0567862,9.4371604,-2.899716,-1.6721912
1.8269614,-3.8215277,-1.7919293,-0.78612839,0.27193115,4.6554735,-3.342517,4.1976652,0.30072795,-1.9387584,9.4418314,-3.1329684,-1.7988362
1.8272715,-3.8127494,-1.7372769,-0.79053253,0.35231119,4.5989745,-3.3556149,4.094482,0.68531715,-1.8188644,9.4478722,-3.3434317,-1.9211539
1.8275815,-3.8078062,-1.6768707,-0.79667965,0.4195535,4.5249759,-3.3499558,4.0061797,1.0695118,-1.7026557,9.4533954,-3.5302721,-2.0401625
1.8278916,-3.8070909,-1.6112583,-0.80423033,0.4753831,4.4337987,-3.3221058,3.9473081,1.4526082,-1.6071964,9.4640875,-3.694521,-2.1554536
1.8282016,-3.8109615,-1.5414581,-0.81386195,0.52205478,4.320397,-3.2697973,3.9338561,1.8183766,-1.5341775,9.470222,-3.837124,-2.2682197
1.8285117,-3.8192232,-1.4677085,-0.82446521,0.56005959,4.1854154,-3.2003335,3.9603093,2.1663167,-1.4885698,9.4750084,-3.9572399,-2.3764083
1.8288217,-3.8316102,-1.3902232,-0.83624562,0.59209256,4.0286803,-3.1147791,4.0165488,2.5006001,-1.4714175,9.4788759,-4.0555698,-2.4784066
1.8291318,-3.8472769,-1.3089145,-0.84756728,0.61655914,3.8556942,-3.0164603,4.0955845,2.8206567,-1.4825871,9.4816475,-4.1322784,-2.5752033
1.8294418,-3.8658345,-1.2234856,-0.86021931,0.63531665,3.6675422,-2.9169369,4.1998045,3.1234949,-1.5254181,9.4784316,-4.184624,-2.6619906
1.8297518,-3.8868244,-1.1343693,-0.87398914,0.6456029,3.4621133,-2.8114959,4.3437256,3.4029801,-1.5986903,9.4679287,-4.2136979,-2.7370756
1.8300618,-3.9100761,-1.0421815,-0.88817135,0.64705757,3.2427176,-2.6942086,4.5209939,3.656026,-1.7014579,9.4542154,-4.2174156,-2.7997482
1.8303718,-3.9357413,-0.94740878,-0.90329641,0.64826095,3.0129873,-2.568243,4.7229178,3.8942537,-1.827296,9.4441176,-4.1956944,-2.8461119
1.8306818,-3.9645952,-0.8513298,-0.91913035,0.64942675,2.7690123,-2.4390174,4.9480975,4.1104686,-1.9647973,9.434106,-4.1498771,-2.878392
1.8309918,-3.9935014,-0.75296658,-0.93512945,0.65750831,2.5146511,-2.3084336,5.1935422,4.3053545,-2.1149616,9.4223141,-4.0803283,-2.8962765
1.8313018,-4.0231889,-0.65265498,-0.95199807,0.66717435,2.2528771,-2.1850894,5.4540525,4.4778762,-2.2722342,9.4076571,-3.9794434,-2.9000614
1.8316117,-4.0531741,-0.55022462,-0.96931375,0.67808728,1.9882494,-2.0723714,5.7193815,4.6314226,-2.4314888,9.3874418,-3.8483094,-2.8897534
1.8319217,-4.0835246,-0.44733787,-0.9880394,0.69034261,1.7194334,-1.9653344,5.9875692,4.7678734,-2.5883738,9.3628803,-3.6875683,-2.8656837
1.8322316,-4.1142176,-0.34593738,-1.0076927,0.70224415,1.4514949,-1.8625956,6.2520544,4.8870022,-2.7385465,9.3277228,-3.4977558,-2.8332051
1.8325415,-4.1449152,-0.24371654,-1.0277874,0.70644683,1.1847459,-1.7657226,6.507266,4.9894364,-2.880892,9.2799659,-3.2794199,-2.787817
1.8328514,-4.1755493,-0.14147211,-1.0478997,0.70075381,0.922154,-1.6735136,6.7483722,5.0790308,-2.9974909,9.2195042,-3.0302697,-2.7316764
1.8331613,-4.2051502,-0.040531903,-1.0689668,0.6871751,0.66506397,-1.593864,6.9751723,5.160869,-3.0812873,9.1454029,-2.748784,-2.6626665
1.8334712,-4.2326741,0.058128007,-1.0912323,0.66977375,0.41639812,-1.5293704,7.1886006,5.2305958,-3.135318,9.0665075,-2.4380718,-2.5831324
1.8337811,-4.2597904,0.15362386,-1.1122306,0.64554107,0.17583324,-1.4757213,7.3858022,5.2885702,-3.1657585,8.9751275,-2.1009203,-2.4995
1.8340909,-4.2871162,0.2482113,-1.133929,0.60902858,-0.057398977,-1.4258556,7.5650883,5.335621,-3.1778041,8.8671391,-1.7412585,-2.4041417
1.8344007,-4.3132861,0.33901763,-1.1537455,0.56104039,-0.270942,-1.3749824,7.7281924,5.3723678,-3.1719696,8.7494294,-1.3529716,-2.3016272
1.8347105,-4.3384508,0.42243602,-1.1754015,0.50651255,-0.46411457,-1.3236347,7.8742478,5.396268,-3.1478738,8.6246535,-0.94657829,-2.1858753
1.8350203,-4.3616038,0.50063005,-1.1974198,0.44818738,-0.64308436,-1.2733981,8.0059527,5.4075738,-3.1062301,8.5046319,-0.53014524,-2.0762814
1.8353301,-4.3845592,0.5740805,-1.2199264,0.38450144,-0.80705272,-1.228398,8.122796,5.406701,-3.0458978,8.371548,-0.10469107,-1.9651422
1.8356399,-4.4067137,0.64372882,-1.2417399,0.31328978,-0.9568452,-1.1893742,8.2224895,5.3936311,-2.9662512,8.2479506,0.3231095,-1.8578024
1.8359496,-4.4283688,0.70675978,-1.2637569,0.23660972,-1.0867345,-1.1568839,8.303999,5.3669238,-2.8689103,8.1555082,0.75159204,-1.7611474
1.8362593,-4.4489724,0.76214932,-1.2854825,0.16461057,-1.1952568,-1.1307372,8.3696844,5.3266864,-2.7522435,8.0882215,1.1691017,-1.6795096
1.836569,-4.4682675,0.81233175,-1.3067187,0.092611775,-1.2867138,-1.1148651,8.4162415,5.2719235,-2.6211906,8.0651218,1.5720923,-1.616667
1.8368787,-4.4885919,0.8558094,-1.3273688,0.01650391,-1.3609338,-1.1153276,8.4415236,5.2002802,-2.4782839,8.0909108,1.9448742,-1.5741268
1.8371884,-4.5089933,0.89095883,-1.346998,-0.06186465,-1.4175819,-1.1280812,8.4448782,5.1090756,-2.3298299,8.1462169,2.2930074,-1.5622475
1.837498,-4.53035,0.91863253,-1.3658972,-0.14228234,-1.4570392,-1.1489355,8.4263072,4.9954605,-2.1811866,8.2234203,2.6147787,-1.5771896
1.8378077,-4.551446,0.93928012,-1.3843712,-0.22079524,-1.4806667,-1.177387,8.3897383,4.8586619,-2.0272941,8.3188285,2.9081217,-1.6164981
1.8381173,-4.5726437,0.95313795,-1.4022157,-0.29919836,-1.4883016,-1.2123148,8.3339561,4.6968055,-1.8766336,8.4571605,3.167273,-1.6785994
1.8384269,-4.5938029,0.95983265,-1.4188614,-0.37997742,-1.4805123,-1.2534545,8.2605388,4.5067536,-1.7286589,8.6276476,3.4021501,-1.7599488
1.8387364,-4.6145548,0.95968837,-1.435725,-0.46309809,-1.4561551,-1.2991102,8.1722026,4.2880595,-1.5885302,8.8286945,3.6113045,-1.859935
1.839046,-4.6362135,0.95261267,-1.4526696,-0.54790259,-1.416622,-1.3466558,8.0724568,4.0346696,-1.4641157,9.0569016,3.7942455,-1.9636879
1.8393555,-4.6583671,0.93877723,-1.4681621,-0.63372861,-1.3654128,-1.3946824,7.9584956,3.7459704,-1.3394378,9.2991715,3.9554548,-2.0745043
1.839665,-4.6810925,0.91914896,-1.4837267,-0.7209106,-1.3021026,-1.4398567,7.8306456,3.4257888,-1.2233389,9.5510849,4.0977425,-2.1837359
1.8399745,-4.7042629,0.89321151,-1.4981801,-0.80640451,-1.2235743,-1.4809573,7.6988596,3.0761177,-1.1241626,9.8035558,4.2244617,-2.2878642
1.840284,-4.7280216,0.86044521,-1.5117757,-0.89840899,-1.1283405,-1.5162037,7.5725247,2.7048008,-1.0433916,10.05442,4.3373835,-2.3827493
1.8405935,-4.7520871,0.82025066,-1.5239765,-0.99529064,-1.0156481,-1.5450584,7.4468614,2.3090732,-0.97367392,10.299507,4.4390325,-2.4576704
1.8409029,-4.7765233,0.77290754,-1.5343073,-1.0938554,-0.88652714,-1.5602787,7.3121094,1.9002439,-0.92619356,10.538896,4.5318336,-2.5138527
1.8412124,-4.8017154,0.71730236,-1.5426948,-1.194715,-0.75233471,-1.5711071,7.1768583,1.4785373,-0.89801013,10.769856,4.6188154,-2.5536786
1.8415218,-4.8263935,0.65335637,-1.5485326,-1.2953166,-0.60776721,-1.5759506,7.0365044,1.0551954,-0.88704386,10.990859,4.700492,-2.5802215
1.8418312,-4.8507264,0.58268467,-1.5514574,-1.3965794,-0.45510975,-1.5752293,6.8936497,0.63535818,-0.89404803,11.201062,4.7766056,-2.5954864
1.8421406,-4.8747463,0.50707709,-1.5528799,-1.500968,-0.2902819,-1.5689972,6.7526848,0.21559076,-0.91263028,11.399859,4.8481829,-2.6000935
1.8424499,-4.8979026,0.4251882,-1.5530369,-1.6092266,-0.11224613,-1.5528916,6.6093053,-0.19026665,-0.94107747,11.587778,4.9186207,-2.5945584
1.8427593,-4.9198887,0.33734011,-1.5511293,-1.7192607,0.065048065,-1.5265042,6.4786928,-0.58339481,-0.98033929,11.76374,4.982858,-2.5767572
1.8430686,-4.9401064,0.24476999,-1.5458214,-1.8312599,0.24055283,-1.4987532,6.350892,-0.95773714,-1.0287884,11.926131,5.0392244,-2.5409233
1.843378,-4.9579717,0.14541344,-1.5389348,-1.9481311,0.41783654,-1.4669023,6.2252347,-1.3144742,-1.0905071,12.07072,5.0888374,-2.4846118
1.8436873,-4.9760254,0.0385924,-1.5308108,-2.0694198,0.59754624,-1.4311932,6.114221,-1.6389123,-1.1570823,12.196659,5.1327514,-2.4012684
1.8439966,-4.9918056,-0.076618769,-1.5215112,-2.1909107,0.7820865,-1.3926166,6.0160355,-1.9347746,-1.2308705,12.304132,5.1576171,-2.2919403
1.8443059,-5.0055337,-0.19586591,-1.5059032,-2.3155073,0.96275724,-1.3468894,5.9304092,-2.2049698,-1.3134707,12.389088,5.1778013,-2.1616429
1.8446152,-5.0167803,-0.3168976,-1.4846661,-2.4373886,1.14321,-1.3011301,5.8566239,-2.4493008,-1.4066518,12.452279,5.1880946,-2.0280276
1.8449245,-5.0244991,-0.44000414,-1.4612328,-2.5541079,1.324692,-1.258295,5.7884478,-2.6681386,-1.5115192,12.491686,5.1839911,-1.8949076
1.8452338,-5.0252312,-0.56310159,-1.4366395,-2.6620892,1.5007048,-1.2240533,5.7339281,-2.8569712,-1.6232476,12.508595,5.1626048,-1.7627131
1.8455431,-5.0194067,-0.68769948,-1.4104139,-2.7613966,1.6750065,-1.196764,5.6890303,-3.0199398,-1.7401635,12.502211,5.1179864,-1.6344
1.8458523,-5.0083473,-0.81172657,-1.3833324,-2.8524638,1.8429124,-1.1778917,5.6523064,-3.159214,-1.8585273,12.471718,5.046336,-1.5107234
1.8461616,-4.9921353,-0.9342022,-1.3538813,-2.9317448,2.009273,-1.1628857,5.6185332,-3.2722239,-1.9750401,12.419459,4.9432451,-1.3948353
1.8464708,-4.9714042,-1.0541101,-1.3242113,-2.9952465,2.171438,-1.1554559,5.5902697,-3.3612047,-2.0836135,12.343918,4.8081261,-1.2872711
1.8467801,-4.9461838,-1.1706554,-1.2947981,-3.044532,2.3335768,-1.1610454,5.5637586,-3.426492,-2.180889,12.252265,4.6349487,-1.1843548
1.8470893,-4.9135577,-1.2820792,-1.263737,-3.0723611,2.4911342,-1.1833398,5.5387095,-3.4690466,-2.2648885,12.141601,4.420571,-1.0923197
1.8473985,-4.8765846,-1.3881257,-1.2318288,-3.0862531,2.641523,-1.2240096,5.5040499,-3.4883342,-2.3313134,12.01874,4.1662191,-1.0116184
1.8477078,-4.834999,-1.4909582,-1.200633,-3.0816164,2.7959588,-1.2789539,5.4578263,-3.4895973,-2.3827968,11.884514,3.8699229,-0.95338563
1.848017,-4.7886919,-1.5881386,-1.1698576,-3.0633111,2.9509634,-1.3504736,5.4002504,-3.4693211,-2.4203393,11.73925,3.5368913,-0.90379314
1.8483262,-4.7377717,-1.6780024,-1.1396473,-3.0291824,3.1034051,-1.4384198,5.3328053,-3.4228119,-2.4433774,11.582797,3.1586327,-0.87274065
1.8486355,-4.6821777,-1.7598074,-1.1113463,-2.9769231,3.2504648,-1.539967,5.2606331,-3.3490714,-2.4536881,11.418096,2.7437728,-0.85924542
1.8489447,-4.6220306,-1.8343331,-1.0852801,-2.9046557,3.3939703,-1.6551972,5.1899561,-3.2491786,-2.4548261,11.259713,2.3013679,-0.86725043
1.8492539,-4.5588297,-1.9009651,-1.0612013,-2.8116411,3.5321603,-1.7821326,5.1202457,-3.1252793,-2.4460814,11.096098,1.8361095,-0.8950372
1.8495631,-4.4935024,-1.9592491,-1.0386768,-2.6998066,3.665441,-1.9179603,5.0469323,-2.9764801,-2.4310348,10.9294,1.3551903,-0.93684495
1.8498723,-4.42666,-2.0088043,-1.0177293,-2.570674,3.7925081,-2.0580236,4.9675426,-2.8072882,-2.4062601,10.760075,0.8622299,-0.99093564
1.8501816,-4.3590034,-2.0486777,-0.99920514,-2.4276276,3.9117205,-2.1973497,4.8810044,-2.6151385,-2.3719775,10.5902,0.37178702,-1.054723
1.8504908,-4.2914199,-2.0795181,-0.98329699,-2.2743431,4.0230022,-2.3306748,4.7939535,-2.40409,-2.3314664,10.419646,-0.10812139,-1.128766
1.8508,-4.2275909,-2.1015916,-0.97033999,-2.1101032,4.1260879,-2.4555509,4.7047004,-2.1795845,-2.2728697,10.257776,-0.57141589,-1.2077054
1.8511092,-4.1693248,-2.1151505,-0.96016429,-1.9370398,4.2203627,-2.5676461,4.6082799,-1.9396591,-2.2110948,10.107485,-1.0142469,-1.2926789
1.8514184,-4.1158552,-2.1208454,-0.95198718,-1.7558458,4.3056142,-2.6684443,4.5048506,-1.6844042,-2.1437874,9.9606953,-1.4344812,-1.3776107
1.8517276,-4.0677266,-2.1178906,-0.94536068,-1.5694125,4.3796161,-2.7571183,4.395851,-1.4120464,-2.0689393,9.831842,-1.8216547,-1.46784
1.8520369,-4.025436,-2.1072366,-0.94069062,-1.3804328,4.4422145,-2.8349695,4.2813956,-1.1340005,-1.9807317,9.7217439,-2.1778718,-1.5615936
1.8523461,-3.9884741,-2.0887927,-0.93729605,-1.191487,4.4901212,-2.8935906,4.1638478,-0.85360283,-1.8784533,9.6252722,-2.5037566,-1.6601238
1.8526553,-3.9568555,-2.0627474,-0.93606365,-1.0044744,4.5231412,-2.9324392,4.0459165,-0.56534398,-1.7831749,9.5531221,-2.7996547,-1.7614869
1.8529645,-3.9317101,-2.0300605,-0.93677124,-0.82469191,4.5407369,-2.9515814,3.9318939,-0.26776861,-1.6877303,9.4875244,-3.0644496,-1.8654624
1.8532737,-3.9129184,-1.990959,-0.93938943,-0.64718493,4.5410993,-2.9525658,3.8177995,0.035549275,-1.5932698,9.4298705,-3.2981669,-1.9713234
1.8535829,-3.9004208,-1.9451124,-0.94396805,-0.47753235,4.5231154,-2.9366027,3.7018235,0.3423239,-1.4995205,9.3815518,-3.5018167,-2.0765167
1.8538922,-3.8941,-1.8927199,-0.95008807,-0.31690469,4.4852073,-2.9074305,3.5885683,0.64619658,-1.4162824,9.3444698,-3.6766152,-2.1786933
1.8542014,-3.8934511,-1.8337888,-0.95777707,-0.16802201,4.4289601,-2.8653434,3.4924523,0.94887355,-1.3591341,9.3173042,-3.8225666,-2.275598
1.8545106,-3.8977228,-1.768801,-0.96702148,-0.022699268,4.3566837,-2.8211851,3.4182298,1.2523949,-1.3219076,9.2981622,-3.9402563,-2.3672197
1.8548198,-3.9068788,-1.6980907,-0.97738853,0.11496027,4.2661867,-2.7705443,3.3745346,1.5463605,-1.3077336,9.281053,-4.0305116,-2.4508456
1.855129,-3.9207931,-1.6212354,-0.98871547,0.24254297,4.1556605,-2.7140845,3.3695092,1.832383,-1.3182227,9.2731614,-4.0934548,-2.5225512
1.8554382,-3.9394528,-1.538274,-1.0004948,0.35826686,4.019164,-2.6513239,3.4006514,2.1142237,-1.3564516,9.272129,-4.1309509,-2.5806935
1.8557474,-3.9620337,-1.449566,-1.0139103,0.46224437,3.8620123,-2.583789,3.4626997,2.3901199,-1.4278135,9.2744059,-4.1439818,-2.6256939
1.8560566,-3.9873058,-1.3550106,-1.0277299,0.55479834,3.68453,-2.5055101,3.5547876,2.6564532,-1.5168628,9.2782289,-4.1321945,-2.6543077
1.8563658,-4.0157411,-1.2559868,-1.041962,0.63606823,3.4893273,-2.4199351,3.6821832,2.9094541,-1.6261132,9.2821126,-4.0960588,-2.6677239
1.856675,-4.0468346,-1.1530805,-1.0568397,0.70645366,3.2791342,-2.331247,3.831901,3.1544158,-1.7496192,9.2848632,-4.0349596,-2.6672766
1.8569841,-4.0807222,-1.0469554,-1.0725188,0.78062479,3.0544968,-2.2395169,4.005387,3.3909922,-1.8860641,9.2825509,-3.9546396,-2.6543709
1.8572933,-4.1183752,-0.93787434,-1.0897343,0.84954372,2.8177006,-2.1476878,4.2000621,3.6174093,-2.0295264,9.2744858,-3.8502102,-2.6291085
1.8576025,-4.1536553,-0.82038007,-1.1049254,0.91442631,2.570031,-2.0530597,4.4186326,3.8310067,-2.1702397,9.2591495,-3.7200879,-2.5932162
1.8579116,-4.1892425,-0.69833128,-1.1193468,0.97313238,2.3135366,-1.9581889,4.655543,4.0315664,-2.3046637,9.2338616,-3.5645603,-2.5472724
1.8582208,-4.2245576,-0.57284475,-1.1330611,1.0275561,2.0486496,-1.8630762,4.9068014,4.2197523,-2.4276542,9.1995959,-3.3861927,-2.4950862
1.85853,-4.2598437,-0.44600041,-1.1460861,1.07706,1.7791652,-1.7761675,5.1664076,4.394412,-2.5357261,9.1563439,-3.1865263,-2.4353505
1.8588391,-4.2937327,-0.31756772,-1.1599458,1.1194291,1.5074117,-1.7066701,5.4307644,4.5557231,-2.6307802,9.0995262,-2.9645625,-2.3703428
1.8591482,-4.3290427,-0.18986345,-1.1722168,1.1544561,1.2357456,-1.653302,5.6997081,4.7038775,-2.7068194,9.0290617,-2.7199283,-2.2999153
1.8594574,-4.3641361,-0.058691274,-1.1867609,1.1769881,0.9624329,-1.6113471,5.9681038,4.8406004,-2.7577364,8.9441415,-2.4507264,-2.2248242
1.8597665,-4.3952709,0.07161886,-1.1985785,1.1876606,0.68882636,-1.5778866,6.2329436,4.9627507,-2.7837534,8.8510683,-2.1650996,-2.1507318
1.8600756,-4.42506,0.20112014,-1.2133081,1.1884623,0.41452967,-1.5540999,6.4982255,5.0705894,-2.7851904,8.750032,-1.8603483,-2.0700696
1.8603847,-4.4526246,0.33206936,-1.2280733,1.1783198,0.14335136,-1.5397709,6.7624422,5.1636502,-2.764974,8.6365378,-1.5409673,-1.9875654
1.8606938,-4.4781974,0.45666494,-1.24279,1.1460133,-0.11938974,-1.5361428,7.0202448,5.2425148,-2.7269704,8.5112969,-1.2052695,-1.9020325
1.8610029,-4.5010469,0.5753034,-1.2566252,1.0920968,-0.37375042,-1.5422896,7.2675115,5.3025494,-2.6756672,8.3776595,-0.85193788,-1.81333
1.8613119,-4.5244563,0.69082753,-1.2711556,1.0264531,-0.62382365,-1.5528653,7.4999219,5.3477794,-2.6181459,8.2371973,-0.50115856,-1.7282088
1.861621,-4.5463898,0.80207799,-1.2861026,0.94694823,-0.85991468,-1.5658795,7.708457,5.3801111,-2.5547377,8.1020676,-0.14567047,-1.6471364
1.86193,-4.5661125,0.90809213,-1.3012535,0.85728037,-1.088528,-1.581998,7.892491,5.3983575,-2.4855617,7.9624925,0.20931844,-1.5702834
1.8622391,-4.5848032,1.0082463,-1.3160654,0.76406878,-1.2979245,-1.6018394,8.0521792,5.4029045,-2.4045737,7.8314874,0.56615506,-1.5035142
1.8625481,-4.6035298,1.1036068,-1.330833,0.66416936,-1.492527,-1.627744,8.1861088,5.3938195,-2.3079328,7.7283297,0.9168645,-1.4574842
1.8628571,-4.6203599,1.1925994,-1.345763,0.55340213,-1.6743523,-1.6572399,8.2945354,5.369732,-2.1945389,7.6558182,1.2597888,-1.4293999
1.8631661,-4.634772,1.2744839,-1.3600758,0.43624475,-1.8407661,-1.6928604,8.3779775,5.3277541,-2.0672304,7.631459,1.5832716,-1.4174916
1.8634751,-4.648679,1.3493755,-1.3732924,0.32239138,-1.9901506,-1.7308617,8.4376579,5.2659306,-1.9285176,7.6563302,1.8931224,-1.4244942
1.8637841,-4.6626203,1.4169869,-1.3858707,0.20938221,-2.1235229,-1.7721114,8.4736452,5.1817919,-1.7833468,7.7176212,2.1877533,-1.4532632
1.864093,-4.6768088,1.4775702,-1.3983351,0.096473883,-2.2388053,-1.815093,8.4889283,5.0761481,-1.6438363,7.8019881,2.4650354,-1.4968493
1.864402,-4.6927005,1.5305215,-1.4104291,-0.012741473,-2.3372912,-1.859363,8.4837088,4.9482866,-1.5085002,7.9075523,2.7200861,-1.5552406
1.8647109,-4.7094982,1.5753586,-1.4217124,-0.12081895,-2.4195869,-1.9048587,8.4578152,4.7937677,-1.3829779,8.0419104,2.9573036,-1.630144
1.8650198,-4.7272003,1.6108283,-1.4316226,-0.22637282,-2.4798565,-1.9519531,8.4140045,4.6102539,-1.2644582,8.2030659,3.1771079,-1.712603
1.8653287,-4.7458581,1.6370766,-1.4407198,-0.32896697,-2.5165912,-1.9972815,8.35357,4.3972016,-1.1569268,8.3897843,3.3782448,-1.7981975
1.8656376,-4.765286,1.6544315,-1.4491879,-0.42827757,-2.5296505,-2.0409186,8.283552,4.1545337,-1.0671807,8.5968718,3.5612441,-1.8805975
1.8659465,-4.7855729,1.6626496,-1.4569717,-0.52484618,-2.521117,-2.0834055,8.2068451,3.8854668,-0.99580513,8.8218915,3.7274084,-1.9554847
1.8662554,-4.8066531,1.6613679,-1.4641344,-0.61542504,-2.4895821,-2.1232825,8.1245465,3.5916493,-0.94579916,9.0567899,3.8794464,-2.0208296
1.8665643,-4.8282921,1.6502921,-1.4710016,-0.7008037,-2.4362019,-2.1624078,8.0361178,3.2781895,-0.91034844,9.2997117,4.0198158,-2.0750525
1.8668731,-4.850494,1.6288118,-1.4772913,-0.78958285,-2.3664805,-2.1986215,7.9402886,2.9481444,-0.89352971,9.5527498,4.1499534,-2.115795
1.867182,-4.8734216,1.5968943,-1.4823831,-0.88424566,-2.2812195,-2.2333027,7.8562114,2.6057385,-0.90155971,9.8183802,4.2713082,-2.1404438
1.8674908,-4.8971051,1.5540833,-1.4865007,-0.9842058,-2.1819572,-2.2668009,7.776357,2.2495913,-0.93328174,10.100497,4.3867893,-2.1476778
1.8677997,-4.9217349,1.5000018,-1.4882374,-1.0833333,-2.0573005,-2.3006368,7.6966004,1.88139,-0.98459869,10.391975,4.4979708,-2.1376498
1.8681085,-4.9451858,1.4346975,-1.4874417,-1.1782252,-1.9115774,-2.3312951,7.6146103,1.5094423,-1.0607132,10.671665,4.6060186,-2.1111757
1.8684173,-4.9656845,1.3583466,-1.484383,-1.2708764,-1.7478675,-2.3630596,7.5304535,1.1304682,-1.1494493,10.935713,4.7096909,-2.0699282
1.8687261,-4.9826526,1.2703819,-1.4783926,-1.3651112,-1.5653587,-2.3929638,7.4376775,0.75471664,-1.2597363,11.181963,4.8088098,-2.0156946
1.8690349,-4.9991124,1.1732896,-1.471814,-1.461173,-1.3640089,-2.4216282,7.3348702,0.37612715,-1.3800826,11.407515,4.9060454,-1.9511003
1.8693437,-5.0137879,1.0663961,-1.4647454,-1.5554481,-1.1391533,-2.4447457,7.221765,-0.0027216167,-1.5053139,11.610535,4.9953064,-1.8776876
1.8696525,-5.0258287,0.94990796,-1.4549558,-1.6456234,-0.89887784,-2.465512,7.0998084,-0.37824772,-1.6319709,11.792251,5.0759811,-1.7967807
1.8699613,-5.0342145,0.82416138,-1.4435962,-1.7242677,-0.65307053,-2.4840243,6.9740977,-0.75120636,-1.756352,11.953181,5.1472281,-1.7107119
1.87027,-5.0378245,0.68934589,-1.4304811,-1.7909871,-0.3966804,-2.4996888,6.8368085,-1.1191019,-1.8722204,12.093164,5.2087545,-1.6202862
1.8705788,-5.0357005,0.54488235,-1.4176968,-1.8542111,-0.13249015,-2.5079494,6.7010423,-1.4736302,-1.9799138,12.211344,5.250191,-1.5252886
1.8708876,-5.0277652,0.38977324,-1.4041983,-1.9175387,0.13945817,-2.5082545,6.5676034,-1.8171173,-2.0781988,12.306933,5.2831034,-1.4275776
1.8711964,-5.0145135,0.23035765,-1.3909051,-1.976665,0.42040219,-2.5081355,6.4387066,-2.146788,-2.1664822,12.380923,5.3031151,-1.3269553
1.8715051,-4.9939359,0.067247242,-1.3743614,-2.027353,0.71240797,-2.5062076,6.3149704,-2.4583369,-2.2439226,12.432493,5.3056446,-1.2248048
1.8718139,-4.9673043,-0.093877953,-1.3531926,-2.0725673,1.0114316,-2.5057431,6.1974326,-2.7520568,-2.3161907,12.462936,5.2894502,-1.1202697
1.8721227,-4.9345502,-0.25388204,-1.3304572,-2.1200064,1.3163021,-2.5031319,6.0894249,-3.0249709,-2.380341,12.469912,5.251303,-1.0162044
1.8724314,-4.8932885,-0.41458103,-1.3067234,-2.1651493,1.6199438,-2.4883563,5.9904532,-3.2755205,-2.4361448,12.456155,5.1887917,-0.91527938
1.8727402,-4.8427919,-0.5792548,-1.2848226,-2.2058614,1.9178944,-2.4595358,5.9028851,-3.5014342,-2.4815609,12.421258,5.0946365,-0.82019792
1.8730489,-4.7862624,-0.74647897,-1.2625882,-2.2413547,2.215262,-2.4347282,5.8224151,-3.7016917,-2.5190062,12.368143,4.9667548,-0.7347758
1.8733577,-4.7224635,-0.91227418,-1.2406591,-2.2689557,2.5133271,-2.4128068,5.740615,-3.8673804,-2.5497023,12.297543,4.8033137,-0.66070812
1.8736665,-4.6505044,-1.0772369,-1.2213721,-2.289683,2.8079069,-2.3941231,5.6553272,-4.0013136,-2.5754192,12.211729,4.6015957,-0.60597891
1.8739752,-4.5680399,-1.2378384,-1.2047293,-2.3050591,3.0968428,-2.3756788,5.5692972,-4.1042367,-2.5945404,12.113837,4.359828,-0.57149332
1.874284,-4.4732753,-1.38997,-1.1864956,-2.3042267,3.3761731,-2.3566574,5.4813109,-4.1768337,-2.6079342,12.008085,4.0715306,-0.55966603
1.8745928,-4.3715671,-1.5331862,-1.1661169,-2.2796865,3.6434159,-2.3408644,5.3982719,-4.2193845,-2.6167446,11.89566,3.7372542,-0.57286175
1.8749015,-4.2664599,-1.6679336,-1.1462466,-2.2354103,3.899587,-2.3293393,5.3309099,-4.2284986,-2.621869,11.777989,3.3664851,-0.62154088
1.8752103,-4.1581425,-1.7951774,-1.1274082,-2.1691312,4.1435106,-2.3220667,5.2764734,-4.2056824,-2.6242286,11.658046,2.965842,-0.70064547
1.8755191,-4.0496873,-1.9125639,-1.1097634,-2.0856179,4.3713034,-2.3173597,5.2307856,-4.1554963,-2.6234638,11.534019,2.537001,-0.80481022
1.8758279,-3.9398507,-2.0206825,-1.0953962,-1.9895655,4.5804215,-2.3129106,5.1909419,-4.0812469,-2.6190488,11.411926,2.0850558,-0.93083051
1.8761367,-3.8317372,-2.1195608,-1.0852466,-1.8739924,4.7727398,-2.3044647,5.1546668,-3.9837928,-2.6132972,11.286051,1.6207122,-1.0760315
1.8764455,-3.7280287,-2.2080984,-1.0784878,-1.7374675,4.9465634,-2.2940788,5.1191921,-3.8641023,-2.6046487,11.155904,1.1466165,-1.2275633
1.8767543,-3.6284898,-2.2857939,-1.0745023,-1.5798438,5.0992933,-2.2816612,5.0818254,-3.7234184,-2.5969606,11.016225,0.66409829,-1.3730744
1.8770631,-3.5340954,-2.3521353,-1.0716061,-1.3984444,5.2294659,-2.2681557,5.0407891,-3.561725,-2.5924219,10.863834,0.18504161,-1.5177396
1.8773719,-3.4458318,-2.4075823,-1.0696709,-1.1980928,5.3359302,-2.2479459,4.9986854,-3.3814077,-2.5884859,10.70098,-0.29092628,-1.6557514
1.8776807,-3.3641342,-2.4524697,-1.0697642,-0.98162622,5.4195037,-2.2248028,4.9562344,-3.1809745,-2.5854149,10.531538,-0.75940509,-1.7875101
1.8779895,-3.2897353,-2.4855267,-1.0711132,-0.74940414,5.4805017,-2.1939191,4.9119833,-2.960864,-2.5836443,10.363177,-1.2178622,-1.905913
1.8782983,-3.2254426,-2.5083847,-1.0744131,-0.50823222,5.5246494,-2.1608,4.8656849,-2.7166678,-2.581995,10.192968,-1.6604301,-2.0057721
1.8786071,-3.1709134,-2.5226503,-1.0803153,-0.25542563,5.5573394,-2.1260439,4.8136583,-2.4501222,-2.5859741,10.029506,-2.0802546,-2.0902274
1.878916,-3.1257916,-2.5310816,-1.0877912,0.0006539186,5.5774691,-2.086872,4.7639055,-2.1648375,-2.5935121,9.8772603,-2.4755764,-2.1578648
1.8792248,-3.090005,-2.5302971,-1.0965788,0.25590392,5.5844954,-2.0461813,4.718917,-1.8609081,-2.6009523,9.7385491,-2.8410179,-2.2083202
1.8795336,-3.0634039,-2.5193657,-1.1066955,0.49873925,5.5789302,-2.0020543,4.6713784,-1.5378772,-2.6072774,9.6148036,-3.177842,-2.2454872
1.8798425,-3.0458863,-2.4973443,-1.117928,0.75316487,5.5583915,-1.9548971,4.625383,-1.1883587,-2.6168103,9.5077256,-3.4777124,-2.2693471
1.8801513,-3.0370482,-2.4651345,-1.1301321,1.0093917,5.5237469,-1.9032415,4.5815497,-0.81860296,-2.6268848,9.4198349,-3.7354241,-2.2842148
1.8804602,-3.0368786,-2.4226318,-1.143201,1.2669552,5.47334,-1.8541896,4.5455097,-0.43171413,-2.6332279,9.3541618,-3.9498318,-2.288005
1.880769,-3.0442111,-2.3702956,-1.1564578,1.5227695,5.4059283,-1.8046666,4.5034911,-0.038597962,-2.6318156,9.3044625,-4.1229091,-2.2811859
1.8810779,-3.0594873,-2.308454,-1.1707161,1.7624785,5.3192512,-1.7531152,4.4617078,0.36589223,-2.6331389,9.267816,-4.2541697,-2.2650933
1.8813868,-3.0816528,-2.2365016,-1.1854034,1.9892361,5.2064292,-1.7007726,4.4223893,0.78219343,-2.629249,9.2496039,-4.3509312,-2.2407716
1.8816956,-3.1091337,-2.1550055,-1.2008257,2.2015928,5.070436,-1.6486037,4.3924733,1.2036402,-2.6083517,9.2490458,-4.4186758,-2.2107024
1.8820045,-3.1421898,-2.0637899,-1.2169914,2.4006416,4.9097182,-1.5977027,4.3692784,1.625287,-2.5785945,9.2632969,-4.4642588,-2.1763209
1.8823133,-3.179617,-1.9628978,-1.2328196,2.5825956,4.7234765,-1.5488938,4.3512143,2.0332493,-2.5401649,9.2899661,-4.4891662,-2.1381137
1.8826222,-3.2212298,-1.852676,-1.248631,2.7403374,4.5131991,-1.5030925,4.3497674,2.4286737,-2.4975526,9.323104,-4.495174,-2.0972465
1.8829311,-3.2659692,-1.7338605,-1.2644904,2.8725199,4.2820274,-1.461303,4.3777227,2.8058144,-2.4470925,9.3591072,-4.4830349,-2.0552126
1.88324,-3.3123771,-1.6058853,-1.2802171,2.9804504,4.0329175,-1.4238511,4.4413186,3.1609078,-2.3921696,9.3956141,-4.4519263,-2.0128243
1.8835488,-3.361591,-1.4692417,-1.2951507,3.0655031,3.7685175,-1.3894812,4.5386428,3.4898402,-2.3325362,9.4309316,-4.4040636,-1.9704754
1.8838577,-3.4118002,-1.3252638,-1.3095598,3.1416133,3.4937766,-1.358573,4.6778296,3.7897421,-2.2723383,9.4633704,-4.339036,-1.929053
1.8841666,-3.4627727,-1.1739214,-1.322656,3.2092735,3.2111991,-1.332816,4.8465095,4.0606186,-2.2126716,9.4908157,-4.2571892,-1.8904467
1.8844754,-3.5144042,-1.0155305,-1.3353505,3.2624829,2.9190672,-1.313339,5.0416984,4.3013442,-2.1448368,9.509325,-4.1573387,-1.8555253
1.8847843,-3.5632621,-0.8513918,-1.3482254,3.3009598,2.6185828,-1.2996869,5.2575695,4.512956,-2.0673069,9.5159859,-4.0398238,-1.8265336
1.8850932,-3.6088251,-0.6824121,-1.3610377,3.3240961,2.3121366,-1.2942396,5.4921899,4.6983367,-1.991849,9.5106003,-3.9063075,-1.803466
1.8854021,-3.6550413,-0.50849919,-1.3728843,3.3357715,1.9999206,-1.2897559,5.7450721,4.8616847,-1.9194174,9.492543,-3.7521349,-1.7879135
1.8857109,-3.7004909,-0.32932346,-1.3853775,3.3271939,1.6923224,-1.2953011,6.0136087,5.0004677,-1.8480629,9.4605988,-3.5770043,-1.7808492
1.8860198,-3.7406576,-0.14367138,-1.3986312,3.2966121,1.3851737,-1.3159869,6.2924236,5.1184226,-1.7782162,9.4127962,-3.3796574,-1.7835753
1.8863286,-3.7798502,0.047316011,-1.4072319,3.2472256,1.0695782,-1.3442614,6.5819824,5.2197197,-1.7097112,9.3526092,-3.158545,-1.7979346
1.8866375,-3.8160023,0.2410113,-1.4138596,3.1800123,0.74614123,-1.3789064,6.8934291,5.3062564,-1.6428951,9.2795745,-2.9131982,-1.8227851
1.8869464,-3.8488312,0.42638027,-1.4252379,3.0972218,0.41327967,-1.4197909,7.2241527,5.3787029,-1.5774393,9.1941776,-2.6425408,-1.8567206
1.8872552,-3.8793252,0.60940346,-1.4377465,2.9952286,0.075791263,-1.4662092,7.5644394,5.4392783,-1.5127087,9.0941489,-2.3435417,-1.8970535
1.8875641,-3.9082463,0.79111412,-1.4516041,2.8617529,-0.26179512,-1.5144192,7.9020217,5.4885486,-1.4488161,8.9871237,-2.0164337,-1.9445977
1.8878729,-3.9369398,0.96726517,-1.466106,2.705639,-0.60341394,-1.5655861,8.2105965,5.5248426,-1.3855782,8.8725115,-1.6603567,-1.9945392
1.8881817,-3.9593705,1.1374546,-1.4809948,2.5319608,-0.94932772,-1.6168601,8.4883129,5.5456876,-1.3233188,8.7573166,-1.2827464,-2.0355125
1.8884906,-3.9751755,1.301023,-1.4948975,2.3507553,-1.2952702,-1.6652736,8.7338747,5.5487926,-1.2606684,8.6425091,-0.8807197,-2.0662582
1.8887994,-3.9892537,1.4592833,-1.5084601,2.1606862,-1.6370179,-1.7138335,8.9494684,5.5335527,-1.1965428,8.5413799,-0.45411672,-2.0862163
1.8891082,-4.0028607,1.6108243,-1.5220281,1.9636265,-1.9694638,-1.758396,9.1379294,5.4986802,-1.1308134,8.4516658,-0.018102147,-2.0923804
1.889417,-4.0176126,1.7556988,-1.5354157,1.7737836,-2.2912717,-1.796519,9.3005156,5.4420337,-1.0630095,8.3761119,0.42529628,-2.08975
1.8897258,-4.0342865,1.8923776,-1.5488233,1.5944685,-2.5945462,-1.8278098,9.4370281,5.3621581,-0.99181123,8.3180108,0.87049503,-2.0739657
1.8900346,-4.0492228,2.0181805,-1.5616338,1.4219771,-2.8756022,-1.8520997,9.547144,5.259193,-0.92006483,8.2815365,1.308818,-2.0437455
1.8903434,-4.0641408,2.1310742,-1.5740366,1.2575912,-3.1295774,-1.8694974,9.633116,5.1347989,-0.84823507,8.2616382,1.7295783,-2.0037546
1.8906522,-4.0816123,2.2357353,-1.5858092,1.1013726,-3.3564002,-1.8799711,9.6982401,4.9904773,-0.77734043,8.2681495,2.1272752,-1.9586839
1.890961,-4.1012032,2.3307015,-1.596339,0.95393528,-3.5512255,-1.883636,9.7427368,4.8266078,-0.70908801,8.3050115,2.4970783,-1.9070932
1.8912698,-4.1222665,2.4148984,-1.6049011,0.8181846,-3.7131518,-1.8816887,9.7660619,4.6438797,-0.64559017,8.374529,2.834439,-1.8460956
1.8915786,-4.1453594,2.4880392,-1.6113355,0.69483129,-3.8397408,-1.8759302,9.7685854,4.4450745,-0.58974243,8.4801385,3.1373573,-1.7783895
1.8918873,-4.1700171,2.5467191,-1.6152316,0.58575441,-3.9317701,-1.8640984,9.751057,4.2325083,-0.54434271,8.6213573,3.4046797,-1.697903
1.8921961,-4.1951524,2.5934654,-1.615938,0.48991532,-3.9921363,-1.8477431,9.7212269,4.00887,-0.50835069,8.7871589,3.6380335,-1.6132275
1.8925048,-4.221282,2.6269039,-1.6147413,0.39185271,-4.019308,-1.8306976,9.6782212,3.7744733,-0.48502791,8.9866081,3.8402804,-1.5342302
1.8928136,-4.2483999,2.6472299,-1.611156,0.29233072,-4.0167797,-1.812052,9.6204481,3.527906,-0.475936,9.2084086,4.0164672,-1.4610323
1.8931224,-4.2743046,2.6540479,-1.6043001,0.19035208,-3.9836389,-1.7924733,9.5484572,3.2688647,-0.48463794,9.4483966,4.1699013,-1.3952287
1.8934311,-4.2987263,2.6473152,-1.5947402,0.090204305,-3.9196748,-1.7735651,9.4608416,2.9978544,-0.51631814,9.7090332,4.3058864,-1.3371966
1.8937398,-4.3209098,2.6270231,-1.5817711,-0.0098316977,-3.8244505,-1.754921,9.3733695,2.7173362,-0.56556484,9.979587,4.4284868,-1.2858141
1.8940486,-4.3402965,2.5965161,-1.5658337,-0.097068573,-3.7004487,-1.7357407,9.2771568,2.4217964,-0.63025613,10.264906,4.5404787,-1.2382394
1.8943573,-4.3564256,2.5462964,-1.5463546,-0.17574923,-3.5502356,-1.7174768,9.170462,2.1065667,-0.7055149,10.555809,4.6434786,-1.194664
1.8946661,-4.3688481,2.4841252,-1.5251207,-0.24797642,-3.3748345,-1.6981936,9.054423,1.7720263,-0.79531354,10.831675,4.7389364,-1.1536654
1.8949748,-4.378267,2.4088272,-1.5012581,-0.3130727,-3.1767057,-1.6799071,8.9247947,1.41287,-0.89511197,11.089076,4.8266872,-1.1135384
1.8952835,-4.3833251,2.3210228,-1.4752719,-0.37343329,-2.9544048,-1.6623435,8.7784425,1.0373807,-0.99195393,11.32625,4.9060855,-1.0726436
1.8955923,-4.3831019,2.2198346,-1.4481152,-0.4243568,-2.7050209,-1.6451887,8.6182526,0.63587008,-1.0877404,11.542612,4.9754136,-1.0293363
1.895901,-4.3765225,2.1048134,-1.420063,-0.46981301,-2.4226,-1.631671,8.4460972,0.2095557,-1.1850338,11.739686,5.0331556,-0.98248323
1.8962097,-4.3634617,1.9744032,-1.3918521,-0.51217335,-2.1127694,-1.6211847,8.2642333,-0.23749901,-1.2854306,11.918229,5.0780059,-0.9314078
1.8965184,-4.3415411,1.8363591,-1.3639836,-0.54909112,-1.7835087,-1.6145981,8.0664032,-0.69719324,-1.3848737,12.079654,5.1083289,-0.87492578
1.8968272,-4.3139497,1.686384,-1.3366769,-0.58060723,-1.4323043,-1.6139479,7.8594112,-1.1644984,-1.474772,12.224891,5.1232266,-0.81173482
1.8971359,-4.2828959,1.5258223,-1.310371,-0.60843356,-1.0605921,-1.6170363,7.6506271,-1.6330664,-1.5535376,12.354715,5.1208779,-0.74244333
1.8974446,-4.2497511,1.3563594,-1.2846982,-0.62699754,-0.66558378,-1.6233312,7.4427727,-2.097529,-1.6153113,12.469957,5.102324,-0.66755981
1.8977534,-4.2089037,1.1777558,-1.2587241,-0.65033615,-0.25629975,-1.6344509,7.2441721,-2.5486965,-1.6577271,12.570926,5.0665839,-0.58750833
1.8980621,-4.1583708,0.99068463,-1.2334901,-0.67822927,0.16394559,-1.6524541,7.0573869,-2.9779401,-1.6814448,12.65885,5.0143871,-0.50229262
1.8983708,-4.1035834,0.79355592,-1.209504,-0.70527439,0.59434977,-1.6778038,6.888215,-3.3718355,-1.688441,12.732633,4.9449509,-0.41357196
1.8986796,-4.0416684,0.58877813,-1.1880077,-0.73135594,1.033731,-1.7091834,6.739033,-3.7222104,-1.6803731,12.79083,4.859166,-0.32358981
1.8989883,-3.9716238,0.37821996,-1.1714564,-0.75522567,1.4817257,-1.7428257,6.6129362,-4.0160591,-1.6615227,12.833346,4.7565776,-0.23514629
1.8992971,-3.8940179,0.16334352,-1.1629096,-0.77379822,1.9277045,-1.7735553,6.4984865,-4.2620325,-1.6346969,12.859862,4.6358951,-0.1499484
1.8996058,-3.8056024,-0.047808011,-1.1518064,-0.78437337,2.3617576,-1.8075549,6.3880043,-4.457558,-1.5988012,12.870624,4.4974607,-0.074352262
1.8999146,-3.7059174,-0.25079977,-1.1442133,-0.78885983,2.7860549,-1.8395907,6.2850188,-4.6094011,-1.5584583,12.863465,4.3390825,-0.010057991
1.9002234,-3.5963099,-0.45284498,-1.1386139,-0.78405986,3.1981157,-1.8635881,6.2059852,-4.7223346,-1.5145382,12.839214,4.1604254,0.038013511
1.9005321,-3.4786922,-0.65597015,-1.1361848,-0.76929083,3.5964121,-1.883298,6.1491556,-4.8004024,-1.4673825,12.793255,3.9586031,0.065838043
1.9008409,-3.3543835,-0.86173972,-1.1366539,-0.73873879,3.9771178,-1.8934327,6.1108089,-4.8445634,-1.4173854,12.735576,3.7330545,0.07199986
1.9011497,-3.2243161,-1.0622072,-1.1408871,-0.67351539,4.330614,-1.8921688,6.0879916,-4.8569987,-1.3651465,12.661151,3.4798076,0.057874247
1.9014585,-3.0910081,-1.2604088,-1.1491073,-0.58187708,4.6553364,-1.8787201,6.0780388,-4.841994,-1.3117853,12.570716,3.1976579,0.019114208
1.9017673,-2.9665163,-1.4503803,-1.1610734,-0.46993086,4.9494471,-1.8503802,6.0769684,-4.8017658,-1.257495,12.461472,2.8831338,-0.047659401
1.9020761,-2.8437475,-1.6306018,-1.1757059,-0.33496054,5.2120143,-1.8059819,6.0803554,-4.7360494,-1.2036217,12.341043,2.5365192,-0.13390999
1.9023849,-2.7154084,-1.7974917,-1.193391,-0.1791473,5.4428695,-1.7443896,6.0854767,-4.6456019,-1.1501534,12.204681,2.1549813,-0.23572097
1.9026937,-2.5871153,-1.9518789,-1.2140561,0.0052345587,5.6403357,-1.6702102,6.0903702,-4.5304926,-1.097963,12.051925,1.7372739,-0.34754567
1.9030025,-2.4649979,-2.0966341,-1.2375643,0.21498808,5.8049272,-1.5847373,6.0924597,-4.3919005,-1.0484247,11.883412,1.2867618,-0.46873364
1.9033114,-2.3512721,-2.2331713,-1.263118,0.44709068,5.9392653,-1.4894746,6.0909594,-4.2310158,-1.0007202,11.696899,0.80154607,-0.59099613
1.9036202,-2.2514003,-2.3583199,-1.2918945,0.69999065,6.0490815,-1.3890223,6.0839196,-4.0471971,-0.95576725,11.493138,0.28763736,-0.71959043
1.9039291,-2.166786,-2.4689143,-1.322677,0.97211729,6.1397625,-1.2844191,6.068364,-3.839582,-0.91370157,11.276639,-0.24800444,-0.85114509
1.9042379,-2.093953,-2.5672363,-1.3554461,1.257642,6.210403,-1.1838195,6.0450844,-3.6111237,-0.87593268,11.055616,-0.79685258,-0.97992501
1.9045468,-2.0332191,-2.6518904,-1.3884377,1.5506662,6.2625253,-1.087297,6.0129187,-3.3508666,-0.84479498,10.83538,-1.3559408,-1.0990219
1.9048557,-1.9813311,-2.7207163,-1.4228327,1.8460604,6.2968493,-0.99729667,5.9757678,-3.0610997,-0.81923641,10.617105,-1.8974797,-1.2000121
1.9051645,-1.937566,-2.7744991,-1.4587246,2.1394746,6.3129306,-0.91339013,5.9333977,-2.738976,-0.80123048,10.409821,-2.4036145,-1.2775142
1.9054734,-1.9060436,-2.8126815,-1.4950131,2.4426946,6.3162961,-0.83839398,5.885321,-2.3753822,-0.79182966,10.219078,-2.852005,-1.3300276
1.9057823,-1.8878445,-2.8352851,-1.53001,2.7577066,6.3097005,-0.76896766,5.8312908,-1.9709004,-0.79194678,10.05526,-3.2331094,-1.3590171
1.9060912,-1.8815935,-2.8432607,-1.5624213,3.0801728,6.291351,-0.70447736,5.7759117,-1.528924,-0.80314715,9.9083708,-3.553187,-1.3668455
1.9064001,-1.8872548,-2.8368003,-1.5919882,3.4027214,6.2591904,-0.64669492,5.7200842,-1.0610981,-0.82418841,9.784065,-3.8185211,-1.3570602
1.906709,-1.9032235,-2.8158583,-1.6198795,3.7205055,6.2120481,-0.59522017,5.6700275,-0.56795562,-0.85565883,9.6837161,-4.0350118,-1.3335804
1.907018,-1.9278626,-2.7805199,-1.6455657,4.0106401,6.1479113,-0.54977653,5.6117734,-0.059595058,-0.89151526,9.6089296,-4.2092337,-1.2985738
1.9073269,-1.9610777,-2.7307303,-1.6688001,4.2699244,6.0667571,-0.51118308,5.5555097,0.45947295,-0.93509523,9.5559831,-4.3474632,-1.2552071
1.9076358,-2.0021321,-2.6671422,-1.6891824,4.4994763,5.9658437,-0.48095221,5.5060716,0.98235815,-0.98414197,9.5224152,-4.4573115,-1.206501
1.9079447,-2.0507601,-2.5895571,-1.706508,4.6998289,5.8407746,-0.45916973,5.4647967,1.4999441,-1.0382358,9.5054396,-4.5431374,-1.1561322
1.9082537,-2.1054707,-2.4985689,-1.7206107,4.8725735,5.6905535,-0.44653513,5.4388748,2.0012767,-1.0849495,9.504928,-4.6080921,-1.1030617
1.9085626,-2.1661853,-2.3932871,-1.7322251,5.0177252,5.5132848,-0.44234881,5.4323615,2.4722087,-1.1219545,9.5187786,-4.6536947,-1.0468485
1.9088716,-2.2303217,-2.2763524,-1.742404,5.136121,5.3077638,-0.44505091,5.4490634,2.9124792,-1.1597026,9.5462776,-4.6820935,-0.98900951
1.9091805,-2.2970765,-2.1473311,-1.7507051,5.2295255,5.0768809,-0.45459025,5.4903823,3.3209786,-1.1881278,9.5819915,-4.6937301,-0.92943452
1.9094895,-2.3647796,-2.0062612,-1.7577225,5.300669,4.8222556,-0.4677295,5.5547894,3.6929018,-1.2021502,9.6218866,-4.6883064,-0.86804734
1.9097985,-2.4341176,-1.854269,-1.763153,5.351423,4.5487097,-0.48372837,5.6540185,4.0247209,-1.197324,9.6641189,-4.665111,-0.80505843
1.9101074,-2.5024566,-1.6913508,-1.7668028,5.3802236,4.2570746,-0.50468357,5.78923,4.3157463,-1.1742418,9.7051329,-4.6217315,-0.74097461
1.9104164,-2.5697015,-1.5197315,-1.7690043,5.3872968,3.9483826,-0.52780029,5.9573174,4.5675209,-1.1343433,9.7435526,-4.5569639,-0.67599243
1.9107254,-2.6353553,-1.33847,-1.7702575,5.3744,3.6268079,-0.55751844,6.1555191,4.7817479,-1.0787006,9.7783602,-4.4685675,-0.61109314
1.9110344,-2.6996229,-1.1473669,-1.7700952,5.3474777,3.2966577,-0.59094161,6.3754854,4.9605191,-1.0098147,9.8080738,-4.3557118,-0.54692846
1.9113433,-2.7608239,-0.94752378,-1.7678403,5.3157148,2.9620142,-0.62432224,6.6135156,5.1095966,-0.92918408,9.8306606,-4.2184102,-0.48425715
1.9116523,-2.8177253,-0.74020658,-1.7651504,5.2712066,2.6225266,-0.65741442,6.8640407,5.234511,-0.83955854,9.8438417,-4.0561713,-0.42469918
1.9119613,-2.870867,-0.5277603,-1.7633788,5.2104879,2.2768867,-0.68856444,7.1255277,5.3398288,-0.74352052,9.8468694,-3.8693564,-0.37001983
1.9122703,-2.9225594,-0.3110008,-1.7639795,5.1343423,1.9272165,-0.72449386,7.3965657,5.4298025,-0.64442172,9.8406011,-3.657886,-0.32177448
1.9125792,-2.9708157,-0.089952798,-1.7636577,5.0437858,1.5727037,-0.7737124,7.6855752,5.5074521,-0.54495316,9.8228822,-3.4199981,-0.28166054
1.9128882,-3.0165899,0.1334587,-1.7603102,4.9291057,1.2211757,-0.81762762,7.9977261,5.5759613,-0.45103769,9.7918541,-3.1542977,-0.25196632
1.9131972,-3.0603192,0.35650457,-1.7597219,4.7877476,0.87152772,-0.85387518,8.3103932,5.6379711,-0.36461115,9.7447768,-2.8597952,-0.23455779
1.9135062,-3.1020797,0.57433504,-1.7658376,4.6239285,0.51582748,-0.88896827,8.6084158,5.691887,-0.28831338,9.6870912,-2.5364303,-0.23026564
1.9138152,-3.1408812,0.78989492,-1.7739252,4.438901,0.15515858,-0.92462034,8.8880542,5.7387618,-0.22271023,9.6165876,-2.1838127,-0.24139575
1.9141241,-3.1796213,1.000547,-1.7858971,4.2401362,-0.21348594,-0.96688416,9.1461498,5.7765709,-0.17032572,9.5306603,-1.800835,-0.26577578
1.9144331,-3.2174651,1.204026,-1.8012334,4.0139788,-0.5840311,-1.010078,9.3804726,5.8026615,-0.12903905,9.4329013,-1.3888114,-0.30315986
1.9147421,-3.2572434,1.3991334,-1.8167185,3.7662805,-0.95374801,-1.0492424,9.5911898,5.8142343,-0.097070237,9.3286866,-0.94212558,-0.35064943
1.9150511,-3.2919599,1.584877,-1.8335907,3.5139063,-1.3225659,-1.0832531,9.778531,5.807162,-0.071867941,9.2229812,-0.48189044,-0.41016335
1.91536,-3.3197308,1.7583098,-1.8543373,3.2597135,-1.6851228,-1.1111064,9.944848,5.7777314,-0.050701212,9.1227969,-0.0037375991,-0.47763462
1.915669,-3.3471654,1.9218783,-1.8761399,3.0141203,-2.0418051,-1.1323777,10.091117,5.733245,-0.032332264,9.0356271,0.48261027,-0.54613034
1.915978,-3.376024,2.0775212,-1.8975965,2.7762962,-2.3880291,-1.1434448,10.217543,5.6660605,-0.014658673,8.9698215,0.9699783,-0.61405792
1.9162869,-3.4072039,2.2244261,-1.9172591,2.5594509,-2.7198904,-1.1428549,10.324058,5.5732308,0.0035900783,8.9267163,1.4489509,-0.67940144
1.9165959,-3.4414173,2.3604829,-1.9336022,2.351031,-3.0347636,-1.1303506,10.413074,5.4536009,0.024346652,8.9026873,1.9046015,-0.74050367
1.9169048,-3.4769708,2.485152,-1.946285,2.1526061,-3.3218287,-1.105212,10.484333,5.3083042,0.046601486,8.9022815,2.330388,-0.79271777
1.9172138,-3.5121265,2.595468,-1.9545298,1.9673652,-3.5764283,-1.0663693,10.538304,5.1392354,0.069737653,8.9190587,2.7200006,-0.83550172
1.9175227,-3.5462467,2.692838,-1.9569515,1.799597,-3.8009331,-1.0148806,10.577478,4.9496804,0.092729538,8.9586353,3.0706599,-0.86520519
1.9178317,-3.5808867,2.7780914,-1.9532696,1.6530352,-3.9939136,-0.95251346,10.600753,4.7425716,0.11608023,9.0222665,3.378289,-0.87870406
1.9181406,-3.6147731,2.8511399,-1.9427903,1.5276321,-4.1580993,-0.88133984,10.609505,4.5177154,0.13875717,9.1182725,3.644895,-0.87407983
1.9184495,-3.646388,2.9125324,-1.9242772,1.4192218,-4.2916455,-0.8046136,10.602883,4.2774475,0.15963439,9.2474957,3.8712608,-0.85197999
1.9187585,-3.6758912,2.9584713,-1.8994146,1.3135113,-4.3944951,-0.7245426,10.578864,4.0243486,0.17800362,9.4075057,4.0634866,-0.81245581
1.9190674,-3.7017722,2.9913515,-1.8690083,1.2093561,-4.4625881,-0.64183225,10.543981,3.7626424,0.19006044,9.5924741,4.2249929,-0.75766887
1.9193763,-3.7233573,3.0116554,-1.8335802,1.1084251,-4.4942747,-0.56112645,10.496312,3.4949341,0.20026495,9.7975066,4.3636005,-0.68994784
1.9196853,-3.7408191,3.0178287,-1.7928534,1.012086,-4.491012,-0.48186588,10.430455,3.2127931,0.20597121,10.016999,4.4838163,-0.61197765
1.9199942,-3.7533475,3.0102616,-1.747287,0.93609033,-4.4522074,-0.40421815,10.347416,2.9203833,0.20585439,10.244291,4.5907146,-0.52960358
1.9203031,-3.7594482,2.9888547,-1.6975161,0.87793081,-4.3796029,-0.3278822,10.242077,2.6149583,0.19906382,10.474048,4.6880697,-0.44813351
1.920612,-3.7594165,2.9521773,-1.6439833,0.83532727,-4.2746247,-0.25280221,10.130039,2.3007586,0.1885785,10.702258,4.7785581,-0.37126204
1.920921,-3.7505264,2.9068623,-1.5859159,0.80277962,-4.1360416,-0.18116341,10.000678,1.9721826,0.17533706,10.92567,4.86291,-0.30119127
1.9212299,-3.7318465,2.8452127,-1.5238069,0.77521529,-3.967256,-0.11539154,9.85005,1.6233662,0.16226698,11.141181,4.9418433,-0.23979649
1.9215388,-3.7061627,2.7643156,-1.4584271,0.74925199,-3.7684998,-0.055638689,9.6789124,1.2539133,0.13964165,11.346204,5.0149781,-0.18788415
1.9218477,-3.6740707,2.6693555,-1.3904894,0.71866615,-3.5412383,0.0020031685,9.4837852,0.8655395,0.11089632,11.538954,5.0803237,-0.14477608
1.9221566,-3.6343522,2.5593934,-1.3204861,0.69371823,-3.2929233,0.053451858,9.2662509,0.45775566,0.091067098,11.718617,5.1357512,-0.10801822
1.9224656,-3.586713,2.4355483,-1.2494231,0.67074535,-3.0195134,0.10160285,9.0321067,0.028354996,0.073841123,11.88437,5.1794412,-0.077228435
1.9227745,-3.5321616,2.297523,-1.1819028,0.64525355,-2.7169454,0.14312651,8.783349,-0.42059231,0.059000121,12.036653,5.2079051,-0.048644714
1.9230834,-3.4712335,2.1445762,-1.1187318,0.61597343,-2.3921573,0.17626965,8.5311093,-0.88618147,0.043414558,12.175372,5.2185462,-0.019526587
1.9233923,-3.4009569,1.9783589,-1.0587075,0.58355136,-2.0394853,0.20692853,8.2679513,-1.3555756,0.02831239,12.301006,5.209219,0.01206428
1.9237013,-3.3244562,1.7992254,-1.0037619,0.55071422,-1.662818,0.22530821,8.0076606,-1.8266756,0.018161495,12.413568,5.1780792,0.048194175
1.9240102,-3.2486553,1.6102363,-0.95407485,0.52152486,-1.2785804,0.22627894,7.7578509,-2.2929753,0.013334338,12.515443,5.1242893,0.088546721
1.9243191,-3.172315,1.4107529,-0.91150318,0.4887609,-0.87432081,0.21128575,7.5233154,-2.7495306,0.013642427,12.607494,5.0478666,0.13365825
1.9246281,-3.0906804,1.1999505,-0.87700759,0.44140207,-0.45494376,0.16968165,7.3108691,-3.1811565,0.020733207,12.689061,4.9490796,0.18332871
1.924937,-3.0042119,0.97905512,-0.85052218,0.38823238,-0.020540074,0.10546471,7.1223264,-3.5775831,0.036171641,12.761189,4.829861,0.23700311
1.925246,-2.9143976,0.74922549,-0.82849008,0.33777429,0.42802074,0.03730893,6.9619321,-3.9292437,0.059993799,12.824153,4.6921334,0.29219156
1.9255549,-2.8209685,0.51119634,-0.81648772,0.27784164,0.88230807,-0.039889406,6.8311168,-4.2397628,0.093408614,12.877634,4.537779,0.34743214
1.9258639,-2.7230151,0.26619463,-0.81117185,0.21651774,1.3441968,-0.12339846,6.730083,-4.504079,0.13615437,12.921758,4.3673432,0.40126494
1.9261728,-2.6179633,0.014215021,-0.80773172,0.16299906,1.8007838,-0.21216211,6.6565479,-4.7246612,0.18774228,12.956909,4.1834818,0.45286786
1.9264818,-2.5056295,-0.2281808,-0.81561311,0.12030148,2.2531912,-0.30840971,6.6098455,-4.9020565,0.24723863,12.979633,3.9874003,0.5001924
1.9267908,-2.3868657,-0.46258149,-0.82810936,0.099618032,2.6969899,-0.40639053,6.5856409,-5.0425541,0.31270682,12.989669,3.7798065,0.53871389
1.9270998,-2.2631375,-0.6971026,-0.85133498,0.10302388,3.1313828,-0.49624989,6.5782686,-5.1473879,0.38286789,12.986044,3.5591729,0.57296621
1.9274087,-2.1371908,-0.92976626,-0.88357471,0.12811036,3.5525767,-0.56541984,6.5869216,-5.2185261,0.45476022,12.967908,3.3230554,0.6005132
1.9277177,-2.010896,-1.1611543,-0.92499335,0.19583972,3.9517538,-0.60973897,6.610292,-5.2587635,0.52238361,12.933212,3.0714521,0.62084683
1.9280267,-1.8851856,-1.383765,-0.96814405,0.30110613,4.3275624,-0.62767308,6.6439475,-5.2737697,0.58666475,12.879768,2.8021904,0.63289313
1.9283357,-1.7687267,-1.5953735,-1.0169808,0.43783623,4.6740361,-0.61825088,6.6823148,-5.2635379,0.64607202,12.806559,2.5151716,0.63537036
1.9286448,-1.6639013,-1.7972334,-1.068333,0.60714571,4.9945516,-0.57962544,6.7210713,-5.226504,0.69754142,12.711227,2.1981802,0.632418
1.9289538,-1.5586562,-1.9841448,-1.1220771,0.80455033,5.2877617,-0.51398456,6.7582764,-5.1619748,0.74016255,12.592641,1.8544456,0.62416379
1.9292628,-1.4625928,-2.1552685,-1.1795669,1.0341589,5.5491167,-0.42649068,6.791849,-5.0700371,0.77702733,12.449821,1.4831889,0.61026565
1.9295718,-1.3764121,-2.3125906,-1.243513,1.2935344,5.7798195,-0.32436572,6.8209259,-4.9506393,0.80970152,12.285013,1.0839491,0.58985261
1.9298809,-1.3000801,-2.4565608,-1.3099798,1.5785329,5.9784619,-0.21048903,6.8430192,-4.8023251,0.83859492,12.096468,0.65544636,0.56386268
1.9301899,-1.2381414,-2.5826934,-1.3774194,1.8839596,6.1490407,-0.090190664,6.8572754,-4.6220435,0.86497814,11.885688,0.19926234,0.53312728
1.930499,-1.1912122,-2.6913478,-1.4446992,2.2044106,6.2902569,0.030966976,6.8635559,-4.4116317,0.88848452,11.6572,-0.276962,0.49843938
1.9308081,-1.1591241,-2.7832206,-1.5092435,2.5350474,6.3984708,0.14657866,6.8619298,-4.1742553,0.90935585,11.422827,-0.76533134,0.45912201
1.9311171,-1.1401176,-2.8576664,-1.5708756,2.8693453,6.4780053,0.25066161,6.8508827,-3.9097515,0.92710049,11.189044,-1.2580237,0.41558844
1.9314262,-1.1332666,-2.9117505,-1.6275477,3.2016749,6.5300767,0.34584094,6.828533,-3.6185549,0.94372999,10.958306,-1.7536128,0.37041773
1.9317353,-1.138595,-2.9480755,-1.6804964,3.5435418,6.556806,0.4296694,6.7952363,-3.2990312,0.96063841,10.738584,-2.2272329,0.32517622
1.9320444,-1.157347,-2.9650709,-1.728787,3.8906303,6.5616704,0.49682635,6.7489404,-2.9504405,0.97396257,10.537749,-2.674473,0.28223488
1.9323535,-1.1892695,-2.9620265,-1.7727615,4.2372608,6.5447882,0.54690829,6.6951675,-2.5810733,0.98290501,10.358949,-3.0883232,0.24372183
1.9326626,-1.231817,-2.9388617,-1.8133628,4.5627178,6.5130698,0.57958515,6.6307415,-2.1877896,0.98895552,10.20557,-3.4591077,0.21336407
1.9329717,-1.2831312,-2.8978739,-1.8505361,4.8564217,6.4664691,0.59784129,6.5583589,-1.7738407,0.99437613,10.081838,-3.7816648,0.19186267
1.9332808,-1.3419362,-2.8402615,-1.8837421,5.1167079,6.4045639,0.60621643,6.4781039,-1.3314884,1.000167,9.987441,-4.0704824,0.18101
1.9335899,-1.4052516,-2.7697852,-1.9114561,5.3394492,6.3234592,0.60793503,6.3961976,-0.86109234,0.99402698,9.9203983,-4.3220695,0.18154141
1.9338991,-1.4724822,-2.6840437,-1.9336201,5.52951,6.2187039,0.59806779,6.3002409,-0.38279024,0.97622562,9.8827639,-4.537511,0.1933303
1.9342082,-1.5433651,-2.583283,-1.9507357,5.6878523,6.0857406,0.57326153,6.2039199,0.10985473,0.95084589,9.871851,-4.7164706,0.21685837
1.9345173,-1.6188663,-2.4685437,-1.9620025,5.8160389,5.9198779,0.53211221,6.1131774,0.61097761,0.91538281,9.8830093,-4.8621308,0.25037294
1.9348265,-1.6965802,-2.3395708,-1.9671104,5.9094544,5.7199014,0.47571929,6.0370272,1.1174488,0.86532469,9.9138319,-4.9750094,0.29113365
1.9351356,-1.7763674,-2.1980412,-1.9665281,5.9691517,5.4843637,0.40854837,5.9854514,1.6205019,0.80170305,9.9584739,-5.056612,0.33641003
1.9354448,-1.8547736,-2.0449725,-1.9610875,5.9961321,5.2122813,0.32630589,5.9509733,2.1073602,0.71939155,10.011267,-5.1081001,0.38196855
1.9357539,-1.9296326,-1.8807643,-1.9508695,5.9980032,4.9061133,0.23095075,5.9412925,2.5765602,0.63233443,10.06723,-5.1313459,0.42594995
1.9360631,-2.0022094,-1.7051551,-1.9375902,5.9756557,4.5701848,0.13382895,5.9723041,3.0214603,0.54594933,10.124546,-5.13199,0.46854581
1.9363722,-2.0725312,-1.519884,-1.9195655,5.9332542,4.2102368,0.035396086,6.0449327,3.4390686,0.47145409,10.179508,-5.108103,0.50979907
1.9366814,-2.1404533,-1.3247678,-1.8995407,5.8693925,3.8283477,-0.063997713,6.1726459,3.8216348,0.40725898,10.229044,-5.0601939,0.54729369
1.9369906,-2.2049017,-1.1217513,-1.881506,5.784276,3.4281358,-0.16018959,6.347376,4.1676539,0.36081908,10.271149,-4.989099,0.58159311
1.9372997,-2.2662949,-0.90961368,-1.8650478,5.6813279,3.0149595,-0.24799367,6.5609703,4.4755639,0.33575008,10.30483,-4.8946351,0.61315695
1.9376089,-2.3243063,-0.68956485,-1.8487587,5.5759341,2.5862713,-0.32385103,6.8048125,4.7476903,0.33230336,10.329701,-4.7756802,0.6422565
1.937918,-2.3817334,-0.46373813,-1.8343453,5.4603679,2.1536018,-0.3999923,7.0737607,4.9861341,0.34871828,10.344776,-4.6331098,0.66969514
1.9382272,-2.4373242,-0.23653529,-1.8182887,5.333427,1.7169937,-0.4676924,7.3692474,5.1922489,0.38071821,10.349369,-4.4671602,0.69582053
1.9385364,-2.4891769,-0.0069104795,-1.8058845,5.1911045,1.2764974,-0.52871424,7.68064,5.3699038,0.42521218,10.342836,-4.2769881,0.72157376
1.9388455,-2.5398565,0.22691992,-1.795997,5.0335495,0.83262673,-0.580044,8.0071275,5.5226946,0.47776147,10.326127,-4.063421,0.74816379
1.9391547,-2.5890112,0.44770628,-1.7883221,4.8606392,0.3934859,-0.61974986,8.3450354,5.6538696,0.53461092,10.298624,-3.8249873,0.77449515
1.9394639,-2.6364686,0.66534697,-1.7824653,4.6651624,-0.038221345,-0.64538693,8.6734635,5.7643177,0.58678414,10.257852,-3.5616009,0.79961384
1.939773,-2.684016,0.87663728,-1.7882797,4.4546216,-0.46085529,-0.65210066,8.9840051,5.8562362,0.62998462,10.206978,-3.2739102,0.82330941
1.9400822,-2.730695,1.0823605,-1.8007405,4.233618,-0.87742148,-0.65005409,9.2724629,5.9329974,0.66061398,10.143696,-2.9606381,0.843124
1.9403913,-2.7742186,1.2807701,-1.8154155,4.0057088,-1.2869627,-0.64323977,9.5349597,5.9952902,0.67845146,10.069462,-2.6231485,0.86225729
1.9407005,-2.8246513,1.4701369,-1.8294935,3.7628177,-1.6909394,-0.63267237,9.7701365,6.0388902,0.68269502,9.9829418,-2.2615825,0.87605174
1.9410096,-2.8729521,1.6500913,-1.8442587,3.5164872,-2.0826399,-0.61897834,9.9783285,6.0588802,0.67281057,9.8865157,-1.8785099,0.8853082
1.9413188,-2.9161605,1.8182778,-1.8580547,3.2771381,-2.4621601,-0.59863974,10.159349,6.0651773,0.65008367,9.7814667,-1.4739076,0.8872472
1.9416279,-2.9579285,1.9757715,-1.8725196,3.0510295,-2.8155235,-0.57255216,10.313837,6.0596095,0.61706358,9.668291,-1.0501541,0.88363851
1.9419371,-2.9969328,2.1233088,-1.8834469,2.8448005,-3.1474847,-0.53822923,10.442907,6.0408762,0.57769588,9.5516147,-0.61024146,0.87958
1.9422462,-3.0371858,2.2594729,-1.888474,2.6489849,-3.4562851,-0.49303752,10.547857,6.0081261,0.53265527,9.4347973,-0.15571698,0.87016629
1.9425553,-3.0775519,2.3857766,-1.88949,2.4693581,-3.7410172,-0.43739169,10.627822,5.9578175,0.48310006,9.3219244,0.30261156,0.85525773
1.9428644,-3.1163201,2.5001553,-1.8851193,2.3093203,-3.998929,-0.37132779,10.683882,5.8787538,0.43080941,9.2279181,0.76369735,0.8329656
1.9431736,-3.1509863,2.6028194,-1.8741431,2.1681221,-4.2260222,-0.2949174,10.715125,5.7627861,0.37815051,9.158914,1.2206974,0.80293691
1.9434827,-3.1807252,2.6925279,-1.8563693,2.0502338,-4.4238771,-0.21068897,10.722991,5.6054775,0.32557558,9.1176736,1.664988,0.75589133
1.9437918,-3.205583,2.7683072,-1.8313991,1.9507682,-4.5896319,-0.11839147,10.708607,5.4069646,0.2746247,9.101094,2.089315,0.69415745
1.9441009,-3.2234371,2.8315898,-1.7978712,1.8761851,-4.7263684,-0.022329194,10.671455,5.1787484,0.22550855,9.119031,2.4902247,0.61934582
1.94441,-3.2345976,2.8829001,-1.7540533,1.813746,-4.8364376,0.071902879,10.611222,4.9200434,0.17862518,9.1631699,2.8636889,0.54210776
1.944719,-3.2381761,2.9185507,-1.7012069,1.7545214,-4.9184586,0.17218,10.528161,4.6307062,0.1342207,9.2399204,3.2040999,0.46836991
1.9450281,-3.2326228,2.9423487,-1.6369963,1.6990071,-4.97093,0.26797856,10.421146,4.31193,0.092329686,9.3575321,3.5108685,0.40293261
1.9453372,-3.2171734,2.9511441,-1.5647675,1.6413396,-4.9901528,0.35728857,10.295801,3.9666083,0.057432264,9.5085767,3.7841033,0.34920359
1.9456463,-3.1932038,2.9456596,-1.4856668,1.5887474,-4.9709883,0.43699029,10.15552,3.5994528,0.026685823,9.6959681,4.0257317,0.30851953
1.9459554,-3.1604398,2.9249761,-1.3999022,1.5518095,-4.914595,0.50710842,9.9992091,3.2088127,0.0045804008,9.9110844,4.2377865,0.28549683
1.9462644,-3.1189848,2.8884849,-1.3089018,1.526921,-4.822334,0.5665354,9.8272375,2.7962405,-0.0078516244,10.150525,4.4230849,0.27922273
1.9465735,-3.0699842,2.8384182,-1.2128668,1.5099127,-4.6930868,0.62100839,9.6372156,2.3618619,-0.0076930838,10.406539,4.5856089,0.28655224
1.9468825,-3.0136438,2.7743096,-1.1133402,1.4962979,-4.5288931,0.66955938,9.4450457,1.9137827,0.0057447132,10.668167,4.7298569,0.30290799
1.9471916,-2.9522919,2.6954625,-1.013538,1.4821877,-4.3320266,0.71238012,9.2470355,1.4548055,0.034669581,10.928818,4.8588337,0.32569887
1.9475006,-2.8863298,2.6017699,-0.91488627,1.4621199,-4.1027731,0.7518614,9.0420515,0.98265786,0.079224472,11.181861,4.9742091,0.35248839
1.9478097,-2.8151462,2.4903724,-0.82027132,1.4387195,-3.8459489,0.78805813,8.8324,0.5013874,0.14090802,11.42313,5.0785705,0.37842035
1.9481187,-2.7401526,2.3632613,-0.73039278,1.4104577,-3.5603228,0.81760573,8.6216733,0.017783631,0.21612514,11.649476,5.1729179,0.40209306
1.9484278,-2.6627968,2.2216681,-0.64649353,1.3717155,-3.2469361,0.84184493,8.4073756,-0.46329556,0.30605159,11.859389,5.255952,0.42288038
1.9487368,-2.5827331,2.0639844,-0.57171969,1.333295,-2.9124145,0.86246662,8.1959671,-0.94150684,0.40334062,12.051751,5.3258035,0.43936655
1.9490459,-2.4989161,1.8917604,-0.50437322,1.2887207,-2.5573907,0.88111454,7.9894547,-1.4148715,0.49906055,12.225337,5.3847161,0.45294017
1.9493549,-2.4155188,1.7059873,-0.44409647,1.2381276,-2.1818146,0.89597802,7.794836,-1.8809148,0.58386849,12.380567,5.4322497,0.46434297
1.949664,-2.3369486,1.5088046,-0.39056423,1.1837845,-1.7826887,0.89242051,7.6060248,-2.3348714,0.65847683,12.517554,5.4586091,0.47290237
1.949973,-2.2649027,1.3010039,-0.34816856,1.1272742,-1.359866,0.88232596,7.4351399,-2.771811,0.72373901,12.636744,5.4619889,0.47848632
1.950282,-2.1919013,1.0817569,-0.31788159,1.057376,-0.92180044,0.85445018,7.2887264,-3.1914593,0.77803246,12.737869,5.4527371,0.4822259
1.9505911,-2.1172842,0.85263805,-0.29567495,0.98000553,-0.48447808,0.82424539,7.1655007,-3.591023,0.82496717,12.820703,5.4306919,0.48362925
1.9509001,-2.0441842,0.6143548,-0.290358,0.9007884,-0.03478413,0.78243203,7.0649889,-3.9654729,0.86708064,12.884492,5.3873022,0.4823144
1.9512092,-1.9688905,0.36857477,-0.29187177,0.81729277,0.42583176,0.72496234,6.9879119,-4.3106652,0.90542242,12.927439,5.3211543,0.47841921
1.9515182,-1.8911535,0.11110104,-0.29986902,0.73462554,0.89999671,0.65316334,6.9347981,-4.6241657,0.93984941,12.94814,5.2162893,0.47200593
1.9518273,-1.8086814,-0.14701456,-0.31423151,0.65666506,1.3755662,0.56772708,6.895158,-4.90256,0.97194209,12.945856,5.0636793,0.46365512
1.9521363,-1.72335,-0.39149396,-0.33916356,0.57550558,1.8427638,0.4793181,6.8664366,-5.144959,1.0018663,12.920104,4.862803,0.45590878
1.9524454,-1.6354343,-0.63950946,-0.3724717,0.51458651,2.3072266,0.3880296,6.8547266,-5.3409857,1.0317349,12.870032,4.6284418,0.44940203
1.9527544,-1.546195,-0.88351222,-0.41517,0.47875255,2.7625309,0.29485849,6.8650905,-5.4935053,1.0601882,12.796002,4.3602768,0.44437135
1.9530635,-1.4564885,-1.124131,-0.47310734,0.4732109,3.210185,0.21610506,6.8939996,-5.6066404,1.0861351,12.700136,4.058066,0.44232686
1.9533725,-1.3629665,-1.3564555,-0.5361272,0.51380973,3.6396443,0.15959871,6.9377207,-5.6804375,1.1101694,12.582664,3.724939,0.44563017
1.9536816,-1.2716652,-1.5832135,-0.6059653,0.60186867,4.0459741,0.12815078,6.9897045,-5.7124337,1.1308587,12.448993,3.3643365,0.45634413
1.9539907,-1.1931327,-1.8001668,-0.68090416,0.72717725,4.4280264,0.12203026,7.0444929,-5.7119269,1.1482579,12.302974,2.9793637,0.47435113
1.9542997,-1.1163313,-2.0048983,-0.75928412,0.89308303,4.7804461,0.14189181,7.0980324,-5.6830125,1.161888,12.145312,2.5731803,0.50294655
1.9546088,-1.0386024,-2.1923732,-0.83936913,1.094925,5.1037455,0.18714526,7.1464684,-5.6257255,1.1706639,11.97868,2.1485168,0.54081341
1.9549179,-0.97202041,-2.3663864,-0.92419902,1.3313058,5.3954659,0.25740655,7.1887048,-5.5414094,1.1748958,11.806587,1.7083123,0.59047903
1.955227,-0.91402253,-2.5251879,-1.0120882,1.5992527,5.6556815,0.34672778,7.2223386,-5.4310688,1.1750166,11.632654,1.2569535,0.64852331
1.9555361,-0.8639123,-2.6649286,-1.1007582,1.8919606,5.8829122,0.44941479,7.2456191,-5.2922856,1.1721484,11.457254,0.79956018,0.71129669
1.9558452,-0.82585751,-2.7861826,-1.1885964,2.2032439,6.0773847,0.55979816,7.255113,-5.1214693,1.1658447,11.281574,0.33793402,0.77594044
1.9561543,-0.79999981,-2.889551,-1.2734644,2.5240185,6.2394067,0.67047873,7.2516068,-4.9182465,1.1569747,11.106412,-0.12505298,0.83507095
1.9564634,-0.78690652,-2.9736917,-1.3524358,2.8498199,6.3698594,0.77575181,7.2328736,-4.6808885,1.1447779,10.93219,-0.58726853,0.88770522
1.9567725,-0.78356517,-3.0370428,-1.4245571,3.1738752,6.4702815,0.87197271,7.1962086,-4.4076448,1.1314946,10.760431,-1.0463883,0.93195928
1.9570816,-0.79149848,-3.0815894,-1.4904676,3.4970215,6.5430381,0.95693143,7.1468825,-4.1046841,1.1193382,10.592418,-1.4992661,0.96644992
1.9573907,-0.80969475,-3.1073302,-1.5488299,3.8240771,6.5801207,1.0312352,7.0836023,-3.7689363,1.1089124,10.43573,-1.9428586,0.99274831
1.9576999,-0.84054751,-3.1141551,-1.6037727,4.1465621,6.5875904,1.0838764,7.0123279,-3.4039183,1.0988088,10.292611,-2.3740487,1.0121147
1.958009,-0.88048659,-3.1021825,-1.6562875,4.4583612,6.5689808,1.1186199,6.9264852,-3.011468,1.0864441,10.16287,-2.7886194,1.0227386
1.9583181,-0.93033647,-3.0711977,-1.7014793,4.7455515,6.5356251,1.1399402,6.8260948,-2.5946095,1.0790167,10.048753,-3.1825354,1.0257044
1.9586273,-0.98638757,-3.0222583,-1.7405138,4.9983274,6.4887715,1.1469458,6.7262822,-2.1604319,1.0743064,9.9564392,-3.5513736,1.0221593
1.9589364,-1.047858,-2.956627,-1.7728395,5.2148881,6.4238463,1.1388475,6.6222192,-1.7044835,1.0739261,9.8868621,-3.8914498,1.0132729
1.9592455,-1.1126245,-2.8761688,-1.7989702,5.3946021,6.3376035,1.1128567,6.5196946,-1.2303964,1.067159,9.8342872,-4.1986228,0.99965091
1.9595547,-1.1812796,-2.7808764,-1.817561,5.5421534,6.2261199,1.067981,6.4069039,-0.74158074,1.0579131,9.811012,-4.4708254,0.98021737
1.9598638,-1.2529598,-2.6715852,-1.8270088,5.6568791,6.0867675,1.0035242,6.2984774,-0.23703909,1.0578641,9.8136149,-4.7078311,0.95481655
1.960173,-1.3271545,-2.5482025,-1.8283001,5.7400986,5.9153903,0.9212788,6.1898197,0.26348922,1.0505693,9.8431094,-4.9074754,0.92689065
1.9604821,-1.4018043,-2.4127529,-1.8227005,5.7890413,5.7105152,0.82366874,6.0956801,0.76765219,1.036044,9.89238,-5.0723357,0.90029122
1.9607913,-1.4764538,-2.2657328,-1.8111745,5.8066816,5.4672771,0.71555599,6.0202445,1.2705668,1.0124247,9.9559338,-5.204865,0.87691028
1.9611004,-1.5489622,-2.1082775,-1.7953214,5.7915822,5.1847705,0.59981458,5.9699855,1.7658199,0.98065921,10.030476,-5.3041685,0.85737724
1.9614096,-1.6171629,-1.9403777,-1.7747758,5.7499152,4.8678811,0.47622897,5.9500773,2.2488967,0.93950693,10.111408,-5.3717615,0.84169692
1.9617187,-1.683661,-1.7625483,-1.7512971,5.688557,4.5188034,0.34090401,5.9720286,2.7129302,0.89439859,10.195678,-5.4143692,0.82910126
1.9620279,-1.7482584,-1.5759571,-1.7244304,5.6051796,4.1408007,0.20674701,6.0276238,3.1549098,0.85081341,10.282139,-5.433817,0.81845419
1.9623371,-1.8114326,-1.3803873,-1.6962037,5.5062866,3.7380325,0.073462714,6.1370212,3.5666307,0.81085338,10.364663,-5.4261136,0.80891154
1.9626462,-1.8730175,-1.1771389,-1.6698839,5.3871004,3.310601,-0.052278699,6.2883797,3.94692,0.78164175,10.437891,-5.396037,0.79901977
1.9629554,-1.9320257,-0.96651244,-1.6469372,5.2593172,2.8680029,-0.16210935,6.475128,4.289818,0.76232837,10.498573,-5.34396,0.78839593
1.9632645,-1.9893925,-0.7499114,-1.6259208,5.1272415,2.4140254,-0.26315873,6.6927023,4.5950326,0.75609597,10.543013,-5.2661522,0.77722063
1.9635737,-2.0467013,-0.52914582,-1.6078528,4.9873691,1.9472054,-0.3616123,6.9377867,4.866157,0.76140453,10.569668,-5.162305,0.76592404
1.9638828,-2.1028227,-0.30567855,-1.5871012,4.8399295,1.4759823,-0.44585676,7.2101985,5.1031463,0.77706017,10.577564,-5.0324914,0.75487464
1.964192,-2.1539973,-0.08123006,-1.5710076,4.6869135,0.9999468,-0.51769114,7.5089197,5.3079324,0.80072422,10.566629,-4.8742488,0.74487626
1.9645011,-2.2050632,0.1481734,-1.5583521,4.5269449,0.52405125,-0.57484702,7.8390662,5.4829927,0.828688,10.537271,-4.6840551,0.73716399
1.9648103,-2.256254,0.37181666,-1.5485233,4.3519596,0.058757004,-0.61590994,8.1925424,5.6322685,0.85832904,10.489885,-4.4580609,0.7328053
1.9651194,-2.3058014,0.59285493,-1.5414091,4.1623822,-0.40006703,-0.64687573,8.5486816,5.7588742,0.88471716,10.425302,-4.1927709,0.73143942
1.9654285,-2.3564742,0.80149971,-1.5387772,3.9640786,-0.84790557,-0.65758975,8.8853453,5.866423,0.90474381,10.345062,-3.8892133,0.73347549
1.9657377,-2.4070238,1.0043813,-1.5465873,3.7599543,-1.2848743,-0.65689797,9.1951793,5.9575198,0.91547164,10.252702,-3.5522692,0.73836238
1.9660468,-2.4568427,1.1995553,-1.5566543,3.5529373,-1.7120086,-0.64983683,9.4732528,6.033065,0.914272,10.150568,-3.1852419,0.74792831
1.9663559,-2.505673,1.3888415,-1.5677929,3.3377093,-2.122238,-0.63920697,9.717756,6.0886217,0.89911858,10.040324,-2.7914398,0.75957631
1.966665,-2.5588408,1.5676567,-1.5788689,3.1267308,-2.519336,-0.62458343,9.9294738,6.1285976,0.86937344,9.9232815,-2.3736955,0.77295714
1.9669741,-2.6062991,1.7344924,-1.5889047,2.9269819,-2.8885302,-0.60249646,10.110775,6.1544669,0.82579654,9.7995549,-1.9343621,0.78654422
1.9672832,-2.6541914,1.8932449,-1.5970422,2.7418283,-3.2333771,-0.57332159,10.261913,6.165451,0.77101039,9.6790211,-1.4822391,0.80008617
1.9675923,-2.6990528,2.0416294,-1.6030321,2.5732255,-3.5552114,-0.53306284,10.38432,6.162387,0.70657002,9.5588589,-1.0187038,0.81299125
1.9679014,-2.7426284,2.1793228,-1.6049163,2.4203021,-3.8494429,-0.48152066,10.477459,6.1470279,0.63415693,9.4418059,-0.54811114,0.81936772
1.9682104,-2.786875,2.306074,-1.603701,2.2846635,-4.116724,-0.41691406,10.543014,6.1100597,0.55532694,9.3323324,-0.073408343,0.8202905
1.9685195,-2.8305047,2.4221912,-1.5981443,2.1653023,-4.3518402,-0.33860634,10.581169,6.0478323,0.4712917,9.2362603,0.39783507,0.81879732
1.9688286,-2.8705389,2.5272625,-1.5867548,2.0659005,-4.5553412,-0.24939877,10.592515,5.9530175,0.38333889,9.1652309,0.86498151,0.81260009
1.9691376,-2.9054923,2.6216032,-1.5688297,1.9863156,-4.7279663,-0.14935402,10.576878,5.8201022,0.29257907,9.1213276,1.3203504,0.79860793
1.9694466,-2.9361676,2.7035026,-1.5443073,1.9287399,-4.8689034,-0.043106864,10.536446,5.6458978,0.20209331,9.108642,1.7601949,0.77722639
1.9697557,-2.9596065,2.7704353,-1.5127186,1.8904222,-4.9783058,0.064228335,10.471055,5.4349922,0.11374323,9.1297794,2.1795488,0.74893916
1.9700647,-2.97651,2.8246214,-1.4722416,1.8507475,-5.0563391,0.17679923,10.382467,5.1855843,0.027108709,9.1812837,2.5742528,0.71379332
1.9703737,-2.9866974,2.8672178,-1.4230316,1.8109444,-5.1097498,0.29055992,10.268737,4.8936667,-0.05687943,9.2513231,2.9407356,0.67334987
1.9706827,-2.990073,2.897229,-1.36254,1.7697643,-5.1375069,0.40110817,10.12843,4.5571011,-0.13515779,9.3463387,3.2768451,0.63038111
1.9709917,-2.9860576,2.9134241,-1.2916672,1.7264866,-5.1387919,0.50367768,9.9687092,4.179735,-0.20675369,9.467756,3.5812538,0.58709931
1.9713006,-2.9748939,2.9158456,-1.2139995,1.6823979,-5.1051468,0.59579419,9.7902074,3.7661083,-0.27078699,9.6108363,3.8534201,0.55100534
1.9716096,-2.9561281,2.9044964,-1.1308077,1.6492492,-5.0372479,0.67893367,9.5985529,3.3175466,-0.32353778,9.7906213,4.0939725,0.52384703
1.9719186,-2.9303537,2.8796948,-1.0433277,1.6254642,-4.9353204,0.75278101,9.3897194,2.83796,-0.36306301,10.006506,4.3059951,0.50665289
1.9722275,-2.8992082,2.8416398,-0.95180144,1.6077491,-4.7989851,0.81721407,9.1738648,2.3335887,-0.38085421,10.252663,4.4928018,0.49781839
1.9725365,-2.8619742,2.7894239,-0.85320169,1.590362,-4.6293781,0.87292614,8.9522623,1.8137598,-0.38590135,10.51995,4.6587322,0.49601543
1.9728454,-2.821036,2.7235478,-0.75166667,1.571472,-4.4294911,0.92119239,8.7284086,1.2823188,-0.37181529,10.791021,4.8069127,0.4988878
1.9731543,-2.7757641,2.6456585,-0.65225186,1.5478115,-4.2023349,0.9610241,8.5075906,0.74010452,-0.33576982,11.057597,4.9396511,0.50435664
1.9734633,-2.7277165,2.5497721,-0.55717649,1.5179032,-3.9486224,0.99839935,8.2910808,0.19244856,-0.27892697,11.313786,5.0597409,0.51029076
1.9737722,-2.676139,2.4394105,-0.46886155,1.4837876,-3.6696936,1.0279403,8.0822327,-0.34396313,-0.20070463,11.555176,5.1704546,0.51560685
1.9740811,-2.6239558,2.3145036,-0.3872784,1.4421916,-3.3645981,1.0475937,7.8834678,-0.8693871,-0.11153885,11.778787,5.2731873,0.51984087
1.97439,-2.569622,2.1751848,-0.31453818,1.3898044,-3.035274,1.0620918,7.6976349,-1.3801234,-0.010040893,11.983241,5.3628141,0.52223412
1.9746989,-2.513595,2.0217891,-0.2509938,1.3381863,-2.6891685,1.0764251,7.5230785,-1.8720723,0.095243811,12.167041,5.4387862,0.52231004
1.9750078,-2.4568553,1.854626,-0.19390786,1.2801457,-2.3232968,1.0897346,7.366971,-2.3441782,0.19406774,12.32902,5.5020317,0.52112753
1.9753167,-2.4010908,1.6763701,-0.1447872,1.2182484,-1.9385265,1.0952465,7.228022,-2.792224,0.28635177,12.468905,5.5446991,0.51700163
1.9756256,-2.3492384,1.4876275,-0.10438817,1.1569782,-1.5324169,1.0862782,7.110809,-3.2173432,0.36917787,12.587259,5.5699667,0.50936202
1.9759345,-2.2980291,1.2872942,-0.075061594,1.0862746,-1.1017389,1.0648077,7.0163957,-3.6152214,0.45005109,12.684083,5.5799672,0.49753291
1.9762434,-2.2478181,1.0758016,-0.057538947,1.0060918,-0.66417065,1.0388711,6.9453207,-3.9872669,0.52349386,12.758588,5.5775118,0.48136726
1.9765523,-2.1971147,0.8562059,-0.049437597,0.9266855,-0.22812963,1.0086055,6.8935304,-4.3305941,0.59200254,12.810511,5.5657472,0.45953462
1.9768611,-2.1450848,0.6274832,-0.053522333,0.84496567,0.21987625,0.96597775,6.8620409,-4.6428462,0.6555397,12.83879,5.5445729,0.43207203
1.97717,-2.0894252,0.392878,-0.064948034,0.76246903,0.67868702,0.91005342,6.8426618,-4.9222025,0.71556732,12.841788,5.4943926,0.39817146
1.9774789,-2.0315291,0.14726557,-0.079466414,0.68233134,1.1473698,0.84043619,6.8329857,-5.1676185,0.77064149,12.815685,5.3950702,0.35888883
1.9777878,-1.9672771,-0.097441327,-0.10176767,0.6054437,1.6131944,0.75925961,6.8320211,-5.3773319,0.82617038,12.761194,5.239093,0.31575405
1.9780967,-1.8973863,-0.33053746,-0.13221759,0.52463904,2.0733209,0.6763735,6.8431462,-5.5480953,0.88109523,12.680869,5.0207132,0.27064744
1.9784055,-1.8227046,-0.56826068,-0.16988339,0.4650967,2.526878,0.5829772,6.8766177,-5.6784637,0.93389566,12.573408,4.7410721,0.22496699
1.9787144,-1.7447926,-0.80388962,-0.21454792,0.43017571,2.9704744,0.49007321,6.9274152,-5.7718861,0.9840781,12.440567,4.4112962,0.18226945
1.9790233,-1.6653361,-1.0347116,-0.27260078,0.42780957,3.4023562,0.40815748,6.9902204,-5.8315645,1.0296819,12.28363,4.0327146,0.14173893
1.9793322,-1.5817365,-1.2596656,-0.33469817,0.47721685,3.8144757,0.3473101,7.0584631,-5.8575526,1.0689142,12.110278,3.6112742,0.10867054
1.979641,-1.4954312,-1.4804192,-0.40262519,0.56044622,4.2009014,0.31037094,7.127923,-5.8489233,1.10251,11.924814,3.1560746,0.083549375
1.9799499,-1.4186944,-1.6934586,-0.47304017,0.68378367,4.5583405,0.2946785,7.1938528,-5.8135965,1.1267828,11.731918,2.6758378,0.069800683
1.9802588,-1.3418299,-1.8941589,-0.54734254,0.84214402,4.8863541,0.30544836,7.2524978,-5.7521453,1.1394275,11.535935,2.1760207,0.070591779
1.9805677,-1.2672249,-2.0804151,-0.62152943,1.0337769,5.1841497,0.34251857,7.3017368,-5.6671802,1.142469,11.342368,1.6644784,0.087102524
1.9808766,-1.2010121,-2.2534067,-0.69788542,1.2608589,5.4516004,0.40102038,7.3393521,-5.5593994,1.1386473,11.152697,1.148625,0.11199073
1.9811855,-1.1438722,-2.4126503,-0.77666182,1.5149019,5.6837674,0.47804618,7.3632064,-5.4258385,1.1294441,10.970108,0.63762838,0.15195388
1.9814944,-1.094362,-2.5556948,-0.85475727,1.7912796,5.8823071,0.56728522,7.3699022,-5.2637958,1.1153612,10.797657,0.13298832,0.20338743
1.9818032,-1.0536354,-2.6832405,-0.9305677,2.0824336,6.0505452,0.6645447,7.3588301,-5.0710742,1.0979682,10.633841,-0.36031766,0.26255851
1.9821121,-1.0242584,-2.79534,-1.0031984,2.3818679,6.1886886,0.76080457,7.3308917,-4.8461986,1.0766167,10.480929,-0.84272002,0.32493999
1.982421,-1.005998,-2.8911346,-1.0690556,2.6854864,6.2944075,0.85422365,7.2836044,-4.5879423,1.0520285,10.340285,-1.3057177,0.3901948
1.9827299,-0.99690448,-2.9674575,-1.1299688,2.9914474,6.3726891,0.9420164,7.219589,-4.2988065,1.0270495,10.212704,-1.7519588,0.45394877
1.9830388,-0.99826741,-3.0263664,-1.1841018,3.3058255,6.4268868,1.0217969,7.1423339,-3.9794913,1.0023146,10.097468,-2.1811388,0.51151534
1.9833478,-1.0092159,-3.0678334,-1.2328341,3.6232506,6.4547491,1.0930612,7.0534874,-3.6298441,0.97999634,9.9955357,-2.5920378,0.56056628
1.9836567,-1.0308348,-3.0913031,-1.2761149,3.9384411,6.4573964,1.1428957,6.956563,-3.2508785,0.95915047,9.9118628,-2.9822733,0.60113167
1.9839656,-1.0621152,-3.0968605,-1.3148007,4.2455031,6.4369298,1.1754278,6.8460478,-2.8441914,0.94027398,9.8452949,-3.3508305,0.63236765
1.9842745,-1.1018645,-3.0845295,-1.3488385,4.5380385,6.4005596,1.1950574,6.7283401,-2.4134509,0.92681383,9.7955394,-3.6957797,0.65421716
1.9845834,-1.1502934,-3.0543123,-1.3776947,4.7993607,6.3514021,1.1995692,6.6120311,-1.9654946,0.92087666,9.7589847,-4.0137045,0.66892949
1.9848923,-1.2037525,-3.0067285,-1.4010174,5.0239207,6.2879115,1.1883002,6.4965648,-1.4969934,0.91763638,9.7407652,-4.3021945,0.67848631
1.9852012,-1.2616208,-2.9447547,-1.4193013,5.2115797,6.2060064,1.1614135,6.3779031,-1.0140004,0.91094918,9.7427895,-4.5600969,0.68406655
1.9855102,-1.3231361,-2.8693875,-1.4312986,5.3652928,6.1041848,1.1143626,6.2602264,-0.51566273,0.91087595,9.7687922,-4.7859172,0.68745349
1.9858191,-1.3886705,-2.7799444,-1.4361344,5.4856466,5.9779745,1.0472869,6.1485282,-0.01070996,0.90956654,9.8178972,-4.9791587,0.68980014
1.986128,-1.4574119,-2.676217,-1.4335085,5.5743775,5.8252495,0.96222054,6.040672,0.49463977,0.9063724,9.8806779,-5.1410185,0.69182504
1.9864369,-1.5279808,-2.5590036,-1.423735,5.6316351,5.6432458,0.86309003,5.9406361,1.0040727,0.89514027,9.9526157,-5.2731084,0.69340551
1.9867458,-1.5977774,-2.4291748,-1.4086368,5.6572797,5.4275057,0.75502827,5.8696802,1.5047181,0.87484525,10.03591,-5.3773965,0.6952373
1.9870547,-1.6669871,-2.2884673,-1.3893311,5.6485403,5.174108,0.63389224,5.8309388,1.9958524,0.85254925,10.129131,-5.4518577,0.6965677
1.9873636,-1.7334786,-2.1354969,-1.3664508,5.6150447,4.8866288,0.49870742,5.822406,2.4662939,0.81846381,10.229058,-5.5017707,0.69652227
1.9876725,-1.7989342,-1.9718493,-1.341248,5.5589753,4.5653449,0.35655745,5.8603324,2.9181346,0.78301118,10.331706,-5.5316694,0.69383854
1.9879814,-1.8623077,-1.7970057,-1.3144976,5.4847072,4.2144268,0.21762073,5.939428,3.3442483,0.74829257,10.431413,-5.5388849,0.68743026
1.9882903,-1.9236029,-1.6116946,-1.2864313,5.3911386,3.8387979,0.08115009,6.0571251,3.738975,0.71730336,10.520145,-5.5211645,0.67714598
1.9885991,-1.9828253,-1.4173206,-1.2574792,5.2821865,3.4385066,-0.049343098,6.2105993,4.0983144,0.69300956,10.593631,-5.4809935,0.66221985
1.988908,-2.0401378,-1.2142594,-1.2298081,5.1581939,3.0180098,-0.17050939,6.393548,4.4209221,0.67910318,10.648792,-5.419164,0.64326772
1.9892168,-2.0955802,-1.0025206,-1.2035117,5.0334516,2.5837919,-0.27160319,6.6036504,4.7044584,0.67810932,10.683297,-5.333486,0.62022319
1.9895257,-2.1509628,-0.78370841,-1.1799765,4.903439,2.1350029,-0.37092145,6.8424839,4.951693,0.68840569,10.696487,-5.2239577,0.59373326
1.9898345,-2.2057652,-0.55778839,-1.1593342,4.7690183,1.6810203,-0.45443093,7.1131109,5.164277,0.70991293,10.687838,-5.0879694,0.56566643
1.9901434,-2.2573058,-0.32777179,-1.1416499,4.6294984,1.222019,-0.52148589,7.4243194,5.3459352,0.73822221,10.656421,-4.9222009,0.53659989
1.9904522,-2.3075935,-0.095311393,-1.1248482,4.487431,0.75760147,-0.57391873,7.7699069,5.4995958,0.77080632,10.603602,-4.7226402,0.50918297
1.990761,-2.3558371,0.14002328,-1.1101668,4.3360276,0.30276996,-0.6084281,8.141511,5.6282788,0.80345214,10.530459,-4.4857062,0.48447876
1.9910699,-2.4032463,0.374024,-1.0978687,4.1723372,-0.14511034,-0.62920347,8.517756,5.7373377,0.83298204,10.439533,-4.2081105,0.46369509
1.9913787,-2.4488242,0.60036755,-1.0883056,3.9997548,-0.57994698,-0.62280257,8.8736046,5.831469,0.85481449,10.331901,-3.8901317,0.44823679
1.9916875,-2.4927306,0.82669344,-1.0835468,3.8234233,-1.0039738,-0.60123291,9.1998416,5.9124453,0.86669889,10.212427,-3.5361488,0.43875139
1.9919963,-2.5376433,1.0473458,-1.0857944,3.6465232,-1.4199915,-0.57259184,9.4922909,5.9829587,0.86541872,10.084144,-3.1508958,0.43676214
1.9923052,-2.5815331,1.2633504,-1.0914113,3.4551765,-1.8202008,-0.53829406,9.7493705,6.0374476,0.85034128,9.9485868,-2.7395847,0.44073773
1.992614,-2.6260531,1.4751027,-1.0980598,3.267019,-2.2062273,-0.50208358,9.9718502,6.0800111,0.81939137,9.809189,-2.3059985,0.45208661
1.9929228,-2.678759,1.6809287,-1.1048984,3.086114,-2.5680837,-0.46162299,10.162064,6.1120664,0.7752438,9.6689033,-1.8549511,0.46875765
1.9932316,-2.7277832,1.878458,-1.1079705,2.9172956,-2.9102498,-0.4140445,10.320345,6.131865,0.7200312,9.5322176,-1.3920222,0.49044281
1.9935404,-2.7732374,2.0686677,-1.1075767,2.7641576,-3.2298803,-0.36131515,10.448104,6.1357165,0.65523941,9.4007205,-0.92218452,0.51438199
1.9938492,-2.8152945,2.2529286,-1.1070461,2.6236928,-3.525458,-0.30324031,10.545738,6.1276195,0.58186092,9.2807174,-0.44919704,0.54000317
1.9941581,-2.8569966,2.427393,-1.1043466,2.5039021,-3.7946631,-0.23760072,10.615527,6.1031506,0.50133896,9.1759939,0.025094295,0.56216527
1.9944669,-2.8995471,2.5922348,-1.0978119,2.3941572,-4.0347649,-0.16332221,10.657108,6.0541086,0.41485326,9.0903093,0.49334969,0.58177107
1.9947756,-2.9423138,2.7489177,-1.0877492,2.299514,-4.2471179,-0.082146836,10.67125,5.9781944,0.32276217,9.0305674,0.95463842,0.59505876
1.9950844,-2.9810324,2.8940541,-1.071675,2.2231889,-4.4317926,0.0067609985,10.658469,5.8674195,0.22744119,9.0023764,1.4039213,0.60015949
1.9953932,-3.0139098,3.0271325,-1.0491463,2.1618599,-4.5882302,0.096689837,10.619828,5.7168366,0.13170184,9.0064668,1.8379066,0.5931527
1.9957019,-3.0426018,3.1455319,-1.0201509,2.1173296,-4.7163767,0.18886279,10.55809,5.5290789,0.033401531,9.0385021,2.2506841,0.57813244
1.9960107,-3.0626052,3.2515463,-0.98305078,2.0711696,-4.8155811,0.28241786,10.474456,5.3028437,-0.062766996,9.0947359,2.6382802,0.5571951
1.9963194,-3.0752971,3.3450256,-0.9347969,2.0217624,-4.8863993,0.37588664,10.366793,5.0353528,-0.15645765,9.1686139,2.9975929,0.53156495
1.9966281,-3.0809894,3.4245292,-0.87472317,1.973093,-4.9328576,0.46811694,10.232701,4.722381,-0.2473207,9.2617934,3.3256785,0.50428554
1.9969368,-3.077141,3.4863414,-0.8043121,1.9219614,-4.9550446,0.55890983,10.077454,4.3654911,-0.32983989,9.3749453,3.6215843,0.47808786
1.9972455,-3.0659392,3.5301346,-0.72894855,1.8684946,-4.9528264,0.64572125,9.9039171,3.9695707,-0.40799397,9.5244244,3.8834997,0.45680661
1.9975542,-3.047082,3.561171,-0.64872383,1.8136834,-4.9239814,0.72437875,9.7154391,3.5365457,-0.47441218,9.7163281,4.1124317,0.44210869
1.9978629,-3.0196392,3.578653,-0.56471464,1.7686794,-4.8616212,0.78916991,9.5112441,3.0716827,-0.52840561,9.9462681,4.3125587,0.4335521
1.9981716,-2.9840446,3.579796,-0.4792826,1.735131,-4.7676134,0.84542535,9.2897048,2.5779744,-0.56676008,10.209551,4.488028,0.43017209
1.9984803,-2.9418067,3.5663803,-0.39488632,1.7067135,-4.6403507,0.89673981,9.068478,2.0669139,-0.58335948,10.487323,4.6429436,0.43097903
1.9987889,-2.8942466,3.5360668,-0.31163876,1.6793392,-4.482354,0.94443694,8.8418876,1.5455066,-0.58312212,10.768023,4.7818068,0.43525015
1.9990976,-2.8405883,3.4884124,-0.23250325,1.6536193,-4.2955818,0.98673488,8.6160274,1.0104111,-0.55821909,11.043976,4.9081632,0.44173131
1.9994062,-2.7814843,3.4233586,-0.15967453,1.6269922,-4.0821753,1.0227332,8.3915688,0.47418954,-0.5080176,11.309434,5.0237486,0.44860967
1.9997148,-2.717396,3.3376288,-0.093543671,1.5956978,-3.843632,1.0543112,8.173153,-0.057256306,-0.43491202,11.559679,5.1301441,0.45529537
2.0000235,-2.6514372,3.2330652,-0.034836409,1.5590181,-3.5788926,1.0858255,7.9648047,-0.57695078,-0.34216654,11.791264,5.2327598,0.46138921
