time,p0_ux,p0_uy,p0_uz,p1_ux,p1_uy,p1_uz,p2_ux,p2_uy,p2_uz,p3_ux,p3_uy,p3_uz
0,0,0,0,0,0,0,0,0,0,0,0,0
0.0006,1.4725615,0.0036164455,2.101279e-06,1.489632,0.0010342274,1.7328209e-06,1.4949123,0.0004441138,1.4939018e-06,1.4973884,0.00021021801,1.3640452e-06
0.00132,1.4714557,0.0038008736,-7.1327265e-08,1.4892632,0.0010806802,-5.6828489e-08,1.4947465,0.00046463362,-4.5874103e-08,1.4973122,0.00022095988,-3.7569135e-08
0.002184,1.4705113,0.0039599439,-4.6789142e-08,1.4889412,0.0011172017,-3.0686074e-08,1.4945963,0.00047925762,-1.8134624e-08,1.4972392,0.00022768638,-9.4950481e-09
0.0032208,1.4696097,0.004116621,-6.6923461e-08,1.4886369,0.0011523728,-4.5299804e-08,1.4944555,0.00049321223,-2.7880498e-08,1.4971718,0.0002340712,-1.5910998e-08
0.00446496,1.4686811,0.0042814608,-8.8610788e-08,1.4883257,0.0011888046,-6.1177484e-08,1.4943125,0.00050757229,-3.909463e-08,1.497104,0.00024061478,-2.4081641e-08
0.005957952,1.4677008,0.0044594996,-9.3839369e-08,1.4880002,0.0012274361,-6.0968398e-08,1.494164,0.00052272284,-3.5312343e-08,1.4970344,0.00024750876,-1.8976275e-08
0.0077495424,1.4666314,0.0046579796,-1.1653886e-07,1.487649,0.0012695719,-7.5517267e-08,1.494005,0.00053913081,-4.2908711e-08,1.4969607,0.00025494529,-2.2380057e-08
0.0098994508,1.4654351,0.0048846706,-1.5159596e-07,1.4872609,0.0013165726,-1.0003277e-07,1.4938304,0.00055730344,-5.7604179e-08,1.4968806,0.00026314961,-3.0537391e-08
0.012479341,1.4640646,0.0051502786,-1.8884384e-07,1.4868223,0.001370155,-1.2534553e-07,1.4936347,0.00057786469,-7.1501055e-08,1.4967916,0.00027239915,-3.6943514e-08
0.015212643,1.4626454,0.005431577,-2.3020173e-07,1.4863743,0.0014253022,-1.5460514e-07,1.4934361,0.00059885223,-8.8993705e-08,1.496702,0.00028179814,-4.6683661e-08
0.017956342,1.4612509,0.0057152152,-2.5889484e-07,1.4859397,0.0014792688,-1.7442198e-07,1.4932446,0.00061924517,-9.8854888e-08,1.4966162,0.00029090659,-5.0270644e-08
0.020707244,1.4598608,0.0060061908,-2.9590632e-07,1.4855124,0.001532719,-2.0184672e-07,1.4930575,0.00063926159,-1.1473514e-07,1.4965329,0.00029980463,-5.8285452e-08
0.023464061,1.4584641,0.0063080694,-3.3794381e-07,1.4850891,0.0015861054,-2.3465038e-07,1.4928731,0.00065907949,-1.3471617e-07,1.4964512,0.00030857647,-6.8978981e-08
0.026225951,1.457061,0.0066232621,-3.8664812e-07,1.4846705,0.0016393992,-2.7483452e-07,1.4926919,0.00067866674,-1.6044134e-07,1.4963713,0.00031720434,-8.342185e-08
0.02899247,1.4556427,0.0069545472,-4.3603769e-07,1.484254,0.0016929232,-3.1734091e-07,1.4925126,0.00069815474,-1.8802505e-07,1.4962926,0.00032575305,-9.891501e-08
0.031763306,1.4542021,0.0073029668,-4.8492999e-07,1.4838377,0.001746923,-3.6108805e-07,1.4923342,0.00071763085,-2.1666396e-07,1.4962146,0.00033426179,-1.1488508e-07
0.034537677,1.4527289,0.0076674603,-5.2848658e-07,1.4834188,0.001801746,-4.0315262e-07,1.4921555,0.00073720696,-2.4488595e-07,1.4961367,0.00034277634,-1.3077074e-07
0.037315017,1.4512155,0.0080428258,-5.6759244e-07,1.4829947,0.0018577313,-4.431212e-07,1.4919754,0.00075699977,-2.7232184e-07,1.4960582,0.00035134932,-1.4660084e-07
0.040095105,1.449665,0.0084181541,-6.0125821e-07,1.4825652,0.0019149599,-4.8059997e-07,1.4917937,0.00077703041,-2.9870558e-07,1.4959792,0.00035998923,-1.6202765e-07
0.042877877,1.4480826,0.0087805726,-6.2517489e-07,1.4821295,0.0019735401,-5.1287188e-07,1.49161,0.00079733377,-3.2209103e-07,1.4958994,0.00036871169,-1.7551037e-07
0.045663356,1.4464791,0.0091184487,-6.4538998e-07,1.4816876,0.0020334987,-5.4466393e-07,1.4914243,0.00081791322,-3.4613361e-07,1.4958189,0.00037751648,-1.898822e-07
0.048451632,1.4448664,0.0094267533,-6.653464e-07,1.481239,0.0020949479,-5.7733544e-07,1.4912365,0.0008387996,-3.7112918e-07,1.4957374,0.00038641635,-2.0489138e-07
0.05124284,1.4432583,0.0097110442,-6.8045043e-07,1.4807828,0.0021580647,-6.0796266e-07,1.4910461,0.00086003298,-3.952908e-07,1.4956549,0.00039542605,-2.1945495e-07
0.05403712,1.4416685,0.0099908742,-6.9287489e-07,1.4803185,0.0022230415,-6.3813449e-07,1.490853,0.00088163987,-4.1975627e-07,1.4955713,0.00040455432,-2.3440338e-07
0.056834579,1.440108,0.010306033,-7.0123922e-07,1.4798459,0.0022901399,-6.6719235e-07,1.4906571,0.00090363848,-4.4418157e-07,1.4954866,0.00041380582,-2.4949988e-07
0.059635328,1.4385804,0.01071691,-7.0440506e-07,1.4793643,0.0023597849,-6.9429289e-07,1.4904581,0.00092606053,-4.6789657e-07,1.4954006,0.00042319156,-2.6419613e-07
0.062439459,1.4370792,0.011297307,-7.0414627e-07,1.4788732,0.0024325361,-7.2101759e-07,1.4902559,0.00094892993,-4.9242236e-07,1.4953132,0.00043271871,-2.799097e-07
0.06524683,1.4355842,0.012140048,-6.9675753e-07,1.4783721,0.0025090562,-7.4453159e-07,1.4900505,0.0009722652,-5.1560236e-07,1.4952245,0.0004423912,-2.9494314e-07
0.068057355,1.434065,0.013341773,-6.8173497e-07,1.4778611,0.0025899572,-7.650382e-07,1.4898419,0.00099605045,-5.3785137e-07,1.4951346,0.00045219712,-3.0975757e-07
0.070871159,1.4324729,0.015005462,-6.6364874e-07,1.4773393,0.0026758526,-7.8478054e-07,1.4896301,0.0010203124,-5.6039331e-07,1.4950434,0.00046214871,-3.2501296e-07
0.073688294,1.4307427,0.017222293,-6.4225344e-07,1.4768055,0.0027671507,-8.0345916e-07,1.4894148,0.0010450852,-5.8284732e-07,1.4949507,0.00047225739,-3.4036009e-07
0.076508729,1.4288016,0.020046194,-6.1027209e-07,1.4762578,0.0028637591,-8.1693873e-07,1.4891956,0.0010704107,-6.0313683e-07,1.4948563,0.00048253876,-3.5484915e-07
0.07933248,1.4265803,0.023548723,-5.803456e-07,1.4756972,0.0029644808,-8.3250248e-07,1.488973,0.001096235,-6.2528352e-07,1.4947606,0.00049297289,-3.7060726e-07
0.082159498,1.4239911,0.027739754,-5.4179333e-07,1.4751217,0.0030674421,-8.4375772e-07,1.4887462,0.0011226266,-6.4575272e-07,1.4946632,0.00050359229,-3.8577143e-07
0.084989767,1.420964,0.032538341,-4.9961333e-07,1.4745319,0.0031693731,-8.5406261e-07,1.4885155,0.0011495605,-6.6664232e-07,1.4945642,0.0005143902,-4.015798e-07
0.0878232,1.4174334,0.037945662,-4.521691e-07,1.4739287,0.003265875,-8.6208653e-07,1.4882807,0.0011770488,-6.8709182e-07,1.4944635,0.00052537406,-4.1748111e-07
0.090659742,1.4133503,0.043832123,-3.999421e-07,1.473314,0.0033514449,-8.6831931e-07,1.4880419,0.0012051045,-7.0757834e-07,1.4943611,0.00053654671,-4.3388127e-07
0.093499337,1.4086883,0.049939824,-3.4310119e-07,1.472691,0.003419947,-8.7295266e-07,1.4877989,0.00123377,-7.2818529e-07,1.494257,0.00054791275,-4.5080352e-07
0.096341933,1.4034303,0.056088905,-2.8396226e-07,1.4720645,0.0034652005,-8.7681749e-07,1.4875518,0.0012631191,-7.4941032e-07,1.4941511,0.00055947467,-4.6859097e-07
0.099187456,1.3975675,0.061880858,-2.1825348e-07,1.4714396,0.003481849,-8.7768853e-07,1.4873002,0.0012933188,-7.7003054e-07,1.4940434,0.00057125066,-4.8652382e-07
0.10203586,1.3911194,0.067343235,-1.4873703e-07,1.470824,0.003466351,-8.7680045e-07,1.4870445,0.001324527,-7.9061538e-07,1.4939339,0.00058322515,-5.0487147e-07
0.10488712,1.3840976,0.072501795,-7.4167948e-08,1.4702247,0.0034183347,-8.7362926e-07,1.4867843,0.0013570533,-8.110793e-07,1.4938226,0.00059542022,-5.2374555e-07
0.10774119,1.3765182,0.077381317,3.6761317e-09,1.4696503,0.0033411957,-8.6885009e-07,1.4865195,0.0013912106,-8.3155498e-07,1.4937094,0.00060783315,-5.4306643e-07
0.110598,1.3684077,0.082010882,8.5202999e-08,1.4691082,0.0032437441,-8.6190217e-07,1.4862499,0.0014273767,-8.5199939e-07,1.4935943,0.00062047066,-5.6297706e-07
0.11345754,1.3597858,0.086414414,1.7103742e-07,1.4686047,0.0031409276,-8.5283131e-07,1.4859752,0.0014659282,-8.7247861e-07,1.4934772,0.00063333895,-5.8353693e-07
0.11631976,1.3506832,0.090601764,2.6066041e-07,1.4681439,0.0030543277,-8.4179925e-07,1.4856948,0.0015071545,-8.9315325e-07,1.4933582,0.00064643834,-6.0492147e-07
0.11918457,1.3411338,0.094567881,3.5258891e-07,1.4677285,0.0030120126,-8.2865349e-07,1.4854086,0.0015511652,-9.1372022e-07,1.4932371,0.00065976612,-6.2684585e-07
0.12205198,1.3311709,0.098305603,4.490453e-07,1.4673566,0.0030474249,-8.1343792e-07,1.485116,0.0015978085,-9.3452243e-07,1.4931141,0.0006733135,-6.4964634e-07
0.12492193,1.320829,0.1018224,5.4818547e-07,1.467021,0.003200325,-7.9618813e-07,1.4848167,0.0016465732,-9.5537736e-07,1.492989,0.00068707967,-6.7322961e-07
0.12779439,1.3101392,0.1051133,6.5082008e-07,1.4667107,0.0035142588,-7.7669931e-07,1.4845103,0.0016964132,-9.7622515e-07,1.4928618,0.00070104869,-6.9753307e-07
0.13066934,1.2991266,0.1081659,7.5516589e-07,1.4664101,0.0040323671,-7.5505755e-07,1.4841969,0.0017456974,-9.9701238e-07,1.4927326,0.00071520923,-7.2254991e-07
0.13354673,1.287817,0.11096954,8.6361105e-07,1.4660969,0.0047980042,-7.3072786e-07,1.4838768,0.0017921557,-1.0178478e-06,1.4926013,0.00072955513,-7.4857049e-07
0.13642653,1.2762509,0.11352821,9.755395e-07,1.465742,0.0058523822,-7.0413969e-07,1.4835504,0.0018328884,-1.0385178e-06,1.4924678,0.00074409348,-7.752491e-07
0.13930872,1.2643946,0.11582561,1.0903124e-06,1.4653153,0.0072240826,-6.7530242e-07,1.4832193,0.0018643625,-1.0589512e-06,1.4923323,0.00075883804,-8.0259121e-07
0.14219327,1.252266,0.11785631,1.206686e-06,1.4647804,0.0089447957,-6.4459276e-07,1.4828853,0.0018826381,-1.0794724e-06,1.4921948,0.0007738324,-8.3090342e-07
0.14508017,1.2398469,0.11961546,1.3282906e-06,1.4640958,0.011023857,-6.1129994e-07,1.4825511,0.0018836064,-1.1000375e-06,1.4920551,0.00078915146,-8.6038536e-07
0.14796939,1.227052,0.12109149,1.4528812e-06,1.4632222,0.013459373,-5.7550919e-07,1.48222,0.0018632615,-1.1202026e-06,1.4919133,0.00080490401,-8.9053827e-07
0.15086093,1.2140293,0.12230685,1.5783346e-06,1.4621214,0.016248648,-5.3817441e-07,1.4818965,0.0018181423,-1.1403214e-06,1.4917693,0.00082124356,-9.2157973e-07
0.15375477,1.2008668,0.12328471,1.7059471e-06,1.4607548,0.019342215,-4.9865046e-07,1.481585,0.0017460353,-1.1600842e-06,1.491623,0.00083836502,-9.5348882e-07
0.15665089,1.1877834,0.12401313,1.8350473e-06,1.4590936,0.022659748,-4.5786707e-07,1.4812915,0.0016460654,-1.1801154e-06,1.4914745,0.00085648142,-9.8679211e-07
0.15954928,1.1748357,0.12453997,1.9656822e-06,1.4571104,0.026231099,-4.1531447e-07,1.4810221,0.0015191813,-1.199957e-06,1.4913235,0.0008758306,-1.0211113e-06
0.16244992,1.1619876,0.12490733,2.0958507e-06,1.4547888,0.029898814,-3.7162431e-07,1.4807816,0.0013700558,-1.2200104e-06,1.4911699,0.00089666609,-1.0565855e-06
0.16535278,1.1492144,0.12514808,2.2270485e-06,1.4521269,0.03352433,-3.2560612e-07,1.4805743,0.0012055362,-1.2396035e-06,1.4910135,0.00091917476,-1.0930167e-06
0.16825784,1.1364722,0.12530899,2.3548295e-06,1.4491249,0.036990217,-2.8107148e-07,1.4804076,0.0010349032,-1.2606769e-06,1.4908541,0.00094341526,-1.1315803e-06
0.1711651,1.1237677,0.12542284,2.4879145e-06,1.4457815,0.040119101,-2.3271514e-07,1.4802811,0.00087250127,-1.2797985e-06,1.4906914,0.00096938882,-1.1704636e-06
0.17407454,1.1111105,0.12549727,2.6225402e-06,1.4421072,0.042979975,-1.8038395e-07,1.4801919,0.00073815285,-1.2979202e-06,1.4905248,0.0009968704,-1.2098417e-06
0.17698616,1.0985191,0.12553888,2.7601124e-06,1.4381099,0.045622469,-1.2371798e-07,1.480142,0.00064881268,-1.3146618e-06,1.4903542,0.0010253042,-1.2496323e-06
0.17989995,1.0860113,0.12554835,2.9008701e-06,1.4337956,0.048085465,-6.611545e-08,1.4801253,0.00062807842,-1.3293863e-06,1.4901797,0.0010538478,-1.2895549e-06
0.18281593,1.0735988,0.12552463,3.0408057e-06,1.4291701,0.050402661,-8.5884773e-09,1.4801312,0.00071157743,-1.3431514e-06,1.4900012,0.0010813142,-1.3317486e-06
0.18573409,1.0612923,0.12546854,3.1872512e-06,1.4242349,0.052593004,5.5323547e-08,1.4801384,0.00092118568,-1.3533007e-06,1.4898186,0.0011061449,-1.3737341e-06
0.18865441,1.0491057,0.12537952,3.3360711e-06,1.4189922,0.054671015,1.1956298e-07,1.4801454,0.001282341,-1.3627023e-06,1.4896327,0.0011262335,-1.416419e-06
0.19157686,1.0370502,0.12525477,3.4867051e-06,1.4134536,0.056644541,1.8243737e-07,1.4801723,0.0018233937,-1.3697759e-06,1.4894442,0.0011392321,-1.4597875e-06
0.19450145,1.0251341,0.12509285,3.6398275e-06,1.4076288,0.058516087,2.4693984e-07,1.4802211,0.0025707021,-1.3757987e-06,1.4892544,0.0011424048,-1.5036712e-06
0.19742816,1.0133661,0.12489424,3.8056015e-06,1.4015323,0.060293105,3.1704594e-07,1.4802835,0.003549493,-1.3763655e-06,1.489065,0.0011328656,-1.5458466e-06
0.200357,1.0017536,0.12465807,3.9757044e-06,1.3951791,0.061970906,3.9050721e-07,1.4802857,0.0047609653,-1.3792746e-06,1.4888777,0.0011076449,-1.5866752e-06
0.20328795,0.99030629,0.12438393,4.1383706e-06,1.388579,0.063543831,4.6092442e-07,1.4801837,0.0062107305,-1.3849087e-06,1.4886954,0.0010639923,-1.6304501e-06
0.20622094,0.97902865,0.12407327,4.3042344e-06,1.3817497,0.065010581,5.3321941e-07,1.4799422,0.007896922,-1.3899558e-06,1.4885207,0.00099955554,-1.6756455e-06
0.20915585,0.96792295,0.1237278,4.4708976e-06,1.3746785,0.066357997,6.0625409e-07,1.4795009,0.0098093149,-1.3934661e-06,1.4883571,0.00091410833,-1.721298e-06
0.21209259,0.95699052,0.12334942,4.6413117e-06,1.3673732,0.067578776,6.8409504e-07,1.4788277,0.011942909,-1.3959315e-06,1.4882089,0.00080922796,-1.765697e-06
0.2150311,0.94623723,0.12293904,4.804426e-06,1.3597859,0.068659251,7.5958071e-07,1.4779608,0.014266357,-1.4037045e-06,1.4880809,0.00068273909,-1.8153626e-06
0.21797136,0.93565149,0.12249922,4.978511e-06,1.3519049,0.069591203,8.4463964e-07,1.47688,0.016722083,-1.4032616e-06,1.4879757,0.0005470784,-1.8610774e-06
0.22091336,0.92523108,0.12203258,5.1703875e-06,1.3438306,0.070384737,9.4189252e-07,1.4755808,0.019281053,-1.3932053e-06,1.4878946,0.00041260642,-1.9015967e-06
0.22385707,0.91498257,0.12154111,5.3527618e-06,1.3356539,0.071046951,1.0397129e-06,1.4740599,0.02192123,-1.382272e-06,1.4878414,0.00028731041,-1.941205e-06
0.22680251,0.90490133,0.12102831,5.5462263e-06,1.3275504,0.071579487,1.1388342e-06,1.4722919,0.02451566,-1.3679217e-06,1.4878146,0.00017405534,-1.9791539e-06
0.22974963,0.8949841,0.12049727,5.7193804e-06,1.3194854,0.072002244,1.2278304e-06,1.4702743,0.027003167,-1.3572399e-06,1.4878128,7.375619e-05,-2.017153e-06
0.23269847,0.88523813,0.11994919,5.8804545e-06,1.3114511,0.072327776,1.3049339e-06,1.4680031,0.029245724,-1.3524422e-06,1.4878278,-2.4827698e-05,-2.0599219e-06
0.235649,0.87564735,0.11939001,6.0601332e-06,1.3034038,0.072576404,1.3858166e-06,1.4654738,0.031260216,-1.3445322e-06,1.487871,-0.00012170391,-2.103079e-06
0.23860124,0.86620338,0.11882414,6.2295083e-06,1.2953488,0.072757018,1.4602537e-06,1.4626906,0.033100128,-1.3390741e-06,1.4879454,-0.00018984669,-2.1476929e-06
0.24155519,0.85689317,0.11825704,6.4053995e-06,1.2872969,0.072876331,1.5402393e-06,1.4596598,0.034800846,-1.329665e-06,1.4880642,-0.00024029577,-2.1913149e-06
0.24451084,0.84771418,0.11769193,6.5803715e-06,1.2792648,0.07294193,1.6203779e-06,1.4563825,0.036392356,-1.318692e-06,1.4882206,-0.00029984656,-2.2349565e-06
0.24746818,0.83866393,0.11713151,6.7478813e-06,1.2712667,0.072959478,1.6977126e-06,1.4528585,0.037895813,-1.308305e-06,1.4884001,-0.00035354355,-2.2776048e-06
0.2504272,0.82974371,0.11657761,6.8880367e-06,1.2633118,0.072932994,1.7609852e-06,1.4490971,0.03932122,-1.305342e-06,1.4885838,-0.00026426239,-2.3235659e-06
0.25338787,0.82093179,0.11603686,7.1001698e-06,1.2554025,0.072867843,1.8633706e-06,1.4451017,0.040676645,-1.281256e-06,1.488765,2.2356652e-05,-2.357238e-06
0.25635017,0.81222778,0.11551138,7.2877609e-06,1.2475495,0.072769535,1.9580644e-06,1.4408797,0.041967411,-1.2572269e-06,1.4889357,0.0005933713,-2.3897012e-06
0.25931411,0.80364168,0.1150003,7.4649274e-06,1.2397607,0.072640617,2.0462345e-06,1.4364382,0.043190945,-1.2348614e-06,1.4890868,0.0014568145,-2.4237901e-06
0.26227967,0.79516954,0.11450503,7.6414089e-06,1.2320425,0.072482063,2.1334781e-06,1.4317814,0.04434323,-1.2111973e-06,1.4892137,0.0025367009,-2.4579343e-06
0.26524685,0.78680724,0.11402679,7.8124911e-06,1.2244022,0.07229482,2.2184569e-06,1.4269221,0.045423754,-1.1857507e-06,1.4893043,0.0038105859,-2.4923462e-06
0.26821564,0.77855014,0.11356659,7.979645e-06,1.2168459,0.072083124,2.2993765e-06,1.4218437,0.046421016,-1.1589482e-06,1.4893576,0.0052687394,-2.5277337e-06
0.27118603,0.77039149,0.11312562,8.1356283e-06,1.2093778,0.071849739,2.374976e-06,1.4165526,0.047330455,-1.1318815e-06,1.489374,0.0068875315,-2.5674621e-06
0.27415802,0.76232845,0.11270267,8.285966e-06,1.2020035,0.071596587,2.4458784e-06,1.4110093,0.048140805,-1.0994075e-06,1.4892191,0.0086428754,-2.6093673e-06
0.27713158,0.75436321,0.11229737,8.4510963e-06,1.1947298,0.071324914,2.517078e-06,1.4052129,0.048845303,-1.0716369e-06,1.488849,0.010524538,-2.6544282e-06
0.2801067,0.74645664,0.11191892,8.635621e-06,1.1875515,0.071036567,2.6105901e-06,1.399244,0.049451732,-1.0289775e-06,1.4882082,0.012498588,-2.6889886e-06
0.28308335,0.73862537,0.11156441,8.7936817e-06,1.1804767,0.070736098,2.6910957e-06,1.3931681,0.049967779,-9.917173e-07,1.4872684,0.014515834,-2.7289188e-06
0.28606153,0.73086639,0.1112346,8.9385657e-06,1.1735082,0.070423438,2.7647617e-06,1.3871514,0.050392206,-9.667274e-07,1.486124,0.016605489,-2.7710858e-06
0.28904121,0.72318301,0.11093034,9.085874e-06,1.1666478,0.070097771,2.8377597e-06,1.3811606,0.050740714,-9.4717569e-07,1.4847844,0.018668258,-2.8146403e-06
0.29202238,0.71557616,0.11065319,9.2242494e-06,1.159896,0.069758703,2.9091522e-06,1.3751834,0.051022858,-9.326798e-07,1.4832627,0.02063854,-2.8593446e-06
0.29500502,0.70804275,0.1104031,9.3567752e-06,1.1532538,0.06940604,2.9813507e-06,1.369193,0.051253065,-9.2083158e-07,1.4815606,0.022459016,-2.902542e-06
0.2979891,0.70057853,0.1101803,9.4730871e-06,1.1467215,0.069039794,3.0474333e-06,1.3631859,0.051438148,-9.1328885e-07,1.4796546,0.02405774,-2.9471267e-06
0.30097458,0.6931793,0.10998443,9.5838203e-06,1.1402983,0.068659961,3.1122809e-06,1.3571717,0.051580744,-9.0752584e-07,1.4775434,0.025493894,-2.9918855e-06
0.30396144,0.68584919,0.10981328,9.6755157e-06,1.133985,0.068266608,3.1674364e-06,1.3511607,0.051684449,-9.0858407e-07,1.4752241,0.026805619,-3.0403386e-06
0.30694962,0.67858618,0.10966559,9.8055761e-06,1.1277808,0.067860079,3.2376818e-06,1.345164,0.05175381,-9.0212289e-07,1.4726951,0.028022635,-3.0851708e-06
0.3099391,0.67134241,0.1095519,9.956742e-06,1.1216746,0.067442083,3.3353752e-06,1.3391839,0.051790061,-8.7287599e-07,1.4699632,0.029166993,-3.1132717e-06
0.31292986,0.66414512,0.10946493,1.0061612e-05,1.1156717,0.06701237,3.4146831e-06,1.3332284,0.051795091,-8.5193438e-07,1.4670332,0.030248461,-3.1433036e-06
0.31592191,0.65699737,0.10940264,1.0160807e-05,1.109772,0.066571341,3.4929234e-06,1.3273056,0.051771827,-8.3301529e-07,1.4639069,0.03127652,-3.1738045e-06
0.31891523,0.64989487,0.1093659,1.0235598e-05,1.1039733,0.066119802,3.5636203e-06,1.3214192,0.051721999,-8.1888414e-07,1.460592,0.032253721,-3.2026675e-06
0.32190982,0.64283429,0.10935358,1.0322054e-05,1.0982735,0.065658408,3.6391696e-06,1.3155733,0.051646881,-8.0299799e-07,1.4570904,0.033178471,-3.2251096e-06
0.32490566,0.63581341,0.10936395,1.0411237e-05,1.0926715,0.065187875,3.7147688e-06,1.3097729,0.05154791,-7.8967663e-07,1.4534062,0.034048182,-3.2458401e-06
0.32790276,0.62883068,0.10939797,1.0476417e-05,1.0871653,0.064709239,3.7861154e-06,1.3040222,0.051427028,-7.7750737e-07,1.4495372,0.034858351,-3.259034e-06
0.33090109,0.62188342,0.10945727,1.0535529e-05,1.0817527,0.064223427,3.855011e-06,1.2983244,0.051285388,-7.6747956e-07,1.4454786,0.035602356,-3.2688141e-06
0.33390065,0.61497008,0.10953939,1.0558957e-05,1.0764318,0.063731447,3.9105771e-06,1.2926826,0.051123904,-7.6665502e-07,1.4412437,0.036278256,-3.2825295e-06
0.33690142,0.60809513,0.10964078,1.055026e-05,1.0712015,0.063233969,3.9524943e-06,1.2871021,0.050943655,-7.7683194e-07,1.436755,0.03687042,-3.2926059e-06
0.33990341,0.60123742,0.10976638,1.0577174e-05,1.0660562,0.06273234,4.0102324e-06,1.2815846,0.050745501,-7.7966108e-07,1.4320901,0.037384326,-3.3016733e-06
0.34290659,0.59433722,0.10993331,1.0587021e-05,1.0609823,0.062229082,4.0907915e-06,1.2761285,0.050530697,-7.5822445e-07,1.4273018,0.037827208,-3.2993384e-06
0.34591096,0.58743682,0.11013011,1.0598471e-05,1.0559866,0.061723817,4.1693202e-06,1.2707401,0.050299652,-7.4067489e-07,1.4224836,0.038202101,-3.297791e-06
0.3489165,0.58054677,0.11035354,1.057331e-05,1.0510691,0.061217225,4.2401353e-06,1.2654229,0.050053106,-7.2624208e-07,1.4177067,0.038514108,-3.3075042e-06
0.35192321,0.57366299,0.11060363,1.0538981e-05,1.046227,0.060710216,4.3104702e-06,1.2601784,0.049791853,-7.1383459e-07,1.4129474,0.038774422,-3.3257e-06
0.35493107,0.56678721,0.11087933,1.0491624e-05,1.0414591,0.060203509,4.3738855e-06,1.2550084,0.049516434,-7.0761136e-07,1.4081961,0.038990488,-3.3530415e-06
0.35794007,0.55991667,0.11118059,1.0419331e-05,1.0367632,0.05969796,4.4341285e-06,1.2499137,0.049227546,-7.0334863e-07,1.4034239,0.039175247,-3.3887843e-06
0.36095019,0.55305034,0.11150699,1.0310885e-05,1.032138,0.059194269,4.4858332e-06,1.2448951,0.048925687,-7.0267297e-07,1.3986358,0.039330997,-3.4292184e-06
0.36396144,0.54617836,0.11186083,1.0189277e-05,1.0275809,0.058693277,4.5433944e-06,1.2399524,0.048611179,-6.9839769e-07,1.3938383,0.039459387,-3.47024e-06
0.36697379,0.53930787,0.11223952,1.0082706e-05,1.0230924,0.058195227,4.6064381e-06,1.2350864,0.048284455,-6.9173549e-07,1.3890396,0.039563335,-3.5134909e-06
0.36998724,0.53244589,0.11264101,9.951976e-06,1.018673,0.05770062,4.6583815e-06,1.2302978,0.047946021,-6.9427338e-07,1.3842477,0.039645109,-3.5631603e-06
0.37300177,0.5256166,0.11305518,9.7810997e-06,1.0143266,0.057209396,4.6737401e-06,1.2255878,0.047596198,-7.2501274e-07,1.3794669,0.039704804,-3.6317114e-06
0.3760174,0.51870559,0.11351869,9.5509715e-06,1.010035,0.056724799,4.6978152e-06,1.2209492,0.047236221,-7.3573519e-07,1.3746979,0.039743342,-3.6856816e-06
0.37903409,0.51169435,0.11403771,9.3191476e-06,1.0057948,0.056247769,4.7574835e-06,1.2163805,0.046866759,-7.1563838e-07,1.3699462,0.039762499,-3.7211758e-06
0.38205186,0.50464822,0.1145934,9.0588157e-06,1.0016165,0.055777413,4.8104595e-06,1.2118851,0.046486772,-6.9976328e-07,1.3652157,0.039762575,-3.7605346e-06
0.38507068,0.49756371,0.115186,8.7605947e-06,0.99749912,0.055314734,4.8582768e-06,1.207462,0.04609726,-6.8449655e-07,1.3605094,0.039743884,-3.8011405e-06
0.38809054,0.49043427,0.11581708,8.3995596e-06,0.9934413,0.054860846,4.9002939e-06,1.2031099,0.045699184,-6.6916983e-07,1.3558312,0.039707246,-3.841625e-06
0.39111144,0.48325111,0.11648852,8.0252464e-06,0.98944179,0.054416635,4.9434667e-06,1.1988278,0.045293296,-6.5532681e-07,1.3511847,0.039653526,-3.8831935e-06
0.39413337,0.47601457,0.11719999,7.6194315e-06,0.98550024,0.053983058,4.9828427e-06,1.1946145,0.044880269,-6.4497228e-07,1.3465722,0.039583075,-3.9263606e-06
0.3971563,0.46872392,0.11795105,7.1702685e-06,0.98161603,0.053561584,5.0178767e-06,1.1904689,0.044460666,-6.3545808e-07,1.341996,0.039496107,-3.9700327e-06
0.40018022,0.46137769,0.11874488,6.7020507e-06,0.9777884,0.053153493,5.0592991e-06,1.1863901,0.044035994,-6.2319583e-07,1.3374596,0.039393707,-4.0135825e-06
0.40320513,0.45398306,0.11958776,6.167168e-06,0.97401774,0.052759107,5.0879106e-06,1.1823771,0.043606644,-6.1437958e-07,1.3329651,0.039276521,-4.0593375e-06
0.40623099,0.4465497,0.12046925,5.5889527e-06,0.97030368,0.052378377,5.1152071e-06,1.1784289,0.043172762,-6.0505871e-07,1.3285144,0.03914507,-4.1052676e-06
0.40925781,0.43911914,0.12136557,5.1432417e-06,0.96665029,0.052010181,5.1789596e-06,1.1745461,0.042734348,-5.8806155e-07,1.32411,0.038999773,-4.1518052e-06
0.41228556,0.43160427,0.12230005,4.4258378e-06,0.96304649,0.05166067,5.1343944e-06,1.1707239,0.042292112,-6.1132904e-07,1.319752,0.038841281,-4.2131388e-06
0.41531423,0.42390933,0.12330973,3.7540609e-06,0.95947919,0.05132915,5.1542513e-06,1.1669566,0.041846687,-5.8604655e-07,1.3154396,0.038670403,-4.2455236e-06
0.41834383,0.41614978,0.12435371,2.9991665e-06,0.95596345,0.051011228,5.1685789e-06,1.1632488,0.041397763,-5.5958691e-07,1.3111758,0.038487496,-4.2769129e-06
0.42137434,0.40832,0.12543017,2.2430306e-06,0.95249893,0.050705002,5.1796371e-06,1.1595999,0.040945557,-5.3560442e-07,1.3069618,0.038293081,-4.3105067e-06
0.42440574,0.40041468,0.12654321,1.4642042e-06,0.94908542,0.050408853,5.1885417e-06,1.1560091,0.040490324,-5.107091e-07,1.3027981,0.038087691,-4.3434164e-06
0.42743803,0.39242838,0.12769427,6.3966969e-07,0.94572232,0.05011784,5.1938578e-06,1.1524756,0.040032291,-4.8394751e-07,1.2986855,0.037871897,-4.3745864e-06
0.4304712,0.38435636,0.1288836,-2.4905862e-07,0.9424081,0.049829474,5.1913136e-06,1.1489989,0.039571694,-4.559586e-07,1.2946238,0.037645999,-4.4036077e-06
0.43350524,0.37619102,0.13011294,-1.274107e-06,0.93914109,0.049543771,5.1776826e-06,1.1455781,0.039108813,-4.3047989e-07,1.2906133,0.037410449,-4.4327788e-06
0.43654013,0.36792995,0.1313831,-2.3628011e-06,0.93592004,0.049260837,5.1594154e-06,1.142213,0.038643872,-4.0833915e-07,1.2866541,0.03716565,-4.4635153e-06
0.43957587,0.35958555,0.13269029,-3.5234289e-06,0.93274421,0.048980918,5.1403373e-06,1.1389033,0.038177084,-3.8510535e-07,1.282746,0.03691199,-4.4925481e-06
0.44261244,0.35117681,0.13402786,-4.7630552e-06,0.92961287,0.04870451,5.1184036e-06,1.1356491,0.037708691,-3.6073487e-07,1.2788892,0.036649993,-4.5199096e-06
0.44564984,0.34274329,0.13538246,-6.0298962e-06,0.92652619,0.048432273,5.1144497e-06,1.1324507,0.037238887,-3.2586955e-07,1.2750838,0.036379976,-4.5416949e-06
0.44868805,0.33438926,0.13671365,-7.7165908e-06,0.92349001,0.048164286,4.9343392e-06,1.1293108,0.036767682,-3.7270176e-07,1.2713303,0.036102257,-4.6045471e-06
0.45172706,0.32579734,0.13813872,-9.4429941e-06,0.92047369,0.04790668,4.7141201e-06,1.1262194,0.036296396,-4.1331588e-07,1.2676243,0.035817567,-4.655654e-06
0.45476685,0.31691806,0.13966418,-1.1012874e-05,0.91747413,0.047660589,4.7003447e-06,1.1231761,0.0358253,-3.3633158e-07,1.2639652,0.035526291,-4.6443965e-06
0.45780741,0.30794519,0.1412174,-1.2678088e-05,0.91450893,0.047424086,4.6595606e-06,1.1201872,0.035354017,-2.6935427e-07,1.2603553,0.03522862,-4.6342222e-06
0.46084873,0.29889747,0.1427832,-1.4378506e-05,0.91157703,0.047198225,4.5899821e-06,1.1172531,0.034882842,-2.0802049e-07,1.2567941,0.03492493,-4.6254449e-06
0.46389081,0.28978278,0.14434113,-1.616497e-05,0.9086762,0.046984184,4.4950042e-06,1.1143735,0.034412085,-1.4904461e-07,1.253281,0.034615582,-4.6188882e-06
0.46693364,0.2806006,0.14589333,-1.7997572e-05,0.90580457,0.046783113,4.3788485e-06,1.1115485,0.033942052,-8.6550303e-08,1.2498156,0.034300935,-4.6111364e-06
0.46997721,0.27134648,0.1474401,-1.987201e-05,0.90296056,0.046596127,4.2493816e-06,1.1087785,0.033473057,-1.6677803e-08,1.2463974,0.033981325,-4.6006539e-06
0.47302151,0.26202857,0.14897363,-2.1866011e-05,0.90014401,0.046423351,4.0881299e-06,1.1060636,0.033005418,5.7476257e-08,1.243026,0.033657115,-4.5891077e-06
0.47606653,0.25265655,0.1504836,-2.3992192e-05,0.89735325,0.046265323,3.884205e-06,1.1034041,0.032539434,1.3255455e-07,1.2397009,0.033328603,-4.5752013e-06
0.47911227,0.24322891,0.15196634,-2.6315438e-05,0.89458533,0.046122976,3.6512439e-06,1.1008,0.032075462,2.1059176e-07,1.2364216,0.032996062,-4.5607838e-06
0.48215871,0.23376503,0.15340873,-2.862655e-05,0.89183806,0.045997343,3.4286429e-06,1.0982514,0.031613908,2.9866378e-07,1.233188,0.03265974,-4.5451241e-06
0.48520584,0.22431825,0.15478251,-3.0791787e-05,0.88911079,0.045889092,3.2731678e-06,1.095759,0.031154945,4.2422042e-07,1.2299999,0.03231982,-4.5161195e-06
0.48825366,0.21506542,0.15600011,-3.2359102e-05,0.88641234,0.045797906,2.9906049e-06,1.0933265,0.030698545,4.450353e-07,1.2268586,0.031976436,-4.5463441e-06
0.49130216,0.20560626,0.15725293,-3.5981846e-05,0.88370927,0.045730388,2.4041365e-06,1.0909438,0.030245927,3.9598515e-07,1.2237594,0.031630455,-4.5901124e-06
0.49435133,0.19578883,0.15866468,-3.9388461e-05,0.88098403,0.045690286,2.0936358e-06,1.0886066,0.029797709,5.0825566e-07,1.2207006,0.031282043,-4.5509469e-06
0.49740115,0.18593157,0.16007742,-4.2294583e-05,0.87825759,0.045675512,1.8796856e-06,1.0863225,0.029353658,6.4882283e-07,1.2176853,0.03093115,-4.503962e-06
0.50045161,0.17607683,0.16146761,-4.5093043e-05,0.87553061,0.045686673,1.6762868e-06,1.0840922,0.028913626,7.9467607e-07,1.2147136,0.03057783,-4.4570998e-06
0.50350272,0.16622964,0.16282321,-4.7988687e-05,0.87280021,0.045725089,1.4605067e-06,1.0819154,0.02847737,9.4870883e-07,1.2117855,0.030222159,-4.4064187e-06
0.50655447,0.15638314,0.16413497,-5.09119e-05,0.87006305,0.0457923,1.2308466e-06,1.0797921,0.028044741,1.1082674e-06,1.2089008,0.029864245,-4.354069e-06
0.50960683,0.14651719,0.16539008,-5.3910651e-05,0.86731556,0.045889676,9.6104738e-07,1.0777216,0.027615872,1.2691766e-06,1.2060595,0.029503768,-4.3063439e-06
0.51265982,0.13661338,0.166567,-5.7021831e-05,0.86455408,0.046018707,6.1718929e-07,1.0757036,0.027191075,1.4371499e-06,1.2032616,0.029140688,-4.2569803e-06
0.51571343,0.12665655,0.16764597,-6.0185617e-05,0.86177511,0.046180777,2.0858691e-07,1.0737376,0.026769402,1.613049e-06,1.2005071,0.028775097,-4.203532e-06
0.51876765,0.11662974,0.16861235,-6.3388134e-05,0.85897726,0.046375744,-2.7605874e-07,1.0718235,0.026349975,1.7930936e-06,1.1977962,0.028407067,-4.1458112e-06
0.52182247,0.10649874,0.16944777,-6.6644882e-05,0.85615779,0.046603795,-8.4255307e-07,1.0699608,0.02593205,1.9813997e-06,1.195129,0.028036662,-4.0811687e-06
0.52487788,0.096183275,0.17014182,-7.0046879e-05,0.85331197,0.046865976,-1.4499371e-06,1.0681492,0.025514973,2.2044252e-06,1.1925058,0.02766392,-3.9967167e-06
0.52793388,0.085505224,0.17066788,-7.2855019e-05,0.85043871,0.047163355,-2.0268444e-06,1.0663892,0.025097468,2.4586947e-06,1.1899272,0.027288921,-3.9033505e-06
0.53099045,0.073936068,0.17081336,-7.7291391e-05,0.84755009,0.047494278,-3.2448558e-06,1.0646844,0.024678873,2.4078579e-06,1.187395,0.026911671,-3.9348969e-06
0.53404759,0.063088953,0.17116491,-8.135495e-05,0.84459335,0.047869443,-4.5750595e-06,1.0630202,0.024260563,2.3705082e-06,1.1849039,0.026532641,-3.9290701e-06
0.53710529,0.053279908,0.17181472,-8.5496313e-05,0.84155867,0.048290667,-5.5575648e-06,1.0613944,0.023842582,2.5585989e-06,1.1824537,0.026151842,-3.8179225e-06
0.54016356,0.043483128,0.17240456,-8.9556134e-05,0.83847399,0.048752878,-6.6148954e-06,1.0598154,0.023424118,2.7467158e-06,1.1800481,0.025769039,-3.6955653e-06
0.54322238,0.033623978,0.17294662,-9.3485586e-05,0.83533507,0.049257209,-7.713616e-06,1.0582824,0.023005602,2.9320184e-06,1.1776875,0.025384326,-3.5687935e-06
0.54628174,0.023732393,0.17342763,-9.736035e-05,0.83214114,0.049803611,-8.8814343e-06,1.0567951,0.022587388,3.1128001e-06,1.1753723,0.02499771,-3.4360683e-06
0.54934165,0.013812295,0.1738418,-0.00010093944,0.82889016,0.050391999,-1.0128476e-05,1.0553526,0.022169967,3.2906861e-06,1.1731027,0.024609205,-3.29711e-06
0.5524021,0.0038620525,0.17418885,-0.00010473095,0.8255794,0.051022109,-1.1464465e-05,1.0539541,0.021753896,3.4737934e-06,1.170879,0.024218798,-3.1469392e-06
0.55546308,-0.0061350029,0.17447554,-0.00010873175,0.82220628,0.051693661,-1.2890548e-05,1.0525984,0.021339894,3.6600701e-06,1.1687017,0.023826505,-2.9880749e-06
0.55852458,-0.016201226,0.17471396,-0.00011278066,0.81876815,0.052406168,-1.4403801e-05,1.0512843,0.020928761,3.8535634e-06,1.1665708,0.02343234,-2.8203137e-06
0.5615866,-0.026311725,0.17487622,-0.00011707451,0.81526213,0.053159224,-1.6011457e-05,1.0500107,0.020521343,4.0593647e-06,1.1644868,0.023036294,-2.6436028e-06
0.56464913,-0.036486075,0.1749793,-0.00012139917,0.81168569,0.053951946,-1.7661636e-05,1.048776,0.020118499,4.2941463e-06,1.1624498,0.02263835,-2.4530068e-06
0.56771217,-0.046763363,0.17504656,-0.00012590918,0.80803783,0.054783009,-1.9346185e-05,1.0475791,0.019721139,4.5861939e-06,1.1604602,0.022238443,-2.2366551e-06
0.57077571,-0.057230488,0.17511672,-0.00013075762,0.80431997,0.055651632,-2.1066109e-05,1.0464195,0.019330226,4.8944863e-06,1.1585187,0.021836414,-2.0293209e-06
0.57383974,-0.068211213,0.17530927,-0.00013735955,0.80054127,0.05655499,-2.2945806e-05,1.0452989,0.018946542,5.0430523e-06,1.1566267,0.021432081,-1.9256093e-06
0.57690425,-0.07916597,0.17550785,-0.00013945047,0.79668274,0.057497041,-2.594681e-05,1.044209,0.018572191,4.9326735e-06,1.1547813,0.021025683,-1.8906567e-06
0.57996926,-0.088705919,0.17520396,-0.00014125063,0.79269258,0.058487197,-2.8666513e-05,1.043136,0.018209516,5.0860436e-06,1.1529788,0.020617329,-1.7343015e-06
0.58303473,-0.097775898,0.17468108,-0.00014502005,0.7886085,0.059516159,-3.1166226e-05,1.042088,0.017858592,5.335927e-06,1.1512233,0.020206604,-1.5465956e-06
0.58610068,-0.1066141,0.17402737,-0.00014905912,0.78443917,0.060580429,-3.3763015e-05,1.041065,0.017520452,5.5939676e-06,1.1495157,0.019793506,-1.3564429e-06
0.5891671,-0.11525105,0.17325534,-0.00015356118,0.78018436,0.061677984,-3.6499717e-05,1.040065,0.017196327,5.8479884e-06,1.1478561,0.019377803,-1.171943e-06
0.59223398,-0.12377978,0.17240613,-0.00015775591,0.77584147,0.062807796,-3.9273329e-05,1.0390854,0.016887672,6.10058e-06,1.1462445,0.018959352,-9.9142135e-07
0.59530132,-0.13213795,0.17145077,-0.00016184402,0.77141358,0.063967273,-4.2147751e-05,1.0381242,0.016595672,6.33869e-06,1.1446809,0.018537593,-8.0942108e-07
0.59836912,-0.14032994,0.17038296,-0.00016586391,0.76690082,0.065154373,-4.5105933e-05,1.0371788,0.016321634,6.5610544e-06,1.1431654,0.018111978,-6.2480677e-07
0.60143737,-0.14834662,0.16919404,-0.0001697645,0.76230353,0.066367296,-4.8183079e-05,1.0362469,0.016066791,6.756104e-06,1.1416982,0.017682187,-4.3676008e-07
0.60450606,-0.15619207,0.16788737,-0.00017381955,0.75762183,0.067603499,-5.1360937e-05,1.035326,0.01583232,6.9215297e-06,1.140279,0.017247919,-2.3315554e-07
0.60757521,-0.16387557,0.16646972,-0.00017837056,0.752854,0.068861021,-5.4658025e-05,1.0344132,0.015619387,7.0598851e-06,1.1389078,0.016808994,-7.3806527e-09
0.61064479,-0.17139605,0.16495123,-0.00018274153,0.74800437,0.070139627,-5.8039672e-05,1.0335059,0.015429105,7.1852714e-06,1.1375845,0.01636407,2.4733703e-07
0.61371481,-0.17872394,0.16334866,-0.00018709936,0.74307769,0.071438778,-6.1457975e-05,1.0326019,0.015262492,7.3016909e-06,1.1363093,0.015911904,5.3712635e-07
0.61678527,-0.18582791,0.16167533,-0.00019180367,0.73807748,0.072756385,-6.4954859e-05,1.0316999,0.015120497,7.3181007e-06,1.1350826,0.015453488,8.4822504e-07
0.61985615,-0.19265142,0.15996762,-0.00019742398,0.73301463,0.074087853,-6.8521017e-05,1.0307998,0.015003828,7.1393564e-06,1.1339048,0.014989614,1.1320424e-06
0.62292747,-0.19918664,0.15823539,-0.00019957738,0.72789145,0.075432286,-7.3816393e-05,1.029897,0.014913865,6.4732743e-06,1.1327742,0.014521138,1.3636277e-06
0.62599921,-0.2059427,0.15627959,-0.00020085021,0.72262505,0.076807524,-7.9152311e-05,1.0289709,0.014853391,6.0042407e-06,1.1316846,0.01404923,1.7936184e-06
0.62907138,-0.21280463,0.15418745,-0.00020580125,0.71724598,0.078203343,-8.3508583e-05,1.0280276,0.014822022,5.7230324e-06,1.130639,0.0135787,2.365053e-06
0.63214396,-0.21955949,0.15200722,-0.00021031353,0.71178513,0.079610858,-8.7931736e-05,1.0270699,0.014819669,5.3958716e-06,1.1296385,0.013109916,2.973822e-06
0.63521696,-0.2261702,0.14972948,-0.00021465146,0.70624786,0.081027776,-9.2485862e-05,1.0260957,0.014846765,5.0075827e-06,1.1286827,0.012642858,3.5946688e-06
0.63829037,-0.23262484,0.14735294,-0.00021895216,0.70063695,0.082452258,-9.7159927e-05,1.0251028,0.014903652,4.5521028e-06,1.1277709,0.01217751,4.2210576e-06
0.64136419,-0.23892353,0.14488191,-0.00022565009,0.69495345,0.083881924,-0.00010193008,1.0240887,0.014990507,4.0248953e-06,1.1269027,0.011713864,4.8487073e-06
0.64443841,-0.24520745,0.14241705,-0.00022963308,0.68919515,0.085316241,-0.00010667244,1.0230507,0.015107475,3.4406676e-06,1.126077,0.011251902,5.4704655e-06
0.64751303,-0.2513175,0.1399179,-0.00023363773,0.68336632,0.086753503,-0.00011161885,1.021987,0.015254475,2.7889142e-06,1.1252933,0.010791362,6.0905575e-06
0.65058805,-0.25723462,0.13737859,-0.00023764441,0.67746526,0.088194219,-0.0001166756,1.0208951,0.015431428,2.0698507e-06,1.1245505,0.010332172,6.7162391e-06
0.65366347,-0.26293922,0.13479885,-0.00024097676,0.67149367,0.089637687,-0.00012177525,1.0197733,0.015638016,1.286039e-06,1.1238479,0.0098744997,7.3503479e-06
0.65673928,-0.26841537,0.13218523,-0.00024476733,0.66545385,0.091081438,-0.00012700682,1.0186197,0.015873778,4.5646507e-07,1.1231845,0.0094186843,8.0117443e-06
0.65981548,-0.27368453,0.1295562,-0.00024925391,0.65934441,0.092525311,-0.00013230485,1.0174325,0.016138318,-4.1536846e-07,1.1225592,0.008965211,8.707851e-06
0.66289206,-0.27874746,0.12692658,-0.00025374187,0.65316981,0.093968354,-0.000137711,1.016211,0.016431158,-1.4201818e-06,1.1219713,0.008514678,9.3936257e-06
0.66596903,-0.28359877,0.12431242,-0.00025819386,0.64693622,0.09540817,-0.00014314896,1.0149543,0.016751749,-2.5460415e-06,1.1214197,0.0080677995,1.0074472e-05
0.66904639,-0.28821006,0.12173408,-0.00026351606,0.64066132,0.096838006,-0.00014841447,1.0136642,0.017099015,-3.9334401e-06,1.1209043,0.0076254507,1.0686688e-05
0.67212412,-0.2925508,0.11919726,-0.00026486521,0.63435324,0.098257575,-0.00015638106,1.0123368,0.017472782,-5.9864833e-06,1.120422,0.0071888543,1.1202614e-05
0.67520223,-0.29689768,0.116606,-0.00026446856,0.62790051,0.099696929,-0.00016461498,1.0109509,0.017874524,-7.7841427e-06,1.1199655,0.006759466,1.1903912e-05
0.67828072,-0.30116867,0.11399875,-0.00026868265,0.62134713,0.10114151,-0.00017110548,1.0095152,0.018301821,-9.3391859e-06,1.1195369,0.0063381547,1.2703901e-05
0.68135958,-0.30545791,0.11154519,-0.00027507458,0.61473699,0.1025833,-0.00017762871,1.008035,0.018753126,-1.0954968e-05,1.1191363,0.0059260785,1.3514225e-05
0.6844388,-0.30963807,0.10919646,-0.00028009252,0.60807659,0.10401932,-0.00018422631,1.0065101,0.019226989,-1.2650587e-05,1.1187624,0.0055245305,1.4326614e-05
0.68751839,-0.31366404,0.10689328,-0.00028409632,0.60136763,0.10544841,-0.00019091139,1.0049402,0.019722209,-1.4428433e-05,1.1184133,0.0051352602,1.5137344e-05
0.69059835,-0.31753389,0.10457921,-0.00028781194,0.59460897,0.10687075,-0.00019771249,1.0033248,0.020237484,-1.6296923e-05,1.1180872,0.00476021,1.5942065e-05
0.69367866,-0.32124884,0.1022005,-0.00029151603,0.58779904,0.10828656,-0.0002046645,1.0016636,0.020771505,-1.8257532e-05,1.117782,0.0044015942,1.6736601e-05
0.69675933,-0.32493249,0.09983223,-0.00029972493,0.58093405,0.10969753,-0.00021176659,0.99995572,0.021323168,-2.0265972e-05,1.1174955,0.0040612907,1.7521834e-05
0.69984036,-0.3286087,0.09744182,-0.00030313667,0.57401287,0.11110274,-0.00021890111,0.99820044,0.021891125,-2.2323413e-05,1.1172257,0.0037423592,1.8299108e-05
0.70292174,-0.332087,0.094923192,-0.00030630525,0.56703903,0.11250552,-0.00022624146,0.99639833,0.022474528,-2.4453055e-05,1.1169699,0.0034452681,1.9060328e-05
0.70600347,-0.33538403,0.092266754,-0.00030867805,0.56001817,0.11390551,-0.0002336285,0.99454933,0.023072284,-2.6621028e-05,1.1167261,0.0031690585,1.9819413e-05
0.70908555,-0.33846404,0.089467789,-0.0003113567,0.55295787,0.11529969,-0.00024115435,0.9926543,0.023683412,-2.8861947e-05,1.1164924,0.0029126989,2.0516802e-05
0.71216798,-0.34135338,0.086549933,-0.00031518861,0.54585564,0.11668489,-0.00024874679,0.99071284,0.024306343,-3.1190251e-05,1.1162667,0.002675144,2.1146492e-05
0.71525074,-0.34408973,0.083540419,-0.00031916457,0.53871618,0.11806037,-0.00025638392,0.98872519,0.02493967,-3.36387e-05,1.116047,0.0024555601,2.1721941e-05
0.71833385,-0.34665578,0.080450644,-0.0003233873,0.53155345,0.119422,-0.00026383187,0.98669395,0.025582359,-3.6249941e-05,1.115832,0.0022535509,2.2197237e-05
0.72141729,-0.34901957,0.077301107,-0.00032842968,0.52440058,0.12075682,-0.00027076711,0.98462417,0.026232891,-3.9268053e-05,1.1156208,0.0020688433,2.249074e-05
0.72450107,-0.35118076,0.074090427,-0.00032855848,0.51724438,0.12207958,-0.00028282809,0.98250745,0.026890933,-4.2945578e-05,1.1154079,0.0019015384,2.2660033e-05
0.72758518,-0.35331353,0.070771691,-0.0003291465,0.50993614,0.12343534,-0.00029401288,0.98032458,0.027557471,-4.6053657e-05,1.1151866,0.0017518898,2.300622e-05
0.73066961,-0.35532856,0.06736166,-0.00033161441,0.50256534,0.12479061,-0.00030327195,0.97809256,0.028229762,-4.9025452e-05,1.1149603,0.0016196237,2.3355502e-05
0.73375438,-0.35719474,0.063875813,-0.0003342061,0.49516107,0.12613895,-0.00031251421,0.97581602,0.028906434,-5.2057547e-05,1.1147283,0.0015047556,2.3659098e-05
0.73683947,-0.35892581,0.060536223,-0.00034452787,0.48771902,0.12748148,-0.00032187034,0.97349612,0.029586645,-5.5112333e-05,1.1144893,0.0014074351,2.3910579e-05
0.73992488,-0.36053824,0.057469197,-0.00035014617,0.48023433,0.12881816,-0.00033124673,0.97113396,0.030268969,-5.8219986e-05,1.1142418,0.001327696,2.4102106e-05
0.74301061,-0.36194456,0.054490852,-0.00035426363,0.47270618,0.13014998,-0.00034074293,0.96872991,0.030953015,-6.1425071e-05,1.1139845,0.0012658096,2.4233522e-05
0.74609667,-0.36304212,0.051519503,-0.00035765315,0.46513342,0.13147835,-0.00035044734,0.96628414,0.031638432,-6.4692835e-05,1.1137159,0.0012219479,2.4309501e-05
0.74918303,-0.36386209,0.048576667,-0.00036079966,0.45751569,0.13280504,-0.00036037768,0.9637978,0.032324009,-6.8008934e-05,1.1134347,0.0011963649,2.4335356e-05
0.75226971,-0.36442977,0.045728935,-0.00037708492,0.44985314,0.13413236,-0.00037060227,0.9612713,0.033008771,-7.1358649e-05,1.1131395,0.0011892647,2.4324825e-05
0.7553567,-0.36475189,0.043525854,-0.00037886116,0.44214321,0.13545987,-0.00038072544,0.95870463,0.033691555,-7.4723616e-05,1.1128289,0.0012019967,2.4280844e-05
0.75844399,-0.36483886,0.04134854,-0.00037960124,0.43440226,0.13678466,-0.00039106199,0.95609966,0.034372047,-7.8183674e-05,1.1125021,0.0012362023,2.4152923e-05
0.76153159,-0.36471992,0.039160878,-0.00037806046,0.4266477,0.13810238,-0.00040139546,0.95345722,0.035049865,-8.1731544e-05,1.1121581,0.0012930753,2.3946391e-05
0.76461948,-0.36436053,0.036963803,-0.00037755504,0.41888209,0.13940405,-0.00041184676,0.9507787,0.035724425,-8.537836e-05,1.1117956,0.00137334,2.3656197e-05
0.76770769,-0.36382224,0.034784153,-0.00037977758,0.41111129,0.14068477,-0.00042233344,0.94806504,0.036395357,-8.9117618e-05,1.1114134,0.0014776767,2.3284148e-05
0.77079619,-0.36313439,0.03261867,-0.00038169231,0.40334864,0.14193857,-0.0004325585,0.94531818,0.037062275,-9.2944392e-05,1.111011,0.0016066548,2.2815816e-05
0.77388498,-0.36229574,0.03045681,-0.00038380444,0.39562487,0.14316446,-0.00044222058,0.94254273,0.037724726,-9.701769e-05,1.1105884,0.0017607176,2.2178683e-05
0.77697408,-0.36129828,0.028296605,-0.00038258351,0.38806682,0.14433762,-0.00045584633,0.9397471,0.038381605,-0.00010238202,1.1101451,0.0019398642,2.1253979e-05
0.78006347,-0.36026994,0.026101636,-0.00037983696,0.38038997,0.14555326,-0.00047360167,0.93690035,0.039037447,-0.00010760331,1.109672,0.0021449674,2.0444186e-05
0.78315315,-0.35923834,0.02385525,-0.00037949278,0.37249149,0.14682187,-0.00048729304,0.93400238,0.039691721,-0.00011185449,1.1091696,0.0023761263,1.9812518e-05
0.78624312,-0.35814327,0.021564495,-0.00037901479,0.36454349,0.14808408,-0.00050043596,0.93107309,0.040341645,-0.0001161704,1.1086421,0.0026353857,1.9104259e-05
0.78933338,-0.3569966,0.019226241,-0.00037838988,0.35655815,0.14934441,-0.00051365291,0.92811368,0.040987011,-0.00012056599,1.1080876,0.0029330009,1.8415171e-05
0.79242392,-0.35581395,0.016833975,-0.00037870508,0.34853724,0.150606,-0.0005272,0.92512483,0.041627613,-0.00012503817,1.1075054,0.0032651599,1.7668251e-05
0.79551474,-0.35445253,0.014504765,-0.00038312899,0.34047621,0.15187305,-0.00054110794,0.92210776,0.042262083,-0.00012955976,1.1068955,0.0036280384,1.6859438e-05
0.79860584,-0.35292818,0.01225219,-0.00038469799,0.33237625,0.15314616,-0.00055495176,0.91906292,0.042889982,-0.00013412636,1.1062575,0.0040177598,1.5987658e-05
0.80169722,-0.35133675,0.010065372,-0.00038623682,0.3242425,0.15442604,-0.00056915775,0.91599062,0.043511697,-0.00013873899,1.1055912,0.0044306632,1.5175823e-05
0.80478887,-0.3497082,0.0079496227,-0.00038747621,0.31607821,0.15571236,-0.00058362245,0.91289087,0.044127702,-0.00014338925,1.1048964,0.0048622282,1.4449672e-05
0.8078808,-0.3480444,0.0058977863,-0.00038891174,0.30788782,0.15700221,-0.00059861996,0.90976455,0.044738384,-0.0001481551,1.1041732,0.0053089053,1.3455678e-05
0.810973,-0.34625725,0.0039773685,-0.00039813511,0.29967132,0.15829382,-0.00061403103,0.90661136,0.045344201,-0.00015298949,1.1034214,0.0057680182,1.2429228e-05
0.81406547,-0.34420316,0.0023077761,-0.00039770912,0.2914307,0.15958475,-0.00062908125,0.90343209,0.045945476,-0.00015787886,1.1026408,0.0062365041,1.1346609e-05
0.8171582,-0.3421437,0.00070135883,-0.00039318213,0.28318074,0.16086919,-0.00064408222,0.90022861,0.046542506,-0.00016287461,1.1018319,0.0067022127,1.023761e-05
0.82025121,-0.34007528,-0.00077726784,-0.00038956758,0.27493678,0.16211165,-0.00065877998,0.89700197,0.04713538,-0.00016799055,1.1009945,0.0071530933,9.0780858e-06
0.82334447,-0.33798318,-0.0020936739,-0.00039059924,0.26670915,0.1632925,-0.00067352092,0.89375293,0.047724019,-0.00017320844,1.1001287,0.0075890912,7.8202019e-06
0.826438,-0.33585947,-0.0033125762,-0.00039067655,0.25850878,0.16441142,-0.00068762891,0.89048328,0.048308388,-0.00017852074,1.0992347,0.0080110929,6.4809094e-06
0.82953179,-0.33369722,-0.0044520174,-0.00039030613,0.25036249,0.16545625,-0.00069964161,0.88719708,0.048888274,-0.00018410366,1.0983141,0.00841979,5.0208178e-06
0.83262584,-0.33146985,-0.0055222421,-0.00038738516,0.24239841,0.16636213,-0.00070774703,0.88390394,0.049462619,-0.00019118618,1.0973688,0.0088159153,3.269518e-06
0.83572015,-0.32923062,-0.0065533972,-0.00038207157,0.23434988,0.16729508,-0.00073823362,0.8805699,0.050037198,-0.0001986352,1.0963911,0.0092011552,1.6165467e-06
0.83881471,-0.32701378,-0.0075617949,-0.00037936284,0.22598714,0.16837069,-0.00076038485,0.87718568,0.050613218,-0.00020460571,1.0953812,0.0095765157,2.5426843e-07
0.84190953,-0.32477243,-0.0085456483,-0.00037651194,0.21762143,0.16945669,-0.00077981488,0.87377744,0.051186596,-0.00021049878,1.0943455,0.0099422524,-1.1297633e-06
0.8450046,-0.3225121,-0.0095216957,-0.00037322537,0.20927577,0.1705452,-0.00079910024,0.87034735,0.051758416,-0.00021652717,1.0932851,0.010299218,-2.541622e-06
0.84809992,-0.32024091,-0.010549084,-0.00036983247,0.20094792,0.17163259,-0.00081849078,0.8668954,0.052329798,-0.00022267985,1.0922012,0.010648925,-3.9736091e-06
0.85119549,-0.31796567,-0.011628213,-0.00036652856,0.19263036,0.17271706,-0.00083824501,0.86342108,0.052901297,-0.00022897319,1.0910943,0.010993307,-5.4153772e-06
0.85429131,-0.31566723,-0.012748888,-0.00036549914,0.18431629,0.17379109,-0.00085866837,0.85992295,0.053473436,-0.00023539335,1.0899649,0.011333132,-6.8408589e-06
0.85738737,-0.31327648,-0.013862996,-0.0003625859,0.17599824,0.17485453,-0.00087906127,0.85640113,0.054047363,-0.00024191057,1.0888138,0.011668992,-8.2939828e-06
0.86048367,-0.31084766,-0.014989913,-0.00035956354,0.16768101,0.17590056,-0.00089956675,0.85285667,0.054623747,-0.0002485966,1.0876419,0.012001257,-9.7963814e-06
0.86358022,-0.30838757,-0.016038856,-0.00035679853,0.15936616,0.17692329,-0.00092032864,0.84928941,0.0552029,-0.00025550989,1.0864496,0.012330002,-1.1323321e-05
0.86667701,-0.3059031,-0.017010399,-0.00035432903,0.15105266,0.17791682,-0.00094124615,0.84569869,0.055784631,-0.00026259748,1.0852375,0.012655061,-1.2863593e-05
0.86977405,-0.30339592,-0.017911156,-0.0003539358,0.14273461,0.1788754,-0.00096247487,0.84208373,0.056368507,-0.00026983764,1.0840061,0.012976075,-1.4413456e-05
0.87287132,-0.30075338,-0.018687086,-0.00035183351,0.13439147,0.1797992,-0.00098285771,0.83844681,0.056956181,-0.00027713084,1.0827562,0.013292987,-1.5996163e-05
0.87596883,-0.29807042,-0.019398038,-0.00034473359,0.12603045,0.1806777,-0.0010025855,0.83479011,0.057547799,-0.00028458981,1.0814888,0.013605502,-1.7607742e-05
0.87906658,-0.29544117,-0.020076711,-0.00033958798,0.11764042,0.18149611,-0.0010215986,0.83111316,0.058141934,-0.000292271,1.0802045,0.013912764,-1.9250466e-05
0.88216457,-0.2928428,-0.020710203,-0.00033717436,0.10917884,0.18223657,-0.0010399026,0.82741629,0.058738142,-0.00030024104,1.0789041,0.014214094,-2.0954192e-05
0.88526279,-0.29023219,-0.021297665,-0.00033415398,0.10058107,0.18288033,-0.001055648,0.82370166,0.059336966,-0.00030825865,1.0775886,0.014509082,-2.2751072e-05
0.88836125,-0.2876107,-0.021842078,-0.00033044072,0.091684874,0.18339217,-0.0010637591,0.81997424,0.059939271,-0.00031678808,1.0762595,0.014797238,-2.4744707e-05
0.89145994,-0.28497728,-0.022345471,-0.00032315324,0.082163236,0.18363766,-0.0010963571,0.81624266,0.060546127,-0.00032855583,1.0749158,0.01507815,-2.698702e-05
0.89455886,-0.28239182,-0.02282038,-0.00031627329,0.073353674,0.18410654,-0.0011580077,0.81245444,0.061166029,-0.00033959886,1.0735491,0.015352168,-2.8868182e-05
0.89765802,-0.27985181,-0.023267684,-0.00031133352,0.065167497,0.18486528,-0.0011759367,0.80862089,0.061798101,-0.00034883922,1.0721638,0.015618682,-3.0493644e-05
0.90075741,-0.27733012,-0.023685993,-0.00030556167,0.056953723,0.18560102,-0.0011949285,0.80475947,0.062438874,-0.0003582403,1.0707644,0.0158771,-3.2092076e-05
0.90385703,-0.27482128,-0.024073656,-0.00029940579,0.048711528,0.18631527,-0.0012147893,0.80086915,0.063089378,-0.00036792068,1.0693514,0.016127419,-3.3663097e-05
0.90695688,-0.27232688,-0.02441678,-0.00029301433,0.040438229,0.18700414,-0.0012361363,0.79695093,0.063749343,-0.00037799327,1.0679254,0.016369554,-3.5258904e-05
0.91005695,-0.26985283,-0.024713607,-0.0002867042,0.032127851,0.18764682,-0.0012584621,0.79300375,0.06441886,-0.00038839407,1.0664867,0.016603466,-3.6867089e-05
0.91315726,-0.26740312,-0.024976149,-0.00028078798,0.023779748,0.1882353,-0.0012818994,0.78902696,0.065098329,-0.00039903761,1.0650356,0.01682938,-3.8475259e-05
0.91625779,-0.26496972,-0.025215074,-0.00027526827,0.015391301,0.18876868,-0.001306281,0.78501912,0.065787851,-0.00040999831,1.0635726,0.017047445,-4.0106853e-05
0.91935854,-0.26252769,-0.025416991,-0.00026847979,0.0069510257,0.18925976,-0.0013306063,0.78098022,0.066488348,-0.00042124682,1.0620977,0.017258098,-4.1747036e-05
0.92245952,-0.26009629,-0.025601466,-0.00026142602,-0.0015301941,0.1897068,-0.001354824,0.7769116,0.0671994,-0.00043282826,1.0606114,0.017461436,-4.3430468e-05
0.92556072,-0.2576785,-0.025774623,-0.00025365045,-0.010046031,0.19010589,-0.0013803804,0.77281356,0.067920476,-0.00044466985,1.059114,0.017657604,-4.5114653e-05
0.92866215,-0.25527248,-0.025941036,-0.00024574031,-0.018597878,0.19045795,-0.0014059429,0.76868638,0.06865154,-0.00045680754,1.057606,0.017847206,-4.6830311e-05
0.9317638,-0.25287313,-0.026103178,-0.00023850244,-0.027191991,0.19076601,-0.0014325809,0.76453012,0.06939223,-0.00046923491,1.0560877,0.018030426,-4.8594681e-05
0.93486567,-0.25043714,-0.026269122,-0.00022918984,-0.035857201,0.19104564,-0.0014586632,0.76034499,0.070142638,-0.00048187835,1.0545593,0.018207493,-5.042042e-05
0.93796776,-0.24801997,-0.026444582,-0.00021700265,-0.044586963,0.19130477,-0.0014845678,0.75613326,0.070903239,-0.00049481137,1.0530209,0.018378499,-5.2298982e-05
0.94107008,-0.24565278,-0.026640812,-0.00020655253,-0.053395327,0.1915403,-0.0015118978,0.75189491,0.071673428,-0.00050814082,1.0514741,0.018544055,-5.4219083e-05
0.94417262,-0.2432995,-0.026838042,-0.0001973497,-0.06233708,0.19178053,-0.0015417047,0.7476302,0.072453373,-0.00052184626,1.0499196,0.018704467,-5.6310505e-05
0.94727537,-0.24094388,-0.027030265,-0.00018788878,-0.0715257,0.19208245,-0.0015776178,0.74334393,0.073242316,-0.00053642331,1.0483578,0.018859788,-5.8654123e-05
0.95037835,-0.23858187,-0.027214532,-0.00017604372,-0.081387202,0.19262304,-0.0016030147,0.73905199,0.074037752,-0.00055533649,1.046789,0.019010055,-6.1477445e-05
0.95348155,-0.23625854,-0.027393452,-0.00016468831,-0.090511115,0.19295506,-0.001605123,0.73468194,0.07485546,-0.00057413308,1.0452033,0.019157711,-6.3794886e-05
0.95658496,-0.23397789,-0.027568082,-0.00015507862,-0.098695023,0.19292008,-0.0016231674,0.73022968,0.07569632,-0.00058984205,1.0436038,0.0193037,-6.574781e-05
0.95968859,-0.2317186,-0.027731062,-0.0001449212,-0.10675606,0.1928116,-0.0016457902,0.72573757,0.076551871,-0.00060595036,1.0419956,0.019446961,-6.7816705e-05
0.96279244,-0.22948104,-0.027879479,-0.00013440817,-0.11472858,0.19264503,-0.0016697665,0.72120755,0.077421597,-0.00062252144,1.0403789,0.01958752,-7.0056463e-05
0.9658965,-0.22726599,-0.028012059,-0.00012358885,-0.12262211,0.19242492,-0.0016946007,0.71664075,0.078305312,-0.00063954993,1.0387535,0.019726237,-7.2102546e-05
0.96900078,-0.22507421,-0.028125751,-0.00011292952,-0.13043842,0.19215491,-0.0017201559,0.71203917,0.079203059,-0.00065704993,1.0371193,0.019865776,-7.4267613e-05
0.97210528,-0.22291227,-0.028219332,-0.00010224884,-0.13816011,0.19182249,-0.0017468019,0.70740413,0.080113972,-0.00067500098,1.0354763,0.020005059,-7.6635275e-05
0.97520999,-0.22078126,-0.028293258,-9.1645434e-05,-0.1457684,0.19140648,-0.0017735094,0.70273609,0.081036357,-0.00069339873,1.033825,0.020143955,-7.9169153e-05
0.97831492,-0.21868184,-0.028346917,-8.0743587e-05,-0.15326351,0.19091239,-0.0018008456,0.69803424,0.081969938,-0.00071221923,1.0321653,0.020283048,-8.1683312e-05
0.98142007,-0.21660408,-0.028376667,-7.0080915e-05,-0.16065728,0.19034833,-0.0018294964,0.69329803,0.082914226,-0.00073139638,1.030495,0.020423941,-8.4308165e-05
0.98452544,-0.21454246,-0.028376391,-5.8361395e-05,-0.16797146,0.18973507,-0.0018568377,0.6885278,0.083870135,-0.00075089918,1.0288157,0.020566627,-8.7118419e-05
0.98763102,-0.21250736,-0.02835306,-4.6797733e-05,-0.1751886,0.1890638,-0.001883401,0.68372426,0.084837331,-0.00077072947,1.0271282,0.020711248,-9.0032886e-05
0.99073681,-0.21049739,-0.02830809,-3.452394e-05,-0.18229326,0.18832782,-0.0019099513,0.67888656,0.0858143,-0.00079098111,1.0254329,0.020858116,-9.3055042e-05
0.99384283,-0.2085119,-0.02824261,-2.2735586e-05,-0.18928452,0.18752972,-0.0019368039,0.67401476,0.086800922,-0.00081166636,1.023729,0.021008155,-9.6227652e-05
0.99694905,-0.20654457,-0.028155665,-1.0331397e-05,-0.19616271,0.18667342,-0.0019647577,0.6691093,0.087797837,-0.00083256061,1.0220171,0.021161699,-9.9596929e-05
1.0000555,-0.20459363,-0.028047238,3.1395995e-06,-0.20295537,0.18577846,-0.0019924568,0.66417095,0.088805339,-0.00085371216,1.0202976,0.021318828,-0.00010314232
1.0031622,-0.20267834,-0.027926661,1.6385906e-05,-0.20962724,0.18483513,-0.0020203703,0.65920266,0.089823361,-0.00087540043,1.0185713,0.0214798,-0.00010690419
1.006269,-0.20078621,-0.027792927,2.8616969e-05,-0.2161652,0.18385054,-0.0020512008,0.65420112,0.090849788,-0.00089779111,1.0168381,0.021645223,-0.00011093161
1.0093761,-0.19890377,-0.027646213,4.169059e-05,-0.22253909,0.18285522,-0.0020879697,0.64917591,0.091881585,-0.00092203454,1.0150989,0.021815275,-0.00011542782
1.0124835,-0.19703278,-0.027491255,5.6268315e-05,-0.22859892,0.18187839,-0.0020978505,0.64413974,0.092921322,-0.00095348101,1.0133521,0.021990797,-0.00012046942
1.015591,-0.19520128,-0.027334334,7.0064056e-05,-0.23479552,0.18070452,-0.0020969665,0.63899144,0.093992581,-0.00098314528,1.0115861,0.022173392,-0.00012500545
1.0186987,-0.19339988,-0.027175626,8.358772e-05,-0.24122359,0.17940062,-0.0021261821,0.6337578,0.095084568,-0.001009395,1.0098071,0.02236297,-0.0001294134
1.0218067,-0.1916203,-0.027015446,9.7724866e-05,-0.24760228,0.17802987,-0.0021557852,0.62848559,0.096186062,-0.0010358403,1.0080192,0.022559363,-0.00013397982
1.0249149,-0.18986243,-0.02685495,0.000112269,-0.2539302,0.17659586,-0.0021856565,0.62317779,0.097295659,-0.001063124,1.0062226,0.022762885,-0.00013872314
1.0280233,-0.18812552,-0.026696142,0.00012692649,-0.26020883,0.17509787,-0.0022157972,0.6178354,0.09841475,-0.001090789,1.0044176,0.022973781,-0.00014371757
1.0311319,-0.18640945,-0.02654548,0.0001425431,-0.26643941,0.17353588,-0.0022462086,0.61245695,0.099542266,-0.0011189442,1.0026039,0.023192697,-0.0001488963
1.0342407,-0.18471457,-0.026398199,0.00015919839,-0.27262028,0.17190928,-0.0022758119,0.60704163,0.10067714,-0.0011477514,1.0007818,0.023420008,-0.00015429432
1.0373498,-0.18304027,-0.026254193,0.00017587216,-0.27873596,0.17021489,-0.002302302,0.60159262,0.10181487,-0.0011771242,0.99895143,0.023655491,-0.00015996743
1.0404591,-0.18138661,-0.026114633,0.00019202456,-0.28477383,0.16845673,-0.0023288517,0.59610649,0.10295579,-0.0012070939,0.99711271,0.023899587,-0.00016582443
1.0435686,-0.17975471,-0.02598,0.00020841891,-0.2907243,0.16663728,-0.0023561434,0.59057987,0.10410169,-0.0012376743,0.99526564,0.024152781,-0.0001719182
1.0466783,-0.17814283,-0.025847622,0.00022481406,-0.29658456,0.16476763,-0.0023875183,0.58501269,0.10525374,-0.0012688429,0.99341065,0.02441517,-0.00017826108
1.0497882,-0.17654354,-0.025716169,0.00024147509,-0.30241887,0.16287716,-0.0024181013,0.57940374,0.10641215,-0.001300508,0.99154796,0.024686682,-0.00018483589
1.0528983,-0.17495703,-0.025593156,0.00025985614,-0.30819803,0.16094737,-0.0024454589,0.57375604,0.10757421,-0.0013327261,0.98967742,0.024966545,-0.00019170228
1.0560087,-0.17338371,-0.025468936,0.00027876361,-0.31387856,0.15896366,-0.0024713571,0.5680699,0.10873956,-0.0013652262,0.98779925,0.025254948,-0.00019875845
1.0591193,-0.17182164,-0.025343006,0.00029770414,-0.31944528,0.15692049,-0.0024977861,0.56234572,0.10990855,-0.001398242,0.98591367,0.025552432,-0.00020611365
1.0622301,-0.17027692,-0.025220196,0.00031782811,-0.3248838,0.15481688,-0.0025247844,0.55658499,0.11108034,-0.0014319239,0.98402109,0.02585923,-0.00021381953
1.0653412,-0.16874723,-0.025091944,0.0003379114,-0.33023147,0.15268254,-0.0025564366,0.55078891,0.11225561,-0.0014663659,0.98212133,0.026175463,-0.00022188938
1.0684524,-0.16722626,-0.024966315,0.00035837244,-0.33548635,0.15051159,-0.0025864184,0.54496271,0.11343092,-0.0015016724,0.98021458,0.026500139,-0.00023049229
1.0715639,-0.1657123,-0.024838933,0.00037959745,-0.34058703,0.14835504,-0.0026164897,0.53912385,0.11460119,-0.0015383064,0.97830174,0.026833835,-0.00023961986
1.0746756,-0.16420271,-0.024710141,0.00040249552,-0.34544349,0.14622751,-0.0026359309,0.5333066,0.11575833,-0.0015838586,0.97638279,0.027177148,-0.0002495578
1.0777876,-0.16271445,-0.024581934,0.00042566174,-0.35018596,0.14404217,-0.002641856,0.5274086,0.11694271,-0.0016345101,0.9744457,0.027532277,-0.00025928168
1.0808997,-0.16124751,-0.024453879,0.00044846499,-0.35495789,0.14180962,-0.0026638546,0.5213755,0.11814465,-0.0016759444,0.97248996,0.027897622,-0.00026877445
1.0840121,-0.15979148,-0.024324214,0.00047162373,-0.35960226,0.13958883,-0.0026874956,0.51529866,0.11934564,-0.0017171398,0.97052311,0.028272318,-0.00027853201
1.0871247,-0.1583453,-0.024191199,0.00049379156,-0.36410439,0.13738778,-0.0027109516,0.50918124,0.12054375,-0.0017589616,0.96854655,0.028656989,-0.00028861644
1.0902376,-0.15690774,-0.024055281,0.00051630681,-0.36845392,0.13520827,-0.0027342814,0.50302166,0.1217373,-0.001801576,0.96656092,0.029051848,-0.00029903172
1.0933506,-0.15547741,-0.023918562,0.00053947851,-0.37265027,0.13305533,-0.0027574606,0.49681758,0.12292553,-0.0018449553,0.96456622,0.029457039,-0.00031000944
1.0964639,-0.15405508,-0.023782077,0.00056385474,-0.37669224,0.13093372,-0.002780367,0.49056827,0.12410789,-0.0018890041,0.96255815,0.029870113,-0.00032152538
1.0995774,-0.15264338,-0.023646113,0.00058853597,-0.38058058,0.12884911,-0.0028020085,0.48426996,0.12528432,-0.0019338274,0.96053886,0.030291494,-0.00033315228
1.1026912,-0.15124443,-0.02350941,0.00061369412,-0.38432385,0.12680442,-0.0028217419,0.47792152,0.12645804,-0.0019798507,0.95850932,0.030722016,-0.00034506041
1.1058052,-0.14985471,-0.02337269,0.00064012837,-0.38793653,0.12479717,-0.0028411877,0.47152597,0.1276311,-0.0020266074,0.95646957,0.031161832,-0.00035678863
1.1089194,-0.1484747,-0.023238577,0.00066761871,-0.39141951,0.1228269,-0.0028609406,0.46508635,0.1288036,-0.0020741313,0.95441963,0.031607958,-0.00037032859
1.1120338,-0.14710476,-0.023107826,0.00069629554,-0.39477429,0.12089642,-0.0028830295,0.45860257,0.12997525,-0.002122286,0.95235918,0.032058921,-0.00038378582
1.1151485,-0.14574382,-0.022974559,0.00072484971,-0.39806219,0.11904184,-0.0029155517,0.45207386,0.13114559,-0.00217107,0.95028746,0.032517228,-0.00039746129
1.1182634,-0.14438988,-0.022839849,0.00075372151,-0.40133809,0.11727831,-0.0029459153,0.44550272,0.13231453,-0.002220582,0.94820368,0.032983342,-0.00041160744
1.1213785,-0.14304143,-0.022708243,0.0007831329,-0.40454821,0.11558625,-0.0029663696,0.43888856,0.13347903,-0.0022705746,0.94610758,0.033456504,-0.00042639731
1.1244939,-0.1417029,-0.022580448,0.00081343953,-0.40763868,0.11392606,-0.0029799215,0.43223592,0.1346372,-0.0023212147,0.94400263,0.03393438,-0.00044173066
1.1276095,-0.14037738,-0.022458395,0.00084372305,-0.41057855,0.11227872,-0.0029957936,0.42554995,0.13578676,-0.0023728198,0.94188624,0.03441798,-0.00045758814
1.1307253,-0.13906306,-0.022334395,0.00087338402,-0.4133779,0.1106528,-0.0030220804,0.41884849,0.13692266,-0.0024242755,0.93975781,0.034907406,-0.00047413688
1.1338414,-0.13775332,-0.022209634,0.00090332897,-0.41622504,0.10912306,-0.0030536754,0.41214065,0.13804062,-0.0024759948,0.93761688,0.035402838,-0.00049148307
1.1369578,-0.13644145,-0.022090265,0.0009343291,-0.4189747,0.10762313,-0.0030715446,0.40545978,0.13912003,-0.002529876,0.93546582,0.035901341,-0.00050988132
1.1400743,-0.13513544,-0.021972842,0.00096618646,-0.42150222,0.10602115,-0.003068802,0.39890386,0.14016439,-0.0026088829,0.9333014,0.036404209,-0.00052940629
1.1431911,-0.13384554,-0.021857679,0.00099774619,-0.42396442,0.1042743,-0.0030677738,0.39216572,0.1412518,-0.0026853662,0.93110677,0.036913199,-0.00054838356
1.1463082,-0.13256499,-0.021744025,0.0010294281,-0.42633598,0.10241291,-0.0030754056,0.38523162,0.14234365,-0.0027456643,0.92889,0.037426318,-0.00056727008
1.1494255,-0.1312925,-0.021632704,0.0010617126,-0.42855258,0.10045598,-0.0030830063,0.37822428,0.14342033,-0.0028073971,0.92665718,0.037942192,-0.00058673471
1.152543,-0.13002772,-0.02152348,0.0010946139,-0.43061724,0.098416298,-0.0030902755,0.37116788,0.14448982,-0.0028707233,0.92440861,0.038459958,-0.00060678691
1.1556608,-0.12877167,-0.021415819,0.0011280255,-0.43252635,0.096307787,-0.0030970087,0.3640708,0.14555546,-0.0029358297,0.92214362,0.038979731,-0.00062743609
1.1587788,-0.1275231,-0.021310337,0.0011619159,-0.43427896,0.094147431,-0.0031023453,0.35692739,0.1466143,-0.0030024708,0.91986108,0.039500462,-0.00064859112
1.1618971,-0.12628262,-0.021207401,0.0011965746,-0.43588709,0.091942919,-0.0031062062,0.34973917,0.14767436,-0.003071375,0.91756027,0.040021386,-0.00067021489
1.1650156,-0.12505245,-0.021105778,0.0012317629,-0.43734536,0.089705749,-0.0031079213,0.34251065,0.14874348,-0.0031427042,0.91524174,0.040542347,-0.00069252228
1.1681344,-0.12383254,-0.021003874,0.001267133,-0.43866753,0.087436999,-0.0031073096,0.33524111,0.14981892,-0.0032140741,0.91290465,0.041063542,-0.00071544003
1.1712535,-0.12262366,-0.020902869,0.0013029224,-0.4398539,0.085140952,-0.0031058658,0.32792898,0.1509054,-0.0032863332,0.91054866,0.041584721,-0.00073888465
1.1743727,-0.12142628,-0.020802233,0.0013390942,-0.44090446,0.082818219,-0.003103931,0.3205766,0.15199591,-0.0033582867,0.90817307,0.042105816,-0.00076300741
1.1774923,-0.12024001,-0.02070268,0.0013760284,-0.44181463,0.080467707,-0.0031012875,0.31318694,0.15308643,-0.0034309438,0.90577794,0.042625614,-0.00078801832
1.1806121,-0.11906524,-0.020604664,0.0014132549,-0.44258629,0.078086879,-0.0031057741,0.30575575,0.15417746,-0.0035045243,0.90336251,0.043144067,-0.00081365229
1.1837322,-0.11790202,-0.020503667,0.0014508124,-0.44323662,0.075837978,-0.0031439239,0.29827715,0.15527325,-0.0035786901,0.90092549,0.043661438,-0.0008401206
1.1868525,-0.11675109,-0.020401127,0.0014884386,-0.44377573,0.073824655,-0.0031386195,0.29074914,0.15636974,-0.0036531234,0.89846675,0.044176443,-0.00086737846
1.1899731,-0.11561587,-0.020298937,0.0015262389,-0.44409233,0.071907191,-0.0031330639,0.28318901,0.15745097,-0.0037254774,0.89598617,0.044689252,-0.00089566509
1.1930939,-0.11449419,-0.020196922,0.0015637377,-0.4441213,0.070005573,-0.0031234226,0.27560358,0.15849202,-0.0037980331,0.89348284,0.045199378,-0.00092486662
1.196215,-0.11338233,-0.020092621,0.0016014768,-0.44387905,0.0681496,-0.0031252616,0.26800181,0.15949587,-0.0038706147,0.89095577,0.04570612,-0.00095523128
1.1993364,-0.11227651,-0.019984994,0.001639656,-0.44342978,0.066358863,-0.0031661356,0.26040121,0.16045583,-0.0039399626,0.88840517,0.046210347,-0.00098692312
1.2024581,-0.11117698,-0.019875999,0.0016788186,-0.44274102,0.065064414,-0.0031476127,0.25287757,0.16135232,-0.0040079589,0.8858326,0.046711871,-0.0010203981
1.20558,-0.11009186,-0.019766017,0.0017183051,-0.44183591,0.063763221,-0.0031064149,0.24542327,0.16215882,-0.0041427095,0.88322825,0.047210677,-0.0010553418
1.2087022,-0.10902689,-0.019655739,0.0017576097,-0.44081358,0.062428619,-0.0030696352,0.23759957,0.16308311,-0.0042537632,0.88057459,0.047709353,-0.0010895093
1.2118246,-0.10797956,-0.019544613,0.0017969965,-0.43964016,0.06107574,-0.0030339625,0.22970134,0.16408645,-0.0043467346,0.87788565,0.048205805,-0.0011242867
1.2149474,-0.10694621,-0.019433195,0.0018367424,-0.43831528,0.059703032,-0.0029970784,0.22177966,0.1651041,-0.004439412,0.87516517,0.048700205,-0.0011599458
1.2180704,-0.10592519,-0.019322123,0.0018761736,-0.43684345,0.058298963,-0.0029575474,0.21384391,0.16613164,-0.0045325581,0.87241263,0.049192339,-0.0011966865
1.2211937,-0.10491907,-0.019209726,0.0019156906,-0.43524326,0.05685264,-0.0029169174,0.2058992,0.16716714,-0.0046263254,0.8696258,0.049681299,-0.0012345125
1.2243172,-0.10392755,-0.019096792,0.0019554578,-0.43355282,0.055364394,-0.0028743501,0.1979504,0.16821229,-0.0047205023,0.86680619,0.050168093,-0.0012732811
1.2274411,-0.10295092,-0.018982188,0.0019953008,-0.43177999,0.053828366,-0.0028295522,0.1899995,0.16926636,-0.0048147517,0.863954,0.050653091,-0.001313445
1.2305652,-0.10198901,-0.018866954,0.002035198,-0.42993579,0.052236217,-0.0027832609,0.18204274,0.17032623,-0.0049087995,0.8610706,0.051137537,-0.0013550059
1.2336896,-0.1010419,-0.018749574,0.0020751766,-0.42802574,0.050587327,-0.002735039,0.17407594,0.17139155,-0.0050027501,0.85815459,0.051622177,-0.0013977224
1.2368143,-0.10010861,-0.01863103,0.0021152798,-0.42605762,0.048877827,-0.0026854585,0.16609467,0.17245742,-0.0050963768,0.85520231,0.052105124,-0.0014415107
1.2399393,-0.099189117,-0.018510514,0.0021554169,-0.42403576,0.047102083,-0.0026343911,0.15809725,0.17352167,-0.0051891603,0.85221074,0.052585823,-0.0014863228
1.2430646,-0.09828349,-0.01838877,0.0021957727,-0.42196643,0.045249613,-0.002581334,0.15008427,0.1745781,-0.0052821222,0.84918289,0.053066518,-0.0015335441
1.2461902,-0.097390638,-0.018265466,0.0022364325,-0.41985438,0.043297282,-0.0025277553,0.14205303,0.17562224,-0.0053745651,0.84612352,0.053551252,-0.0015823401
1.249316,-0.09651246,-0.018141334,0.0022772653,-0.41767861,0.041212428,-0.0024667281,0.13399912,0.17665252,-0.0054647477,0.84302542,0.054038223,-0.0016321888
1.2524422,-0.095651932,-0.018014244,0.002317676,-0.41539978,0.039172392,-0.0024063333,0.12591376,0.17766767,-0.0055526599,0.83988598,0.05452702,-0.0016834431
1.2555686,-0.094805041,-0.017884688,0.0023580218,-0.41298597,0.037232428,-0.002351713,0.11778347,0.17865962,-0.0056376541,0.83670599,0.055014893,-0.0017363314
1.2586954,-0.093972146,-0.017754276,0.0023984129,-0.41049985,0.035453077,-0.0022988085,0.10958207,0.17962313,-0.0057165772,0.8334827,0.055511617,-0.0017926768
1.2618224,-0.093152794,-0.017620658,0.0024385382,-0.40794907,0.03378689,-0.0022557343,0.10125188,0.18055227,-0.0057794858,0.83021568,0.056018388,-0.0018507163
1.2649498,-0.092343885,-0.017485177,0.0024791209,-0.40529665,0.032221802,-0.0021963824,0.092650884,0.18142289,-0.0058044255,0.82690647,0.056529682,-0.0019109348
1.2680774,-0.091547131,-0.017345875,0.002519929,-0.40257928,0.03072611,-0.0021444161,0.083590504,0.18216183,-0.00594973,0.82355222,0.057046453,-0.0019740177
1.2712054,-0.090766644,-0.017202583,0.0025605464,-0.3996596,0.029398837,-0.0020746284,0.07513683,0.18282531,-0.0061189785,0.82013122,0.057572011,-0.0020381616
1.2743336,-0.090003111,-0.01705754,0.0026005571,-0.39672551,0.028128398,-0.0020022498,0.067080472,0.18382205,-0.0062142647,0.81663693,0.058115661,-0.0021027756
1.2774622,-0.089255188,-0.016910146,0.0026402549,-0.39376644,0.026898789,-0.0019275596,0.059052847,0.1848898,-0.0063002887,0.8130848,0.058672383,-0.0021680068
1.2805911,-0.088521705,-0.016760353,0.0026797438,-0.39077126,0.025700143,-0.0018504136,0.050991426,0.18594891,-0.0063817547,0.80947823,0.059240441,-0.0022347209
1.2837203,-0.087802409,-0.016607971,0.0027190688,-0.387737,0.024525712,-0.0017704791,0.042913991,0.18700333,-0.0064617056,0.8058186,0.059821047,-0.0023031507
1.2868498,-0.087097273,-0.016453229,0.0027582808,-0.38466035,0.023367068,-0.0016877552,0.034830818,0.18804797,-0.0065412276,0.80210382,0.060417455,-0.0023740177
1.2899796,-0.086405344,-0.016295635,0.0027972071,-0.38153912,0.022217137,-0.001600178,0.026740211,0.18906585,-0.0066199064,0.79833071,0.061032707,-0.0024466031
1.2931097,-0.085725675,-0.016134647,0.0028359079,-0.37837989,0.021066641,-0.0015069316,0.01862826,0.19003965,-0.006695224,0.79450081,0.06166617,-0.0025206009
1.2962401,-0.085059005,-0.015970614,0.0028742833,-0.3751846,0.019907464,-0.0014083437,0.010497301,0.19096082,-0.006768056,0.79061406,0.062318134,-0.0025962226
1.2993709,-0.084405659,-0.015804136,0.0029125445,-0.37195619,0.018733168,-0.0013048265,0.0023444153,0.19182145,-0.0068415439,0.78667131,0.06298971,-0.0026738493
1.302502,-0.083765348,-0.015635015,0.0029507005,-0.36869968,0.017536606,-0.0011955601,-0.0058106143,0.19263518,-0.0069131437,0.78267098,0.063684424,-0.00275351
1.3056334,-0.083138984,-0.015463278,0.0029886209,-0.36541534,0.0163103,-0.0010802658,-0.013967263,0.19340566,-0.006983396,0.77861274,0.064402774,-0.0028348738
1.3087651,-0.082527512,-0.01528973,0.0030263383,-0.36211229,0.015012346,-0.00096207963,-0.022122063,0.19413222,-0.0070471106,0.77449738,0.065144827,-0.0029183062
1.3118972,-0.081928585,-0.015116302,0.0030638169,-0.35878239,0.013608675,-0.00082715186,-0.030286727,0.19479639,-0.0071088377,0.77032386,0.065911338,-0.0030035527
1.3150296,-0.081344092,-0.014941656,0.0031008518,-0.35550014,0.012139413,-0.00070144637,-0.038455576,0.19540678,-0.0071664279,0.76609173,0.06670449,-0.0030908114
1.3181623,-0.080773895,-0.014764867,0.0031371904,-0.3522123,0.010655124,-0.00058472407,-0.046647169,0.19600369,-0.0072261826,0.76180074,0.06752613,-0.0031801144
1.3212954,-0.080217295,-0.014585567,0.0031730114,-0.34890107,0.0091981037,-0.00047079216,-0.054893913,0.19660702,-0.0072865241,0.7574532,0.068378136,-0.0032717735
1.3244289,-0.079673904,-0.01440403,0.0032081283,-0.34554882,0.0077526619,-0.00036365296,-0.063246559,0.19722777,-0.0073522995,0.75305059,0.069260662,-0.0033654629
1.3275626,-0.07914315,-0.014221308,0.0032429312,-0.34213568,0.006327308,-0.000253352,-0.071777955,0.19787833,-0.0074401231,0.7485963,0.070173402,-0.0034621891
1.3306968,-0.078625282,-0.014035379,0.0032772852,-0.33869627,0.0049345396,-0.00013933005,-0.080734575,0.19864739,-0.007460818,0.74409251,0.071119152,-0.0035634216
1.3338312,-0.078122749,-0.013846384,0.0033109263,-0.33526409,0.0035716838,-2.8262057e-05,-0.089247009,0.19951218,-0.0073449629,0.73951023,0.072100237,-0.0036662205
1.3369661,-0.0776375,-0.013654923,0.0033436202,-0.33179146,0.0022651635,8.1548455e-05,-0.096869827,0.19999802,-0.0073359437,0.7348326,0.073124227,-0.0037665443
1.3401013,-0.077166995,-0.013462176,0.0033756443,-0.32831809,0.00098185453,0.00019283053,-0.10429329,0.20030927,-0.0073416205,0.73009042,0.07418648,-0.0038680647
1.3432368,-0.076710985,-0.013267151,0.0034070781,-0.32487236,-0.00027299796,0.0003045555,-0.11157551,0.20051083,-0.0073442345,0.72528878,0.07528521,-0.0039708819
1.3463727,-0.076269391,-0.013071274,0.003437742,-0.32144248,-0.0014994065,0.00041779464,-0.11870701,0.2005864,-0.0073406945,0.72042915,0.076418314,-0.0040752197
1.349509,-0.07584193,-0.012873917,0.0034676181,-0.31803512,-0.0026979747,0.00053517534,-0.12568752,0.20053854,-0.0073310013,0.71551262,0.077586925,-0.0041812964
1.3526456,-0.075426622,-0.012676507,0.0034967819,-0.3146475,-0.0038628726,0.00065125708,-0.13252103,0.20037244,-0.0073141111,0.7105406,0.078791697,-0.0042893744
1.3557826,-0.075023799,-0.012479657,0.0035254039,-0.31128125,-0.0049912911,0.000765118,-0.13920396,0.20009257,-0.0072893828,0.70551523,0.080034511,-0.0043993351
1.35892,-0.074635265,-0.012282249,0.0035531183,-0.30794021,-0.0060817119,0.00087645024,-0.14573494,0.19970074,-0.0072566678,0.70043707,0.081315622,-0.0045104398
1.3620577,-0.074261171,-0.012085242,0.0035796764,-0.30462798,-0.0071372533,0.00098485536,-0.15211437,0.19919517,-0.0072169206,0.69530448,0.082632056,-0.0046227791
1.3651958,-0.073902493,-0.011888423,0.0036054593,-0.3013423,-0.0081596361,0.0010911384,-0.15834164,0.19858138,-0.0071704175,0.69011763,0.083985687,-0.0047368874
1.3683342,-0.073559587,-0.0116932,0.003631156,-0.29808774,-0.009146552,0.0012005971,-0.16441346,0.1978676,-0.0071164791,0.68488027,0.085379617,-0.0048532227
1.3714731,-0.073232587,-0.011499391,0.0036552599,-0.29487309,-0.010115537,0.0013142075,-0.17032993,0.19705483,-0.0070544255,0.67959541,0.086814189,-0.0049707879
1.3746123,-0.07292207,-0.011306596,0.0036780194,-0.29172583,-0.011067696,0.0014251778,-0.17609942,0.19614103,-0.0069876553,0.67426105,0.088286594,-0.0050880896
1.3777518,-0.072627116,-0.01111477,0.0036994963,-0.28861271,-0.011992939,0.0015400839,-0.18173268,0.19512959,-0.0069147754,0.66887227,0.089793162,-0.0052071001
1.3808918,-0.072348311,-0.010924722,0.003720306,-0.28554624,-0.012885079,0.0016549806,-0.18723893,0.1940297,-0.0068386701,0.66342492,0.091332409,-0.0053283522
1.3840321,-0.072083345,-0.010734214,0.0037398922,-0.28247774,-0.013718695,0.001773987,-0.19264309,0.19285658,-0.0067574568,0.6579235,0.092910354,-0.0054513894
1.3871728,-0.07183248,-0.010543271,0.0037582721,-0.27942801,-0.01450464,0.001896657,-0.19793165,0.19160357,-0.0066716841,0.65237288,0.094527242,-0.0055765724
1.3903139,-0.071596954,-0.010352062,0.0037755809,-0.27640323,-0.015248568,0.0020233622,-0.20308078,0.19028019,-0.0065795114,0.64677639,0.0961781,-0.0057030015
1.3934554,-0.071376273,-0.010160723,0.0037916079,-0.27339987,-0.015950672,0.0021509524,-0.20803892,0.18890655,-0.0064586004,0.64112087,0.097853564,-0.0058340751
1.3965973,-0.071170479,-0.0099707964,0.0038063823,-0.27040598,-0.016599467,0.0022828961,-0.21268989,0.18737687,-0.0062633955,0.63538028,0.099562435,-0.0059702678
1.3997395,-0.070983457,-0.0097824496,0.0038195664,-0.26745358,-0.017173451,0.0024143831,-0.21750425,0.18562286,-0.0060724536,0.62952296,0.10131634,-0.006103042
1.4028822,-0.070815258,-0.0095954933,0.0038313327,-0.26454959,-0.017685353,0.002544166,-0.22248051,0.18375241,-0.0059227208,0.62358226,0.10310765,-0.0062353113
1.4060252,-0.070664112,-0.0094104311,0.003841773,-0.26168764,-0.01814062,0.0026729812,-0.22735921,0.18177754,-0.0057676538,0.61758716,0.10492316,-0.0063630343
1.4091686,-0.070530255,-0.0092274746,0.0038509206,-0.25886893,-0.018540802,0.0028016366,-0.23212719,0.17970216,-0.0056053977,0.61154375,0.1067485,-0.0064899492
1.4123124,-0.070413039,-0.0090463705,0.0038584863,-0.25609401,-0.018894263,0.0029297404,-0.23678029,0.17753165,-0.0054361477,0.60545556,0.10858479,-0.0066229061
1.4154566,-0.070313298,-0.0088672758,0.0038650179,-0.25336264,-0.019202857,0.0030570367,-0.24130995,0.17527475,-0.0052603757,0.59932412,0.11043998,-0.0067545236
1.4186012,-0.070231708,-0.0086895794,0.0038699479,-0.2506774,-0.019467027,0.0031834117,-0.24570937,0.17293988,-0.0050784481,0.593142,0.11231234,-0.0068845653
1.4217462,-0.070168512,-0.0085150305,0.0038734148,-0.24803732,-0.019693687,0.0033092773,-0.24997382,0.17052607,-0.0048901984,0.58692066,0.11418794,-0.0070117211
1.4248916,-0.070123639,-0.0083433499,0.0038750344,-0.24544444,-0.019885242,0.0034353881,-0.25409637,0.16803986,-0.0046950713,0.58066805,0.11606107,-0.0071388205
1.4280374,-0.070097323,-0.0081744772,0.0038750363,-0.2429137,-0.02004789,0.0035599197,-0.25805259,0.16551469,-0.004493887,0.5743711,0.11793636,-0.0072670415
1.4311835,-0.070087818,-0.0080080208,0.0038733991,-0.24043791,-0.020185057,0.0036822361,-0.26183972,0.16298361,-0.0042874595,0.56802011,0.11981258,-0.0073950638
1.4343301,-0.070096093,-0.0078444105,0.003870157,-0.23802251,-0.020308153,0.0038049093,-0.26544408,0.16044876,-0.0040737506,0.5616149,0.12168869,-0.0075236589
1.4374771,-0.070122295,-0.0076828174,0.0038652802,-0.23566477,-0.02040901,0.0039239798,-0.26886872,0.15792255,-0.0038547345,0.55516037,0.12355732,-0.0076517974
1.4406245,-0.070164026,-0.0075218132,0.0038587067,-0.23333946,-0.020480088,0.004042868,-0.27214368,0.15544813,-0.0036224635,0.54865125,0.1254135,-0.0077815303
1.4437723,-0.070222761,-0.0073625743,0.003850431,-0.2310656,-0.020521871,0.0041603866,-0.27525449,0.15300145,-0.0033748977,0.54208763,0.1272572,-0.007912607
1.4469206,-0.070297647,-0.0072059705,0.0038406492,-0.22883473,-0.020531582,0.0042773871,-0.27820998,0.15056508,-0.003116885,0.53547366,0.12908401,-0.0080437606
1.4500692,-0.07038861,-0.0070515203,0.0038293826,-0.22664976,-0.020514915,0.004393092,-0.28100618,0.14814076,-0.002847212,0.5288234,0.13088542,-0.0081735948
1.4532182,-0.070496836,-0.0068990849,0.0038163605,-0.22450683,-0.020466777,0.004507431,-0.2836527,0.14575876,-0.002563267,0.52214939,0.13264865,-0.0083031969
1.4563676,-0.070621739,-0.00674822,0.003801509,-0.22240878,-0.020384562,0.0046210521,-0.28616461,0.1434136,-0.002257631,0.51543832,0.13437749,-0.00843379
1.4595175,-0.070763955,-0.0066007376,0.0037850359,-0.22036744,-0.020286387,0.004732526,-0.28851147,0.14101799,-0.0019477496,0.50866601,0.13608754,-0.0085595254
1.4626677,-0.07092218,-0.0064557758,0.0037668807,-0.21838061,-0.020170833,0.0048418274,-0.29063126,0.13860145,-0.0016142382,0.50185384,0.13775606,-0.0086875081
1.4658184,-0.071098606,-0.0063130543,0.0037467105,-0.21645736,-0.020040186,0.004948363,-0.29267383,0.13616721,-0.001280434,0.49493933,0.1393725,-0.0088072649
1.4689695,-0.071291196,-0.006174629,0.0037246591,-0.21458857,-0.019901223,0.005052555,-0.29469259,0.13374928,-0.00096081547,0.48793233,0.14093486,-0.0089182245
1.4721209,-0.071501469,-0.0060389932,0.0037011318,-0.21277713,-0.019749226,0.0051538567,-0.29658145,0.13136938,-0.00064780059,0.48087211,0.14244418,-0.0090269181
1.4752728,-0.071728674,-0.0059050177,0.0036757681,-0.21101579,-0.019594815,0.0052527917,-0.29833955,0.12903494,-0.00033862959,0.4737546,0.14389163,-0.0091366173
1.4784251,-0.071973747,-0.0057740505,0.0036485629,-0.20930599,-0.019433849,0.0053488696,-0.29995894,0.12671804,-3.0750356e-05,0.46657677,0.14529791,-0.009240728
1.4815778,-0.072235002,-0.0056462906,0.0036197965,-0.20766177,-0.019276706,0.005441298,-0.30138437,0.12441648,0.00027180357,0.45934032,0.1466428,-0.0093344911
1.484731,-0.072511682,-0.0055204997,0.0035892763,-0.20607479,-0.01911391,0.0055299598,-0.30265251,0.12215424,0.00057335589,0.4520507,0.14790113,-0.0094253262
1.4878845,-0.072802754,-0.0053974495,0.0035567511,-0.20454704,-0.018948314,0.005616922,-0.30375999,0.11993354,0.00087564296,0.44470597,0.14907829,-0.0095120817
1.4910385,-0.073109876,-0.0052781618,0.0035232547,-0.2030811,-0.018773951,0.0057003749,-0.30475334,0.11777135,0.0011791531,0.4373013,0.15017723,-0.0095940713
1.4941928,-0.073431638,-0.0051615317,0.0034878683,-0.20168251,-0.018593005,0.0057792999,-0.30562104,0.11566225,0.0014866346,0.42984399,0.1511991,-0.0096721127
1.4973476,-0.073767196,-0.0050478044,0.0034508953,-0.20034019,-0.01840004,0.0058553048,-0.30646402,0.11366568,0.0017976381,0.4223318,0.1521416,-0.0097459881
1.5005028,-0.074117817,-0.0049358772,0.003412364,-0.19906219,-0.018197464,0.0059278048,-0.30724127,0.11176097,0.002109717,0.41475923,0.15300599,-0.0098142805
1.5036585,-0.074483174,-0.0048282633,0.0033725801,-0.19784771,-0.017990591,0.0059972407,-0.30792161,0.10992391,0.0024237455,0.40712754,0.15379398,-0.0098761803
1.5068145,-0.074860538,-0.0047221681,0.003330571,-0.1966892,-0.017778746,0.0060625515,-0.30849047,0.10815336,0.0027359493,0.399436,0.15450011,-0.0099326883
1.509971,-0.075252546,-0.0046181971,0.0032870128,-0.19558625,-0.017561355,0.0061247962,-0.30894156,0.10645685,0.0030452293,0.39169716,0.1551187,-0.0099825122
1.5131279,-0.07565653,-0.0045151357,0.0032419106,-0.19453349,-0.017335619,0.0061831149,-0.30940177,0.10489555,0.0033647627,0.38392051,0.15564701,-0.010026918
1.5162852,-0.07607186,-0.0044147583,0.0031950363,-0.19353575,-0.017107578,0.0062349502,-0.30974601,0.10341452,0.0036822303,0.37610583,0.15607454,-0.010065894
1.5194429,-0.076499558,-0.0043167472,0.0031464215,-0.1925868,-0.016873436,0.0062830775,-0.30996993,0.10199147,0.0040036763,0.3682595,0.15640769,-0.010102821
1.5226011,-0.076940067,-0.0042220406,0.0030969255,-0.19172233,-0.016632432,0.0063261474,-0.3100792,0.10057913,0.0043238641,0.36038251,0.15669523,-0.01012667
1.5257597,-0.077392937,-0.0041301026,0.0030457748,-0.19092119,-0.016391427,0.0063650286,-0.3100705,0.099180096,0.0046482283,0.35253136,0.15694001,-0.010146706
1.5289187,-0.077858173,-0.0040422995,0.0029924168,-0.19018514,-0.016151304,0.006400381,-0.30995902,0.097816142,0.0049681017,0.34457657,0.15711026,-0.010153501
1.5320782,-0.078335333,-0.0039594867,0.0029393954,-0.1895047,-0.015921008,0.0064312482,-0.30978705,0.096526725,0.005286628,0.33644417,0.15719463,-0.01013646
1.5352381,-0.078820533,-0.0038790554,0.0028838491,-0.18888663,-0.015697845,0.0064571139,-0.30950069,0.095305524,0.0055984982,0.32822941,0.15718541,-0.010105175
1.5383984,-0.079315256,-0.0037955799,0.0028272538,-0.18832908,-0.015481351,0.0064795351,-0.30908033,0.094168545,0.0059092593,0.31994337,0.15707582,-0.01006094
1.5415591,-0.079819313,-0.0037124091,0.0027694066,-0.18783315,-0.0152698,0.0064965827,-0.30860372,0.093080662,0.0062208638,0.31162225,0.15688506,-0.01000251
1.5447203,-0.080330942,-0.0036315579,0.0027103661,-0.18739565,-0.015066518,0.0065080279,-0.30806049,0.092036289,0.0065357969,0.30328867,0.15662004,-0.0099297242
1.5478819,-0.08085055,-0.003553988,0.0026516766,-0.18701916,-0.014869535,0.0065141991,-0.30744522,0.091029344,0.0068484885,0.29493755,0.15627973,-0.0098425289
1.551044,-0.081380306,-0.00347522,0.002590034,-0.18670104,-0.014684291,0.0065159444,-0.3067738,0.090072443,0.0071604175,0.28656187,0.15585815,-0.009740723
1.5542065,-0.081916892,-0.0033979969,0.0025273004,-0.18644239,-0.014508562,0.0065119201,-0.30604689,0.089158737,0.007470139,0.27817506,0.15536702,-0.0096152167
1.5573695,-0.082459342,-0.0033204553,0.0024634399,-0.18623978,-0.014340134,0.0065030036,-0.30526593,0.088295742,0.007781818,0.26977785,0.15483824,-0.0094693717
1.5605329,-0.083007472,-0.0032446719,0.0023990454,-0.18609236,-0.014183569,0.0064884116,-0.30447231,0.087549722,0.0081247442,0.26136765,0.1542643,-0.0093065419
1.5636967,-0.083559333,-0.0031699571,0.0023340408,-0.18599361,-0.014034933,0.0064693212,-0.30366275,0.086868052,0.0084505098,0.2529517,0.1536085,-0.0091236908
1.566861,-0.084119156,-0.00309549,0.0022668702,-0.18594808,-0.013897511,0.0064449772,-0.30282148,0.086193818,0.0087690152,0.24454651,0.15285267,-0.0089165956
1.5700257,-0.084684974,-0.003020662,0.0021990846,-0.18595581,-0.013770364,0.0064153556,-0.30193394,0.085512432,0.0090868432,0.23613316,0.15201523,-0.0086868582
1.5731909,-0.085257358,-0.0029447952,0.002130387,-0.18601475,-0.013650027,0.0063813562,-0.30100618,0.084875171,0.009399579,0.22771219,0.15111439,-0.0084342565
1.5763566,-0.085836304,-0.0028691674,0.0020616835,-0.18612242,-0.013545737,0.0063433202,-0.3000594,0.084358705,0.0096782586,0.2193183,0.15013095,-0.0081657347
1.5795227,-0.086420632,-0.0027938197,0.0019918286,-0.18627788,-0.013456838,0.0063013122,-0.29909429,0.083914145,0.0099731682,0.21097613,0.149066,-0.0078737103
1.5826892,-0.08701208,-0.0027194949,0.0019210736,-0.18648518,-0.013380615,0.0062552975,-0.29811505,0.083591192,0.010258532,0.20272487,0.14793819,-0.0075761016
1.5858563,-0.08760801,-0.0026428142,0.0018493752,-0.18674183,-0.013315304,0.006203203,-0.29713585,0.083433349,0.010575096,0.19465138,0.14674319,-0.0073120796
1.5890237,-0.088210244,-0.0025669448,0.0017771713,-0.18705243,-0.013265473,0.0061470173,-0.29621704,0.083313304,0.0108782,0.18636664,0.1455959,-0.0069970843
1.5921916,-0.08881788,-0.0024903578,0.001704592,-0.18741195,-0.013229873,0.0060853497,-0.29533514,0.083223025,0.011150461,0.17791528,0.14448414,-0.0065942915
1.59536,-0.089430373,-0.0024128023,0.0016312169,-0.18781818,-0.013208192,0.0060197642,-0.29446502,0.083152201,0.011408231,0.16951399,0.14334899,-0.0061617582
1.5985288,-0.090047658,-0.0023342232,0.0015566675,-0.18826494,-0.013194964,0.0059492796,-0.2936099,0.083091205,0.01164941,0.16117451,0.14218424,-0.0056969879
1.6016981,-0.09066954,-0.002252559,0.0014817241,-0.18875434,-0.013189031,0.0058768263,-0.29280031,0.083047107,0.011873884,0.15289881,0.1410072,-0.0052041605
1.6048678,-0.091294711,-0.0021688004,0.0014068288,-0.18928142,-0.013192017,0.005800232,-0.29204435,0.082999792,0.012085504,0.14468654,0.13980974,-0.0046899927
1.6080378,-0.091924731,-0.002083212,0.0013320437,-0.18984608,-0.013203439,0.0057180048,-0.29134543,0.082953478,0.01228048,0.13656806,0.1386032,-0.0041540092
1.611208,-0.092560672,-0.0019964255,0.0012569014,-0.19045107,-0.013233462,0.005633813,-0.29068628,0.082893364,0.012465816,0.1284945,0.13741039,-0.0036002717
1.6143786,-0.093202045,-0.0019100487,0.0011806439,-0.19109358,-0.013275687,0.0055486251,-0.2900816,0.08278934,0.012633428,0.12049133,0.1362268,-0.0030129623
1.6175495,-0.093847528,-0.0018217933,0.0011039231,-0.19177638,-0.013327677,0.0054601796,-0.28958158,0.082658347,0.012770524,0.11256963,0.13507199,-0.0023961286
1.6207206,-0.094497018,-0.0017321491,0.0010267816,-0.19249547,-0.013389991,0.0053694892,-0.28914047,0.082582213,0.012909021,0.10472982,0.1339263,-0.0017592005
1.6238921,-0.095149737,-0.0016395901,0.00094891213,-0.1932549,-0.013459305,0.0052765756,-0.28874478,0.082554423,0.013046604,0.09696663,0.13278309,-0.0010591406
1.6270639,-0.095807379,-0.0015472765,0.00087124503,-0.19404904,-0.013517276,0.0051795692,-0.28839418,0.08253847,0.013181139,0.089280759,0.13166773,-0.00032384617
1.630236,-0.096469927,-0.0014537321,0.00079301541,-0.19486331,-0.013608102,0.0050833074,-0.28809256,0.08256242,0.013284388,0.081653112,0.13057354,0.0003751224
1.6334083,-0.09713659,-0.001357659,0.00071485078,-0.19570769,-0.013703881,0.0049854088,-0.28785454,0.082606169,0.013398597,0.074120941,0.12953265,0.0011304907
1.636581,-0.097808496,-0.0012604643,0.0006359766,-0.19658145,-0.013804926,0.0048869466,-0.28766629,0.082660221,0.013486023,0.066653571,0.12853327,0.0019274622
1.639754,-0.098483643,-0.0011622331,0.00055708568,-0.19748546,-0.013907855,0.0047786697,-0.28752114,0.082716248,0.013575088,0.059186271,0.12757842,0.0027726134
1.6429273,-0.099164607,-0.0010622189,0.00047775849,-0.19841716,-0.014017166,0.0046702015,-0.28741719,0.082750936,0.013646823,0.051708876,0.12664826,0.0033790429
1.6461009,-0.099850737,-0.00095962554,0.0003982582,-0.19938182,-0.014144665,0.0045653484,-0.28736511,0.082760122,0.013710507,0.044686949,0.12576812,0.0041804323
1.6492748,-0.10054093,-0.00085466699,0.00031815564,-0.20037586,-0.014277803,0.0044587742,-0.28736914,0.082758681,0.013761114,0.037954198,0.12494113,0.0050559058
1.6524489,-0.10123641,-0.00074931862,0.00023724805,-0.20139806,-0.014412643,0.0043517838,-0.28742136,0.082740074,0.013803071,0.031396102,0.12420824,0.0059442339
1.6556234,-0.10193796,-0.00064347397,0.00015638071,-0.20244689,-0.014547987,0.0042436741,-0.28751734,0.082756305,0.013854983,0.024937484,0.12368237,0.0068820783
1.6587982,-0.10264441,-0.00053708853,7.543054e-05,-0.20352584,-0.014685266,0.0041341296,-0.28765439,0.082701773,0.013877189,0.018514993,0.12320148,0.0078463079
1.6619733,-0.1033548,-0.00043022321,-3.9689553e-06,-0.20462635,-0.014817356,0.004017947,-0.2878298,0.08263733,0.013903963,0.01214448,0.12278541,0.0088189145
1.6651486,-0.1040705,-0.000322926,-8.3497078e-05,-0.20574683,-0.014962199,0.0039060254,-0.28802315,0.082529058,0.013914042,0.0058452543,0.12244299,0.0098031552
1.6683243,-0.10479097,-0.0002160865,-0.00016329994,-0.20687325,-0.015117972,0.0037946787,-0.28824228,0.082391516,0.013918026,-0.00041189097,0.12218078,0.010786676
1.6715003,-0.1055155,-0.00010756063,-0.00024317135,-0.20801561,-0.015271844,0.0036854328,-0.2884832,0.082218933,0.013911409,-0.0066485113,0.12201508,0.011748355
1.6746765,-0.10624753,2.4317127e-06,-0.00032394375,-0.20918638,-0.015424659,0.0035750346,-0.2887575,0.082001807,0.013901142,-0.012823609,0.12189558,0.012752123
1.6778531,-0.10698302,0.00011308154,-0.0004047495,-0.21036809,-0.015575548,0.0034652305,-0.2890519,0.081746042,0.013880066,-0.018968421,0.12174709,0.013771197
1.6810299,-0.1077234,0.00022322431,-0.00048528295,-0.21156545,-0.01572432,0.0033559019,-0.28937449,0.081460483,0.013851529,-0.025083948,0.12160015,0.014761016
1.6842071,-0.10846856,0.00033265675,-0.00056587753,-0.2127748,-0.015876711,0.0032497528,-0.28970218,0.081134444,0.013816364,-0.03124055,0.12146972,0.015654262
1.6873845,-0.10921878,0.00044314113,-0.00064698159,-0.21400178,-0.016023291,0.0031441985,-0.29002759,0.080780661,0.013776357,-0.037362412,0.12139115,0.016754527
1.6905622,-0.10997572,0.00055367013,-0.00072852827,-0.21524955,-0.016164088,0.0030389948,-0.2903518,0.080401605,0.01372947,-0.043592278,0.12134889,0.017909821
1.6937402,-0.11073899,0.00066345682,-0.00080974005,-0.21651268,-0.016297128,0.0029339006,-0.29068472,0.079970657,0.013676989,-0.049761076,0.12126508,0.019135639
1.6969185,-0.11150816,0.00077176734,-0.00089065588,-0.21779142,-0.016426038,0.0028308234,-0.29102351,0.079490027,0.013618846,-0.055473545,0.12115042,0.020171199
1.7000971,-0.11228267,0.00087881435,-0.00097170403,-0.21908769,-0.016550903,0.0027275907,-0.29135804,0.078962071,0.013556835,-0.061114419,0.12101784,0.021185763
1.703276,-0.11306223,0.00098562177,-0.0010526023,-0.22039682,-0.016669151,0.002627825,-0.29167031,0.07840787,0.013489384,-0.066671068,0.12069629,0.022151894
1.7064552,-0.11384752,0.0010927722,-0.0011337101,-0.22172522,-0.0167763,0.0025290914,-0.29196756,0.077815672,0.013422593,-0.072201671,0.12034828,0.023084619
1.7096347,-0.11463807,0.0011977916,-0.0012146088,-0.22307153,-0.016875692,0.0024319235,-0.2922534,0.07718311,0.013355366,-0.077692508,0.11993002,0.023981526
1.7128145,-0.11543365,0.0013010045,-0.0012957663,-0.22443652,-0.016965637,0.0023357623,-0.29252748,0.07650532,0.013287731,-0.083126099,0.11938701,0.024847194
1.7159945,-0.11623445,0.0014031276,-0.0013766701,-0.22582023,-0.017043289,0.0022414481,-0.2927905,0.075778741,0.013218681,-0.088558163,0.11878636,0.025666751
1.7191748,-0.11704006,0.0015031294,-0.0014578302,-0.22721893,-0.017113548,0.0021483018,-0.29303569,0.07501627,0.013144419,-0.094022611,0.11807628,0.026417082
1.7223555,-0.11785299,0.0015998758,-0.0015391336,-0.22864038,-0.017175641,0.0020568515,-0.29326954,0.074221377,0.013074026,-0.099566931,0.11722931,0.027163225
1.7255364,-0.11867116,0.0016949747,-0.0016206678,-0.23007933,-0.017224011,0.0019672004,-0.29349354,0.073405203,0.013002809,-0.10512116,0.11617835,0.027859265
1.7287176,-0.11949516,0.0017881371,-0.0017020703,-0.23153647,-0.017258838,0.0018794889,-0.29369178,0.07261581,0.012951044,-0.11067433,0.11515952,0.028530537
1.731899,-0.12032579,0.0018794595,-0.0017834778,-0.23301056,-0.017280867,0.001793541,-0.29387765,0.071823258,0.012900224,-0.11610791,0.11410497,0.029186447
1.7350808,-0.12116327,0.0019683856,-0.0018649448,-0.23450565,-0.017290305,0.001708845,-0.29406478,0.071054808,0.012858586,-0.12183731,0.11295698,0.029757149
1.7382628,-0.12200581,0.0020533804,-0.0019463888,-0.23602015,-0.017288503,0.0016257568,-0.29424399,0.070291518,0.012810382,-0.12764588,0.11156338,0.030182773
1.7414452,-0.12285372,0.0021357657,-0.0020278869,-0.23755607,-0.017272423,0.0015438762,-0.29439794,0.06950306,0.012768504,-0.13351745,0.10989819,0.030486236
1.7446278,-0.12370704,0.0022153565,-0.0021094336,-0.23911286,-0.01724155,0.0014625277,-0.2945204,0.068632947,0.012729094,-0.13941592,0.10806489,0.030726468
1.7478106,-0.12456592,0.0022927426,-0.0021911497,-0.24069073,-0.017194749,0.0013823726,-0.29465379,0.067736952,0.012687537,-0.14538686,0.10604536,0.03090858
1.7509938,-0.12543181,0.0023673201,-0.0022728249,-0.24229124,-0.017133866,0.0013037822,-0.29479027,0.066832071,0.012649312,-0.15142564,0.1038252,0.031029027
1.7541772,-0.12630275,0.0024386066,-0.0023544579,-0.24391146,-0.017057994,0.001226439,-0.29492103,0.06592247,0.01262148,-0.15753662,0.1014617,0.031057617
1.757361,-0.1271803,0.0025066628,-0.0024363419,-0.2455555,-0.016967904,0.0011497627,-0.29506488,0.065015532,0.012592604,-0.16370434,0.098907945,0.031003499
1.760545,-0.12806241,0.0025702304,-0.0025181659,-0.24721851,-0.016865141,0.0010747008,-0.2951994,0.064087831,0.0125632,-0.16984579,0.096114625,0.030863942
1.7637292,-0.12895122,0.0026304466,-0.0026000283,-0.24890247,-0.016746949,0.001001197,-0.29533147,0.063157575,0.01254121,-0.17589086,0.092909611,0.030577852
1.7669138,-0.12984627,0.0026855943,-0.0026818701,-0.25060803,-0.016617436,0.00092874918,-0.29546392,0.062209262,0.012515957,-0.18208206,0.089447497,0.030207509
1.7700986,-0.13074721,0.0027363257,-0.0027637573,-0.2523347,-0.016473146,0.00085832168,-0.29559158,0.061277057,0.012493005,-0.18848668,0.085825717,0.029808304
1.7732837,-0.13165318,0.0027838077,-0.0028457397,-0.25408227,-0.016313549,0.00078910077,-0.2956969,0.060362204,0.012479826,-0.19475706,0.081997753,0.029354438
1.776469,-0.13256476,0.0028282657,-0.0029277008,-0.25585074,-0.016139122,0.00072126633,-0.29582129,0.059488925,0.012464075,-0.20092454,0.07794904,0.028840064
1.7796547,-0.13348207,0.0028695546,-0.0030099612,-0.25763854,-0.01595064,0.00065538184,-0.2959424,0.058663953,0.012445625,-0.2070811,0.073683327,0.028241191
1.7828406,-0.13440536,0.0029053119,-0.0030923504,-0.25944796,-0.015751638,0.0005896882,-0.29606746,0.057876668,0.012429181,-0.21319513,0.069176412,0.027576628
1.7860267,-0.13533413,0.0029362123,-0.0031745232,-0.26127247,-0.015540374,0.00052595427,-0.29620252,0.057146392,0.012414454,-0.21926075,0.064424006,0.026834798
1.7892132,-0.13626827,0.0029625445,-0.0032569766,-0.26311512,-0.015319349,0.00046566829,-0.29635648,0.056467347,0.012403195,-0.22524959,0.059423351,0.026020854
1.7923999,-0.13720886,0.0029843478,-0.0033395846,-0.26498603,-0.015090777,0.000407973,-0.29652598,0.055826,0.012392707,-0.23116783,0.054186712,0.025155103
1.7955869,-0.13815512,0.0030019861,-0.003422171,-0.26687626,-0.014853251,0.00035232947,-0.29670257,0.055221767,0.012380859,-0.23710364,0.048727955,0.024212591
1.7987741,-0.13910764,0.0030154394,-0.0035046769,-0.26878482,-0.014606467,0.00029866149,-0.29689186,0.054668383,0.012370616,-0.24296888,0.043050353,0.023202475
1.8019616,-0.14006622,0.0030250676,-0.0035872965,-0.2707111,-0.014340385,0.00024488345,-0.29709537,0.0541652,0.012360173,-0.24871345,0.037197523,0.022122132
1.8051494,-0.14102983,0.0030300319,-0.003669931,-0.27265271,-0.014061811,0.00018926446,-0.29731611,0.053710246,0.012344209,-0.25435672,0.031146376,0.020975734
1.8083374,-0.14199992,0.0030313929,-0.003752863,-0.27461364,-0.01377742,0.00014638061,-0.2975438,0.053309601,0.012327429,-0.25986554,0.024830019,0.019783191
1.8115257,-0.14297532,0.0030275164,-0.0038357896,-0.27658992,-0.013498334,9.9129564e-05,-0.29778331,0.052925605,0.012303876,-0.26523243,0.018284495,0.018497144
1.8147143,-0.14395703,0.0030193809,-0.0039188395,-0.27858565,-0.013213117,5.3702917e-05,-0.29806035,0.05254934,0.012266702,-0.27042647,0.011558518,0.01711352
1.8179031,-0.14494504,0.0030068844,-0.0040018176,-0.2806031,-0.012921978,9.7836018e-06,-0.29835086,0.05220191,0.012219171,-0.27541471,0.0046571323,0.015726706
1.8210921,-0.14593957,0.0029900446,-0.0040850934,-0.28264847,-0.012623228,-3.3042574e-05,-0.29865188,0.051893929,0.012162665,-0.28024797,-0.0023915797,0.014334283
1.8242815,-0.14694052,0.0029696319,-0.0041681282,-0.28469288,-0.012328373,-7.2340081e-05,-0.29897274,0.051667591,0.012088556,-0.28481474,-0.0093281857,0.01282721
1.8274711,-0.14794708,0.0029447706,-0.0042514121,-0.2867379,-0.012040627,-0.00011001349,-0.29930307,0.051528227,0.012005004,-0.28900241,-0.016290718,0.011262138
1.8306609,-0.14895961,0.0029146808,-0.004334773,-0.28879989,-0.011754128,-0.00014521234,-0.29963121,0.05148328,0.011909363,-0.29289779,-0.023307325,0.0096065194
1.833851,-0.14998014,0.0028812967,-0.0044189395,-0.29088215,-0.011466209,-0.00017944903,-0.29998001,0.051522273,0.011801855,-0.29653727,-0.030240124,0.0078408071
1.8370413,-0.15100814,0.0028452172,-0.0045032196,-0.29296962,-0.011183567,-0.00021044296,-0.30034421,0.05164549,0.011680551,-0.29982625,-0.037056631,0.0060597553
1.8402319,-0.15204555,0.0028061948,-0.0045876077,-0.2950596,-0.010910487,-0.00023876251,-0.30077126,0.051873269,0.01155353,-0.30285011,-0.04407923,0.0043135713
1.8434228,-0.15308998,0.0027635164,-0.0046719321,-0.29715859,-0.010644601,-0.00026557464,-0.3012355,0.052196485,0.011419132,-0.30572911,-0.051084071,0.0025805673
1.8466139,-0.15414126,0.0027162589,-0.0047564789,-0.2992661,-0.010386837,-0.00029062349,-0.30175126,0.052619644,0.011277815,-0.30831067,-0.058097785,0.00092412207
1.8498052,-0.15520014,0.0026649981,-0.0048412569,-0.3013835,-0.010137317,-0.0003129131,-0.30229649,0.053149847,0.011150182,-0.3105198,-0.065207104,-0.00068533997
1.8529968,-0.15626553,0.0026096458,-0.0049262141,-0.30350538,-0.009896604,-0.00033462077,-0.30284416,0.053778684,0.011025915,-0.31244258,-0.072120933,-0.0022776369
1.8561887,-0.1573384,0.002550908,-0.0050114182,-0.30563293,-0.0096647023,-0.00035526588,-0.30339925,0.054516388,0.010910593,-0.31409831,-0.078931516,-0.0037643971
1.8593808,-0.15841882,0.0024883579,-0.0050970213,-0.30776409,-0.009445438,-0.000374389,-0.30395878,0.055367355,0.010802282,-0.31555695,-0.085601303,-0.0051170644
1.8625731,-0.15950751,0.0024231759,-0.0051835018,-0.30989904,-0.0092442735,-0.00039189665,-0.30451971,0.056319819,0.010703452,-0.3167968,-0.092144392,-0.0063085158
1.8657657,-0.16060372,0.0023564776,-0.0052700732,-0.31203425,-0.0090584694,-0.00040832953,-0.30510357,0.057385183,0.010616031,-0.31783227,-0.098566821,-0.0073291564
1.8689585,-0.16170699,0.0022878692,-0.0053568158,-0.31416745,-0.0088908872,-0.00042544547,-0.30571271,0.058567464,0.010542154,-0.31867313,-0.10484085,-0.0081739296
1.8721515,-0.16281817,0.0022160517,-0.0054439242,-0.31629936,-0.0087401109,-0.00044183177,-0.30635992,0.05986064,0.010480508,-0.31931123,-0.1109411,-0.0089004874
1.8753448,-0.16393864,0.002141471,-0.0055313589,-0.31843229,-0.0086102451,-0.00045830579,-0.30701767,0.061243339,0.010443017,-0.31974849,-0.11683502,-0.0094900557
1.8785384,-0.16506661,0.0020636669,-0.0056191863,-0.32056247,-0.0085021809,-0.00047540241,-0.30768899,0.062720489,0.010425345,-0.31998454,-0.12252107,-0.0099347061
1.8817321,-0.16620272,0.0019826111,-0.0057074696,-0.32269082,-0.0084173883,-0.00049377059,-0.30836821,0.064281903,0.010419588,-0.32004178,-0.1279882,-0.010234602
1.8849262,-0.16734696,0.0018995956,-0.0057962456,-0.3248137,-0.008352467,-0.00051234968,-0.30904415,0.06592544,0.010426927,-0.31992006,-0.1332164,-0.010387419
1.8881204,-0.1684991,0.0018140896,-0.005885402,-0.32693206,-0.0083111093,-0.00053240851,-0.30974803,0.067629651,0.010452961,-0.3196702,-0.13817817,-0.010392837
1.8913149,-0.16965903,0.0017268137,-0.0059750456,-0.32904547,-0.0082952014,-0.00055580475,-0.31043945,0.069399489,0.010494971,-0.31932555,-0.14286429,-0.010239904
1.8945096,-0.17082633,0.0016369824,-0.0060651736,-0.3311545,-0.008305953,-0.00058248615,-0.31112242,0.071208785,0.010527925,-0.3189053,-0.14726236,-0.0099191056
1.8977045,-0.17200176,0.0015444316,-0.0061556795,-0.33325222,-0.0083376687,-0.00061047196,-0.3118115,0.072985535,0.010607965,-0.31840605,-0.15138126,-0.0094274496
1.9008997,-0.17318444,0.0014498745,-0.0062465367,-0.33534071,-0.0083905447,-0.0006427193,-0.31249872,0.074814654,0.010694559,-0.31785017,-0.15519597,-0.008783951
1.9040951,-0.17437507,0.0013543507,-0.0063376673,-0.33740886,-0.0084570451,-0.00067583171,-0.31317241,0.076660353,0.010806956,-0.31723268,-0.15869935,-0.0079969673
1.9072907,-0.17557491,0.0012577666,-0.0064294727,-0.33946909,-0.0085405914,-0.0007127722,-0.31385487,0.078538358,0.010935635,-0.31658576,-0.16190303,-0.0070659993
1.9104866,-0.17678393,0.001160065,-0.0065217627,-0.34151783,-0.0086425703,-0.00075130087,-0.31452685,0.080409111,0.011065403,-0.31591666,-0.16475351,-0.0059993948
1.9136826,-0.17800228,0.0010597909,-0.0066148663,-0.34355635,-0.0087621873,-0.0007914224,-0.3152167,0.082267461,0.0112281,-0.31522798,-0.16725134,-0.0048016654
1.9168789,-0.17922941,0.00095862619,-0.0067086213,-0.34558322,-0.0088972038,-0.00083343328,-0.31589367,0.084094722,0.011406281,-0.31453564,-0.16937944,-0.0034774746
1.9200754,-0.1804657,0.00085655826,-0.0068031686,-0.3475945,-0.009050552,-0.00087788294,-0.31655075,0.085867322,0.011593611,-0.31383293,-0.17113374,-0.0020441564
1.9232722,-0.1817114,0.00075266806,-0.0068985183,-0.34959189,-0.0092141311,-0.00092196352,-0.31719457,0.087599954,0.011789391,-0.31313637,-0.1725143,-0.00050018804
1.9264691,-0.18296604,0.00064778995,-0.0069942154,-0.35157564,-0.0093805953,-0.00096730816,-0.31780525,0.089272886,0.012019222,-0.31245835,-0.17351076,0.0011522754
1.9296663,-0.18422997,0.00054069637,-0.0070903012,-0.35354155,-0.0095508982,-0.0010137926,-0.31843691,0.090889801,0.012274092,-0.31180888,-0.17414326,0.0029113498
1.9328637,-0.18550234,0.0004353566,-0.0071877556,-0.35549247,-0.0097262418,-0.0010635204,-0.31905425,0.092430665,0.012542339,-0.31116863,-0.1744218,0.0047894513
1.9360613,-0.18678373,0.00032972795,-0.0072858652,-0.35744082,-0.0099129847,-0.0011128202,-0.31963746,0.093892238,0.012822714,-0.31057068,-0.17433942,0.0067768494
1.9392591,-0.18807391,0.00022427812,-0.007384779,-0.35937719,-0.010108782,-0.0011598493,-0.32022723,0.095272178,0.013113048,-0.30998178,-0.17385264,0.0088457172
1.9424571,-0.18937338,0.0001174197,-0.0074846275,-0.36129834,-0.010305846,-0.0012034493,-0.32082128,0.096556951,0.013396149,-0.309394,-0.17306897,0.011004168
1.9456553,-0.19068116,9.9845127e-06,-0.007585405,-0.36320453,-0.010498986,-0.0012435868,-0.32140287,0.097699156,0.013684508,-0.30880663,-0.17194658,0.013223912
1.9488537,-0.19199768,-9.6780822e-05,-0.0076869675,-0.36509899,-0.010679875,-0.0012806113,-0.32198063,0.098689168,0.013957908,-0.3082203,-0.17048503,0.015508985
1.9520524,-0.19332289,-0.00020237252,-0.0077895863,-0.36698185,-0.010854105,-0.0013157617,-0.32258067,0.099562748,0.014212658,-0.3076514,-0.16866761,0.017837579
1.9552512,-0.19465712,-0.00030671904,-0.0078932653,-0.368848,-0.011014061,-0.0013484002,-0.32319407,0.10030219,0.014451546,-0.30712066,-0.166512,0.020204264
1.9584502,-0.19599896,-0.00041126105,-0.0079978833,-0.37070012,-0.011161619,-0.0013797019,-0.32382621,0.10089562,0.014672499,-0.3066157,-0.16404678,0.022609806
1.9616495,-0.19735085,-0.00051544183,-0.0081036892,-0.37253643,-0.011293878,-0.0014103782,-0.32445654,0.10131026,0.014879398,-0.30615883,-0.16129764,0.02502603
1.9648489,-0.19871085,-0.00061790852,-0.0082105458,-0.37435827,-0.011408383,-0.001438403,-0.32511064,0.10155579,0.015064454,-0.30576758,-0.1582817,0.027473429
1.9680485,-0.20008067,-0.00071926142,-0.0083187244,-0.37615852,-0.011504129,-0.0014665573,-0.32579902,0.10161931,0.015222757,-0.30542375,-0.15500886,0.029925409
1.9712484,-0.20145989,-0.00081970195,-0.0084281245,-0.37792738,-0.011585909,-0.001488443,-0.32652463,0.1014868,0.015356831,-0.30514777,-0.15147554,0.032375875
1.9744484,-0.2028495,-0.00091804218,-0.0085389781,-0.37970615,-0.011635356,-0.0015128966,-0.32729424,0.1011562,0.015453114,-0.3049688,-0.14769985,0.03482692
1.9776486,-0.20424797,-0.0010134632,-0.0086511883,-0.38146742,-0.011654715,-0.0015357609,-0.32811261,0.10063733,0.015516325,-0.30481543,-0.14371145,0.03728
1.980849,-0.20565473,-0.0011068749,-0.0087649039,-0.38320216,-0.011653629,-0.0015578926,-0.32899265,0.099920767,0.015550095,-0.30465355,-0.13953425,0.039722119
1.9840496,-0.20707149,-0.0011968542,-0.0088800754,-0.38491239,-0.011614572,-0.0015787738,-0.32994555,0.099015279,0.015529209,-0.30446053,-0.13512163,0.042138187
1.9872504,-0.20849763,-0.0012829325,-0.0089967095,-0.38661466,-0.011536195,-0.0016037192,-0.33098851,0.097899611,0.015439973,-0.30429745,-0.13053527,0.044514952
1.9904514,-0.20993418,-0.0013650376,-0.0091149316,-0.38831922,-0.011420074,-0.0016295256,-0.33210877,0.096576693,0.015277981,-0.30417523,-0.12578918,0.04685795
1.9936525,-0.21138165,-0.0014442162,-0.0092345061,-0.39001703,-0.011263678,-0.0016546988,-0.33331568,0.095049672,0.015034963,-0.30409999,-0.12093319,0.049167959
1.9968536,-0.21283895,-0.0015198253,-0.0093555306,-0.39169015,-0.011075374,-0.0016718749,-0.33462161,0.093307685,0.014709489,-0.30410576,-0.11601213,0.05146315
2.0000548,-0.21430684,-0.001592694,-0.0094778839,-0.39334626,-0.010850602,-0.0016865044,-0.33601672,0.091342034,0.014296353,-0.30414075,-0.11105209,0.053704665
2.0032561,-0.21578447,-0.0016612624,-0.0096018368,-0.39498899,-0.010585734,-0.0016993442,-0.33751839,0.08916313,0.013793107,-0.30397285,-0.10594834,0.055853362
2.0064575,-0.21727275,-0.0017254845,-0.0097272025,-0.39661178,-0.010276194,-0.0017099351,-0.33912444,0.08678236,0.013196046,-0.30382053,-0.100802,0.057942622
2.0096589,-0.21877156,-0.0017847977,-0.0098539105,-0.39823951,-0.0099278022,-0.0017161154,-0.34082456,0.084198016,0.012526549,-0.3036284,-0.095615894,0.059976336
2.0128604,-0.22028152,-0.0018405033,-0.0099819568,-0.3998716,-0.0095411389,-0.0017204876,-0.34262714,0.081407177,0.011787456,-0.30339186,-0.090415762,0.061935219
2.016062,-0.22180191,-0.0018924321,-0.010111328,-0.40151117,-0.0091112992,-0.0017238808,-0.34451645,0.078415073,0.010981062,-0.30318465,-0.085274018,0.063871006
2.0192636,-0.22333381,-0.0019411795,-0.010241903,-0.4031595,-0.0086467739,-0.001721341,-0.34649109,0.075230574,0.010103458,-0.30302648,-0.079995687,0.06574984
2.0224653,-0.22487488,-0.0019874791,-0.010373371,-0.40480291,-0.0081326322,-0.0017077548,-0.34856162,0.071838684,0.0091592959,-0.30287576,-0.074672525,0.067428268
2.025667,-0.22642505,-0.0020301201,-0.010505435,-0.40643892,-0.0075618277,-0.0016828519,-0.3507648,0.068235307,0.0081572913,-0.30275596,-0.069444096,0.069062962
2.0288688,-0.22798468,-0.0020695597,-0.010638315,-0.40807573,-0.0069407167,-0.0016487374,-0.35304469,0.06441836,0.0071254614,-0.30263275,-0.064268824,0.070655012
2.0320707,-0.22955427,-0.0021058566,-0.010771878,-0.40971072,-0.0062623588,-0.0016050042,-0.35541297,0.060467801,0.0060129021,-0.30238906,-0.059142883,0.072170288
2.0352727,-0.23113367,-0.0021407486,-0.010905813,-0.41134296,-0.0055270321,-0.0015499952,-0.35788876,0.05640142,0.00480531,-0.30210785,-0.054086944,0.073636264
2.0384747,-0.23272401,-0.002173302,-0.011039986,-0.41297495,-0.0047322204,-0.0014781504,-0.36041689,0.052143417,0.0035381785,-0.30189681,-0.049051099,0.074992783
2.0416768,-0.23432458,-0.0022038259,-0.011174068,-0.41459901,-0.003870628,-0.0013918649,-0.36301238,0.047707803,0.0022256603,-0.30171497,-0.044121477,0.076244639
2.044879,-0.23593458,-0.0022330356,-0.011307958,-0.41621617,-0.0029430214,-0.0012903985,-0.3656997,0.043041116,0.00088650102,-0.30161904,-0.039360031,0.077405542
2.0480812,-0.2375542,-0.0022610579,-0.011441187,-0.41782694,-0.0019487944,-0.0011737865,-0.36845243,0.038193724,-0.00050432786,-0.30143549,-0.034871216,0.07856328
2.0512835,-0.23918475,-0.0022880356,-0.011573668,-0.41943532,-0.00088587805,-0.0010387703,-0.37127476,0.033259098,-0.0019031423,-0.3013003,-0.030553363,0.079683938
2.0544858,-0.24082482,-0.0023158936,-0.011705016,-0.42103804,0.00025524524,-0.00088356256,-0.37417497,0.028217987,-0.003386129,-0.30128714,-0.026466488,0.080740865
2.0576883,-0.24247615,-0.0023438751,-0.011835598,-0.4226374,0.0014991325,-0.00071608075,-0.37703052,0.023032855,-0.004912452,-0.30140111,-0.022644155,0.081740124
2.0608908,-0.24414071,-0.0023704129,-0.011965094,-0.42422956,0.0028006191,-0.00051938862,-0.37993255,0.017794068,-0.0064366786,-0.30161435,-0.019196722,0.082708471
2.0640933,-0.24581679,-0.0023971051,-0.012093159,-0.42581375,0.0041973754,-0.00029876505,-0.3828019,0.012471684,-0.0079432755,-0.30199712,-0.016148164,0.083693015
2.0672959,-0.24750404,-0.0024242982,-0.012218935,-0.42739289,0.0056674877,-5.5781634e-05,-0.38547399,0.0068333809,-0.009453061,-0.30248052,-0.013351543,0.08450394
2.0704986,-0.24920211,-0.0024515317,-0.012342002,-0.42896695,0.0072144317,0.00020544714,-0.38795622,0.0011144244,-0.011040007,-0.30302538,-0.010731197,0.085156139
2.0737014,-0.25091052,-0.0024798652,-0.012462489,-0.4305346,0.0088291179,0.00048628176,-0.39049016,-0.004798248,-0.012616651,-0.30367446,-0.0083696036,0.085675577
2.0769042,-0.25262822,-0.0025114571,-0.012579206,-0.43209718,0.010549236,0.00079006212,-0.39299976,-0.010822369,-0.014186601,-0.30436955,-0.006381222,0.086119664
2.0801071,-0.25435663,-0.0025448275,-0.012694459,-0.43365529,0.012360512,0.0011119159,-0.39541469,-0.016878714,-0.015748349,-0.30510614,-0.0047582268,0.086457801
2.0833101,-0.25610163,-0.0025808831,-0.012806628,-0.43520257,0.014228696,0.0014499671,-0.3978099,-0.022922217,-0.017286988,-0.30597391,-0.0035031761,0.086726904
2.0865131,-0.25785544,-0.0026223734,-0.012915818,-0.43674297,0.016128401,0.0018073736,-0.40015477,-0.02890442,-0.01878102,-0.30690743,-0.0026287537,0.086918923
2.0897162,-0.25961899,-0.0026687721,-0.013021771,-0.43827015,0.018053691,0.0021838339,-0.40236018,-0.034785273,-0.020210235,-0.3080194,-0.0021451921,0.087055938
2.0929194,-0.26139298,-0.0027171451,-0.013122939,-0.43978391,0.01999331,0.0025755303,-0.40445125,-0.04049203,-0.021535679,-0.30926261,-0.0020617399,0.087134143
2.0961227,-0.26317692,-0.0027697715,-0.0132193,-0.44128182,0.021937585,0.0029784783,-0.40641413,-0.046031522,-0.022787359,-0.31064922,-0.0024627694,0.087122366
2.099326,-0.26496809,-0.0028281058,-0.013311347,-0.44277113,0.023880548,0.0033915724,-0.4082104,-0.051427066,-0.023936851,-0.31229143,-0.0033363722,0.086986868
2.1025294,-0.26676647,-0.0028938053,-0.013398316,-0.44425359,0.025813471,0.0038115585,-0.40985414,-0.05664987,-0.024978718,-0.31415567,-0.0047302118,0.086743922
2.1057328,-0.26857165,-0.0029709583,-0.013480412,-0.44571741,0.027736938,0.0042321385,-0.41136829,-0.061672722,-0.025919162,-0.31619928,-0.0066147865,0.086396585
2.1089364,-0.27038377,-0.0030574775,-0.013557175,-0.44717101,0.029624745,0.0046479529,-0.41276701,-0.066467382,-0.026751607,-0.31838555,-0.0089774573,0.085967305
2.11214,-0.27220192,-0.0031528051,-0.013628646,-0.44863232,0.031475527,0.0050497255,-0.4140334,-0.071023858,-0.027465013,-0.32075137,-0.011766696,0.085447946
2.1153437,-0.27402545,-0.0032599711,-0.013694837,-0.45005392,0.033325909,0.005458447,-0.41518785,-0.075378956,-0.028037413,-0.3234232,-0.015021857,0.084873357
2.1185474,-0.27585276,-0.003377432,-0.013755535,-0.4514556,0.035177428,0.0058720495,-0.41617707,-0.079490427,-0.02846984,-0.32642681,-0.018707071,0.084200147
2.1217512,-0.27768311,-0.0035053031,-0.013810963,-0.4528351,0.037006451,0.0062850671,-0.41699477,-0.083318521,-0.028750984,-0.32969466,-0.022725238,0.083404483
2.1249551,-0.27951558,-0.0036450255,-0.013860651,-0.45420567,0.038790323,0.0067119524,-0.41767312,-0.0868596,-0.028909474,-0.33312321,-0.027206787,0.082474796
2.1281591,-0.28134904,-0.0037955525,-0.01390482,-0.45555769,0.040683462,0.0071997038,-0.4182398,-0.090088129,-0.02893888,-0.33662303,-0.032326044,0.081433336
2.1313631,-0.28318342,-0.0039578645,-0.013943473,-0.45684894,0.042558755,0.007722797,-0.41874809,-0.092998655,-0.028825542,-0.34010682,-0.038076688,0.080275351
2.1345673,-0.28501658,-0.004132737,-0.013976806,-0.45809087,0.044408885,0.0082591756,-0.4191794,-0.095597116,-0.028580675,-0.34395504,-0.044646299,0.079068139
2.1377714,-0.28684833,-0.0043192905,-0.014004857,-0.45930366,0.046234756,0.0088138584,-0.4195197,-0.09786468,-0.028212744,-0.34788489,-0.051797984,0.077771784
2.1409757,-0.2886766,-0.0045175328,-0.014027649,-0.46047519,0.048066466,0.0093376896,-0.4197466,-0.0998243,-0.02771577,-0.35199098,-0.059606723,0.076373633
2.1441801,-0.29049918,-0.0047253258,-0.014045496,-0.46162268,0.049866608,0.0098507667,-0.41989198,-0.10144936,-0.027087079,-0.35613407,-0.068006332,0.074927166
2.1473845,-0.29231079,-0.0049431554,-0.014058379,-0.4627512,0.051652827,0.010347096,-0.41996089,-0.10272799,-0.02631388,-0.36015734,-0.077016046,0.073469221
2.150589,-0.2941095,-0.0051717863,-0.014066453,-0.46392403,0.053440894,0.010845753,-0.41995328,-0.10366795,-0.0253727,-0.36422395,-0.086534137,0.071940776
2.1537935,-0.29589503,-0.0054113199,-0.014070144,-0.46506969,0.05519011,0.011335685,-0.41990818,-0.10426265,-0.024319427,-0.36809935,-0.096393178,0.070310829
2.1569982,-0.29766797,-0.0056621869,-0.01406989,-0.46617077,0.056880379,0.011810278,-0.4198537,-0.10452043,-0.023141026,-0.3718306,-0.10706975,0.068995249
2.1602029,-0.29942826,-0.0059207582,-0.014065983,-0.46723995,0.058517986,0.012255428,-0.4198017,-0.10444181,-0.021801164,-0.3753876,-0.11837581,0.067428399
2.1634077,-0.30117403,-0.0061855663,-0.014057807,-0.46828038,0.060101467,0.012662876,-0.41976495,-0.10400369,-0.020282547,-0.37876118,-0.13013506,0.065853542
2.1666126,-0.30290554,-0.0064563898,-0.014045718,-0.4692825,0.061628063,0.013026389,-0.41973369,-0.1032423,-0.018519845,-0.38195164,-0.14209302,0.064274104
2.1698175,-0.3046241,-0.0067339301,-0.014029517,-0.47024905,0.06310111,0.01334229,-0.41964457,-0.10216941,-0.016496716,-0.38489261,-0.15423182,0.062684355
2.1730226,-0.30632725,-0.0070146548,-0.014010636,-0.47118508,0.064471016,0.013617018,-0.41941852,-0.10075045,-0.014233364,-0.38768118,-0.16740027,0.061284254
2.1762277,-0.3080151,-0.0072986715,-0.013989479,-0.47207509,0.06572471,0.013841229,-0.41916396,-0.098990666,-0.011750946,-0.39016929,-0.18133867,0.05997495
2.1794329,-0.30968581,-0.0075874528,-0.013965766,-0.47292905,0.066880902,0.013999668,-0.41886644,-0.096875402,-0.0090711095,-0.39219379,-0.19580596,0.058784762
2.1826382,-0.31133922,-0.0078816139,-0.013939186,-0.47373932,0.067926002,0.014089164,-0.41852435,-0.094419702,-0.0062110663,-0.39389458,-0.21062252,0.057734929
2.1858435,-0.31297422,-0.0081763369,-0.013909055,-0.47451146,0.068867592,0.014107835,-0.41819779,-0.091599967,-0.0031940106,-0.39518411,-0.22580561,0.056790207
2.1890489,-0.31459701,-0.0084671117,-0.013876385,-0.47525604,0.069698766,0.014048095,-0.41785843,-0.088476078,-5.85965e-05,-0.3960547,-0.2411483,0.055923543
2.1922545,-0.31621144,-0.0087507869,-0.013843526,-0.47599752,0.07040278,0.0138878,-0.41753824,-0.085082616,0.0032294376,-0.39656293,-0.25702561,0.055152835
2.19546,-0.31781341,-0.0090287538,-0.01380923,-0.4767299,0.070967324,0.013645943,-0.41729271,-0.081426562,0.0066542587,-0.39666706,-0.27374513,0.054493789
2.1986657,-0.31940552,-0.0092969507,-0.013774352,-0.47745705,0.071384162,0.013321351,-0.41722502,-0.077525127,0.010192523,-0.39624451,-0.29075109,0.054030869
2.2018715,-0.32098168,-0.0095555183,-0.013738509,-0.47818441,0.071673193,0.012921684,-0.41715408,-0.073295531,0.013840962,-0.3953372,-0.30817771,0.05377652
2.2050773,-0.32254063,-0.0098061114,-0.013701377,-0.47891996,0.071817616,0.012448192,-0.41709485,-0.068807867,0.017453957,-0.39354033,-0.32515311,0.053744566
2.2082832,-0.32408339,-0.010049002,-0.013663751,-0.47966461,0.071804361,0.011901731,-0.41717956,-0.06406501,0.021002005,-0.39098588,-0.3413726,0.053875372
2.2114892,-0.32561317,-0.01028082,-0.013626209,-0.48042804,0.071623406,0.011284835,-0.41727092,-0.059114512,0.024470333,-0.38788106,-0.35670807,0.054172861
2.2146952,-0.3271277,-0.010499464,-0.013588474,-0.48120861,0.071269765,0.010603778,-0.41747588,-0.053975857,0.027773335,-0.38427724,-0.37114656,0.054662125
2.2179014,-0.32862734,-0.010703094,-0.013550697,-0.48203032,0.070738929,0.0098631948,-0.41776012,-0.048575204,0.031260032,-0.37987054,-0.38440311,0.055367449
2.2211076,-0.33011155,-0.010888798,-0.013513122,-0.48288794,0.070026854,0.0090701146,-0.41815519,-0.042982885,0.034727423,-0.374893,-0.39622237,0.056278815
2.2243139,-0.33158044,-0.011054473,-0.013475664,-0.48379584,0.06915467,0.0082182541,-0.41863141,-0.036996931,0.037829612,-0.36951926,-0.40660028,0.057431094
2.2275203,-0.3330336,-0.011197189,-0.013438458,-0.48475578,0.068077854,0.0073197644,-0.41920365,-0.030873673,0.040763429,-0.36400268,-0.414841,0.058728593
2.2307268,-0.33446981,-0.011316359,-0.01340135,-0.48572951,0.066811613,0.0063842283,-0.41976829,-0.024599977,0.043564108,-0.35839341,-0.42146424,0.060140346
2.2339333,-0.3358885,-0.011410737,-0.013364295,-0.48671463,0.065328,0.0054274035,-0.42039471,-0.018245884,0.046255064,-0.35263122,-0.4269065,0.06167137
2.2371399,-0.3372886,-0.011483418,-0.013325936,-0.48772943,0.063677976,0.0044416364,-0.42107738,-0.011602412,0.048847265,-0.34669632,-0.43138121,0.06328087
2.2403466,-0.33867153,-0.011543053,-0.013286659,-0.48876254,0.06184785,0.0034387134,-0.42177482,-0.0048082803,0.051365226,-0.34081202,-0.43537483,0.064959283
2.2435534,-0.34003899,-0.0115861,-0.013246256,-0.4898146,0.059842265,0.0024085311,-0.42300565,0.0023166268,0.053493729,-0.33493083,-0.4386633,0.066699562
2.2467602,-0.34139011,-0.011607442,-0.013204586,-0.49088241,0.057632724,0.0013945726,-0.42434842,0.0093355162,0.055399159,-0.32928308,-0.4412933,0.068482909
2.2499672,-0.34272686,-0.011607904,-0.013161298,-0.49197174,0.055218424,0.00039659502,-0.42579319,0.016538804,0.057129304,-0.3238506,-0.44323658,0.070300912
2.2531742,-0.3440498,-0.011583576,-0.013115424,-0.49307467,0.052617814,-0.00060663647,-0.42735665,0.023939933,0.058838669,-0.31876926,-0.44436935,0.072133618
2.2563812,-0.34535752,-0.011535754,-0.013066563,-0.4941716,0.049811164,-0.0016179143,-0.42894279,0.031379217,0.060406661,-0.31415483,-0.44463051,0.073925764
2.2595884,-0.34665092,-0.011459997,-0.013014583,-0.49524544,0.04681201,-0.0026480042,-0.43045666,0.038921281,0.0618007,-0.31003089,-0.44367414,0.075660229
2.2627956,-0.3479302,-0.011354146,-0.012959385,-0.49629084,0.04361802,-0.0036581781,-0.43232256,0.046575405,0.063019146,-0.30631577,-0.44135433,0.077361537
2.266003,-0.34919382,-0.011220428,-0.012900071,-0.49725956,0.040231194,-0.0046206369,-0.43449496,0.054216255,0.064048201,-0.30323602,-0.43771537,0.079000855
2.2692104,-0.3504428,-0.011058463,-0.012837299,-0.49821484,0.03666451,-0.0055606255,-0.43683442,0.061695072,0.064887274,-0.30116491,-0.43281792,0.080520716
2.2724178,-0.35167932,-0.010868511,-0.012770445,-0.49911062,0.032925216,-0.0064673673,-0.43931036,0.068920437,0.065553078,-0.30000506,-0.426889,0.081958578
2.2756254,-0.35289986,-0.010644047,-0.012699433,-0.49994367,0.029056888,-0.00733442,-0.44148154,0.07608565,0.066141694,-0.29983421,-0.42001096,0.083147624
2.278833,-0.35410136,-0.010360462,-0.012624328,-0.50070677,0.025160696,-0.0081126131,-0.44368691,0.083067754,0.066570937,-0.30063885,-0.41223336,0.083998319
2.2820407,-0.35528351,-0.010018211,-0.012546507,-0.50137296,0.020990433,-0.0088740148,-0.4459811,0.089778813,0.066877958,-0.30247392,-0.40368253,0.084722505
2.2852485,-0.35644537,-0.0096132308,-0.012466312,-0.50189141,0.016727768,-0.0095880094,-0.44844176,0.096218759,0.067064254,-0.3052018,-0.39445309,0.085249948
2.2884563,-0.35758768,-0.0091412055,-0.012384926,-0.50226149,0.012367551,-0.010224987,-0.45113949,0.1022653,0.067117209,-0.30887367,-0.38465743,0.085569246
2.2916642,-0.35870833,-0.0085988871,-0.012302602,-0.50262166,0.0077958967,-0.010835802,-0.45394537,0.10791807,0.067050523,-0.31357243,-0.37434328,0.085788274
2.2948723,-0.35981119,-0.0079791901,-0.012219667,-0.50286197,0.0031362503,-0.011409118,-0.45685931,0.11314417,0.066888823,-0.31914486,-0.36362014,0.085836283
2.2980803,-0.36089826,-0.0072826716,-0.012136674,-0.50296024,-0.0015579798,-0.011902904,-0.4600057,0.11791676,0.066599914,-0.32565612,-0.35231159,0.085639949
2.3012885,-0.3619692,-0.0065064823,-0.012055273,-0.50297501,-0.0063178363,-0.012357431,-0.46332181,0.12230891,0.066186784,-0.33314484,-0.34039661,0.085170344
2.3044967,-0.36302201,-0.0056425903,-0.011976605,-0.50289914,-0.011106089,-0.012732367,-0.46683292,0.12640535,0.065654618,-0.34154105,-0.32800786,0.084458108
2.307705,-0.36405172,-0.004691512,-0.011901306,-0.50273132,-0.015894855,-0.013024504,-0.47061887,0.13018074,0.065006656,-0.35076018,-0.31498673,0.083506687
2.3109134,-0.36506275,-0.0036509544,-0.011829653,-0.50252631,-0.020594999,-0.013227915,-0.4745499,0.13367312,0.064269599,-0.3607259,-0.30109917,0.082391961
2.3141218,-0.36605977,-0.0025267164,-0.011760861,-0.50209118,-0.025271667,-0.013326038,-0.47875635,0.13677312,0.063401532,-0.37079344,-0.28661649,0.081012871
2.3173303,-0.36704547,-0.0013355213,-0.011694313,-0.50158186,-0.029906281,-0.013374242,-0.48311711,0.13938037,0.062400593,-0.38107639,-0.27155043,0.079425211
2.3205389,-0.36802381,-8.2275053e-05,-0.011630089,-0.5009654,-0.034498054,-0.013354627,-0.48763383,0.14140813,0.061278506,-0.39172863,-0.25586585,0.077600975
2.3237476,-0.36899385,0.001226173,-0.011566595,-0.50026477,-0.039054122,-0.013258054,-0.49232077,0.14274617,0.060041889,-0.4024773,-0.23949112,0.075682158
2.3269563,-0.36995642,0.002581339,-0.011504764,-0.49938231,-0.043555554,-0.013060724,-0.49725282,0.14335935,0.058675845,-0.41305342,-0.22242678,0.073671659
2.3301651,-0.37091639,0.0039786685,-0.011443425,-0.49840056,-0.047942267,-0.012763748,-0.50238381,0.14338671,0.057189455,-0.4236154,-0.20465278,0.071595763
2.333374,-0.37187589,0.0054235898,-0.011382627,-0.49733641,-0.052156286,-0.012363069,-0.50773824,0.14282657,0.055567002,-0.43388438,-0.18622767,0.069472843
2.3365829,-0.37283529,0.0069105934,-0.011322231,-0.49617631,-0.056201904,-0.011852089,-0.51336562,0.14166648,0.053805497,-0.44340619,-0.1672919,0.067242828
2.3397919,-0.37379849,0.0084460074,-0.01126319,-0.49492763,-0.060037185,-0.011235444,-0.51927053,0.13991356,0.051903411,-0.45275079,-0.14768722,0.064928574
2.343001,-0.37476372,0.010007441,-0.011206203,-0.49351788,-0.063751087,-0.010587613,-0.52553913,0.13745501,0.04985056,-0.46235641,-0.12753897,0.0627803
2.3462102,-0.3757386,0.011592071,-0.011152811,-0.49201651,-0.067304326,-0.0098772058,-0.53215196,0.13425648,0.047643094,-0.47131369,-0.10673365,0.060759639
2.3494194,-0.37672473,0.013191564,-0.011100022,-0.49043301,-0.070686444,-0.0090681896,-0.53901857,0.13029589,0.045321409,-0.47981626,-0.085278378,0.058961402
2.3526287,-0.37772881,0.014802435,-0.011051252,-0.48874839,-0.073883677,-0.0081425087,-0.5460613,0.12554864,0.042927826,-0.48838498,-0.06271072,0.057353457
2.355838,-0.37873827,0.016413457,-0.011005888,-0.48695638,-0.076911513,-0.0070925222,-0.55313285,0.1199415,0.040498276,-0.49638031,-0.03939659,0.055968877
2.3590475,-0.37970337,0.018007845,-0.010951009,-0.48507038,-0.079718141,-0.0058772513,-0.56006298,0.11347921,0.038033242,-0.50365843,-0.015457048,0.054956609
2.362257,-0.38065673,0.019585615,-0.01088771,-0.48309493,-0.082361105,-0.0044930435,-0.56680934,0.10592029,0.035481615,-0.51034045,0.0095484472,0.054127752
2.3654665,-0.38161654,0.021155457,-0.010823573,-0.48101147,-0.084822377,-0.0029454783,-0.57389615,0.097476204,0.032790631,-0.51645132,0.035142262,0.052873332
2.3686761,-0.38258339,0.022709357,-0.010750043,-0.47886736,-0.087067966,-0.0012547212,-0.5809259,0.088417914,0.030001229,-0.52208343,0.061043387,0.05119299
2.3718858,-0.38356462,0.024241469,-0.010687186,-0.47666288,-0.089072715,0.00056024533,-0.58736834,0.078141274,0.027238179,-0.52710674,0.086884842,0.049510987
2.3750956,-0.38454954,0.025754325,-0.010623758,-0.47439822,-0.090846196,0.002481792,-0.5931845,0.066921568,0.024466491,-0.53163143,0.11334574,0.048926552
2.3783054,-0.38554727,0.027248547,-0.010559436,-0.47210168,-0.092365722,0.0044957579,-0.59817968,0.054704888,0.021706183,-0.53569606,0.13981331,0.048653886
2.3815153,-0.38656917,0.028720149,-0.010492952,-0.46976284,-0.093605582,0.0065870689,-0.60256807,0.041538022,0.018892245,-0.5394151,0.16645938,0.048511873
2.3847253,-0.38757401,0.03017577,-0.010432533,-0.46737899,-0.094602433,0.008776616,-0.60729957,0.027089574,0.015981743,-0.54278519,0.19308245,0.048449933
2.3879353,-0.38858292,0.031608807,-0.010374039,-0.46498873,-0.09533684,0.011057373,-0.61258696,0.011439011,0.013066171,-0.54582059,0.21951863,0.048501941
2.3911454,-0.38960961,0.033013276,-0.01032096,-0.46263591,-0.095800327,0.013496371,-0.61745674,-0.0051901522,0.010162625,-0.54863283,0.24664147,0.048879755
2.3943555,-0.39065197,0.034389317,-0.01027371,-0.46030092,-0.095991783,0.015932865,-0.62167259,-0.022715087,0.0070861534,-0.55120208,0.27430248,0.049421434
2.3975657,-0.39169387,0.035737463,-0.010232384,-0.45801561,-0.09592052,0.01835117,-0.62518853,-0.041254494,0.0034800914,-0.55355334,0.30172539,0.049937857
2.400776,-0.3927339,0.037056671,-0.010196338,-0.45576803,-0.095575967,0.020745455,-0.62839534,-0.059640013,1.3829188e-05,-0.55611685,0.32929593,0.050311974
2.4039863,-0.39377855,0.038351818,-0.010170057,-0.45358438,-0.094956444,0.023085415,-0.63124189,-0.07792552,-0.0032785118,-0.55777853,0.35609323,0.050777282
2.4071967,-0.39482993,0.03960967,-0.010150465,-0.45149409,-0.094042835,0.025368752,-0.63340949,-0.095641596,-0.006657116,-0.55851289,0.38250723,0.051418608
2.4104072,-0.39588738,0.040828087,-0.010139144,-0.44950916,-0.09291161,0.027595829,-0.63476611,-0.1139598,-0.0092429001,-0.55928096,0.40852143,0.052171552
2.4136177,-0.39693876,0.041974428,-0.010142108,-0.44763452,-0.091512155,0.029762167,-0.63505561,-0.13293502,-0.011297562,-0.55984107,0.43417414,0.052954574
2.4168283,-0.39797413,0.04302216,-0.010170239,-0.44588361,-0.089849819,0.031847258,-0.63387008,-0.15177803,-0.013030164,-0.56046003,0.45970079,0.053798813
2.420039,-0.39900147,0.043966509,-0.010225458,-0.44422815,-0.087938171,0.033855524,-0.63105889,-0.17028449,-0.014424858,-0.56131448,0.48508583,0.054511506
2.4232497,-0.40001688,0.044832439,-0.010296738,-0.44272855,-0.085790404,0.035786881,-0.62653143,-0.18853257,-0.015426852,-0.56235006,0.5106884,0.054770873
2.4264604,-0.4010276,0.045622197,-0.010381454,-0.4413783,-0.08339699,0.037642406,-0.62038701,-0.20649188,-0.01608608,-0.56341277,0.53610234,0.054471564
2.429671,-0.40203049,0.046334877,-0.010479972,-0.44017095,-0.080761652,0.039411852,-0.61261794,-0.22420928,-0.016348369,-0.56449002,0.5611197,0.053574699
2.4328817,-0.40303121,0.046963972,-0.010590395,-0.43912914,-0.077817928,0.041096778,-0.60314315,-0.24149095,-0.016477928,-0.56479305,0.58594702,0.051940086
2.4360923,-0.40403,0.047509215,-0.010716879,-0.4382553,-0.074811666,0.042684136,-0.5923545,-0.25799652,-0.016325667,-0.56430331,0.61050624,0.049696896
2.4393029,-0.40502441,0.047966401,-0.010859194,-0.43749336,-0.071587348,0.044211638,-0.58048591,-0.27404548,-0.016031927,-0.56279858,0.63479536,0.046609592
2.4425134,-0.40600221,0.048334917,-0.011017221,-0.43671899,-0.068048252,0.045633337,-0.56630126,-0.28982921,-0.015361116,-0.5599677,0.65858268,0.042562176
2.4457239,-0.40696934,0.048611096,-0.011190477,-0.43607061,-0.06426777,0.046989399,-0.55122748,-0.30455231,-0.0144219,-0.55542113,0.68208721,0.037353064
2.4489344,-0.4079222,0.048790721,-0.011381623,-0.43553994,-0.060322423,0.048262188,-0.53419191,-0.31826168,-0.013183421,-0.5500871,0.70490653,0.030668946
2.4521448,-0.40884748,0.048874984,-0.011590296,-0.43512256,-0.056170852,0.049465341,-0.51623978,-0.33159432,-0.011709488,-0.54418199,0.72681568,0.02293957
2.4553552,-0.4097515,0.048856928,-0.011817736,-0.43480747,-0.051881834,0.050588495,-0.49843666,-0.34419749,-0.01000518,-0.53694001,0.74804735,0.014357669
2.4585655,-0.41063043,0.048738562,-0.012062231,-0.4345712,-0.047415551,0.051657353,-0.48122973,-0.35614007,-0.0081686783,-0.52745094,0.76838281,0.0049959637
2.4617759,-0.41148733,0.048530301,-0.012322808,-0.43448467,-0.042808574,0.052860797,-0.46431176,-0.36788808,-0.0060430753,-0.51432299,0.78751719,-0.0048887045
2.4649861,-0.41231885,0.048228981,-0.012599057,-0.43444881,-0.037740491,0.05382737,-0.44773765,-0.37956507,-0.0038612806,-0.49741712,0.80544786,-0.015050156
2.4681964,-0.41313046,0.047834109,-0.012890728,-0.4344841,-0.032507493,0.054717184,-0.43175109,-0.39089454,-0.0018535665,-0.47654063,0.8225136,-0.025608488
2.4714065,-0.41392277,0.047348318,-0.013196304,-0.4345156,-0.027160783,0.055551065,-0.41594797,-0.40206801,0.00023471809,-0.451945,0.83771855,-0.036039316
2.4746166,-0.41469142,0.046777504,-0.013515466,-0.43462953,-0.021720554,0.056327959,-0.40045434,-0.4122974,0.0023321229,-0.42485726,0.85160306,-0.046326526
2.4778267,-0.41542786,0.046128386,-0.013846601,-0.43480945,-0.01618761,0.057068857,-0.3852388,-0.42162201,0.0044112318,-0.39608965,0.86371052,-0.056095893
2.4810367,-0.41613478,0.045404016,-0.014187481,-0.43495676,-0.010625921,0.057750037,-0.37121553,-0.43010305,0.0065064193,-0.36547982,0.87398722,-0.065022746
2.4842467,-0.41681623,0.044613937,-0.01453039,-0.43513176,-0.0049316674,0.058481981,-0.35861496,-0.43787711,0.0085256643,-0.33294338,0.88201447,-0.07295265
2.4874566,-0.41746105,0.043742518,-0.014879336,-0.43526551,0.00081593903,0.059247132,-0.34770751,-0.44456687,0.010436345,-0.29802641,0.88727879,-0.07979458
2.4906665,-0.41806466,0.042799778,-0.015236921,-0.43574484,0.0067546488,0.059793014,-0.33817834,-0.45017695,0.012222942,-0.26098469,0.89015691,-0.085096749
2.4938763,-0.41862599,0.041799596,-0.015598086,-0.43615224,0.012709677,0.06029719,-0.32986146,-0.45478851,0.013920176,-0.22216102,0.89085806,-0.088994465
2.497086,-0.41914393,0.040728818,-0.015967935,-0.43650941,0.018688884,0.060766201,-0.32300401,-0.45854449,0.015501418,-0.18122279,0.88927663,-0.092083771
2.5002957,-0.41962999,0.039620378,-0.016340953,-0.43685106,0.024602608,0.061156157,-0.31797859,-0.46143736,0.016847175,-0.1382419,0.88449156,-0.093945751
2.5035053,-0.42008941,0.038476837,-0.016718353,-0.43714724,0.030363069,0.061446498,-0.31412834,-0.4634904,0.018044687,-0.092982811,0.87734997,-0.094801334
2.5067149,-0.42051466,0.037260555,-0.017119915,-0.43741098,0.036485157,0.061814948,-0.31165644,-0.46464313,0.01907974,-0.046746002,0.86948081,-0.094521826
2.5099244,-0.42091343,0.035957101,-0.017539297,-0.43764657,0.042628087,0.062218856,-0.31063204,-0.46496309,0.019982373,-0.0020959277,0.86073331,-0.093024189
2.5131339,-0.42128448,0.034614046,-0.017949551,-0.43779086,0.048587827,0.062577623,-0.31104324,-0.4644795,0.02072697,0.039899615,0.84957112,-0.09082323
2.5163433,-0.42162599,0.033239596,-0.018327661,-0.43808009,0.054470026,0.062857302,-0.31315098,-0.46317479,0.02125157,0.081085081,0.83518851,-0.085537208
2.5195527,-0.42192473,0.031819767,-0.018716011,-0.43834165,0.060170895,0.063097807,-0.31702933,-0.46113889,0.021544125,0.12008832,0.81743533,-0.078618966
2.522762,-0.42217169,0.030381625,-0.019091288,-0.4386001,0.065632607,0.063294903,-0.32226092,-0.45823737,0.02161443,0.15774426,0.79675493,-0.071683956
2.5259713,-0.42245371,0.028879678,-0.019476329,-0.43893828,0.070806578,0.063435929,-0.32858532,-0.45457431,0.021447255,0.19327291,0.77345184,-0.064233484
2.5291805,-0.42272138,0.027321813,-0.019859019,-0.43892641,0.075908613,0.063613501,-0.33587522,-0.45024311,0.021057462,0.22659088,0.74790461,-0.056361542
2.5323897,-0.42296675,0.025697714,-0.020240387,-0.43890524,0.080811521,0.063777666,-0.34419254,-0.44513745,0.020388973,0.2578181,0.72055973,-0.04836117
2.5355988,-0.42325342,0.023983861,-0.020643686,-0.4388448,0.085544134,0.063919617,-0.35339214,-0.43928205,0.019493031,0.28696778,0.69197806,-0.040033683
2.5388078,-0.42352656,0.022241084,-0.021045022,-0.43875805,0.089987397,0.064047932,-0.36355417,-0.43274424,0.018409645,0.31393983,0.66267692,-0.031964383
2.5420168,-0.42380096,0.020477411,-0.021440184,-0.43876431,0.094187246,0.064137751,-0.37460714,-0.42548639,0.017116949,0.33819684,0.63311867,-0.024227126
2.5452258,-0.42407669,0.018696382,-0.021829857,-0.43882439,0.098015001,0.064200288,-0.38643687,-0.41761485,0.015579454,0.36013186,0.60363285,-0.017093742
2.5484347,-0.42434258,0.016888773,-0.022147747,-0.43886922,0.10149768,0.064238094,-0.39879088,-0.40911911,0.013748066,0.37996214,0.57428222,-0.011001886
2.5516436,-0.42460557,0.015091989,-0.022413678,-0.43889693,0.1046073,0.06426587,-0.41166347,-0.39984022,0.01161613,0.39809175,0.54539772,-0.004998526
2.5548524,-0.42487214,0.013312047,-0.022629645,-0.43898237,0.10728527,0.064267226,-0.42485839,-0.38976572,0.0092300266,0.41460407,0.51724574,0.00035573262
2.5580611,-0.42507191,0.011524326,-0.022764938,-0.4390494,0.10953017,0.06424297,-0.43808164,-0.3789088,0.0066360419,0.42914935,0.48992101,0.0048356564
2.5612699,-0.42527088,0.0097701366,-0.022879677,-0.43920903,0.11129989,0.064198178,-0.45106009,-0.36723918,0.0038723831,0.44162949,0.46339182,0.0083383769
2.5644785,-0.42549696,0.0080525515,-0.022994319,-0.43942167,0.1125652,0.064132886,-0.4637755,-0.35473035,0.00094346869,0.45212309,0.43770178,0.010817725
2.5676872,-0.4256902,0.0063631681,-0.023115663,-0.4396381,0.11339639,0.064056615,-0.47606382,-0.34118483,-0.0021036245,0.46147127,0.4131565,0.012652921
2.5708957,-0.42588935,0.0047240045,-0.023276148,-0.4399208,0.11373446,0.063978773,-0.4876757,-0.32655856,-0.0052297988,0.46909919,0.38918941,0.013613233
2.5741043,-0.42608489,0.0031372474,-0.023421546,-0.44034356,0.11361217,0.063891346,-0.49856793,-0.31141068,-0.0083196771,0.47485322,0.36529727,0.013788705
2.5773128,-0.42629143,0.0016006129,-0.023490822,-0.44079821,0.11294353,0.06375689,-0.50847692,-0.29531211,-0.0114344,0.47853685,0.34178243,0.013157093
2.5805212,-0.4264918,0.00012490387,-0.023479012,-0.44140757,0.11175019,0.063589713,-0.51677226,-0.27815082,-0.014620291,0.48172986,0.31934248,0.011614915
2.5837296,-0.42667909,-0.0012875769,-0.023387948,-0.44210319,0.11007373,0.063418051,-0.52385813,-0.25988552,-0.017820546,0.48340866,0.29741781,0.0093192413
2.586938,-0.42684523,-0.0026170174,-0.023227384,-0.44295273,0.10772745,0.06323269,-0.52945586,-0.24076124,-0.02103337,0.48351085,0.2756568,0.0063798996
2.5901463,-0.42702424,-0.0038521132,-0.023000433,-0.44394512,0.10475782,0.06303185,-0.53347288,-0.22072342,-0.024169387,0.48267405,0.25402797,0.0023157434
2.5933546,-0.4271942,-0.0049983547,-0.022713232,-0.44504288,0.10127335,0.062812784,-0.53645111,-0.20000422,-0.027170663,0.48060595,0.23263737,-0.0020599613
2.5965629,-0.4273758,-0.0060424358,-0.022373452,-0.44623396,0.097325428,0.062573167,-0.53869386,-0.17869343,-0.030306009,0.4769443,0.21101908,-0.0064179617
2.5997711,-0.42761291,-0.006991736,-0.021999214,-0.44757022,0.09293223,0.062312501,-0.54084521,-0.15647346,-0.033382973,0.4717655,0.18898793,-0.010391826
2.6029793,-0.42780594,-0.0078523997,-0.021552729,-0.44874286,0.087884557,0.061969937,-0.54316104,-0.1339935,-0.036244644,0.46474435,0.16609783,-0.014382564
2.6061875,-0.42794463,-0.0086110126,-0.020994332,-0.44997367,0.082191083,0.061659161,-0.54582511,-0.11136066,-0.038902333,0.45541055,0.14339071,-0.019642736
2.6093957,-0.42804903,-0.0092564796,-0.020328914,-0.45125838,0.075894227,0.061347708,-0.54894446,-0.088596738,-0.041361473,0.44368549,0.11967359,-0.025386259
2.6126038,-0.42813309,-0.0097898788,-0.019550978,-0.452427,0.069116712,0.061013755,-0.55187276,-0.066109069,-0.043774418,0.43003283,0.094497882,-0.031351273
2.6158119,-0.42820119,-0.010215707,-0.018638278,-0.45348894,0.061893815,0.060648287,-0.55462506,-0.042659628,-0.045664707,0.41471761,0.067319823,-0.036722171
2.6190199,-0.42824152,-0.010519579,-0.017576065,-0.45446125,0.054268759,0.060267596,-0.55682128,-0.018640944,-0.047715678,0.39712498,0.038499861,-0.042012513
2.622228,-0.4282499,-0.010704116,-0.016397909,-0.45547858,0.046235462,0.059889138,-0.55820555,0.0055630052,-0.049596648,0.37732036,0.0079681839,-0.047112074
2.625436,-0.42823172,-0.010747645,-0.015186211,-0.456436,0.038129302,0.059591937,-0.55895951,0.030070988,-0.05129141,0.35536592,-0.024105383,-0.051866624
2.6286439,-0.42817459,-0.010648792,-0.013946878,-0.45725257,0.029807479,0.059231437,-0.55913071,0.054745604,-0.053111725,0.33271187,-0.057664476,-0.056578354
2.6318519,-0.4281459,-0.010470442,-0.012691079,-0.45783432,0.019980535,0.058847362,-0.55853504,0.07975781,-0.055073804,0.30882773,-0.092443535,-0.061084677
2.6350598,-0.42812989,-0.010216752,-0.011422017,-0.45815409,0.0090460808,0.058517974,-0.55746792,0.10449909,-0.05706298,0.28395192,-0.12830734,-0.065338155
2.6382677,-0.42812351,-0.0099087933,-0.010146079,-0.45817528,-0.0025127755,0.058171053,-0.55590771,0.12903323,-0.058412455,0.25976794,-0.16468153,-0.069391131
2.6414755,-0.42814978,-0.0095061237,-0.0088606147,-0.4578045,-0.014514385,0.057858292,-0.55382668,0.15317238,-0.05878435,0.2363831,-0.20095209,-0.073178792
2.6446834,-0.4282117,-0.0090030609,-0.0075786089,-0.45743489,-0.026964288,0.057621085,-0.55113858,0.17755959,-0.05872357,0.21414674,-0.23683732,-0.076765348
2.6478912,-0.42827495,-0.0083844508,-0.0062973834,-0.45666804,-0.039841964,0.057383816,-0.54788322,0.20231322,-0.058252418,0.19328219,-0.27200749,-0.080161771
2.651099,-0.42837075,-0.0076662675,-0.0050078417,-0.45564282,-0.05320372,0.057241918,-0.54457719,0.22726082,-0.057349136,0.17403333,-0.30521629,-0.083508664
2.6543067,-0.42852587,-0.0068658294,-0.0037104376,-0.4543107,-0.066539704,0.057240704,-0.54142754,0.25222909,-0.055983638,0.15655988,-0.33564395,-0.086805352
2.6575145,-0.42870005,-0.0059305956,-0.0025042913,-0.452199,-0.08007851,0.056927717,-0.53835861,0.27728513,-0.053763298,0.14133968,-0.36307627,-0.09002717
2.6607222,-0.42891719,-0.0048815728,-0.001300144,-0.44924303,-0.093664089,0.056493089,-0.53564511,0.30256414,-0.050931328,0.12794608,-0.38731173,-0.09318683
2.6639299,-0.42913529,-0.0037071179,-0.00015396356,-0.44550359,-0.10731032,0.056109045,-0.53304463,0.32750767,-0.047758122,0.11563673,-0.40807648,-0.096250163
2.6671376,-0.42935409,-0.0024323177,0.0010466231,-0.44131809,-0.1213461,0.056028148,-0.53050669,0.35212488,-0.044133161,0.10340068,-0.42530756,-0.099251688
2.6703452,-0.4295659,-0.0010428917,0.0023221409,-0.43671659,-0.1353865,0.055924504,-0.52783531,0.37615166,-0.040058964,0.091109486,-0.43900132,-0.10225254
2.6735529,-0.42978996,0.00045610963,0.0035936196,-0.43172959,-0.14918963,0.055778513,-0.52568419,0.39962511,-0.035853066,0.078460514,-0.44913524,-0.10548241
2.6767605,-0.43001317,0.0019710799,0.0049130774,-0.42642968,-0.16271089,0.055660536,-0.52417576,0.42248816,-0.031689942,0.066509649,-0.45555287,-0.10846729
2.6799681,-0.43024411,0.0035038082,0.0062049952,-0.42074127,-0.17582882,0.055400633,-0.52316759,0.44463451,-0.02750954,0.055024763,-0.45833101,-0.11143113
2.6831757,-0.43044294,0.0049698024,0.0074964619,-0.41502032,-0.18826709,0.055046054,-0.52240455,0.46602643,-0.023318511,0.044059788,-0.45779213,-0.114423
2.6863833,-0.43078422,0.006528355,0.0087399163,-0.40832398,-0.20029187,0.054846151,-0.52161919,0.48636213,-0.019232288,0.034746821,-0.45405519,-0.11746536
2.6895909,-0.43116332,0.0081734547,0.0099586413,-0.40116526,-0.21136031,0.054725282,-0.52029562,0.50544211,-0.015320116,0.027608359,-0.44720678,-0.12050542
2.6927985,-0.43154639,0.0098762345,0.011168932,-0.39353488,-0.22166997,0.054631154,-0.51825555,0.52293959,-0.011766056,0.023069405,-0.43776835,-0.12359957
2.6960061,-0.43194006,0.011551683,0.012335917,-0.38548473,-0.23127015,0.054576164,-0.51527367,0.53838067,-0.0087811288,0.020438229,-0.42563721,-0.12663344
2.6992137,-0.43234763,0.013235608,0.013468585,-0.3773025,-0.24012537,0.054500791,-0.5112792,0.55172538,-0.006554202,0.019831972,-0.41018854,-0.12976206
2.7024212,-0.43276498,0.014887509,0.014562559,-0.36892134,-0.24829971,0.054397578,-0.50668608,0.5625668,-0.0051119813,0.021057805,-0.39181595,-0.13290603
2.7056288,-0.43319227,0.016514817,0.015604137,-0.36063848,-0.25541051,0.054285809,-0.50163456,0.57083132,-0.0046296555,0.023959542,-0.37057883,-0.13586378
2.7088364,-0.43361784,0.018143791,0.016617312,-0.35229601,-0.26176808,0.054162148,-0.49604968,0.57720019,-0.0050353534,0.028332031,-0.34662556,-0.13855864
2.7120439,-0.43413606,0.019787839,0.017630636,-0.34416947,-0.26722074,0.05400634,-0.48913089,0.58102398,-0.0059662167,0.03391309,-0.32003962,-0.14085007
2.7152515,-0.43466479,0.021371534,0.018646075,-0.33629506,-0.2718089,0.053820866,-0.4810065,0.58250505,-0.0072833921,0.040337682,-0.29104605,-0.14263405
2.7184591,-0.435211,0.022891997,0.019646433,-0.32848299,-0.27544922,0.053621089,-0.47142612,0.58222779,-0.0090290014,0.047544848,-0.25982318,-0.14394461
2.7216667,-0.43575465,0.024356521,0.02062931,-0.32080245,-0.27821334,0.05337172,-0.46062341,0.58032496,-0.011271575,0.055643549,-0.22608787,-0.14448353
2.7248743,-0.43630565,0.025746709,0.021599547,-0.31331618,-0.28012538,0.053079355,-0.44887594,0.57685401,-0.013778689,0.064540387,-0.18957817,-0.14406072
2.7280819,-0.4368201,0.027061428,0.022560801,-0.30596678,-0.2811114,0.052797989,-0.43621293,0.5717679,-0.016357356,0.073743405,-0.15056186,-0.14247907
2.7312895,-0.4372757,0.028303244,0.023510031,-0.29890146,-0.28132524,0.052513373,-0.42267284,0.56505882,-0.018960658,0.08297897,-0.10929319,-0.13960269
2.7344971,-0.43771562,0.029509513,0.024450113,-0.29214023,-0.28079807,0.052192745,-0.40822075,0.55667883,-0.021471696,0.09262702,-0.065537672,-0.13571876
2.7377047,-0.43819688,0.030571,0.025358867,-0.28542123,-0.27955342,0.051905555,-0.39334764,0.54681498,-0.02364434,0.10272088,-0.020293863,-0.1303588
2.7409124,-0.43865045,0.031503782,0.026243564,-0.27929738,-0.27767694,0.051624642,-0.37799391,0.53580103,-0.025854698,0.11289885,0.026375183,-0.12410782
2.7441201,-0.43916827,0.032295807,0.027134908,-0.27381111,-0.27520185,0.05138899,-0.36222819,0.5236261,-0.02774823,0.12215491,0.073785822,-0.11694616
2.7473277,-0.43968115,0.032948331,0.028023223,-0.26886656,-0.27204218,0.05121621,-0.34634841,0.50949485,-0.029247057,0.13075699,0.12057933,-0.10880065
2.7505354,-0.44024261,0.033467156,0.028903162,-0.26418896,-0.26821348,0.051104176,-0.330501,0.49362098,-0.030341137,0.13939544,0.16760104,-0.099856119
2.7537432,-0.4408581,0.033833735,0.029783124,-0.25986632,-0.26371619,0.051035005,-0.31452752,0.4761838,-0.031096123,0.14782676,0.21438751,-0.090118042
2.7569509,-0.44156327,0.034081373,0.03065789,-0.255909,-0.25855949,0.050967666,-0.29829513,0.4572403,-0.031575139,0.15628855,0.25965732,-0.078867476
2.7601587,-0.44232295,0.0341832,0.031516939,-0.25241341,-0.25282859,0.050910669,-0.28219899,0.43706735,-0.031735494,0.16483231,0.30300793,-0.067635993
2.7633665,-0.44311556,0.034141847,0.032357657,-0.24935787,-0.24654507,0.050856381,-0.26598973,0.41547571,-0.031735649,0.17336279,0.34403074,-0.057704483
2.7665743,-0.44386335,0.033930526,0.033186222,-0.24679018,-0.23976501,0.050799028,-0.24951534,0.39236228,-0.031752925,0.18161566,0.38162201,-0.048563966
2.7697821,-0.4445675,0.03358271,0.034027251,-0.24479109,-0.23251776,0.050733038,-0.23284303,0.36869184,-0.031599443,0.19067003,0.41529731,-0.040151862
2.77299,-0.44516601,0.032961811,0.034801934,-0.24332054,-0.22480353,0.050681609,-0.21633574,0.344362,-0.03146234,0.19965115,0.44575324,-0.032803201
2.7761979,-0.44580654,0.032033608,0.03553222,-0.24241438,-0.21666829,0.050632588,-0.19993627,0.31973369,-0.031211583,0.20853689,0.47282654,-0.026658923
2.7794058,-0.44641395,0.030888123,0.036231628,-0.24182267,-0.20799772,0.050560423,-0.1829613,0.29525057,-0.031000469,0.21789597,0.49625011,-0.021916982
2.7826138,-0.44697737,0.029404451,0.036848787,-0.24159454,-0.19883741,0.050470855,-0.16580974,0.27104332,-0.031097691,0.22756112,0.51611716,-0.018600831
2.7858218,-0.44743039,0.027701927,0.037486964,-0.24176054,-0.18926895,0.05035898,-0.14879861,0.24689027,-0.031388633,0.23727289,0.53259455,-0.016723734
2.7890298,-0.44780445,0.02582725,0.038104189,-0.24223853,-0.17926206,0.050230075,-0.13230227,0.22265837,-0.031864771,0.24702691,0.5462112,-0.016279267
2.7922378,-0.44808988,0.023713549,0.038718356,-0.24301846,-0.16878917,0.050101002,-0.11658716,0.19849829,-0.03256883,0.25696679,0.55690893,-0.017146238
2.7954459,-0.44827714,0.021355804,0.039389988,-0.24413542,-0.15802829,0.049921923,-0.10203333,0.17472596,-0.033400426,0.26710949,0.56512083,-0.019007011
2.798654,-0.4483567,0.018765558,0.040113796,-0.245505,-0.14685192,0.049778389,-0.088461302,0.15146026,-0.033988879,0.27741319,0.57088142,-0.021663025
2.8018622,-0.44833943,0.015923123,0.040896884,-0.24711136,-0.135492,0.04963301,-0.075793822,0.12916086,-0.034797577,0.28781208,0.57492748,-0.024769929
2.8050703,-0.44817494,0.01290947,0.041694551,-0.248328,-0.12383112,0.049289734,-0.064727956,0.10736482,-0.035777763,0.29814827,0.57768458,-0.028116647
2.8082785,-0.44801089,0.0096546643,0.042492058,-0.24964041,-0.1118561,0.048942634,-0.054848693,0.085761054,-0.037201515,0.30839067,0.57890864,-0.031452704
2.8114867,-0.44778617,0.0061772595,0.043295647,-0.25098183,-0.099552213,0.04862557,-0.046292714,0.064352035,-0.039149852,0.31852043,0.57862819,-0.034713327
2.814695,-0.44759758,0.0024776312,0.044070902,-0.25224738,-0.087088401,0.048249134,-0.038862205,0.043066299,-0.041086662,0.32842886,0.57672704,-0.037759817
2.8179032,-0.44720615,-0.0012706264,0.044844769,-0.25352229,-0.074332801,0.047806974,-0.032608522,0.021726853,-0.043265244,0.33807467,0.57315939,-0.040593635
2.8211115,-0.44675895,-0.0051190587,0.045628121,-0.25466697,-0.061424213,0.047709544,-0.028278333,0.00068805973,-0.045527458,0.34772092,0.56784875,-0.043194304
2.8243199,-0.44617364,-0.0091313376,0.046443776,-0.25560402,-0.048750893,0.047788484,-0.0259088,-0.020348151,-0.047833965,0.3576249,0.56062682,-0.045498002
2.8275282,-0.44544621,-0.013248129,0.047280057,-0.25632869,-0.03569849,0.0474537,-0.025084803,-0.04146753,-0.050120112,0.3677253,0.55140671,-0.047559166
2.8307366,-0.44448371,-0.017433773,0.048154748,-0.25680407,-0.022689253,0.047099876,-0.025082988,-0.063035325,-0.052460175,0.37794081,0.54012828,-0.049337113
2.833945,-0.44351629,-0.021709614,0.049052568,-0.25692843,-0.0098741504,0.046730526,-0.025801513,-0.084053097,-0.054244502,0.3881455,0.52679538,-0.050831524
2.8371535,-0.4423975,-0.026025904,0.049862448,-0.25705251,0.0028743529,0.046379435,-0.02741568,-0.10460146,-0.055465433,0.39829404,0.51161394,-0.052118941
2.840362,-0.44122466,-0.030427366,0.050665631,-0.25690156,0.015571275,0.046120034,-0.03005045,-0.12476835,-0.056323275,0.40829478,0.49479472,-0.053202653
2.8435705,-0.43999473,-0.034821611,0.051423986,-0.25639808,0.027903506,0.045964422,-0.033665906,-0.14451121,-0.056761431,0.41793979,0.47634345,-0.054152311
2.846779,-0.43864588,-0.039240406,0.052170056,-0.25545991,0.039611386,0.045826285,-0.03808433,-0.16371771,-0.056726253,0.42706059,0.45651066,-0.055055264
2.8499876,-0.43724696,-0.043709617,0.053029668,-0.25480846,0.050672713,0.045232716,-0.043215737,-0.18228669,-0.056221126,0.43543801,0.43549943,-0.055990948
2.8531962,-0.43572142,-0.048089103,0.053865192,-0.25398391,0.061861548,0.045019038,-0.049237039,-0.19983662,-0.055263372,0.44294706,0.41366896,-0.057097241
2.8564048,-0.43403857,-0.052394907,0.05465582,-0.25297432,0.072760288,0.044760052,-0.056090832,-0.2162869,-0.053917344,0.44962667,0.3913417,-0.058447062
2.8596135,-0.43233652,-0.056550304,0.055409355,-0.25180958,0.083403286,0.044506355,-0.063502556,-0.23121618,-0.052318384,0.4553573,0.36874643,-0.060121005
2.8628222,-0.43062895,-0.060618338,0.056110584,-0.25066017,0.093451625,0.044213345,-0.071926342,-0.24436401,-0.050219614,0.46004129,0.34628916,-0.062127763
2.866031,-0.42860724,-0.06461968,0.056834726,-0.24882697,0.10288331,0.04402971,-0.080769477,-0.25533866,-0.048018193,0.4639567,0.32425796,-0.064528766
2.8692397,-0.42648718,-0.068470003,0.057546297,-0.24712623,0.11174897,0.043882518,-0.089572826,-0.26389081,-0.04530845,0.46710756,0.30276916,-0.06737177
2.8724486,-0.42429837,-0.07217926,0.058245226,-0.24551816,0.11998253,0.043708716,-0.09851804,-0.27013267,-0.04273411,0.46926268,0.28195341,-0.070519886
2.8756574,-0.42203426,-0.075733944,0.05891051,-0.24404658,0.12743644,0.043538549,-0.1075212,-0.27420606,-0.040603697,0.47070814,0.26207834,-0.073963735
2.8788662,-0.41978105,-0.079049062,0.059567889,-0.2424163,0.13426718,0.043414804,-0.11650068,-0.27612421,-0.038756539,0.47229169,0.24359325,-0.077811425
2.8820751,-0.41741473,-0.082165352,0.060221275,-0.2409692,0.14019865,0.043294596,-0.12537825,-0.27590117,-0.037105931,0.47329887,0.22601877,-0.081952468
2.885284,-0.41506196,-0.085064976,0.060859153,-0.23972828,0.14523754,0.043181014,-0.13399388,-0.27369099,-0.035667304,0.47349036,0.20875578,-0.086204231
2.888493,-0.41278573,-0.08764778,0.061480102,-0.23868444,0.14947608,0.04305374,-0.142369,-0.26945624,-0.034525089,0.47268632,0.19156964,-0.090617999
2.8917019,-0.4105755,-0.08990576,0.062084723,-0.23778129,0.15287076,0.042950917,-0.15057257,-0.26316106,-0.033691852,0.47102392,0.17441088,-0.095624222
2.8949109,-0.40841229,-0.091893243,0.06265795,-0.23718804,0.1551879,0.042842608,-0.15832357,-0.25507286,-0.033216518,0.46856512,0.15623294,-0.10052927
2.8981199,-0.40634043,-0.093603067,0.063201155,-0.23702509,0.15662151,0.042722432,-0.16545034,-0.24524423,-0.033042329,0.46551109,0.13639088,-0.10508781
2.9013289,-0.40427622,-0.095060527,0.063725393,-0.23730886,0.15709663,0.042557318,-0.17229667,-0.23350983,-0.033145164,0.4608936,0.11495876,-0.1093978
2.904538,-0.40222533,-0.096206164,0.064209553,-0.23806403,0.15673052,0.042335556,-0.17870267,-0.21998523,-0.033559278,0.45498847,0.092133993,-0.11290306
2.907747,-0.40021515,-0.097060183,0.064644017,-0.23924629,0.15544192,0.042089678,-0.18456862,-0.20480013,-0.034247429,0.44861199,0.067871279,-0.11524267
2.9109561,-0.3982772,-0.097622456,0.065027484,-0.2407769,0.1530998,0.041829843,-0.18989739,-0.188338,-0.035137579,0.44199924,0.041851814,-0.11663534
2.9141652,-0.39638745,-0.097863302,0.065375862,-0.24266737,0.14973472,0.041495356,-0.195423,-0.17026265,-0.036081006,0.43466384,0.014532074,-0.11718812
2.9173744,-0.3945646,-0.09776621,0.065686495,-0.24490319,0.1454461,0.041082842,-0.20061692,-0.15078587,-0.037241931,0.42661676,-0.013654265,-0.11699924
2.9205835,-0.39278798,-0.097387075,0.065978609,-0.24758553,0.14017555,0.040655255,-0.20570381,-0.13050893,-0.038739125,0.41788857,-0.042309169,-0.11580765
2.9237927,-0.3910807,-0.096700638,0.066249325,-0.25048912,0.13382739,0.040149687,-0.20989354,-0.10916185,-0.040195387,0.40881002,-0.071951077,-0.11343633
2.9270019,-0.3894579,-0.095726825,0.066490254,-0.25360519,0.12648078,0.039560053,-0.21327881,-0.085645309,-0.041259038,0.39922169,-0.10229401,-0.10988626
2.9302111,-0.38798366,-0.094448505,0.066694274,-0.25679142,0.11786162,0.038915877,-0.21691179,-0.061399681,-0.042249803,0.38893213,-0.13252655,-0.10598615
2.9334203,-0.38667244,-0.092873123,0.066871612,-0.25986145,0.10815908,0.038157382,-0.22087541,-0.036467227,-0.043702247,0.37757105,-0.16226018,-0.10139605
2.9366295,-0.38550483,-0.091014792,0.067015798,-0.26290628,0.097218293,0.03734399,-0.22344062,-0.010358231,-0.044934172,0.3659013,-0.19126344,-0.09571952
2.9398386,-0.38445248,-0.088969276,0.067118044,-0.26567292,0.085119759,0.036367048,-0.22498506,0.016056115,-0.045995068,0.35399347,-0.21926569,-0.089463179
2.9430477,-0.38353481,-0.086638233,0.06718821,-0.26863303,0.072185803,0.035423157,-0.22597029,0.042870188,-0.047379005,0.34148005,-0.24577442,-0.083708259
2.9462567,-0.38273296,-0.08404932,0.067220176,-0.27117645,0.058241346,0.034474547,-0.226236,0.070472643,-0.049109414,0.32860113,-0.27049631,-0.079001476
2.9494657,-0.38204534,-0.0812043,0.067214551,-0.27339867,0.043169789,0.033500599,-0.22549439,0.098299603,-0.050111725,0.31604746,-0.29319677,-0.075313768
2.9526746,-0.38149794,-0.078106765,0.067178324,-0.27501177,0.027106095,0.032613956,-0.22391673,0.12590992,-0.050236418,0.30390633,-0.31302401,-0.072133047
2.9558834,-0.38106278,-0.074831827,0.067136609,-0.27701446,0.0096688894,0.032009288,-0.22148721,0.15362142,-0.049917957,0.29219637,-0.33024092,-0.069293462
2.9590923,-0.38081084,-0.071368186,0.067095485,-0.2784098,-0.0088119728,0.031563902,-0.21832602,0.18137051,-0.049102385,0.28092409,-0.34447019,-0.067123192
2.962301,-0.38067639,-0.067667514,0.0670655,-0.27919212,-0.028120651,0.030859757,-0.21473872,0.20893369,-0.047742872,0.26932828,-0.3557573,-0.065522056
2.9655098,-0.38071973,-0.06376278,0.067033522,-0.27936355,-0.047488386,0.03035417,-0.21099001,0.23631177,-0.045904683,0.25736424,-0.36414094,-0.064553262
2.9687185,-0.38071381,-0.059596949,0.066960168,-0.27876797,-0.066240183,0.029870873,-0.20621497,0.26275637,-0.043430731,0.24512674,-0.36965103,-0.064120178
2.9719271,-0.3808158,-0.05530617,0.066833446,-0.27739663,-0.084418847,0.029247679,-0.2005526,0.28873847,-0.040148117,0.23268391,-0.37236524,-0.064224583
2.9751357,-0.38104241,-0.050926473,0.066677366,-0.27524836,-0.10412028,0.02937959,-0.19458014,0.31390896,-0.036137613,0.22030084,-0.3724251,-0.064840213
2.9783442,-0.38139066,-0.04647022,0.066497112,-0.2723737,-0.12468295,0.029867419,-0.18872471,0.338327,-0.031352663,0.20814545,-0.3699457,-0.065951622
2.9815528,-0.38181361,-0.041814896,0.066494557,-0.26887349,-0.14515915,0.030532113,-0.18327323,0.36171454,-0.026003926,0.1964574,-0.36484585,-0.06750112
2.9847612,-0.38231513,-0.03711641,0.06655864,-0.26473022,-0.16534468,0.031261727,-0.17840278,0.3836038,-0.020346537,0.18529404,-0.3571767,-0.069436605
2.9879696,-0.38292076,-0.032122192,0.066484032,-0.25964437,-0.1851474,0.03198145,-0.17381447,0.40369872,-0.014528022,0.17534291,-0.34731858,-0.071755562
2.991178,-0.38353492,-0.027001267,0.06639397,-0.25321836,-0.20347198,0.032882839,-0.16956978,0.42185517,-0.0087414222,0.16644645,-0.33549277,-0.074407179
2.9943863,-0.38421791,-0.021815316,0.066297702,-0.24556288,-0.22108384,0.03391937,-0.16596426,0.43800018,-0.0032812217,0.15854231,-0.3218636,-0.077265186
2.9975946,-0.38490304,-0.016653439,0.066216024,-0.23674007,-0.23854327,0.035205821,-0.16279562,0.45239071,0.0018450069,0.15157546,-0.30625956,-0.080313448
3.0008029,-0.38559548,-0.011544125,0.066216325,-0.22720468,-0.2551523,0.036737433,-0.16006966,0.46498553,0.0064759559,0.14577023,-0.28832843,-0.083269973
3.0040111,-0.3861019,-0.0065961066,0.066275502,-0.21739859,-0.27025257,0.038386764,-0.15773205,0.47553612,0.010447506,0.14101019,-0.26834465,-0.086119937
3.0072193,-0.38697143,-0.0015219732,0.066263064,-0.20714858,-0.28386423,0.040090663,-0.15556743,0.48411591,0.013590773,0.13727991,-0.24632542,-0.088782214
3.0104274,-0.38791187,0.0036891159,0.066257947,-0.19664241,-0.29568524,0.041785915,-0.15348141,0.49075746,0.01578621,0.13469583,-0.22238058,-0.091117066
3.0136355,-0.38886202,0.0087471557,0.06630713,-0.18587489,-0.30561461,0.043487806,-0.1513157,0.49572185,0.016844758,0.13331516,-0.19639085,-0.0929249
3.0168436,-0.38968777,0.013485574,0.066404972,-0.17439864,-0.31395725,0.045241585,-0.14898269,0.49873945,0.016541045,0.1331251,-0.16808562,-0.094290799
3.0200516,-0.39049994,0.018048158,0.0665665,-0.16275848,-0.32079483,0.047072484,-0.14608222,0.49999553,0.015555967,0.13352191,-0.13800091,-0.094874983
3.0232596,-0.39123146,0.022423035,0.066783643,-0.15111328,-0.32596811,0.048969438,-0.14245722,0.49950785,0.01392058,0.13443531,-0.10618206,-0.094819004
3.0264675,-0.39204737,0.026560918,0.06693761,-0.13966207,-0.32943714,0.050893148,-0.13808004,0.49752436,0.011627862,0.13604935,-0.072742172,-0.093911123
3.0296754,-0.39309647,0.03029338,0.066981414,-0.12826528,-0.33136985,0.052843295,-0.13303928,0.4940422,0.0088450263,0.13841546,-0.037562739,-0.091977772
3.0328833,-0.39429076,0.033729104,0.067007842,-0.11735299,-0.3318629,0.054728632,-0.12718656,0.48894255,0.0055813954,0.14137902,-0.00078523292,-0.089522026
3.0360912,-0.39536183,0.036779269,0.067078737,-0.1073994,-0.33122941,0.056651969,-0.12058127,0.48188946,0.0019993593,0.14350468,0.036117844,-0.085959748
3.039299,-0.39638185,0.039475704,0.067189314,-0.098301512,-0.32935924,0.058609297,-0.11331374,0.47307082,-0.0018038689,0.14558889,0.073738876,-0.081642621
3.0425067,-0.39741127,0.041727194,0.067316922,-0.089884503,-0.32650873,0.060584541,-0.1054494,0.46245467,-0.0056945915,0.14794561,0.11197683,-0.076537701
3.0457145,-0.398486,0.043635166,0.067424718,-0.082231213,-0.32244091,0.062575649,-0.096978444,0.44991523,-0.0095578959,0.15036884,0.15075618,-0.070677467
3.0489222,-0.39954711,0.045180718,0.06753612,-0.075470904,-0.3171814,0.064529697,-0.087946592,0.43554238,-0.013279378,0.15341318,0.18936383,-0.063015014
3.0521298,-0.40068549,0.046284282,0.06764271,-0.069469977,-0.31094861,0.066355629,-0.078672382,0.41929766,-0.01676275,0.15678847,0.22691842,-0.054144649
3.0553375,-0.40189004,0.046892094,0.067757787,-0.064372881,-0.30389499,0.068032605,-0.069184687,0.40123622,-0.019904662,0.16012722,0.2639886,-0.044327174
3.0585451,-0.40307622,0.047038364,0.06790443,-0.060210149,-0.29592061,0.069581999,-0.059292417,0.38152318,-0.022710595,0.16322072,0.30039558,-0.033565905
3.0617526,-0.40430699,0.046744311,0.06807711,-0.056972269,-0.28703302,0.070991169,-0.049150048,0.3602884,-0.024960125,0.16573152,0.33589742,-0.022104045
3.0649602,-0.40534262,0.046097605,0.068236914,-0.054568481,-0.27721182,0.072228213,-0.038821582,0.33735553,-0.026711623,0.16851186,0.36967162,-0.010247156
3.0681676,-0.40630238,0.045034729,0.06837937,-0.053080521,-0.26658661,0.07330792,-0.028057358,0.31266929,-0.027969825,0.17128855,0.40152521,0.0011829253
3.0713751,-0.4071715,0.043480606,0.068514619,-0.052548397,-0.25524078,0.074224714,-0.017656667,0.28623908,-0.028891729,0.17355322,0.4313812,0.01188984
3.0745825,-0.40805214,0.041399723,0.06863206,-0.052954223,-0.24329865,0.074957087,-0.0075080703,0.25847648,-0.029393581,0.17536301,0.45905583,0.021631082
3.0777899,-0.40900206,0.03880917,0.068761858,-0.054236212,-0.23068979,0.075552194,0.0046404931,0.22960335,-0.030018509,0.17709443,0.48402295,0.030258675
3.0809972,-0.40993649,0.035685331,0.068912464,-0.056449221,-0.2174784,0.076000387,0.017374057,0.19925476,-0.030459569,0.17933358,0.50586131,0.037676014
3.0842045,-0.41092688,0.032131671,0.069079093,-0.059139228,-0.20349749,0.076228377,0.029972886,0.16763806,-0.031015041,0.18239327,0.52460352,0.043444067
3.0874117,-0.41190723,0.027997654,0.069300208,-0.062318867,-0.18891965,0.076323244,0.041629282,0.13560736,-0.030423055,0.18649352,0.54032073,0.047387955
3.0906188,-0.41288739,0.02327421,0.069569141,-0.065935986,-0.17376531,0.076318923,0.052598842,0.10263227,-0.028813041,0.19159695,0.55302001,0.048613994
3.0938259,-0.41389627,0.018003614,0.069902038,-0.06998918,-0.15817951,0.0761888,0.063187273,0.068955879,-0.026379006,0.19772956,0.56282051,0.047308868
3.097033,-0.41485344,0.012389962,0.070266983,-0.074405465,-0.14203701,0.076002757,0.07331196,0.036100433,-0.024815834,0.20481898,0.56993332,0.04454659
3.1002399,-0.41565343,0.0067383438,0.070774104,-0.079358002,-0.12540763,0.075802699,0.082666232,0.0033736952,-0.02367635,0.21301088,0.57510031,0.040760515
3.1034469,-0.41638254,0.00036743671,0.071167192,-0.08365674,-0.1082882,0.075357025,0.091155142,-0.029534189,-0.022447247,0.22233222,0.57843502,0.03561575
3.1066538,-0.41706807,-0.0067614565,0.071420637,-0.088007825,-0.090791385,0.074858567,0.098762339,-0.063015612,-0.021329346,0.23282148,0.58007465,0.029178523
3.1098606,-0.41766574,-0.014219794,0.07166462,-0.092126239,-0.073143944,0.074403658,0.10554452,-0.095056088,-0.019687111,0.24439003,0.58045687,0.021751568
3.1130673,-0.41814562,-0.021759669,0.071786254,-0.096130409,-0.055397941,0.073850733,0.11150151,-0.12623399,-0.017784811,0.25725645,0.57979416,0.013836827
3.116274,-0.4183566,-0.029785584,0.072160094,-0.099978061,-0.037615238,0.073146613,0.11561256,-0.15651544,-0.016000691,0.27248608,0.57812794,0.0057570712
3.1194807,-0.41868349,-0.038259701,0.072583563,-0.10351491,-0.020028252,0.073227347,0.11819516,-0.18521622,-0.014527918,0.28987451,0.57554128,-0.0022233841
3.1226873,-0.41890399,-0.047433663,0.073144233,-0.10659649,-0.0023546916,0.07287929,0.12004274,-0.21226322,-0.013276342,0.30914427,0.57223035,-0.0098993138
3.1258938,-0.4189095,-0.05686232,0.073717672,-0.10984447,0.015653791,0.072516887,0.12092804,-0.23806339,-0.012165184,0.33007144,0.56792323,-0.01708447
3.1291003,-0.41870555,-0.066334203,0.074350008,-0.11295149,0.033826954,0.072469659,0.12096526,-0.26240587,-0.011293457,0.35233664,0.562369,-0.023622802
3.1323068,-0.41830414,-0.075865725,0.074716396,-0.11573569,0.052215976,0.072278862,0.1199192,-0.28539828,-0.010423159,0.37564664,0.55548327,-0.029356608
3.1355132,-0.41774427,-0.085646231,0.075160104,-0.1180373,0.069999056,0.071950868,0.11801201,-0.30644422,-0.0096050061,0.39967932,0.54744354,-0.034614331
3.1387195,-0.4170545,-0.095852786,0.075950117,-0.12004053,0.087619407,0.071834128,0.11490478,-0.32577621,-0.008889844,0.42311249,0.53806569,-0.0391477
3.1419258,-0.41613066,-0.10595307,0.07675108,-0.12148764,0.10496748,0.072090159,0.11074976,-0.34356015,-0.0082505729,0.4452574,0.52726861,-0.043054022
3.145132,-0.41482882,-0.11610345,0.077624775,-0.12307455,0.12175219,0.07240085,0.10533413,-0.35966541,-0.0076280657,0.4660804,0.51507698,-0.046328495
3.1483382,-0.41318363,-0.12608836,0.07854625,-0.12444711,0.13810626,0.072629085,0.09870285,-0.37425025,-0.0069404115,0.48572078,0.50166817,-0.049010554
3.1515444,-0.41134156,-0.13569176,0.079368836,-0.12576776,0.15362536,0.072944616,0.091170999,-0.38696946,-0.0062173525,0.50414878,0.48710692,-0.051172052
3.1547504,-0.40917926,-0.14492299,0.080231425,-0.1263459,0.16875642,0.073428605,0.083090667,-0.39754747,-0.005526783,0.52142788,0.47155889,-0.052976234
3.1579565,-0.4064155,-0.15384164,0.081236195,-0.1268004,0.18306703,0.073947885,0.074602219,-0.40586056,-0.0049098785,0.53756406,0.45520888,-0.05453016
3.1611625,-0.40335883,-0.16222724,0.082291051,-0.12745801,0.19644417,0.074432856,0.066085233,-0.41195471,-0.004429446,0.55239264,0.4380319,-0.055840108
3.1643684,-0.39992896,-0.17032005,0.08342467,-0.12811907,0.20875888,0.074995943,0.057333956,-0.4157957,-0.0040864617,0.56614779,0.41996037,-0.057054767
3.1675743,-0.39623294,-0.17816668,0.084621838,-0.12881113,0.22006597,0.07556641,0.048519621,-0.4175067,-0.00390165,0.57860576,0.4013147,-0.058061705
3.1707802,-0.39219232,-0.18565492,0.085837288,-0.12965183,0.23040451,0.076238749,0.039951904,-0.41703554,-0.0038930145,0.58970554,0.38196809,-0.058950965
3.173986,-0.38773331,-0.19260257,0.087102195,-0.13087286,0.2397114,0.076850119,0.031825383,-0.41429994,-0.0042330549,0.59972461,0.36214331,-0.059862913
3.1771917,-0.38289342,-0.19916448,0.088428029,-0.13254526,0.24836084,0.077279823,0.024201059,-0.40929886,-0.0048039708,0.60862995,0.3417498,-0.060802797
3.1803975,-0.37799784,-0.20515897,0.089753148,-0.13474611,0.25632043,0.077388325,0.017158582,-0.40216119,-0.0056865613,0.61624671,0.32013988,-0.061926952
3.1836031,-0.37312468,-0.21046751,0.091089235,-0.13775291,0.26357148,0.077223944,0.010878485,-0.39281791,-0.0068383822,0.62265842,0.29812015,-0.062798338
3.1868088,-0.36813414,-0.21500344,0.092425992,-0.14133192,0.26972899,0.076753423,0.004780731,-0.38164592,-0.0082094865,0.62754336,0.27539932,-0.063398114
3.1900144,-0.36310132,-0.21872549,0.09373289,-0.14575303,0.27519107,0.075768681,-0.0011069232,-0.36866637,-0.0098019327,0.6315486,0.25198455,-0.063992696
3.1932199,-0.35791568,-0.22155208,0.095033792,-0.15106058,0.28005564,0.074137226,-0.0067447128,-0.35381783,-0.011526868,0.63497721,0.22809966,-0.064899769
3.1964254,-0.35262328,-0.22354374,0.096313663,-0.15695283,0.28435806,0.071762865,-0.011868352,-0.33730936,-0.013370158,0.63690264,0.20316881,-0.066134527
3.1996309,-0.34728316,-0.22466224,0.097577129,-0.16312382,0.28772933,0.068781962,-0.016972493,-0.31924933,-0.015257064,0.63722323,0.17743322,-0.066942413
3.2028363,-0.34212609,-0.22494978,0.098807894,-0.16927645,0.2904218,0.06513977,-0.022234007,-0.29986199,-0.017244848,0.63594515,0.15088018,-0.066940989
3.2060416,-0.33733972,-0.22454661,0.10001525,-0.17535443,0.29237995,0.060860547,-0.027065187,-0.27846037,-0.019111453,0.63265802,0.12318829,-0.066639565
3.209247,-0.33291095,-0.22350067,0.1011942,-0.18115739,0.29351048,0.056042994,-0.03217351,-0.25576199,-0.020872038,0.62671719,0.095105777,-0.067058487
3.2124523,-0.32881357,-0.22175822,0.10234467,-0.18666706,0.29380985,0.050890564,-0.037034945,-0.23148394,-0.022615801,0.6181774,0.065563901,-0.067797392
3.2156575,-0.32481381,-0.21939893,0.10348487,-0.1923793,0.29318635,0.045673487,-0.041586583,-0.20558266,-0.024258298,0.6072066,0.03424714,-0.068347895
3.2188627,-0.3210472,-0.2164938,0.10457665,-0.1984393,0.29143771,0.04004376,-0.045709429,-0.17845217,-0.025656988,0.59389286,0.0015199591,-0.068351239
3.2220679,-0.31758439,-0.21300852,0.10562427,-0.20446153,0.28858286,0.033732942,-0.049590172,-0.15021227,-0.026966765,0.57847108,-0.032746499,-0.067808496
3.225273,-0.31447482,-0.20898909,0.10661249,-0.21025171,0.28447788,0.026918251,-0.053114523,-0.12067487,-0.028207241,0.56049344,-0.068136152,-0.067101219
3.228478,-0.31175034,-0.20450306,0.10750502,-0.21583775,0.27885514,0.019703879,-0.056684209,-0.090084103,-0.029391604,0.54030496,-0.10428038,-0.066171988
3.2316831,-0.30928897,-0.19954034,0.1083335,-0.2211836,0.27178738,0.01245023,-0.061032791,-0.058464852,-0.029842297,0.51838571,-0.1410756,-0.064909745
3.2348881,-0.3071448,-0.1940809,0.10912049,-0.22647921,0.26301707,0.0059354324,-0.065088402,-0.026342954,-0.030370954,0.49477239,-0.17803662,-0.063157354
3.238093,-0.30535129,-0.18815708,0.10985625,-0.23168617,0.2525645,-0.00048977501,-0.068481112,0.0062377567,-0.030593131,0.4701153,-0.21479908,-0.060944266
3.2412979,-0.30382782,-0.18174655,0.11056565,-0.23561545,0.24101334,-0.0064556452,-0.071351551,0.039518749,-0.031207825,0.44576913,-0.25010483,-0.058384559
3.2445028,-0.30262846,-0.17493195,0.11123813,-0.2377093,0.22704375,-0.011965358,-0.073751414,0.073232874,-0.032371619,0.42268301,-0.28425961,-0.055769555
3.2477076,-0.3017668,-0.16774917,0.11183876,-0.2382586,0.21111995,-0.01688195,-0.075243099,0.10739317,-0.033436238,0.40203727,-0.31659738,-0.052736148
3.2509123,-0.30114575,-0.16010562,0.11239366,-0.23736719,0.19325019,-0.021237349,-0.076429898,0.14105414,-0.033630963,0.38384695,-0.34645001,-0.04937859
3.2541171,-0.30084699,-0.15214204,0.11291018,-0.23466298,0.17360738,-0.025150232,-0.077935831,0.17388683,-0.033188946,0.36788785,-0.37352235,-0.046440743
3.2573217,-0.30087633,-0.14397696,0.11339839,-0.23093608,0.15205755,-0.028417234,-0.079329007,0.2066462,-0.032491875,0.35326514,-0.39748432,-0.043942555
3.2605264,-0.30115724,-0.13556774,0.11390501,-0.22668663,0.12929024,-0.031031282,-0.080639545,0.23918069,-0.031723437,0.33972607,-0.41805393,-0.041844758
3.263731,-0.30177317,-0.1270118,0.11439446,-0.22199427,0.10528328,-0.03288349,-0.081788967,0.2713491,-0.030968023,0.32697126,-0.43512999,-0.040204381
3.2669355,-0.30216544,-0.11820719,0.11475714,-0.2164111,0.079842395,-0.034079534,-0.083382507,0.30330461,-0.029991829,0.31510094,-0.44797227,-0.039001634
3.27014,-0.30265956,-0.10923032,0.11504264,-0.20980111,0.053048359,-0.034213011,-0.084650057,0.33413487,-0.028481815,0.30329267,-0.45750162,-0.038156496
3.2733445,-0.303254,-0.10010699,0.11525795,-0.20205588,0.02519289,-0.034036734,-0.085176137,0.36415964,-0.026269867,0.29196903,-0.46367559,-0.037731588
3.2765489,-0.30394056,-0.090871865,0.11551234,-0.19333405,-0.0035502917,-0.03370647,-0.085979318,0.39329347,-0.023328357,0.28137545,-0.46661776,-0.037743257
3.2797532,-0.30469382,-0.081564236,0.11616834,-0.18360219,-0.032358947,-0.033643079,-0.086818938,0.42144111,-0.02027636,0.27161676,-0.46662036,-0.03821848
3.2829576,-0.30552337,-0.072370904,0.11684665,-0.17289155,-0.062567929,-0.033534397,-0.087553902,0.44857581,-0.017378689,0.26276636,-0.46369561,-0.03913632
3.2861618,-0.30633164,-0.062884413,0.1171397,-0.16091797,-0.090982678,-0.032193698,-0.088136115,0.47449624,-0.014902805,0.25504419,-0.45790621,-0.040484764
3.289366,-0.3070322,-0.053363289,0.11750554,-0.14758432,-0.11802271,-0.029957033,-0.087818468,0.49879663,-0.012772055,0.24986504,-0.44933498,-0.04223974
3.2925702,-0.30762152,-0.043879355,0.11774321,-0.13342446,-0.14481444,-0.027188468,-0.086455529,0.52126678,-0.011229423,0.24692467,-0.43832428,-0.04421112
3.2957743,-0.30810482,-0.03437062,0.11794553,-0.11862424,-0.17157885,-0.024229984,-0.084577799,0.54190474,-0.010596076,0.24588109,-0.42490086,-0.04642504
3.2989783,-0.30858247,-0.024921217,0.11833863,-0.10321212,-0.19702862,-0.021374022,-0.081707859,0.56005308,-0.01098235,0.24625611,-0.40928529,-0.048948184
3.3021823,-0.30936325,-0.0153163,0.11865663,-0.088566433,-0.22063865,-0.018234876,-0.077470919,0.57553629,-0.01250294,0.24786247,-0.39164376,-0.051667529
3.3053861,-0.31058456,-0.0057957584,0.11886209,-0.074592726,-0.24293993,-0.014940937,-0.071605788,0.58819564,-0.015160346,0.25070727,-0.37217662,-0.054499587
3.3085899,-0.31178486,0.0034211507,0.1190811,-0.061475053,-0.26375076,-0.011528141,-0.063470923,0.59801681,-0.018914278,0.25393042,-0.35105936,-0.057212169
3.3117935,-0.31275484,0.012189644,0.11925417,-0.048246522,-0.2825802,-0.0078029574,-0.052889331,0.60548271,-0.023495414,0.25760372,-0.32847659,-0.059793623
3.3149971,-0.31345677,0.020649666,0.11940764,-0.035066237,-0.29945829,-0.0038884973,-0.039795884,0.61045438,-0.028658382,0.26160712,-0.3044329,-0.062290939
3.3182006,-0.31390477,0.028676799,0.11954561,-0.02255461,-0.31467964,-0.00019107481,-0.024316149,0.61301721,-0.034268899,0.26542367,-0.27880051,-0.064776949
3.3214041,-0.31448805,0.03585028,0.11972863,-0.011691022,-0.32783086,0.0030704604,-0.0070893651,0.6133319,-0.039902671,0.27037726,-0.25247469,-0.067082176
3.3246074,-0.31533583,0.04239395,0.11969326,-0.0018270121,-0.33894429,0.0061738004,0.011881892,0.61189595,-0.045369885,0.27556498,-0.22537777,-0.069261336
3.3278106,-0.31616499,0.04859283,0.11975144,0.0061424583,-0.34808416,0.0093906669,0.032543212,0.60873634,-0.050474689,0.28032081,-0.19715618,-0.071178467
3.3310138,-0.31706884,0.054148024,0.11981891,0.012893011,-0.35556624,0.012544433,0.054216518,0.60370759,-0.055145293,0.28464987,-0.16763224,-0.072703024
3.3342168,-0.31815342,0.059038216,0.1198465,0.018087177,-0.36135881,0.015413311,0.077039639,0.59677538,-0.059316248,0.28845632,-0.13627797,-0.073995288
3.3374198,-0.31952595,0.063240445,0.11978673,0.022157781,-0.36513349,0.01807291,0.10169857,0.58830856,-0.06289458,0.29185188,-0.10433779,-0.07595721
3.3406227,-0.32071295,0.066682317,0.11972789,0.025139075,-0.36694351,0.02058334,0.12755695,0.57856787,-0.065737039,0.29472682,-0.071308701,-0.077444121
3.3438255,-0.32181813,0.069539019,0.11963491,0.026803188,-0.36698968,0.022880547,0.15432416,0.56722777,-0.067875925,0.29702645,-0.036314467,-0.07855351
3.3470282,-0.32313974,0.071751843,0.11945331,0.026898073,-0.36519502,0.024914903,0.18169821,0.5539256,-0.069323742,0.29744621,0.00017661834,-0.078751426
3.3502308,-0.32474003,0.073205361,0.11915161,0.025648455,-0.36189782,0.026632182,0.20925306,0.53864128,-0.070109801,0.29739359,0.038623884,-0.078373719
3.3534333,-0.32665647,0.073766109,0.11875488,0.023029468,-0.35706696,0.027877202,0.23689767,0.52133136,-0.070244128,0.29623936,0.078331526,-0.078057896
3.3566357,-0.32859558,0.073427716,0.11836475,0.018911667,-0.35064765,0.028923763,0.2642493,0.50199542,-0.069580589,0.29359202,0.11915945,-0.077003792
3.3598381,-0.33062306,0.072294637,0.11793036,0.013475163,-0.3429736,0.029673143,0.29041057,0.48118255,-0.068427424,0.29013147,0.16150941,-0.075421567
3.3630403,-0.33281507,0.070528475,0.11739746,0.0069079762,-0.33388471,0.030210902,0.31461183,0.45890938,-0.066808438,0.28637419,0.20398607,-0.072459549
3.3662425,-0.33510435,0.068044628,0.11676837,-0.00068147888,-0.32359306,0.030362229,0.33711479,0.43549298,-0.064816352,0.28243256,0.24561422,-0.068222801
3.3694445,-0.33756559,0.064776579,0.11603288,-0.0089748557,-0.31211602,0.030002973,0.35835804,0.41071202,-0.062693986,0.27866432,0.2864889,-0.063504372
3.3726465,-0.34008042,0.060767861,0.11518406,-0.017454699,-0.29950661,0.029225566,0.37795083,0.38495317,-0.060495469,0.27496938,0.32625812,-0.058070782
3.3758484,-0.34278818,0.055959706,0.11426518,-0.025937858,-0.28571916,0.027993547,0.39597799,0.35846636,-0.058026753,0.2711487,0.36433139,-0.052078758
3.3790502,-0.34523523,0.050118651,0.11324135,-0.034242556,-0.27081613,0.026415846,0.41235756,0.33136055,-0.055411454,0.26778114,0.4005187,-0.046373166
3.3822519,-0.34771218,0.043545693,0.11215045,-0.042376606,-0.25479985,0.024605456,0.42676402,0.30386039,-0.052758698,0.26676086,0.43385315,-0.0409045
3.3854535,-0.35023016,0.036250309,0.11098125,-0.050407084,-0.23766254,0.022537112,0.43969011,0.27550042,-0.050211345,0.26772312,0.46391951,-0.036171045
3.388655,-0.35272155,0.028268253,0.10975498,-0.058011986,-0.21932314,0.020217864,0.45178389,0.24646094,-0.048233546,0.2707975,0.49046921,-0.032234653
3.3918565,-0.35512186,0.019474668,0.10854881,-0.065122344,-0.19992197,0.017808561,0.46220251,0.2168733,-0.046437786,0.27583461,0.51288841,-0.029259886
3.3950578,-0.35754893,0.0098786283,0.10736852,-0.071590008,-0.17945783,0.015403103,0.47074678,0.18711521,-0.044064173,0.28221683,0.53122963,-0.027321395
3.3982591,-0.35973376,-0.00046742889,0.10624927,-0.077583063,-0.15790781,0.013061745,0.47744219,0.1571069,-0.04152612,0.29041303,0.54568807,-0.026370462
3.4014602,-0.36160135,-0.011405306,0.10518765,-0.082935134,-0.13550529,0.010821283,0.48223979,0.12657819,-0.038843472,0.30032267,0.55646774,-0.026269257
3.4046613,-0.36319825,-0.023293092,0.10400352,-0.087301504,-0.11216714,0.0084729352,0.48459254,0.095779871,-0.036394928,0.31191491,0.56429439,-0.026967005
3.4078623,-0.36439677,-0.035124088,0.10302899,-0.09137563,-0.088318518,0.006210599,0.48426848,0.065544003,-0.03491291,0.32482994,0.57015254,-0.028412214
3.4110632,-0.36584393,-0.047474968,0.1023231,-0.095160756,-0.064085211,0.0043663871,0.4813336,0.035267015,-0.033819335,0.3388359,0.57383476,-0.030556355
3.4142641,-0.36700592,-0.059931476,0.10144073,-0.09860191,-0.039317637,0.002956955,0.47587976,0.0050816015,-0.032771913,0.35417589,0.57490503,-0.033287752
3.4174648,-0.36776099,-0.072568494,0.10050465,-0.10174918,-0.01401232,0.0022686162,0.4682869,-0.024887624,-0.031810088,0.3708891,0.57343473,-0.03647507
3.4206655,-0.36812695,-0.085862645,0.099601403,-0.10461802,0.011419738,0.0012443972,0.45852364,-0.054785178,-0.030939727,0.38885617,0.56956903,-0.040031481
3.4238661,-0.36804925,-0.10003345,0.098490562,-0.10705643,0.036428288,-0.00022427235,0.44656065,-0.084381845,-0.030211861,0.40939737,0.56351876,-0.043749396
3.4270666,-0.36761031,-0.11405989,0.097382354,-0.1090005,0.062726128,-0.0015474196,0.43145552,-0.11318592,-0.029800545,0.43280845,0.55534631,-0.047517014
3.430267,-0.36703298,-0.12889371,0.096768863,-0.11047916,0.087765446,-0.002241219,0.41426238,-0.14129472,-0.029532783,0.45881581,0.54545457,-0.051255078
3.4334674,-0.36625083,-0.14414737,0.096317815,-0.11156634,0.11197865,-0.0022359111,0.39531775,-0.16795037,-0.029147459,0.48722328,0.53410844,-0.05488518
3.4366676,-0.36457808,-0.15913109,0.096048823,-0.11249939,0.13526549,-0.0019081205,0.37507417,-0.19445812,-0.02910456,0.51771296,0.52146521,-0.058358962
3.4398678,-0.36217599,-0.17383115,0.095893481,-0.11372466,0.15771942,-0.0014333149,0.3538575,-0.2198325,-0.029046114,0.54825636,0.50781783,-0.061451191
3.443068,-0.35920888,-0.1880139,0.095709811,-0.11427071,0.17995062,-0.00063684302,0.33161353,-0.24404326,-0.028980035,0.57804218,0.49342446,-0.064162055
3.446268,-0.3555809,-0.20140617,0.095672308,-0.11455003,0.20178634,0.00035437815,0.30924595,-0.26698533,-0.029086556,0.60691804,0.47858602,-0.066434807
3.449468,-0.35065734,-0.21423187,0.095930433,-0.11512108,0.22285526,0.0014025302,0.28745891,-0.288328,-0.029358485,0.6347348,0.46358708,-0.068238084
3.4526679,-0.34540814,-0.22603136,0.096347588,-0.11529508,0.24248972,0.0027142807,0.26634014,-0.30784685,-0.029850347,0.6615561,0.44851243,-0.069572311
3.4558677,-0.34000639,-0.23683714,0.096887357,-0.1153741,0.26071465,0.0043931326,0.24605234,-0.32495472,-0.030604209,0.68727066,0.43337042,-0.070555464
3.4590675,-0.3345341,-0.24657593,0.097520681,-0.11601056,0.27785323,0.0063244861,0.22688212,-0.33927017,-0.031677849,0.7117241,0.41824148,-0.071211051
3.4622672,-0.32871288,-0.25518105,0.098236095,-0.11734799,0.29393012,0.0084560445,0.20890091,-0.35091293,-0.033111785,0.73486112,0.40338068,-0.071552503
3.4654668,-0.32263812,-0.26241969,0.099063864,-0.11927464,0.30909201,0.010606193,0.19292041,-0.35985449,-0.034846344,0.75654014,0.38878282,-0.071649404
3.4686664,-0.31616084,-0.26808133,0.10010297,-0.12193615,0.32354374,0.012610392,0.17901683,-0.36600058,-0.036891046,0.77701901,0.37439385,-0.071532872
3.4718658,-0.3095901,-0.27203009,0.10129111,-0.12555782,0.33725899,0.014306146,0.16699645,-0.36931361,-0.039247832,0.79582194,0.36023581,-0.071338974
3.4750652,-0.30286033,-0.27471402,0.10262106,-0.12981953,0.34993312,0.015822462,0.15598094,-0.36995383,-0.04177281,0.81278545,0.34616859,-0.071100239
3.4782645,-0.29617108,-0.27645675,0.10396948,-0.13462273,0.36185073,0.017025053,0.1459978,-0.36790111,-0.044391803,0.82787385,0.332292,-0.070848594
3.4814638,-0.28939001,-0.27770271,0.10533393,-0.14003409,0.37325624,0.01753842,0.13717226,-0.36272157,-0.047110093,0.84144742,0.31849497,-0.070838313
3.484663,-0.28283563,-0.27820583,0.10664727,-0.14561144,0.38403074,0.017243339,0.12932825,-0.35489756,-0.049942478,0.85341571,0.30432118,-0.070742416
3.4878621,-0.27650132,-0.27783098,0.10797862,-0.1511284,0.39414198,0.016110139,0.12189292,-0.34451297,-0.052904017,0.86368643,0.29001389,-0.070720992
3.4910611,-0.27047698,-0.27664573,0.10931907,-0.15692482,0.40290919,0.014312428,0.1147411,-0.33171584,-0.055925925,0.87206058,0.27518776,-0.070791245
3.4942601,-0.26490165,-0.27468926,0.11063801,-0.16196008,0.41029487,0.01161751,0.10794018,-0.31699691,-0.058868238,0.87806808,0.25962143,-0.070880465
3.4974589,-0.25978288,-0.27210566,0.11191085,-0.16595137,0.41643206,0.0086007578,0.10165152,-0.30044497,-0.061674603,0.88294625,0.24353367,-0.071489573
3.5006578,-0.25508222,-0.26876805,0.11312705,-0.16922854,0.42116068,0.0048248965,0.09575368,-0.28205823,-0.064291533,0.88582045,0.22663131,-0.072175898
3.5038565,-0.25074611,-0.26462822,0.11429056,-0.17159845,0.42469299,0.0002666026,0.0904517,-0.26244431,-0.066899467,0.88632691,0.20882021,-0.072371686
3.5070552,-0.24691576,-0.25969147,0.11537605,-0.17276907,0.42655445,-0.0049587089,0.085561491,-0.24131448,-0.069458467,0.88434295,0.18953559,-0.072544909
3.5102538,-0.24352656,-0.25399048,0.11636605,-0.17256965,0.42622027,-0.010640059,0.081150966,-0.21865478,-0.071762823,0.87963503,0.16862356,-0.072486837
3.5134523,-0.24054196,-0.24751511,0.11728164,-0.17104502,0.42378719,-0.016737156,0.077326161,-0.19455239,-0.073761103,0.87173145,0.14605831,-0.072533153
3.5166507,-0.23802317,-0.24033771,0.11811855,-0.1681041,0.41911055,-0.022879243,0.074549039,-0.16852777,-0.075288824,0.86034113,0.12214985,-0.073269867
3.5198491,-0.23596916,-0.23255574,0.11886506,-0.16377102,0.41227862,-0.028905467,0.072804039,-0.1411613,-0.076579978,0.8455082,0.096491056,-0.073684674
3.5230474,-0.23436613,-0.22431158,0.11953532,-0.15818297,0.40310499,-0.034581194,0.071911836,-0.11241256,-0.077761387,0.82766633,0.068932681,-0.073909743
3.5262456,-0.2332024,-0.21564313,0.12012094,-0.15144446,0.39202457,-0.039760645,0.071976969,-0.081856944,-0.07874293,0.80741051,0.039738519,-0.073960172
3.5294438,-0.23247241,-0.20655433,0.1206056,-0.14355664,0.37885827,-0.044248727,0.072238479,-0.0502387,-0.078900862,0.78503473,0.0091935851,-0.073860818
3.5326418,-0.23215875,-0.19713775,0.12099673,-0.1345301,0.36369907,-0.047893074,0.071942582,-0.017614259,-0.078156788,0.7600144,-0.02174361,-0.073877965
3.5358398,-0.23214862,-0.18730098,0.12128186,-0.12465341,0.34660034,-0.050849892,0.071649603,0.016267165,-0.076430199,0.7335007,-0.052533963,-0.07386919
3.5390378,-0.23246439,-0.1771453,0.12149648,-0.11421183,0.32763776,-0.052944898,0.07144577,0.050939987,-0.074518329,0.70607284,-0.082785823,-0.073851586
3.5422356,-0.23315215,-0.16675936,0.12161645,-0.10324548,0.30724377,-0.05422476,0.071210518,0.086299042,-0.072433337,0.67810971,-0.11199432,-0.073843031
3.5454334,-0.23405306,-0.15620425,0.12173551,-0.091938129,0.28545053,-0.05480775,0.0708559,0.12251831,-0.069899322,0.65006902,-0.13973675,-0.07397826
3.5486311,-0.23539693,-0.14568161,0.12182516,-0.080146107,0.26203335,-0.05467626,0.070379561,0.15838774,-0.065997516,0.62277254,-0.16500973,-0.074358365
3.5518288,-0.23645474,-0.13476957,0.12185294,-0.067582746,0.23770892,-0.054181166,0.06957861,0.1938917,-0.060586668,0.5969442,-0.18762741,-0.074931034
3.5550263,-0.23745185,-0.12375589,0.12171775,-0.053804621,0.21221314,-0.053346622,0.068405116,0.2293963,-0.053789722,0.57254947,-0.20734754,-0.075655009
3.5582238,-0.23857122,-0.11287141,0.12143182,-0.039713646,0.18512317,-0.051713234,0.066847268,0.26425755,-0.046559507,0.55001048,-0.22435002,-0.076539462
3.5614212,-0.23978532,-0.10195313,0.12125671,-0.026169159,0.1576183,-0.049261968,0.064768297,0.29850626,-0.039464492,0.53015605,-0.23864584,-0.077632637
3.5646185,-0.24095001,-0.090934782,0.12141019,-0.013144473,0.12993367,-0.046802732,0.062575313,0.33177155,-0.03272595,0.51244254,-0.25026086,-0.078860233
3.5678158,-0.24207761,-0.080135467,0.1216998,0.00027051197,0.10189974,-0.043533528,0.061168642,0.36330836,-0.026236781,0.49640513,-0.25930795,-0.080218856
3.571013,-0.24318066,-0.068907574,0.12154545,0.0144483,0.073425968,-0.039404145,0.060067369,0.39318142,-0.020319834,0.48199308,-0.26575452,-0.081737715
3.5742101,-0.24423608,-0.057912048,0.12133728,0.027297659,0.045215192,-0.03639989,0.059573999,0.42090635,-0.015328546,0.46899669,-0.26964635,-0.08350222
3.5774071,-0.24501098,-0.047212579,0.1211552,0.039435806,0.016950529,-0.033939626,0.059992666,0.44595215,-0.011553574,0.45723977,-0.27102733,-0.085378588
3.580604,-0.24571554,-0.036808748,0.12104314,0.051056106,-0.012136163,-0.031724339,0.061386785,0.46794347,-0.0092194465,0.44637321,-0.26972828,-0.087361834
3.5838009,-0.24617825,-0.026845022,0.12099415,0.062420802,-0.039934241,-0.029449804,0.064048607,0.48672626,-0.0087885313,0.43616716,-0.26610727,-0.089457021
3.5869977,-0.2466958,-0.016957346,0.12094904,0.073429455,-0.065903221,-0.026753224,0.067871945,0.50224757,-0.0098220234,0.42677597,-0.26024077,-0.091679844
3.5901944,-0.24782138,-0.0071322221,0.12079959,0.084143449,-0.091267492,-0.023795157,0.073033117,0.51449076,-0.012204344,0.41828459,-0.25227605,-0.094035404
3.5933911,-0.2489686,0.0022461416,0.12067043,0.093452538,-0.11459681,-0.021246854,0.079690349,0.5234732,-0.015750458,0.41080893,-0.24233202,-0.096454882
3.5965876,-0.24998766,0.011085683,0.12056525,0.10119327,-0.13655789,-0.01898279,0.088076045,0.52956535,-0.020235173,0.40452047,-0.23032462,-0.098837833
3.5997841,-0.25093655,0.019516352,0.12048948,0.10772578,-0.15728265,-0.016856457,0.098259925,0.53306429,-0.025400859,0.39930383,-0.21638883,-0.10105397
3.6029805,-0.2515136,0.027358542,0.12044093,0.1129165,-0.17653495,-0.01489279,0.11002896,0.53411861,-0.030989483,0.39557193,-0.20038154,-0.10294955
3.6061768,-0.25203229,0.034641615,0.1204113,0.11704112,-0.19428051,-0.013108824,0.12313603,0.5329102,-0.036664754,0.39358322,-0.18219903,-0.10440373
3.6093731,-0.25282459,0.040814504,0.12038336,0.12091796,-0.21005321,-0.01139921,0.13732665,0.52966034,-0.042280032,0.39307797,-0.16182133,-0.10543969
3.6125692,-0.2536947,0.046151599,0.12020444,0.12371343,-0.2240414,-0.0096920317,0.15256831,0.52458974,-0.047676208,0.39400673,-0.13904491,-0.10586663
3.6157653,-0.25462911,0.051076529,0.12010326,0.12500864,-0.23570239,-0.0080850245,0.16861612,0.51759983,-0.05279385,0.39583557,-0.11422741,-0.10550534
3.6189613,-0.25566777,0.055191091,0.11993994,0.12478649,-0.24505132,-0.0065708509,0.18515992,0.50870223,-0.057539839,0.39832498,-0.087583419,-0.10415901
3.6221572,-0.25706944,0.05838333,0.11969242,0.12325962,-0.25223005,-0.0051216835,0.20208096,0.49833745,-0.061771657,0.40142515,-0.0591792,-0.10166805
3.6253531,-0.25819575,0.060787438,0.11940911,0.12048965,-0.25751568,-0.0037082291,0.21986213,0.48653423,-0.065800493,0.40485022,-0.029124547,-0.098305785
3.6285489,-0.25938135,0.062503738,0.1191312,0.11634543,-0.26099995,-0.0023389006,0.23838218,0.47301959,-0.069329171,0.40859355,0.002444938,-0.093954573
3.6317446,-0.26069346,0.06337403,0.11877451,0.11105908,-0.26243121,-0.0010440702,0.25753588,0.45795202,-0.072478713,0.41161159,0.035055597,-0.088434906
3.6349402,-0.26227813,0.063343403,0.11827042,0.10466639,-0.26186268,9.7335389e-05,0.27696351,0.44134315,-0.075311594,0.41387348,0.068615663,-0.081812434
3.6381357,-0.26407346,0.062498564,0.11768114,0.097288928,-0.25947825,0.00094322958,0.29662142,0.42364164,-0.077596516,0.41547885,0.10299212,-0.073983701
3.6413311,-0.26592068,0.060597925,0.11710376,0.089002464,-0.25534351,0.0015534432,0.31638736,0.404799,-0.079395758,0.41622396,0.13794918,-0.065214948
3.6445265,-0.2678543,0.057775157,0.1164999,0.080374583,-0.24960447,0.0019437326,0.33570083,0.38463921,-0.080742437,0.4160572,0.17306954,-0.055997793
3.6477218,-0.27005034,0.054229518,0.11580364,0.071725331,-0.24229294,0.0021560408,0.35456559,0.36335928,-0.081640162,0.41530558,0.20734179,-0.045994667
3.650917,-0.27206808,0.049876555,0.11500199,0.062938972,-0.23342032,0.0021694992,0.37281297,0.34144599,-0.082290667,0.41381903,0.24096982,-0.036140298
3.6541122,-0.27411991,0.044699647,0.11410163,0.054208879,-0.22297936,0.0019066766,0.38984578,0.31888796,-0.082614942,0.41156028,0.27336372,-0.026830348
3.6573073,-0.27610493,0.038684025,0.11311484,0.045668168,-0.210984,0.0014116046,0.40553501,0.29597661,-0.082333738,0.40851878,0.30369865,-0.01834674
3.6605023,-0.27806734,0.031726927,0.11208449,0.037382215,-0.19760119,0.00062486013,0.41988665,0.27266055,-0.081709881,0.40493679,0.33126362,-0.010903553
3.6636972,-0.2798068,0.024060059,0.11102874,0.029512652,-0.1827355,-0.00037549638,0.43259733,0.24882865,-0.080777827,0.40160644,0.35552802,-0.0045781375
3.666892,-0.28150583,0.015704758,0.10994857,0.022080249,-0.16650936,-0.0015408994,0.44463022,0.22496512,-0.079827755,0.39840584,0.37655314,0.00018130617
3.6700868,-0.28324872,0.0065418582,0.10890081,0.015257899,-0.14904594,-0.0028242906,0.45599873,0.20089621,-0.079163456,0.39575199,0.39424122,0.0034222618
3.6732815,-0.28486573,-0.0033340337,0.10789315,0.0087336136,-0.13017795,-0.0041105297,0.46585367,0.17684748,-0.077943089,0.39395699,0.40853127,0.0051638267
3.6764761,-0.28622156,-0.014086162,0.10684663,0.0027120525,-0.11035008,-0.0053826295,0.47418828,0.15259057,-0.076135301,0.39351057,0.41972448,0.0054493141
3.6796707,-0.28729453,-0.025058584,0.10595865,-0.0025844062,-0.089630662,-0.0067472832,0.48095778,0.12783574,-0.073950348,0.3944637,0.42807872,0.0041569251
3.6828652,-0.28781563,-0.036230186,0.10515054,-0.0066663249,-0.067851746,-0.0081996734,0.48553853,0.10323816,-0.072174394,0.39655236,0.43387289,0.0018008608
3.6860596,-0.28817684,-0.047821427,0.10440177,-0.011450721,-0.045450263,-0.0093006608,0.48771353,0.078863018,-0.071343399,0.39957474,0.4378678,-0.0013545214
3.6892539,-0.2886359,-0.059614037,0.10356732,-0.016046302,-0.022645769,-0.0099574113,0.48750467,0.054210422,-0.070498779,0.40359013,0.44027257,-0.005208833
3.6924482,-0.28873528,-0.071679936,0.10294838,-0.020295543,0.00038274041,-0.010196033,0.48485831,0.029158861,-0.069460404,0.40862257,0.44098668,-0.0096554987
3.6956424,-0.28848343,-0.08449585,0.10202573,-0.02402924,0.022904167,-0.010775014,0.48006772,0.0039230376,-0.068301,0.41439216,0.44001755,-0.014586743
3.6988365,-0.28779339,-0.097998652,0.10123507,-0.027498118,0.046488867,-0.011102263,0.47273602,-0.021511862,-0.066952667,0.42090594,0.43731481,-0.019894594
3.7020305,-0.28671568,-0.11146105,0.10033503,-0.030742208,0.070301615,-0.011445633,0.46236645,-0.046576567,-0.065686321,0.42820543,0.43280793,-0.025463193
3.7052245,-0.28530721,-0.12559377,0.099929998,-0.033846265,0.093713492,-0.011547857,0.45011166,-0.071349024,-0.064279593,0.43629075,0.42664925,-0.031259364
3.7084184,-0.28306051,-0.13941609,0.0997371,-0.036930582,0.11593962,-0.010921486,0.43593147,-0.095695673,-0.062633978,0.445137,0.41882239,-0.037255599
3.7116123,-0.28045931,-0.1530286,0.099705737,-0.039264545,0.13767846,-0.0097837171,0.42010744,-0.11962985,-0.060781843,0.45459921,0.40968293,-0.043307211
3.714806,-0.27756926,-0.16600247,0.099725748,-0.041453035,0.15821581,-0.0086123995,0.4027716,-0.14279203,-0.058778042,0.4646299,0.39957382,-0.049292533
3.7179997,-0.27439148,-0.17810853,0.0998356,-0.04355738,0.17746063,-0.0073066099,0.38420178,-0.16500131,-0.0567197,0.47529459,0.38844649,-0.055409986
3.7211934,-0.27067566,-0.18945495,0.10007582,-0.045941916,0.19623129,-0.005795666,0.36536105,-0.18610262,-0.054293925,0.48693128,0.37663226,-0.061771287
3.7243869,-0.26581172,-0.20004733,0.10059662,-0.047972094,0.21411106,-0.0038844322,0.34657392,-0.20555693,-0.052129821,0.4997432,0.3641448,-0.068024948
3.7275804,-0.26060947,-0.20979198,0.10124392,-0.04938796,0.23064868,-0.0015000121,0.32809664,-0.22281129,-0.050351852,0.51362639,0.35124941,-0.07411534
3.7307738,-0.2551841,-0.21843747,0.10194005,-0.051155025,0.24582708,0.0012174253,0.31030708,-0.23741616,-0.049031306,0.52843716,0.33791448,-0.080030075
3.7339672,-0.24934758,-0.22597621,0.1027532,-0.053246047,0.25964489,0.0042010115,0.29341938,-0.24936493,-0.048196191,0.54425879,0.32415521,-0.085724927
3.7371604,-0.24332881,-0.23213581,0.10365408,-0.055749081,0.27246675,0.0071855648,0.27750131,-0.25853282,-0.047799986,0.56087696,0.31023118,-0.091027749
3.7403536,-0.23717272,-0.23721751,0.10463237,-0.058902224,0.28430179,0.010039203,0.26283759,-0.26471476,-0.047802741,0.57805921,0.2965118,-0.095868758
3.7435468,-0.23073926,-0.24135938,0.10571813,-0.062664336,0.29514896,0.012751122,0.24938884,-0.26814704,-0.048163307,0.59546733,0.28303392,-0.1002231
3.7467398,-0.22419546,-0.24467954,0.1069057,-0.066762639,0.30495595,0.015347725,0.23756286,-0.26872321,-0.048849454,0.61291422,0.26967327,-0.10409744
3.7499328,-0.21766203,-0.24722783,0.10812129,-0.071437382,0.31387181,0.017581592,0.22660515,-0.26627804,-0.049828661,0.63017315,0.256263,-0.10751083
3.7531257,-0.21110326,-0.24908857,0.10934735,-0.076654879,0.32239584,0.019215839,0.21631399,-0.26122586,-0.051040915,0.64665117,0.24262551,-0.11024372
3.7563186,-0.20477442,-0.24997362,0.11056926,-0.082295748,0.33020249,0.019990948,0.206704,-0.25361718,-0.052454956,0.66207652,0.22874316,-0.11229239
3.7595113,-0.19864364,-0.2499426,0.11177831,-0.088262391,0.33722531,0.020116884,0.1979671,-0.24376702,-0.053980616,0.6762486,0.21452662,-0.11351204
3.762704,-0.19272886,-0.24908926,0.11301639,-0.09427558,0.34323599,0.019291248,0.18926922,-0.23145501,-0.055400786,0.68995729,0.20018305,-0.11432153
3.7658967,-0.18730272,-0.24739479,0.11422586,-0.10046073,0.34821409,0.017596915,0.18051948,-0.21713911,-0.056755582,0.70243058,0.18540737,-0.11467287
3.7690892,-0.18220629,-0.2448721,0.11540763,-0.10619792,0.35209661,0.015003267,0.17187256,-0.20115227,-0.058239301,0.71347837,0.17005886,-0.11456667
3.7722817,-0.17744178,-0.24149773,0.11657076,-0.11160366,0.35464256,0.012000821,0.16376945,-0.1835441,-0.059534734,0.72294793,0.15411931,-0.11380424
3.7754741,-0.17301683,-0.23725693,0.11770972,-0.11648187,0.3559168,0.0080831057,0.15632225,-0.16309917,-0.060233837,0.73057378,0.13755028,-0.11217623
3.7786665,-0.16903485,-0.23228654,0.11878487,-0.12026876,0.35562856,0.0034777342,0.14923966,-0.14094592,-0.060550534,0.73604366,0.12044888,-0.11058233
3.7818588,-0.16538142,-0.2267238,0.11978333,-0.12316798,0.35357334,-0.0016456827,0.14241339,-0.11732067,-0.06036983,0.73932225,0.10233695,-0.10859049
3.785051,-0.16207147,-0.22059741,0.12073551,-0.12501424,0.34992029,-0.0072222146,0.13648324,-0.092241035,-0.059962658,0.74034693,0.083093747,-0.10613708
3.7882431,-0.15915055,-0.21405378,0.12161934,-0.12559534,0.34441103,-0.013145642,0.13113941,-0.066084555,-0.059180925,0.73916884,0.063068533,-0.10340464
3.7914352,-0.15660776,-0.20710884,0.12242029,-0.12495521,0.33731173,-0.019239469,0.12659998,-0.038760785,-0.057847151,0.73501821,0.042620308,-0.10056547
3.7946272,-0.15439779,-0.19979819,0.12311603,-0.12312279,0.328621,-0.025255999,0.12270535,-0.010668258,-0.056087294,0.72857149,0.021570734,-0.097439094
3.7978192,-0.15264735,-0.19216715,0.12370909,-0.11991779,0.31778109,-0.030908513,0.11841228,0.018040576,-0.053583304,0.71986428,9.9661536e-05,-0.094043092
3.8010111,-0.15123495,-0.18421172,0.12420783,-0.11563971,0.30491224,-0.036123621,0.11423993,0.047179346,-0.050789573,0.70904223,-0.021545874,-0.090475368
3.8042029,-0.15015935,-0.17593297,0.12466197,-0.11058616,0.29012458,-0.040734051,0.11049535,0.076310962,-0.048185588,0.69616997,-0.042736072,-0.086969616
3.8073946,-0.14944381,-0.16735394,0.1250501,-0.10466997,0.27367888,-0.044391754,0.10692518,0.10567277,-0.045420894,0.68159416,-0.063207586,-0.083421175
3.8105863,-0.1489315,-0.15852853,0.12534461,-0.098083786,0.25573734,-0.047424822,0.10340599,0.13490625,-0.042273159,0.66559902,-0.082604223,-0.079882354
3.8137779,-0.14866189,-0.14961821,0.12554275,-0.090919266,0.23630927,-0.049961239,0.099680237,0.16336882,-0.037821809,0.64871097,-0.10055414,-0.076780119
3.8169694,-0.14854726,-0.14064643,0.12569747,-0.082994832,0.2152409,-0.051448967,0.095716141,0.19113144,-0.032270748,0.63127971,-0.11680299,-0.074306441
3.8201609,-0.14873868,-0.13152402,0.12581256,-0.073946877,0.19292223,-0.051985043,0.09159728,0.21819024,-0.026189292,0.61362381,-0.13089789,-0.072410557
3.8233523,-0.14922329,-0.12246791,0.12581902,-0.064032834,0.16926266,-0.052052236,0.087060907,0.24469142,-0.020116684,0.59619339,-0.14241812,-0.071018608
3.8265437,-0.14947032,-0.11329123,0.12568098,-0.054009847,0.14460105,-0.050848597,0.082080442,0.27035006,-0.013971229,0.57970693,-0.15138142,-0.070005477
3.829735,-0.1498337,-0.10418673,0.12547845,-0.044345445,0.11982738,-0.049543843,0.07743997,0.29506525,-0.0077354426,0.56451221,-0.15765152,-0.06934901
3.8329262,-0.15020496,-0.095060032,0.12553499,-0.034771886,0.094739985,-0.048194898,0.072981643,0.31885693,-0.0015963037,0.55057341,-0.16116805,-0.069001959
3.8361174,-0.1506771,-0.086155686,0.12563148,-0.024962006,0.06874967,-0.045832639,0.068652479,0.34152805,0.0040600586,0.53779866,-0.16244175,-0.068766109
3.8393085,-0.15125386,-0.077686782,0.12584698,-0.014692889,0.042483893,-0.043334879,0.064574781,0.3631323,0.008851742,0.52622779,-0.16142375,-0.068586376
3.8424995,-0.15181403,-0.069034125,0.12569833,-0.0041770275,0.016274725,-0.04098897,0.061109415,0.3831361,0.01254178,0.51540319,-0.15837584,-0.06834711
3.8456905,-0.15227003,-0.060552261,0.12547397,0.0063319996,-0.010237051,-0.038284628,0.058946598,0.40122083,0.014839995,0.50531281,-0.15301193,-0.068004256
3.8488815,-0.15275619,-0.052113025,0.12531776,0.016461708,-0.036612434,-0.036089477,0.057719924,0.41725707,0.015218154,0.4959977,-0.14534164,-0.067541822
3.8520723,-0.15313202,-0.043874536,0.12516542,0.026758374,-0.061652442,-0.033623393,0.057395565,0.43153193,0.01342754,0.48749432,-0.13594584,-0.06684206
3.8552631,-0.1533452,-0.035985468,0.12501842,0.036924136,-0.085243292,-0.03062459,0.058284607,0.44375405,0.010230449,0.47986238,-0.12475563,-0.065869647
3.8584539,-0.15352914,-0.028519649,0.12484535,0.046613746,-0.10791631,-0.02764363,0.060585927,0.45365452,0.00574961,0.47286998,-0.11196837,-0.064580481
3.8616446,-0.15402255,-0.021425112,0.12465721,0.055067423,-0.1284727,-0.024783654,0.064383182,0.46164602,-1.1700901e-05,0.46616286,-0.097587985,-0.062932452
3.8648352,-0.15453535,-0.014988991,0.12442962,0.062389636,-0.14748696,-0.021981717,0.06977992,0.46791699,-0.0068067387,0.45988494,-0.081517715,-0.06103663
3.8680258,-0.15501452,-0.0090851644,0.12425173,0.068719284,-0.16510118,-0.019363351,0.076869235,0.47228923,-0.01444164,0.45404677,-0.064088129,-0.05861997
3.8712164,-0.15546684,-0.0034204826,0.12407544,0.073936062,-0.18130912,-0.016924083,0.085489637,0.47487934,-0.022600623,0.44882657,-0.045270284,-0.055694266
3.8744069,-0.15587157,0.001843942,0.12387576,0.078790098,-0.19576548,-0.014484845,0.095664517,0.47563865,-0.030782387,0.44397408,-0.025336034,-0.052239741
3.8775973,-0.15642464,0.0065958632,0.12361642,0.08318647,-0.20826414,-0.012145354,0.10699325,0.47446926,-0.0387955,0.4396031,-0.0044890545,-0.048220958
3.8807877,-0.15699342,0.010809071,0.12335832,0.086432629,-0.21874728,-0.01003913,0.11917606,0.47143012,-0.04653799,0.43590377,0.017127078,-0.043998645
3.883978,-0.1575464,0.01449315,0.12314091,0.088527533,-0.22721657,-0.0081492757,0.13205922,0.46662659,-0.053838989,0.43264623,0.039292845,-0.039612859
3.8871683,-0.15814597,0.017630881,0.12299063,0.089700795,-0.23393702,-0.0064823979,0.14541363,0.46002754,-0.060432143,0.42969271,0.06188293,-0.034835296
3.8903585,-0.15874776,0.020175831,0.12287554,0.089991331,-0.23888896,-0.0049903658,0.15904773,0.45160424,-0.066203177,0.42631393,0.08446401,-0.029461
3.8935487,-0.15939944,0.022292041,0.12273723,0.08942752,-0.24199909,-0.0036285382,0.17326744,0.44128282,-0.071588584,0.42300786,0.10694606,-0.023385927
3.8967389,-0.16005196,0.023933289,0.12257601,0.08807651,-0.24318004,-0.0024415924,0.18797669,0.42945914,-0.076640997,0.41970024,0.12946814,-0.016924484
3.899929,-0.16072437,0.024765585,0.12241422,0.085978982,-0.24246287,-0.0013854004,0.20324309,0.41636873,-0.080926483,0.41604987,0.15175778,-0.010644022
3.9031191,-0.16149133,0.024737241,0.12229496,0.083192046,-0.24023566,-0.00050373321,0.21881331,0.40166814,-0.08447506,0.41205888,0.17305937,-0.0036765185
3.9063091,-0.16230823,0.024081688,0.12220774,0.079716121,-0.23630798,0.00035065395,0.23433772,0.38544186,-0.087482726,0.40777163,0.19370907,0.00342888
3.9094991,-0.16312247,0.022812153,0.12207676,0.075510366,-0.23075071,0.0011155595,0.24948413,0.36828067,-0.089913513,0.40294307,0.21381035,0.010478769
3.912689,-0.16398582,0.020999752,0.12191928,0.070738141,-0.22369701,0.0017794416,0.26426922,0.34992373,-0.091820646,0.39745309,0.23337372,0.017100479
3.9158789,-0.1648689,0.018729186,0.12172331,0.065266732,-0.215308,0.0023546135,0.27901299,0.3309421,-0.09304914,0.3922694,0.25195949,0.02332958
3.9190688,-0.16564274,0.015941528,0.12151723,0.059337766,-0.20567771,0.0028293526,0.29353315,0.31131769,-0.093640892,0.38721161,0.26986324,0.029015373
3.9222586,-0.16637578,0.01245603,0.12137607,0.053002465,-0.19477953,0.0031326291,0.30739152,0.29068439,-0.093674845,0.38226315,0.28710424,0.033696549
3.9254484,-0.16711289,0.0082376129,0.12128424,0.046247492,-0.18275587,0.0032617743,0.32035115,0.26938402,-0.093296447,0.37715531,0.3035406,0.037213991
3.9286382,-0.1678303,0.0033944772,0.12117188,0.039244602,-0.16979677,0.0032093567,0.33226841,0.24746186,-0.092772242,0.3725508,0.31885266,0.039518355
3.9318279,-0.16849516,-0.0019063024,0.1210309,0.032499475,-0.15563032,0.0029920719,0.34359346,0.2252829,-0.091776948,0.36897071,0.3326034,0.040447841
3.9350176,-0.16889788,-0.0075691332,0.1208682,0.025264825,-0.14046423,0.0027771613,0.35427996,0.20310534,-0.090066612,0.3665851,0.34466593,0.039634452
3.9382073,-0.16916756,-0.013608738,0.12070678,0.017960287,-0.12443916,0.0025356749,0.36364307,0.18051334,-0.08779592,0.36558772,0.35512344,0.037310455
3.9413969,-0.16918006,-0.019880112,0.12058902,0.010645769,-0.10776345,0.0021504719,0.37183808,0.15755977,-0.085023879,0.366116,0.36404448,0.03359902
3.9445865,-0.16898241,-0.026695629,0.12051127,0.0032204632,-0.090525488,0.0017001067,0.3785179,0.13419963,-0.082150381,0.36798724,0.37144406,0.028418066
3.9477761,-0.16858465,-0.034040767,0.12042041,-0.0043510911,-0.072939882,0.0014286846,0.38338704,0.11127289,-0.079881291,0.3711039,0.37790218,0.022020956
3.9509656,-0.16793776,-0.041693672,0.12036907,-0.010873135,-0.054628694,0.0010627156,0.38624845,0.088433922,-0.077867828,0.37532428,0.38337677,0.014762661
3.9541551,-0.16708001,-0.049552068,0.12036575,-0.017207749,-0.035888192,0.0010604772,0.38712975,0.065583912,-0.075550365,0.38055974,0.38767704,0.0068587906
3.9573446,-0.16596822,-0.057537144,0.1204338,-0.023209001,-0.017188728,0.0008982581,0.38628297,0.042712703,-0.073131888,0.38671636,0.39067433,-0.0014359424
3.960534,-0.16455011,-0.065494117,0.12050637,-0.029154387,0.0014235199,0.00095066025,0.38338364,0.019826344,-0.070730135,0.39368734,0.39208706,-0.0099333704
3.9637234,-0.16283656,-0.073350633,0.12042814,-0.034775933,0.019948379,0.00076861253,0.37809122,-0.0024091013,-0.068671763,0.40142893,0.39195947,-0.018433488
3.9669128,-0.1607977,-0.08127594,0.120384,-0.040308663,0.037940384,0.00052215778,0.37090511,-0.023983317,-0.066820388,0.40985465,0.3902946,-0.026866805
3.9701022,-0.15843468,-0.089283031,0.1203712,-0.045618156,0.056116322,0.0007413376,0.36176622,-0.044788858,-0.064872871,0.41889786,0.38693385,-0.035066502
3.9732915,-0.15584837,-0.097347494,0.12058893,-0.050818459,0.073536162,0.0011765721,0.35114326,-0.064776544,-0.062867465,0.42838684,0.38198697,-0.042972512
3.9764808,-0.15304504,-0.10520641,0.12084831,-0.055899515,0.090147697,0.0015585336,0.3388976,-0.083858134,-0.060799163,0.43831063,0.37558196,-0.050559782
3.9796701,-0.14991373,-0.11283105,0.12107333,-0.060525189,0.10661058,0.0022509544,0.32508295,-0.10173568,-0.058724756,0.4486845,0.3679262,-0.057758705
3.9828593,-0.14667931,-0.11996545,0.12129449,-0.064983087,0.12273911,0.0030825147,0.31010352,-0.11836236,-0.056631827,0.4594603,0.35918942,-0.064576765
3.9860485,-0.14331272,-0.12668635,0.12146383,-0.06939023,0.13804649,0.0040019267,0.29418729,-0.13355489,-0.054471972,0.47086154,0.34936715,-0.071091943
3.9892377,-0.13942687,-0.13331215,0.12175847,-0.073290463,0.15200671,0.0052365604,0.27783539,-0.1474788,-0.052194657,0.48283444,0.3386336,-0.077560371
3.9924269,-0.13524669,-0.13956646,0.12219039,-0.077087723,0.16495014,0.0066077732,0.2614915,-0.15939831,-0.050518819,0.49539536,0.32722668,-0.083980453
3.995616,-0.13085807,-0.14532479,0.12267313,-0.080824467,0.17649734,0.0080354671,0.24542503,-0.16911063,-0.049181559,0.50844758,0.31521688,-0.089952905
3.9988051,-0.12637837,-0.15042364,0.12316841,-0.084899762,0.18689507,0.0095166844,0.22983276,-0.17660032,-0.048216562,0.52192874,0.30268848,-0.095532767
4.0019942,-0.12191067,-0.15488276,0.12367389,-0.088755102,0.19598492,0.011081266,0.21478186,-0.18188649,-0.047604824,0.53558224,0.28948948,-0.10064409
4.0051832,-0.11737555,-0.15870098,0.12417109,-0.092282209,0.20374913,0.012724012,0.20054573,-0.18496407,-0.047400291,0.54947371,0.27578633,-0.10542787
4.0083722,-0.11280883,-0.16194546,0.12466423,-0.095587329,0.21032041,0.01429615,0.18702659,-0.1857313,-0.047426842,0.56350406,0.26140033,-0.10980904
4.0115612,-0.10820283,-0.16459977,0.12521209,-0.09886383,0.21579812,0.01568278,0.17423157,-0.18436139,-0.047733369,0.57736102,0.24630922,-0.11345894
4.0147502,-0.10362868,-0.16659668,0.12579408,-0.10244384,0.21986812,0.016856982,0.16232914,-0.18113639,-0.048419102,0.59073356,0.23055565,-0.11634703
4.0179391,-0.099152939,-0.16790809,0.12638278,-0.10642361,0.22269908,0.017710765,0.15089343,-0.17543824,-0.049060592,0.60413108,0.2141276,-0.11855354
4.021128,-0.094788225,-0.16861594,0.12696631,-0.11060726,0.22456081,0.018299627,0.14029865,-0.16756338,-0.049709891,0.61747934,0.1970906,-0.12034768
4.0243169,-0.090671386,-0.1686725,0.12752552,-0.11476729,0.22539581,0.018668728,0.13052864,-0.15696539,-0.05022064,0.6300669,0.17909529,-0.12168091
4.0275057,-0.086729175,-0.16813002,0.1280578,-0.11890455,0.22512752,0.018721971,0.12150882,-0.1439606,-0.050637753,0.64172994,0.16050311,-0.12187909
4.0306945,-0.08291309,-0.16717006,0.1285749,-0.12322336,0.22353013,0.018487933,0.11318228,-0.12901657,-0.05095248,0.65211929,0.14162362,-0.12119865
4.0338833,-0.079350294,-0.1657185,0.12907282,-0.12768408,0.22093123,0.017883056,0.1055643,-0.11232807,-0.050969113,0.66101327,0.12239999,-0.12039163
4.0370721,-0.076021662,-0.16375572,0.12955793,-0.13232633,0.21739368,0.016844849,0.098663605,-0.093687209,-0.050670782,0.66846141,0.10256253,-0.11909386
4.0402608,-0.072950719,-0.16131082,0.12999262,-0.13715974,0.21257723,0.015312799,0.092403005,-0.073243385,-0.049951569,0.67437599,0.082032711,-0.1170261
4.0434495,-0.070171618,-0.15837383,0.13039875,-0.14187447,0.20645411,0.013323912,0.086333504,-0.051067657,-0.04859616,0.67813577,0.061692918,-0.11497981
4.0466381,-0.067652555,-0.15497677,0.13077567,-0.14704717,0.19916224,0.010876213,0.080222783,-0.027682093,-0.046940013,0.67942586,0.041483032,-0.11260859
4.0498267,-0.065397337,-0.15119704,0.13111576,-0.15240903,0.190633,0.0083255894,0.074293596,-0.0034409238,-0.044953699,0.67870935,0.021479186,-0.10985676
4.0530153,-0.063464296,-0.14705962,0.13136858,-0.15776768,0.18093422,0.0053917072,0.068517653,0.021711086,-0.042318378,0.67613005,0.0019652453,-0.10671355
4.0562038,-0.06178085,-0.14255088,0.13156073,-0.16284201,0.16998935,0.0022040849,0.063221947,0.04773757,-0.039210383,0.67155027,-0.017000218,-0.10334866
4.0593923,-0.060347438,-0.13772344,0.13167895,-0.16795434,0.15763112,-0.00098346341,0.057416895,0.074137442,-0.035280123,0.66503329,-0.035112304,-0.099944682
4.0625808,-0.059212761,-0.13259518,0.1317219,-0.17278122,0.14394224,-0.0042113294,0.051027665,0.10067123,-0.030722278,0.65674852,-0.052624504,-0.096487773
4.0657692,-0.058356073,-0.12723211,0.1316994,-0.17743179,0.12880772,-0.0077053205,0.044627568,0.12695491,-0.025998762,0.64690191,-0.069032784,-0.092652647
4.0689576,-0.05766306,-0.12164369,0.13167409,-0.18144381,0.1121554,-0.011141283,0.038147053,0.15290116,-0.021088622,0.63551092,-0.08438407,-0.088831031
4.072146,-0.057173521,-0.11582538,0.13159458,-0.18542516,0.094526703,-0.014380436,0.031477647,0.17857547,-0.016162066,0.62281073,-0.098212216,-0.085724982
4.0753343,-0.056923394,-0.10982501,0.1314083,-0.18881889,0.075862828,-0.017533311,0.024094492,0.2029094,-0.0099136416,0.60944279,-0.11032972,-0.083333763
4.0785226,-0.056841162,-0.103733,0.13117097,-0.19217709,0.055772444,-0.020262604,0.01611634,0.22586399,-0.0028160434,0.59570817,-0.12060158,-0.081293705
4.0817108,-0.056810047,-0.097497831,0.13090514,-0.19513428,0.034483874,-0.022477141,0.0078477053,0.24767194,0.0042203549,0.58193079,-0.129227,-0.079541241
4.084899,-0.057032267,-0.091240171,0.13063294,-0.19753861,0.011926729,-0.024418538,-0.0008353342,0.26830168,0.010826876,0.56860394,-0.13616419,-0.078117224
4.0880872,-0.057234344,-0.084942519,0.13029355,-0.19884276,-0.011270953,-0.026502785,-0.0097626627,0.287977,0.017859774,0.55596516,-0.1411788,-0.077026507
4.0912754,-0.057575524,-0.07868077,0.12986714,-0.19922279,-0.035624268,-0.028365802,-0.01849853,0.30629436,0.025261776,0.54430642,-0.1441951,-0.076202086
4.0944635,-0.058042576,-0.072431471,0.12948206,-0.1985132,-0.0592247,-0.030276076,-0.026978024,0.32347854,0.032406852,0.53358967,-0.14500048,-0.075620162
4.0976516,-0.058604793,-0.066259459,0.12915785,-0.19672514,-0.082245462,-0.031163008,-0.035475033,0.33951613,0.039371278,0.5237349,-0.14379738,-0.075180146
4.1008396,-0.05927303,-0.060244697,0.12887574,-0.19387127,-0.10429881,-0.031012546,-0.043731341,0.35475808,0.045655297,0.51485212,-0.14061222,-0.074693765
4.1040276,-0.060003194,-0.054130662,0.12848521,-0.19019287,-0.12576438,-0.030222046,-0.050955366,0.36918803,0.051239649,0.50659119,-0.13556265,-0.074091708
4.1072156,-0.060742683,-0.04816693,0.12807156,-0.18570113,-0.14680062,-0.029195085,-0.057853352,0.38289624,0.055785717,0.49907886,-0.12828244,-0.073310091
4.1104035,-0.061507846,-0.042386918,0.1276408,-0.18036644,-0.16725317,-0.027988107,-0.063995648,0.3955387,0.058844635,0.49235464,-0.1187818,-0.072235436
4.1135914,-0.062260914,-0.036741349,0.12722164,-0.17425714,-0.1867025,-0.026534122,-0.069247715,0.40720546,0.059865177,0.48626212,-0.10719821,-0.070858473
4.1167792,-0.062932565,-0.031414375,0.12685772,-0.16767744,-0.20485108,-0.024940245,-0.072832937,0.4179662,0.057881101,0.48097962,-0.093695127,-0.069016722
4.1199671,-0.06386282,-0.026290678,0.12638348,-0.16093721,-0.22234632,-0.023323843,-0.074819079,0.42772336,0.054874066,0.47637637,-0.0784249,-0.066616149
4.1231549,-0.064838345,-0.021398526,0.12594212,-0.1531018,-0.23804477,-0.021452267,-0.075865069,0.43648785,0.050181051,0.47217902,-0.060984448,-0.063578011
4.1263426,-0.065834922,-0.016935753,0.12554046,-0.14418821,-0.25182639,-0.019424219,-0.075694128,0.44410193,0.04363542,0.46849826,-0.041426791,-0.059859726
4.1295303,-0.066946273,-0.012820965,0.12518085,-0.13480913,-0.26401102,-0.017336818,-0.074130214,0.45072189,0.03539591,0.46510906,-0.020132307,-0.055620617
4.132718,-0.068086939,-0.0089328187,0.12467661,-0.12490832,-0.27463759,-0.015080366,-0.071026991,0.45631354,0.025785106,0.46181181,0.0031716968,-0.050505446
4.1359057,-0.069347962,-0.0054058015,0.12414894,-0.11526853,-0.28360326,-0.012744345,-0.066099941,0.46082321,0.015141355,0.45876719,0.027519293,-0.044390998
4.1390933,-0.070615542,-0.0022036761,0.12357692,-0.1060144,-0.2907036,-0.010440531,-0.059556532,0.46404112,0.0038144809,0.4563514,0.052933083,-0.037333548
4.142281,-0.071865666,0.00061166945,0.12303732,-0.097123032,-0.29614623,-0.008261941,-0.051566385,0.46605969,-0.0078699981,0.45475335,0.079191012,-0.029312709
4.1454685,-0.073157999,0.0030424629,0.12247616,-0.088716611,-0.29993061,-0.0061985796,-0.042187432,0.4668719,-0.019516004,0.45222517,0.104851,-0.020598827
4.1486561,-0.074431798,0.005083897,0.12191222,-0.080582317,-0.3020416,-0.0042351956,-0.031740086,0.46628607,-0.030618634,0.44911828,0.13020854,-0.010986555
4.1518436,-0.075790136,0.0067136844,0.12138951,-0.073098835,-0.30242047,-0.0024438398,-0.0205786,0.46454795,-0.040714898,0.44592377,0.15538832,-0.00070931019
4.1550311,-0.077177819,0.0078619579,0.1209032,-0.066433983,-0.30116364,-0.00086456808,-0.0092663864,0.4612026,-0.049941931,0.44262576,0.18046875,0.01008154
4.1582186,-0.078517896,0.0085772479,0.12044768,-0.060779901,-0.2984505,0.00049649736,0.0025797462,0.45615554,-0.058585043,0.43885925,0.20417148,0.021283789
4.1614061,-0.079807747,0.0089283092,0.12001628,-0.056436662,-0.29432689,0.001606089,0.014798978,0.4498565,-0.06663599,0.43410228,0.22579343,0.03281714
4.1645935,-0.081091795,0.0088615637,0.11960312,-0.052998665,-0.28883405,0.0025193586,0.027085052,0.44246082,-0.073838426,0.42878465,0.24601748,0.044260129
4.1677809,-0.082367216,0.0083685261,0.11922792,-0.050246493,-0.28211143,0.0032927128,0.039019258,0.43300281,-0.080192984,0.42274989,0.26494301,0.055195268
4.1709684,-0.083668437,0.0074491893,0.11884016,-0.048224308,-0.27415073,0.0039969178,0.051870357,0.42168324,-0.084967618,0.41620916,0.28240613,0.065132042
4.1741558,-0.084900526,0.0060708105,0.11846168,-0.047120231,-0.26513286,0.0044876914,0.064668085,0.40872494,-0.088704771,0.41063262,0.29809654,0.075185217
4.1773431,-0.086050802,0.0042487269,0.11807718,-0.046739296,-0.25514066,0.0047576664,0.077505704,0.39443967,-0.091578329,0.40507876,0.31261235,0.084227517
4.1805305,-0.087136169,0.0019909552,0.11769874,-0.047036202,-0.24410505,0.0050054169,0.090118528,0.37880165,-0.093267147,0.39970665,0.3259393,0.091767692
4.1837179,-0.08817726,-0.00076191069,0.11735299,-0.048193425,-0.23220889,0.0051708018,0.10196116,0.36143934,-0.09382926,0.39452769,0.33830456,0.097414916
4.1869052,-0.089120868,-0.0039703196,0.11701592,-0.05003921,-0.21938913,0.0051867791,0.11323521,0.34281976,-0.093738521,0.3901681,0.34989118,0.10123685
4.1900926,-0.089950915,-0.0075611416,0.11669738,-0.052614584,-0.20587942,0.0051116723,0.12382382,0.3229891,-0.093165997,0.3872326,0.36068082,0.10285853
4.1932799,-0.090705564,-0.011496964,0.11639537,-0.055680773,-0.19176318,0.0049180423,0.13416833,0.30226375,-0.092403186,0.38485151,0.37122907,0.10187058
4.1964672,-0.091316111,-0.015779423,0.11605999,-0.059444751,-0.17697602,0.004612729,0.14456541,0.2808355,-0.091332576,0.38371307,0.38063466,0.098928117
4.1996545,-0.091753761,-0.020348652,0.11573435,-0.063649975,-0.16157174,0.0043582742,0.15442946,0.25885181,-0.089411261,0.38401911,0.38925284,0.093734232
4.2028419,-0.092016282,-0.025263498,0.11543823,-0.06857033,-0.14582261,0.0040125122,0.16339371,0.23657928,-0.086834439,0.3861632,0.39708006,0.085407966
4.2060292,-0.092083842,-0.030448808,0.11517749,-0.073427007,-0.12946634,0.0036447317,0.17142426,0.21390105,-0.083681345,0.38979691,0.40412616,0.075066176
4.2092165,-0.091952913,-0.035852796,0.11491109,-0.078552598,-0.11282925,0.003221837,0.17854748,0.19038928,-0.080456837,0.39475356,0.4103579,0.062892659
4.2124038,-0.091622909,-0.041408772,0.11466469,-0.083735285,-0.09601117,0.0027960094,0.18444383,0.16667407,-0.078186409,0.40098805,0.41578714,0.049271513
4.2155911,-0.091107974,-0.047027586,0.11440045,-0.088943122,-0.079282906,0.0023071364,0.18894824,0.14261647,-0.075948675,0.40830629,0.42054104,0.034701146
4.2187783,-0.090381292,-0.052608164,0.11414312,-0.094293313,-0.062518597,0.0019282668,0.1920445,0.11816219,-0.073607652,0.41652517,0.4246859,0.019790782
4.2219656,-0.089459153,-0.058301493,0.11394653,-0.099698577,-0.045702293,0.001669808,0.19386858,0.093195272,-0.071229713,0.42593656,0.42822837,0.0050709444
4.2251529,-0.088324316,-0.064201116,0.11368453,-0.10496565,-0.029131157,0.0018810952,0.19411955,0.067719783,-0.068847388,0.43604391,0.43091501,-0.0091113309
4.2283402,-0.087006344,-0.070012218,0.11339682,-0.1099364,-0.012120789,0.0015779153,0.19216438,0.042419544,-0.066959366,0.4465899,0.43273366,-0.0223119
4.2315275,-0.085478587,-0.075920537,0.11324344,-0.11488414,0.0045972442,0.0014274115,0.18823719,0.017982863,-0.06509982,0.45740756,0.43352585,-0.034337192
4.2347147,-0.083746813,-0.081633241,0.11306932,-0.12009629,0.021549505,0.0012504611,0.18277683,-0.0057088781,-0.063071634,0.4683617,0.43309818,-0.04515146
4.237902,-0.081896108,-0.087049383,0.11291433,-0.12520002,0.037937397,0.00094289762,0.17596489,-0.028658839,-0.060996214,0.47968964,0.43140239,-0.054802569
4.2410893,-0.079802112,-0.092319374,0.11277757,-0.13006027,0.053544685,0.00056672983,0.16767771,-0.050833812,-0.058835081,0.4912215,0.42826466,-0.063391539
4.2442765,-0.0776128,-0.097417266,0.11267627,-0.13467535,0.067855571,3.6811016e-05,0.15806496,-0.072138643,-0.056746649,0.5028524,0.42361227,-0.071042734
4.2474638,-0.075109758,-0.10225633,0.11261168,-0.13891142,0.082141392,-0.00013109227,0.14737779,-0.092310905,-0.054537662,0.51450678,0.41752409,-0.078085247
4.250651,-0.072480747,-0.10679914,0.11260006,-0.14332053,0.095975929,-0.00031075625,0.13570631,-0.11126241,-0.052226259,0.52615817,0.40984621,-0.084436739
4.2538383,-0.069738585,-0.11097002,0.11260311,-0.14767669,0.10894885,-0.00048109676,0.12318307,-0.12828412,-0.049302205,0.53775349,0.40064882,-0.090013118
4.2570255,-0.066935242,-0.11479676,0.11263328,-0.15202469,0.12092703,-0.00066157615,0.10982097,-0.14285233,-0.04674841,0.54927687,0.38989744,-0.095051462
4.2602127,-0.064063616,-0.11820395,0.11268738,-0.15570864,0.13218711,-0.00079340155,0.096284,-0.15527515,-0.044698067,0.5606075,0.3777141,-0.099617579
4.2634,-0.061149053,-0.12121358,0.11274439,-0.15962991,0.14253611,-0.00097066795,0.082956977,-0.16547497,-0.042646597,0.57163367,0.36426928,-0.1037452
4.2665872,-0.058111739,-0.12383094,0.11282438,-0.1637058,0.15198429,-0.0012701132,0.069986423,-0.173535,-0.040775172,0.58228842,0.34967748,-0.10751064
4.2697744,-0.055055945,-0.1260121,0.11292206,-0.16758958,0.16020923,-0.0015795516,0.057365298,-0.17952249,-0.039236325,0.59273235,0.33405759,-0.11094354
4.2729616,-0.052008432,-0.12773109,0.11302573,-0.17171394,0.1672661,-0.0019662704,0.045359708,-0.18349498,-0.038006947,0.60291709,0.31739521,-0.11409445
4.2761489,-0.048992003,-0.12897607,0.11313403,-0.17604982,0.17336045,-0.0024535064,0.033559448,-0.18523438,-0.0372171,0.61248639,0.29982429,-0.1168933
4.2793361,-0.046088296,-0.12978494,0.11327072,-0.18051497,0.17844211,-0.0031209683,0.022262661,-0.1848914,-0.036955078,0.62126908,0.28129452,-0.11909538
4.2825233,-0.043289973,-0.1302197,0.11340528,-0.18504468,0.18232078,-0.0038774654,0.011487549,-0.18229797,-0.037075214,0.62995929,0.26223165,-0.12085241
4.2857105,-0.040528111,-0.13025756,0.11354115,-0.18972484,0.18508881,-0.0047282116,0.00096435599,-0.17742406,-0.037662005,0.63889707,0.24252864,-0.12227534
4.2888977,-0.037847575,-0.12987157,0.11368608,-0.19457165,0.1866233,-0.005672771,-0.0089610726,-0.17069233,-0.038383386,0.64729866,0.22154968,-0.12320295
4.2920848,-0.03533241,-0.12908435,0.11385769,-0.19961164,0.18695118,-0.0066976292,-0.019004108,-0.16191819,-0.039208573,0.65478576,0.19933628,-0.12403384
4.295272,-0.033008012,-0.12788323,0.11398134,-0.20486607,0.18617296,-0.0078258889,-0.028474765,-0.15130825,-0.039951124,0.66129323,0.17584496,-0.12347769
4.2984592,-0.030900506,-0.12630702,0.11404564,-0.21010221,0.18428279,-0.0091963152,-0.037448022,-0.13842376,-0.040876606,0.66653226,0.1518547,-0.12299524
4.3016464,-0.029004076,-0.1243921,0.11407878,-0.21558285,0.18119821,-0.01066912,-0.045731347,-0.1234891,-0.041855216,0.67036809,0.12663578,-0.12195922
4.3048335,-0.027350341,-0.12212897,0.11407993,-0.22140178,0.1769356,-0.012316379,-0.053020629,-0.10672732,-0.042680064,0.67272708,0.10029743,-0.1202984
4.3080207,-0.0259185,-0.11960843,0.11407241,-0.22743746,0.17157569,-0.01405905,-0.059543412,-0.088443564,-0.043255481,0.67385232,0.073466445,-0.11850002
4.3112079,-0.024511442,-0.1167963,0.11407475,-0.23357658,0.16505526,-0.015866229,-0.065903959,-0.068548233,-0.04342248,0.67234095,0.046751728,-0.11623811
4.314395,-0.02324292,-0.11369537,0.11406009,-0.24000942,0.15735808,-0.017775803,-0.071933313,-0.047154798,-0.04321659,0.66899333,0.020005699,-0.11356412
4.3175821,-0.022168676,-0.11030682,0.11401475,-0.24645072,0.14845317,-0.019752809,-0.077596583,-0.024809902,-0.04284512,0.6638599,-0.0068382724,-0.11037423
4.3207692,-0.021249501,-0.10668935,0.11394697,-0.25306269,0.13818341,-0.021732742,-0.082850374,-0.0016134938,-0.042186174,0.65718278,-0.032991746,-0.10671552
4.3239563,-0.020547988,-0.10287457,0.11384409,-0.2593158,0.12657299,-0.023727454,-0.087260657,0.022789558,-0.040929853,0.64847399,-0.058210876,-0.10257484
4.3271434,-0.020016228,-0.098869278,0.1137122,-0.26602433,0.11401517,-0.02570866,-0.091193052,0.048366349,-0.039113183,0.63772787,-0.082463992,-0.098346756
4.3303305,-0.019618665,-0.094672275,0.11355417,-0.27265738,0.10046835,-0.027644428,-0.095392417,0.074765535,-0.036698523,0.62499495,-0.10569871,-0.093631846
4.3335176,-0.01938218,-0.09033249,0.11335547,-0.27892465,0.085738192,-0.02962688,-0.099975429,0.10156422,-0.033552384,0.61064497,-0.12775065,-0.088540246
4.3367047,-0.019288141,-0.085894346,0.11313616,-0.28486695,0.069863556,-0.031517539,-0.10431861,0.128535,-0.030120056,0.59519687,-0.14813828,-0.083907782
4.3398917,-0.019365714,-0.081377433,0.1129316,-0.29082344,0.052750537,-0.033057381,-0.10852307,0.15544818,-0.026764384,0.57934388,-0.16644335,-0.080293233
4.3430787,-0.019663978,-0.076792939,0.11271372,-0.29644573,0.034637476,-0.034426139,-0.11261151,0.18262314,-0.022889495,0.56418547,-0.18293162,-0.077546404
4.3462658,-0.019979269,-0.072097673,0.11244556,-0.3014604,0.015558652,-0.035469378,-0.11680788,0.20914681,-0.018253977,0.54979928,-0.19754141,-0.07535398
4.3494528,-0.020396599,-0.067353173,0.11216043,-0.30582433,-0.0045668103,-0.036366397,-0.12101182,0.23450924,-0.013103166,0.53621787,-0.21013261,-0.073799022
4.3526398,-0.020902586,-0.062634946,0.11185448,-0.30944483,-0.025359003,-0.03751222,-0.12546542,0.25899444,-0.0075303326,0.52344747,-0.22054646,-0.072878187
4.3558267,-0.021481023,-0.058002675,0.11148045,-0.31218409,-0.045625078,-0.038499952,-0.13020309,0.2824286,-0.0019617436,0.51103978,-0.22882411,-0.072580447
4.3590137,-0.022171183,-0.053488546,0.11115673,-0.31406167,-0.065027435,-0.03891484,-0.13527613,0.30506694,0.0035089042,0.49901142,-0.23492229,-0.072867062
4.3622007,-0.022954949,-0.049099204,0.11092062,-0.31491578,-0.084031864,-0.039147183,-0.14038363,0.32672252,0.0091834383,0.48743921,-0.23877824,-0.073733089
4.3653876,-0.02381746,-0.044741398,0.11060551,-0.31485501,-0.10422711,-0.038652799,-0.14498586,0.34719377,0.014840947,0.47618931,-0.24046382,-0.075074071
4.3685745,-0.024753544,-0.040546559,0.11028542,-0.31399122,-0.12447271,-0.037736735,-0.14953916,0.36648496,0.02046911,0.46543998,-0.23990995,-0.076716306
4.3717614,-0.025719904,-0.036402077,0.1099636,-0.3123636,-0.14461945,-0.036548271,-0.15406809,0.38456859,0.025998609,0.45517048,-0.2370326,-0.078583706
4.3749483,-0.026701958,-0.032388286,0.10958996,-0.30997563,-0.16401871,-0.035258832,-0.15849542,0.40136576,0.031041924,0.44462806,-0.23202634,-0.080475675
4.3781351,-0.027708308,-0.028475257,0.10923841,-0.30676726,-0.18257952,-0.033869193,-0.16239194,0.4168956,0.035084478,0.43413734,-0.224983,-0.082217804
4.381322,-0.02886151,-0.02468013,0.10886051,-0.30291422,-0.20045325,-0.03240816,-0.16537953,0.43112094,0.037929389,0.42368059,-0.21607077,-0.08377871
4.3845088,-0.030098582,-0.021119703,0.10844011,-0.29873195,-0.21718499,-0.030862942,-0.16731183,0.44376116,0.03949554,0.41343438,-0.20522567,-0.085046142
4.3876956,-0.031342399,-0.017816617,0.10802211,-0.29326258,-0.23280099,-0.029063346,-0.16791913,0.45491552,0.038938241,0.40373663,-0.19216557,-0.086119534
4.3908824,-0.032611118,-0.014755627,0.1076136,-0.28636808,-0.24652967,-0.027056323,-0.16709151,0.46486482,0.036685633,0.39485006,-0.17700007,-0.086655078
4.3940692,-0.033847087,-0.011981385,0.10719099,-0.27882672,-0.25900707,-0.024945854,-0.16515929,0.4738146,0.033347874,0.3867862,-0.15966534,-0.086631816
4.3972559,-0.035055119,-0.0094740458,0.10677178,-0.2711867,-0.27011553,-0.022782135,-0.16225741,0.48144899,0.028743596,0.3795741,-0.14030165,-0.086079069
4.4004426,-0.036338244,-0.0071289972,0.10635058,-0.26322356,-0.27976644,-0.020628665,-0.15818282,0.48789233,0.022962677,0.37342893,-0.11896991,-0.084879647
4.4036293,-0.03764947,-0.0050438437,0.10592441,-0.25470725,-0.28791575,-0.01856213,-0.15289843,0.49309772,0.01618274,0.36859462,-0.095814876,-0.083171449
4.406816,-0.038962036,-0.0032533641,0.10553178,-0.24628457,-0.29458804,-0.01656451,-0.14632957,0.4971595,0.0085009175,0.36484965,-0.071068054,-0.080599539
4.4100026,-0.040288014,-0.0017881439,0.10516761,-0.23807535,-0.2999395,-0.014686422,-0.13843251,0.50006252,0.00032254694,0.36192818,-0.044853237,-0.077181805
4.4131893,-0.041609099,-0.00066520019,0.10482825,-0.23017649,-0.30395152,-0.012919317,-0.12943849,0.50172511,-0.0079822157,0.35998836,-0.017306982,-0.073118135
4.4163759,-0.042853072,0.00017231708,0.10446806,-0.22256707,-0.30657404,-0.011312401,-0.1194548,0.50206638,-0.016699142,0.35891237,0.011459472,-0.068222876
4.4195624,-0.04409434,0.00074286321,0.10411921,-0.21512463,-0.30773359,-0.0097760485,-0.10877658,0.50135295,-0.024881842,0.35864704,0.04124234,-0.062771333
4.422749,-0.045310176,0.00098025537,0.10377897,-0.20838754,-0.30755338,-0.0083717739,-0.097742456,0.49904928,-0.031997594,0.35815384,0.071440511,-0.056278815
4.4259355,-0.046439641,0.00087937811,0.10344888,-0.20272399,-0.30617214,-0.0070017461,-0.086654436,0.49536291,-0.038820665,0.35750331,0.10196117,-0.048787337
4.4291221,-0.047504344,0.00045046767,0.10312437,-0.19832941,-0.30360695,-0.0057761945,-0.075348166,0.4904202,-0.045505364,0.35702937,0.13273743,-0.040395609
4.4323086,-0.048534915,-0.00033634132,0.10278333,-0.19502606,-0.29999501,-0.0046723696,-0.064023659,0.48406147,-0.051700468,0.35656933,0.163596,-0.03115572
4.435495,-0.049476042,-0.0014734584,0.102456,-0.19275776,-0.295336,-0.0036896783,-0.052866558,0.47616357,-0.057284848,0.3561039,0.19326946,-0.021250301
4.4386815,-0.050398925,-0.0028687303,0.10210322,-0.19134277,-0.28957315,-0.0028275129,-0.041899038,0.46651654,-0.061968085,0.35555546,0.22142325,-0.010280769
4.4418679,-0.051238972,-0.004485958,0.1017649,-0.19074158,-0.28279478,-0.0020990846,-0.031242714,0.45525451,-0.065929426,0.35474761,0.2484426,0.0011374412
4.4450544,-0.05196132,-0.0063434761,0.10142366,-0.19096774,-0.27502827,-0.0014579345,-0.021210642,0.44176591,-0.068821825,0.35351458,0.2743782,0.012357591
4.4482407,-0.052581308,-0.008453459,0.10109861,-0.19197118,-0.26624137,-0.00089747869,-0.010843893,0.42668462,-0.071359355,0.3518831,0.29898071,0.023164004
4.4514269,-0.053061826,-0.010800481,0.10079409,-0.19377742,-0.25654082,-0.00043123561,-0.0003395139,0.41013604,-0.07336761,0.35114219,0.32178265,0.033529908
4.454613,-0.053427694,-0.013383308,0.1004816,-0.19634488,-0.24594952,-5.1538796e-05,0.0098094664,0.39223039,-0.07499992,0.3505565,0.34298016,0.043118991
4.4577989,-0.053706135,-0.016115689,0.10017135,-0.19959109,-0.23458532,0.00023853708,0.019717832,0.37306426,-0.075848054,0.35023038,0.36239973,0.051230493
4.4609848,-0.053883816,-0.01902272,0.099847428,-0.20347241,-0.22248037,0.00038880597,0.029438057,0.35295869,-0.076349216,0.35021522,0.38029767,0.057528738
4.4641705,-0.053908433,-0.022060447,0.099554641,-0.20791424,-0.20970659,0.00044431294,0.038398793,0.33201071,-0.076776,0.35112254,0.39587968,0.062093143
4.4673561,-0.053783274,-0.025161383,0.099245237,-0.21296412,-0.19626865,0.00045684087,0.047406672,0.31049644,-0.07697839,0.35300635,0.40938734,0.064689873
4.4705416,-0.053536604,-0.02845266,0.098950778,-0.21842225,-0.18232633,0.00039883069,0.057304406,0.28878625,-0.076997223,0.35611828,0.42104617,0.06452818
4.473727,-0.053124896,-0.03185783,0.098696773,-0.22433521,-0.16785441,0.00031786623,0.06685937,0.26653756,-0.076935855,0.3606277,0.43102504,0.062235224
4.4769122,-0.052578851,-0.035273998,0.098474055,-0.23059455,-0.15287984,0.0002689793,0.075899958,0.24407309,-0.076037396,0.36654773,0.43959141,0.058119726
4.4800974,-0.051947796,-0.038724386,0.098258479,-0.23719911,-0.13752609,0.00023158481,0.08439496,0.22164506,-0.074485646,0.37373931,0.44746457,0.052018276
4.4832824,-0.051205082,-0.042170612,0.098063493,-0.24332402,-0.12166489,-3.6125376e-06,0.092061478,0.19914435,-0.07306024,0.38199603,0.45412022,0.043921027
4.4864674,-0.050369882,-0.045555535,0.097877108,-0.24941323,-0.10555978,-0.00017795116,0.098690794,0.17647581,-0.072117001,0.39119896,0.4595821,0.034383035
4.4896522,-0.049359061,-0.048889986,0.097603116,-0.25549952,-0.089287791,-0.00042411713,0.10424564,0.15340111,-0.071738847,0.40108542,0.46398433,0.023891351
4.492837,-0.048227134,-0.052175715,0.097363011,-0.26140456,-0.073041505,-0.00071050658,0.10878577,0.1298964,-0.071019531,0.4115831,0.46746868,0.012920215
4.4960216,-0.046961272,-0.055403294,0.097103808,-0.26719668,-0.056686764,-0.00099755449,0.11235724,0.10606327,-0.070190413,0.42250226,0.47004722,0.0018556989
4.4992062,-0.045614651,-0.058584546,0.096940714,-0.27283769,-0.039855955,-0.00099464872,0.11421713,0.082281709,-0.069507476,0.43359759,0.47165177,-0.008979587
4.5023907,-0.044193973,-0.061650025,0.096797001,-0.27823337,-0.023188352,-0.00098179771,0.11414244,0.058440551,-0.068858133,0.44478603,0.47221167,-0.019126176
4.5055751,-0.042713712,-0.064575502,0.096650909,-0.2834239,-0.0063261869,-0.0010611773,0.11293468,0.034670828,-0.068256989,0.45587851,0.47152495,-0.028378743
4.5087594,-0.04120812,-0.067311683,0.096519008,-0.28828209,0.01025083,-0.0010738187,0.11059478,0.011158372,-0.067627472,0.46672351,0.46951952,-0.036654338
4.5119437,-0.039602924,-0.069838006,0.096352444,-0.29346621,0.026823787,-0.0012762895,0.10671014,-0.011937275,-0.066323697,0.47744282,0.46606759,-0.044070755
4.5151278,-0.038001657,-0.072195232,0.096189289,-0.29854996,0.043031497,-0.0014030621,0.10105338,-0.034160651,-0.064830721,0.48817823,0.46102474,-0.050750814
4.5183119,-0.036192485,-0.074408584,0.096053701,-0.30335871,0.058524848,-0.0016853227,0.093888881,-0.055600839,-0.063031512,0.4988825,0.45424196,-0.056676523
4.521496,-0.034325434,-0.076408556,0.095943132,-0.30802382,0.073124859,-0.0020169657,0.085568218,-0.076263152,-0.061118784,0.50933551,0.44553026,-0.062342896
4.5246799,-0.032414545,-0.078172818,0.095848353,-0.312822,0.087693101,-0.0020876198,0.076269953,-0.095726887,-0.058899018,0.51952064,0.4349951,-0.067352536
4.5278638,-0.030483629,-0.079730869,0.09574732,-0.31749616,0.10157683,-0.0022447637,0.066098033,-0.11368972,-0.056115552,0.52948322,0.42282319,-0.071909323
4.5310476,-0.028556905,-0.081049936,0.095651863,-0.32142171,0.11513705,-0.0022039471,0.054874463,-0.12992222,-0.053733421,0.5392154,0.40902345,-0.076154891
4.5342314,-0.026634447,-0.082150414,0.09553799,-0.32543008,0.12807762,-0.0021305659,0.043226873,-0.14420556,-0.052256778,0.54855985,0.39365031,-0.080063279
4.5374151,-0.024728259,-0.083023478,0.095421228,-0.3293832,0.14037141,-0.0020257538,0.03154975,-0.156455,-0.051050248,0.55742721,0.37683374,-0.083808571
4.5405987,-0.022801484,-0.083706861,0.09530312,-0.33343579,0.15172472,-0.0019465233,0.019995848,-0.16642881,-0.050181659,0.5657287,0.35881123,-0.087284395
4.5437822,-0.020908921,-0.08418373,0.095195356,-0.3375704,0.16221057,-0.0019355852,0.0086058999,-0.17402075,-0.049668617,0.57383617,0.34000774,-0.090689562
4.5469657,-0.019076623,-0.084465744,0.095077887,-0.34168288,0.17175148,-0.0019733723,-0.0025882154,-0.17924986,-0.04945347,0.58178133,0.32049012,-0.094045333
4.5501491,-0.017307864,-0.084551056,0.09493879,-0.34565281,0.18022424,-0.0019275701,-0.013849303,-0.181984,-0.049489473,0.58933333,0.30026579,-0.097240278
4.5533324,-0.015615129,-0.08441874,0.094771334,-0.34976399,0.1877245,-0.0019816796,-0.025110552,-0.18227296,-0.049769563,0.59628544,0.2793157,-0.10027276
4.5565156,-0.014036368,-0.084119035,0.094601137,-0.35407245,0.19420299,-0.0020883526,-0.035853791,-0.18024617,-0.050241788,0.60294304,0.25797311,-0.10318921
4.5596985,-0.012506419,-0.083600044,0.09441612,-0.35857064,0.19941554,-0.0022152497,-0.046040619,-0.17599861,-0.050995271,0.61031613,0.23657764,-0.10597709
4.5628813,-0.011137198,-0.083026125,0.094220946,-0.36320676,0.20350748,-0.0023681183,-0.055627043,-0.16979545,-0.052016568,0.61744969,0.21473219,-0.1085637
4.5660639,-0.0099450148,-0.082295439,0.09401631,-0.36796157,0.20654301,-0.0025867548,-0.064592244,-0.16152132,-0.053189062,0.62423089,0.19220701,-0.11065701
4.5692463,-0.0088205043,-0.081422921,0.093800665,-0.37286596,0.20850587,-0.0028556553,-0.072878806,-0.15108355,-0.054450468,0.63037863,0.16861259,-0.11265483
4.5724286,-0.0077177879,-0.080433253,0.093614489,-0.37783741,0.20938912,-0.0032195729,-0.080385442,-0.13871406,-0.055672564,0.63549319,0.1442072,-0.11504852
4.5756106,-0.0067117442,-0.079320058,0.093367064,-0.38312574,0.20942972,-0.0037504263,-0.086962886,-0.12436242,-0.056753769,0.63949476,0.11868575,-0.11634156
4.5787924,-0.0059141282,-0.078059017,0.093150895,-0.38867506,0.2082539,-0.0042675115,-0.092789647,-0.10811198,-0.057710765,0.64228984,0.091569646,-0.11691685
4.5819741,-0.0052477046,-0.076642863,0.092931477,-0.39443795,0.20557765,-0.0048774399,-0.09790892,-0.089766532,-0.058504001,0.64406065,0.063226859,-0.11652269
4.5851556,-0.0047017793,-0.07511772,0.092675086,-0.40032421,0.20163303,-0.0056281834,-0.10233758,-0.069945973,-0.059118302,0.64416505,0.034421784,-0.11594947
4.5883369,-0.0042361615,-0.073498007,0.092406765,-0.40609171,0.19649792,-0.0064604117,-0.10634954,-0.048539074,-0.059219971,0.64222068,0.0053199606,-0.1145868
4.5915179,-0.0038572475,-0.071816804,0.092142877,-0.41181392,0.19025455,-0.0073941102,-0.10990368,-0.025708454,-0.058565895,0.63863557,-0.023810657,-0.11232311
4.5946988,-0.003563644,-0.070061945,0.091877708,-0.41745175,0.1829757,-0.0083996103,-0.112718,-0.0014029385,-0.057060396,0.63346134,-0.052939364,-0.10925442
4.5978796,-0.0033677226,-0.068248405,0.091607641,-0.42269846,0.17460871,-0.00946294,-0.1149097,0.02441496,-0.055447199,0.62635951,-0.081751181,-0.10556974
4.6010601,-0.0032817304,-0.066377813,0.091341516,-0.42793198,0.16544851,-0.010691239,-0.11638988,0.051389772,-0.053449032,0.61713905,-0.10985968,-0.10147413
4.6042404,-0.0032963362,-0.064478309,0.091060296,-0.43323295,0.15538476,-0.011899756,-0.1180859,0.079092467,-0.050774745,0.60607123,-0.13705625,-0.097090707
4.6074206,-0.0034012651,-0.062534833,0.090770601,-0.43845535,0.14427098,-0.013082085,-0.12006188,0.10726838,-0.047163142,0.59351397,-0.16301618,-0.092130138
4.6106006,-0.0035788227,-0.060539078,0.090461432,-0.44336462,0.13218693,-0.014204107,-0.12182267,0.13632392,-0.042459662,0.58080411,-0.18741518,-0.086983502
4.6137804,-0.0038539203,-0.058533274,0.090148531,-0.44770293,0.11931302,-0.01526239,-0.1234944,0.16603443,-0.036634795,0.56832159,-0.20982905,-0.08264195
4.61696,-0.0042211246,-0.056539636,0.089829411,-0.45138385,0.10566184,-0.016181098,-0.12501352,0.19633037,-0.030621149,0.55608486,-0.23016614,-0.079476975
4.6201394,-0.004651253,-0.054537511,0.089499435,-0.45453223,0.091093696,-0.017077367,-0.12652137,0.22563235,-0.023747976,0.54427965,-0.24826314,-0.077427043
4.6233187,-0.0051528482,-0.052526359,0.089173276,-0.45698552,0.075759263,-0.017921696,-0.12813026,0.25376774,-0.015465213,0.53278942,-0.26299955,-0.076077864
4.6264978,-0.0057240603,-0.050523068,0.088846948,-0.45868249,0.059714844,-0.018507244,-0.13006842,0.28109789,-0.0066965204,0.52129821,-0.27471632,-0.075383068
4.6296768,-0.0063661896,-0.048526897,0.088505119,-0.46006804,0.042874895,-0.019324623,-0.13259029,0.30761242,0.0022475479,0.50980966,-0.28372484,-0.075234545
4.6328556,-0.0069969015,-0.046514491,0.088141233,-0.46072903,0.025615651,-0.020528268,-0.13569062,0.3332082,0.010934354,0.49860373,-0.29003466,-0.075722495
4.6360342,-0.0076659519,-0.044545175,0.087767352,-0.4606683,0.0088889155,-0.02118046,-0.13818377,0.35708059,0.019646247,0.48768959,-0.2938594,-0.076724964
4.6392127,-0.008387192,-0.04262911,0.087402555,-0.45988271,-0.0069678789,-0.021379203,-0.14048684,0.3792708,0.028310674,0.47703093,-0.29529172,-0.078160326
4.6423911,-0.0091317718,-0.040735668,0.087037086,-0.45835689,-0.023172665,-0.021323879,-0.14318645,0.39998858,0.036640869,0.46654636,-0.29436365,-0.079896908
4.6455693,-0.0098881195,-0.038899638,0.086662244,-0.45611461,-0.039208202,-0.021176642,-0.14620965,0.41895867,0.044470273,0.45569461,-0.29108178,-0.081853547
4.6487473,-0.01065273,-0.037105678,0.086340961,-0.45312321,-0.055327882,-0.020716278,-0.14918425,0.43629134,0.051380192,0.44453222,-0.28544273,-0.083896449
4.6519252,-0.011442563,-0.035330317,0.085979563,-0.44948693,-0.071246999,-0.020095993,-0.15158259,0.45160786,0.057474448,0.43301377,-0.27708554,-0.085932085
4.655103,-0.012249832,-0.033644723,0.08562329,-0.44517385,-0.086943602,-0.019405822,-0.15363734,0.4649214,0.062579948,0.42163502,-0.26631619,-0.08784916
4.6582807,-0.013091333,-0.032033277,0.085259429,-0.44017065,-0.10229367,-0.018743004,-0.15518488,0.47650358,0.066089736,0.41059864,-0.25304018,-0.089547307
4.6614583,-0.013861738,-0.0304745,0.084861161,-0.43466351,-0.11724437,-0.018075106,-0.15602058,0.48642017,0.067269226,0.40020102,-0.23725493,-0.090941265
4.6646357,-0.014589864,-0.028995482,0.084465079,-0.42874835,-0.13130097,-0.017273904,-0.15581458,0.49466933,0.065895177,0.39045169,-0.21911771,-0.091941144
4.6678129,-0.015313844,-0.027559411,0.084086452,-0.42202881,-0.14441659,-0.016409694,-0.15392987,0.50090147,0.06338485,0.38130262,-0.19862608,-0.092525774
4.6709897,-0.01613059,-0.026174749,0.083680775,-0.41468418,-0.15664428,-0.015446082,-0.15102072,0.50556317,0.060075104,0.37298457,-0.1760244,-0.092562802
4.6741662,-0.016940988,-0.024923248,0.083268566,-0.40637058,-0.16786218,-0.014356013,-0.14746776,0.50912634,0.055340851,0.36614867,-0.15141892,-0.091914729
4.6773424,-0.017706431,-0.023725865,0.082854719,-0.39797937,-0.17814693,-0.013243165,-0.14334067,0.51168303,0.049467816,0.36069035,-0.12477562,-0.090477907
4.6805182,-0.018440838,-0.022610347,0.08243136,-0.38971706,-0.18781964,-0.012130682,-0.13830507,0.51325432,0.0425573,0.35625439,-0.096344231,-0.088154032
4.6836937,-0.019135936,-0.021590099,0.081989986,-0.38145742,-0.19673284,-0.010938246,-0.13218919,0.51382328,0.034756891,0.3527905,-0.066289325,-0.085059455
4.6868689,-0.019786355,-0.020642449,0.081554911,-0.37317553,-0.20482555,-0.0096536956,-0.1250695,0.5136431,0.026342213,0.35054373,-0.034609284,-0.081103572
4.6900437,-0.020462704,-0.019740209,0.08110459,-0.36516022,-0.21198423,-0.0084555354,-0.11707372,0.51278434,0.017724208,0.34981277,-0.0012477639,-0.076306634
4.6932182,-0.021110186,-0.018925395,0.080651069,-0.35785646,-0.21822877,-0.0073553647,-0.10841375,0.51108391,0.0091191302,0.34977495,0.033241879,-0.070201188
4.6963923,-0.021716122,-0.018171844,0.080198603,-0.35129098,-0.22358726,-0.0063700207,-0.099248678,0.50836863,0.00096941293,0.34999839,0.068498704,-0.062625823
4.6995661,-0.022298495,-0.017494895,0.079743427,-0.34548159,-0.22808191,-0.0054376837,-0.089712445,0.50481095,-0.0065538523,0.35086199,0.10420278,-0.053846711
4.7027396,-0.022832754,-0.016835224,0.079275708,-0.34040333,-0.2316142,-0.0045924921,-0.07984081,0.50000243,-0.014077953,0.35246236,0.1405097,-0.044189233
4.7059128,-0.023300045,-0.016237622,0.078812682,-0.3359538,-0.23423399,-0.0038158225,-0.069879851,0.49406929,-0.021276658,0.35475517,0.17681935,-0.033115273
4.7090857,-0.023769502,-0.015683303,0.078349798,-0.33210041,-0.23580291,-0.0031405455,-0.059996432,0.48697325,-0.027990604,0.35766616,0.21184857,-0.019715849
4.7122582,-0.024183594,-0.015205522,0.077883748,-0.32906073,-0.23649486,-0.0025970055,-0.050251067,0.4788005,-0.034125913,0.36087391,0.24594084,-0.0051197624
4.7154305,-0.024600391,-0.014782565,0.07740971,-0.32680553,-0.23633036,-0.0020783438,-0.040775563,0.46933457,-0.039586588,0.36423997,0.27834442,0.0095606661
4.7186024,-0.025004479,-0.01440359,0.076940982,-0.32522124,-0.23530075,-0.0015934151,-0.03179747,0.45777554,-0.044132949,0.36741569,0.30921236,0.024114202
4.7217741,-0.025383356,-0.014091696,0.076471366,-0.32432362,-0.2334474,-0.0011579567,-0.022354233,0.44438431,-0.048303418,0.37142512,0.33781887,0.038436134
4.7249454,-0.025739913,-0.013832563,0.075995586,-0.32416495,-0.23075411,-0.0007721054,-0.013077693,0.42951219,-0.051772346,0.37581863,0.3640242,0.052351576
4.7281165,-0.026064965,-0.01363486,0.075517347,-0.32471828,-0.22721251,-0.00042748392,-0.0038786741,0.41324895,-0.054742799,0.38023499,0.38773036,0.065146786
4.7312873,-0.026362071,-0.01346088,0.07503581,-0.32589738,-0.22279133,-0.00016274097,0.0051740335,0.395635,-0.057346969,0.38472208,0.40848658,0.076280989
4.7344579,-0.026642199,-0.013317975,0.074547776,-0.3276377,-0.217513,6.6147363e-05,0.013738188,0.37667285,-0.059544461,0.38952508,0.42631444,0.085270711
4.7376282,-0.026893836,-0.013207922,0.074059535,-0.32982849,-0.2114267,0.00026086469,0.021716572,0.35663184,-0.061398838,0.39517158,0.44107608,0.091508769
4.7407982,-0.027130381,-0.013125223,0.073565392,-0.33245967,-0.20451056,0.00036128598,0.029082969,0.3356753,-0.062944151,0.40157917,0.45328108,0.095739786
4.7439679,-0.027351252,-0.013079756,0.073065497,-0.33558908,-0.19681451,0.00039927407,0.03618124,0.31412827,-0.064090249,0.40888525,0.46265231,0.096788126
4.7471374,-0.027548485,-0.013083726,0.072568666,-0.33918324,-0.18856199,0.00041659198,0.043315762,0.29206193,-0.065227205,0.41699866,0.47013385,0.095315142
4.7503067,-0.027729278,-0.013126682,0.072071489,-0.34313427,-0.17965549,0.00038907155,0.050590663,0.26948038,-0.066365326,0.42569741,0.47593538,0.091925757
4.7534757,-0.027897615,-0.013205178,0.071576941,-0.34739732,-0.17005612,0.00034744737,0.057612809,0.24640344,-0.067377377,0.43524261,0.48031628,0.08673156
4.7566444,-0.028061995,-0.013308336,0.071087232,-0.35193287,-0.15984563,0.00028773479,0.064131288,0.22278592,-0.068322697,0.44598993,0.48357312,0.079506582
4.7598129,-0.02822513,-0.013428628,0.070594923,-0.35668448,-0.14893681,0.00021706321,0.070221936,0.19905992,-0.068742086,0.45752026,0.48598385,0.070421428
4.7629812,-0.028369486,-0.013587477,0.070101349,-0.36163225,-0.13749944,7.0577493e-05,0.075553295,0.17561263,-0.069321321,0.46985318,0.48779138,0.059784132
4.7661493,-0.02849468,-0.013776896,0.069608228,-0.36668976,-0.12557124,-8.0469786e-05,0.079833626,0.15199401,-0.07027781,0.4828064,0.48915092,0.048265554
4.7693171,-0.028615485,-0.013995776,0.069118695,-0.37177316,-0.11313943,-0.00025920362,0.083093095,0.12756668,-0.07083705,0.49645918,0.49013076,0.036498315
4.7724847,-0.028724468,-0.014252745,0.06863348,-0.37685075,-0.10026653,-0.00051510668,0.085547428,0.10252562,-0.071830986,0.51094324,0.49082529,0.024661569
4.7756521,-0.028820459,-0.014547214,0.068143735,-0.38193861,-0.087221606,-0.00089559049,0.087077941,0.077029905,-0.072623936,0.52648456,0.49118133,0.013180182
4.7788192,-0.028914115,-0.014869087,0.067654167,-0.38703012,-0.073690566,-0.0012378292,0.086664204,0.051878966,-0.07302882,0.5428218,0.49102569,0.0023774735
4.7819861,-0.028986212,-0.015231183,0.067167709,-0.39190797,-0.059537978,-0.0014674548,0.084673732,0.026744139,-0.073330406,0.55984614,0.49019522,-0.0073442164
4.7851529,-0.029053368,-0.015626143,0.066679048,-0.39660298,-0.045266922,-0.0018568697,0.081847006,0.0014109861,-0.073230619,0.57703184,0.48844498,-0.015836445
4.7883194,-0.029120321,-0.016054433,0.066190782,-0.40109306,-0.030883992,-0.0022639842,0.077982816,-0.024200702,-0.072409959,0.59384772,0.4856176,-0.023161073
4.7914857,-0.029180274,-0.016512817,0.065704639,-0.4053507,-0.016490704,-0.0026760534,0.072959326,-0.049320229,-0.071227296,0.60986116,0.48159025,-0.029352037
4.7946518,-0.029226786,-0.017008593,0.065214959,-0.40945672,-0.0020576578,-0.0030858648,0.06638901,-0.073288582,-0.069361425,0.62442631,0.47627335,-0.034452226
4.7978176,-0.029261356,-0.017542504,0.064728049,-0.41349154,0.012293593,-0.0034879759,0.05883196,-0.096397557,-0.066824086,0.63728923,0.46938102,-0.038573331
4.8009833,-0.029289506,-0.018131487,0.064243686,-0.41740572,0.026250511,-0.0038098008,0.049713622,-0.11863789,-0.06426214,0.64840486,0.46075816,-0.041932244
4.8041488,-0.029309355,-0.018774602,0.063763876,-0.42107042,0.039671938,-0.0045530396,0.039584001,-0.14000164,-0.061060676,0.65773521,0.45032782,-0.044720695
4.807314,-0.029330834,-0.019465627,0.063279778,-0.42488598,0.052524072,-0.0051645603,0.028794699,-0.15993017,-0.057164674,0.6654714,0.43822943,-0.047127837
4.8104791,-0.029353255,-0.020181808,0.06280963,-0.42872756,0.065971562,-0.0054217945,0.017245378,-0.17786159,-0.053387588,0.67177855,0.42427198,-0.049370332
4.8136438,-0.029351841,-0.020942222,0.062343303,-0.43199873,0.079367684,-0.0056532236,0.0049948518,-0.19376143,-0.05040412,0.67670187,0.40848316,-0.051700048
4.8168082,-0.029315067,-0.021755717,0.061871914,-0.43473921,0.092607333,-0.0056351597,-0.0076776544,-0.20762818,-0.047925789,0.68022601,0.39084844,-0.054156784
4.8199723,-0.029273998,-0.022606772,0.061399494,-0.43726653,0.1054854,-0.0054462952,-0.020611873,-0.21958548,-0.045793358,0.68238334,0.37144367,-0.056793784
4.8231361,-0.029224254,-0.023500709,0.060930408,-0.43956948,0.11792697,-0.0051572324,-0.033371733,-0.22945022,-0.044056469,0.68364745,0.35058219,-0.059447323
4.8262995,-0.029168997,-0.024445014,0.06046535,-0.44172223,0.1298242,-0.0047282046,-0.04581283,-0.23695845,-0.042667357,0.68408237,0.32850978,-0.062082291
4.8294626,-0.029112851,-0.025430889,0.060014335,-0.44377741,0.14125492,-0.0042070966,-0.057943341,-0.24211582,-0.041748865,0.68357471,0.30507745,-0.064718877
4.8326254,-0.029061238,-0.026433804,0.059541233,-0.44568683,0.15197166,-0.0036113322,-0.069696906,-0.24524788,-0.041434254,0.68197277,0.28019346,-0.06722898
4.8357879,-0.029007067,-0.027478249,0.059074606,-0.44735782,0.16188913,-0.0029169722,-0.081352941,-0.24640119,-0.041668692,0.67982457,0.25423733,-0.069865348
4.8389501,-0.028925529,-0.028566404,0.058603724,-0.44901598,0.17102162,-0.0021871572,-0.092683756,-0.24539449,-0.04246272,0.67782949,0.22754005,-0.072611917
4.842112,-0.028825047,-0.029696856,0.058130586,-0.45070941,0.17928586,-0.0014326422,-0.10338203,-0.24247146,-0.043739506,0.67548132,0.19995006,-0.075217079
4.8452736,-0.02870954,-0.03085916,0.057671878,-0.45239146,0.18657176,-0.00065037824,-0.11344134,-0.23791003,-0.045532321,0.67252841,0.17122838,-0.077565328
4.8484349,-0.028577448,-0.032053489,0.057221446,-0.4540484,0.19290335,0.00015929615,-0.12274994,-0.23171504,-0.047610534,0.66915345,0.14104183,-0.079837812
4.851596,-0.028437096,-0.033261072,0.056768842,-0.45572632,0.19846315,0.0010508369,-0.13130572,-0.2231733,-0.04972631,0.6647847,0.11028772,-0.083138896
4.8547567,-0.028308358,-0.03447959,0.056324158,-0.45745417,0.20315344,0.0019792936,-0.13919606,-0.21289617,-0.052091104,0.65926392,0.078643393,-0.086387882
4.8579173,-0.028166826,-0.03572418,0.055889931,-0.45924566,0.2073783,0.0029537147,-0.14636969,-0.20097083,-0.054485283,0.65274644,0.045760614,-0.088767127
4.8610775,-0.028024047,-0.036967553,0.055461765,-0.46120073,0.2106551,0.0039836708,-0.1529559,-0.18725147,-0.056879427,0.64547857,0.011364207,-0.090389762
4.8642376,-0.027887435,-0.038205745,0.055041874,-0.46334618,0.21261731,0.0050453107,-0.15936403,-0.17168925,-0.059157523,0.63728944,-0.024289162,-0.091253286
4.8673973,-0.027758136,-0.039440481,0.054628016,-0.46569225,0.21343731,0.0061097184,-0.16537309,-0.1546475,-0.061341936,0.62673987,-0.060443406,-0.091258209
4.8705569,-0.027625155,-0.040650601,0.054223974,-0.46828149,0.21337591,0.0071351462,-0.17047498,-0.13567412,-0.063318192,0.61503478,-0.096969357,-0.089904178
4.8737162,-0.027492903,-0.041837034,0.053828032,-0.47107539,0.21240321,0.0080838638,-0.17514292,-0.11502398,-0.064906132,0.60247396,-0.13355003,-0.087216779
4.8768753,-0.02736415,-0.043004443,0.053434159,-0.47409063,0.21053259,0.0089392543,-0.17931675,-0.092813411,-0.065920786,0.58939799,-0.16987265,-0.083409723
4.8800341,-0.027250594,-0.044141876,0.053045366,-0.47728919,0.20778904,0.0097123907,-0.18296483,-0.068919039,-0.066255937,0.57710463,-0.20502465,-0.078562946
4.8831928,-0.027165346,-0.045240515,0.052664105,-0.48070524,0.20420223,0.01039144,-0.18590412,-0.043490196,-0.06555284,0.56587956,-0.23819851,-0.072358812
4.8863513,-0.027110688,-0.046288596,0.052281844,-0.48432538,0.19973266,0.010948296,-0.18810733,-0.016235943,-0.064524032,0.555703,-0.26917989,-0.064819371
4.8895095,-0.027080468,-0.047277873,0.051900513,-0.48821599,0.19434326,0.011395961,-0.18955621,0.01237059,-0.06321963,0.54656084,-0.29775435,-0.057065408
4.8926676,-0.027075063,-0.048202177,0.051523302,-0.49240846,0.18801994,0.011683583,-0.19107846,0.041811509,-0.061032765,0.5381125,-0.32358255,-0.049838521
4.8958254,-0.027091586,-0.049059719,0.051155468,-0.49670889,0.18085399,0.011828372,-0.19281556,0.071898748,-0.057854641,0.53008797,-0.34615917,-0.043250617
4.8989831,-0.027149902,-0.049824577,0.050786969,-0.50106135,0.17289737,0.0118362,-0.19410439,0.10290108,-0.053751413,0.52255,-0.36519008,-0.037688923
4.9021405,-0.027243485,-0.050505117,0.050417212,-0.50542454,0.16412828,0.011734026,-0.19497229,0.13453646,-0.048571974,0.51505511,-0.38094569,-0.032915534
4.9052977,-0.0273715,-0.051102505,0.050050569,-0.50975366,0.15455313,0.011543323,-0.19544996,0.16687678,-0.042969663,0.50782852,-0.39364286,-0.029120507
4.9084546,-0.027536969,-0.051595222,0.049680227,-0.51397935,0.14423901,0.011281956,-0.19569708,0.19873165,-0.036567548,0.50071901,-0.40354067,-0.026459647
4.9116111,-0.0277411,-0.051980137,0.049303483,-0.51802433,0.13317377,0.010988223,-0.19589408,0.22967171,-0.028200651,0.49293331,-0.41111927,-0.025104235
4.9147674,-0.027982512,-0.052258243,0.048923993,-0.52192007,0.12140983,0.010772148,-0.19622426,0.26003502,-0.018064969,0.48487634,-0.41640147,-0.025111147
4.9179234,-0.02826205,-0.052415354,0.048539116,-0.52558221,0.10906009,0.010597623,-0.19686751,0.28981589,-0.0068936527,0.47660334,-0.41954113,-0.026408831
4.921079,-0.028586896,-0.052444773,0.048149741,-0.52895614,0.096287888,0.010085404,-0.19810642,0.31888273,0.0045662145,0.46820358,-0.42053173,-0.028949406
4.9242344,-0.028962512,-0.052348782,0.047748424,-0.53197525,0.083072673,0.0092695622,-0.19939779,0.34655204,0.015846901,0.45968377,-0.41945495,-0.03257714
4.9273895,-0.029386289,-0.052119227,0.047337131,-0.53460981,0.069389801,0.0084610983,-0.20043682,0.3723324,0.02736606,0.45114568,-0.416452,-0.03703379
4.9305443,-0.029866658,-0.051754793,0.046915075,-0.53670436,0.054788001,0.0073511243,-0.20139421,0.39622498,0.038696038,0.44348153,-0.41162594,-0.04214635
4.9336988,-0.030405391,-0.051242599,0.046482627,-0.53831309,0.039985111,0.0065290427,-0.20271851,0.41830967,0.049575555,0.43675261,-0.40498962,-0.047739418
4.9368531,-0.031006344,-0.050582748,0.046038597,-0.53928536,0.024980358,0.0062061965,-0.20427008,0.43868199,0.059585096,0.43068186,-0.3965961,-0.053582188
4.940007,-0.031677816,-0.049782896,0.045575816,-0.53964895,0.0097090867,0.0058991743,-0.20588393,0.45677616,0.069200534,0.42501056,-0.38647467,-0.059514688
4.9431607,-0.032412803,-0.04883781,0.045098324,-0.53935995,-0.0059133395,0.0057321768,-0.2068994,0.47256934,0.078364141,0.41921965,-0.37463996,-0.065288362
4.9463142,-0.033211951,-0.047750488,0.044603119,-0.53846716,-0.021900962,0.0057790321,-0.20748349,0.4859642,0.086543976,0.41379811,-0.36137492,-0.070916434
4.9494674,-0.034081674,-0.046523711,0.044079282,-0.5369343,-0.037944578,0.0058074624,-0.20758988,0.49746561,0.093070444,0.40828412,-0.34632576,-0.076236114
4.9526203,-0.035012687,-0.045150293,0.043540825,-0.5347065,-0.053971273,0.0057995607,-0.20714969,0.50738803,0.097649463,0.40263862,-0.32919035,-0.081079802
4.955773,-0.036006844,-0.043632829,0.042983576,-0.53197976,-0.070062706,0.0057806395,-0.20505097,0.51567282,0.099756335,0.39678397,-0.3099486,-0.085359447
4.9589254,-0.037082733,-0.041981884,0.042392073,-0.52877344,-0.0859706,0.0058248034,-0.20164971,0.5226069,0.099152868,0.39053512,-0.28860349,-0.089079275
4.9620776,-0.038160109,-0.040190455,0.041802426,-0.52459055,-0.1017145,0.0058780267,-0.19688598,0.52848016,0.096885461,0.3843374,-0.26431557,-0.09205197
4.9652296,-0.039293948,-0.03826305,0.04118613,-0.51943844,-0.11694621,0.0060664223,-0.19099719,0.53350039,0.093699736,0.37854963,-0.23833749,-0.094708044
4.9683814,-0.040488169,-0.036194942,0.040553501,-0.51348807,-0.1311452,0.0062972252,-0.1843021,0.5376371,0.089355517,0.37324672,-0.209658,-0.096451416
4.971533,-0.04172817,-0.034002166,0.039898972,-0.50688785,-0.14475033,0.0065699417,-0.17658811,0.54061255,0.083705696,0.36830941,-0.17839538,-0.097060184
4.9746843,-0.043026376,-0.031707862,0.039220887,-0.49975075,-0.15773073,0.0068698046,-0.16790684,0.54268672,0.07680889,0.36346782,-0.14487627,-0.096549052
4.9778355,-0.044378379,-0.029305463,0.038519677,-0.49227072,-0.17004791,0.0071589085,-0.15808697,0.54393078,0.06886252,0.35937881,-0.10898383,-0.094701559
4.9809865,-0.045779095,-0.026804129,0.037782849,-0.48447466,-0.18175702,0.0074100494,-0.14693091,0.54426591,0.059568878,0.35640775,-0.070762849,-0.091562955
4.9841373,-0.047268669,-0.024236407,0.037009459,-0.47639381,-0.19280293,0.0076594009,-0.13448246,0.54403156,0.04966827,0.35402256,-0.030594712,-0.08723562
4.9872879,-0.048808892,-0.02159063,0.036201683,-0.46852866,-0.20303334,0.0078210615,-0.12081897,0.543533,0.039339502,0.35128165,0.010206215,-0.081023823
4.9904384,-0.050407314,-0.018851563,0.035323281,-0.46105176,-0.21255444,0.007884334,-0.10625949,0.54273544,0.029134072,0.3491233,0.051964139,-0.073449589
4.9935887,-0.052049961,-0.016099101,0.034430655,-0.45409878,-0.22141392,0.0078715934,-0.090815638,0.54141839,0.019245072,0.34798147,0.094332333,-0.064428631
4.9967388,-0.053724869,-0.013326943,0.03349991,-0.4474023,-0.22947111,0.0077526873,-0.074364194,0.53949117,0.0099151346,0.34792174,0.1372043,-0.053906558
4.9998888,-0.055440971,-0.010537419,0.032538875,-0.44102354,-0.23661457,0.0076241753,-0.057367878,0.53694374,0.0011526532,0.3490399,0.17963696,-0.041447774
5.0030387,-0.05722714,-0.0076920854,0.031530382,-0.43502929,-0.24288678,0.0075230065,-0.039991362,0.53362358,-0.0070094656,0.35118644,0.22026614,-0.027008479
5.0061884,-0.059040469,-0.0048562131,0.030490607,-0.42962603,-0.24834861,0.0073698372,-0.022077863,0.52945935,-0.014543225,0.35455417,0.25942545,-0.011307886
5.009338,-0.060906044,-0.0020300909,0.029423607,-0.42505057,-0.25314754,0.0070943747,-0.0033018573,0.52430645,-0.021302089,0.35867827,0.29664864,0.0049591892
5.0124875,-0.062810563,0.00079610097,0.028307453,-0.42107077,-0.25721577,0.0067683737,0.015642349,0.51768926,-0.027241086,0.36320312,0.33163257,0.021119803
5.0156368,-0.06475992,0.0035779951,0.027156969,-0.41773225,-0.26047639,0.0063963445,0.034405568,0.50952068,-0.032305787,0.36937464,0.36339307,0.037444908
5.018786,-0.066762452,0.0062951829,0.025965599,-0.4150563,-0.2629182,0.0060047979,0.05275334,0.49972887,-0.036465198,0.37630895,0.39173732,0.053034127
5.021935,-0.068815828,0.0089329475,0.024743008,-0.41312271,-0.26449351,0.0055848027,0.070255214,0.48877294,-0.039806526,0.3840362,0.4176061,0.067577645
5.025084,-0.070935406,0.011477358,0.023485353,-0.41193883,-0.26519049,0.0051865731,0.086206423,0.4761494,-0.042256563,0.39267905,0.44015115,0.080290211
5.0282328,-0.073126431,0.013919976,0.022203099,-0.41150288,-0.26495903,0.0048039082,0.10190411,0.46158644,-0.044338087,0.40237757,0.45921458,0.090190702
5.0313815,-0.075400132,0.016255998,0.020889835,-0.41178647,-0.26374831,0.004428793,0.11654404,0.44516691,-0.04517311,0.41333149,0.47487029,0.098384294
5.0345301,-0.077762049,0.018497719,0.01955012,-0.41270476,-0.2615923,0.0040563082,0.129439,0.42692784,-0.045333299,0.42557699,0.48740081,0.10274374
5.0376785,-0.080212951,0.020579051,0.018194272,-0.41429083,-0.25857147,0.0037072306,0.14046512,0.4067461,-0.044927536,0.43889562,0.49727324,0.10376919
5.0408269,-0.082757629,0.022522345,0.016798546,-0.41653461,-0.25463975,0.0033726685,0.14980138,0.38472216,-0.04422946,0.45325434,0.50509159,0.10251056
5.0439751,-0.085402111,0.024317967,0.015372495,-0.41938028,-0.2498676,0.0030303638,0.15740014,0.36121013,-0.042988349,0.46895987,0.5112471,0.098948992
5.0471232,-0.0881009,0.025943871,0.013910818,-0.42281309,-0.24422305,0.0026729097,0.1635247,0.3363496,-0.041677458,0.48658748,0.51617033,0.092912806
5.0502713,-0.090817863,0.027409332,0.012478056,-0.42679109,-0.23765007,0.0023281473,0.16894226,0.31044864,-0.040440488,0.50570958,0.52021957,0.083865831
5.0534191,-0.093461403,0.028729148,0.011046073,-0.43132219,-0.23015925,0.0020050756,0.17403357,0.28373277,-0.039466763,0.52630681,0.5236673,0.072410738
5.0565666,-0.096129535,0.029825081,0.0095960571,-0.43632354,-0.22178741,0.0016848584,0.1778588,0.2560821,-0.038795556,0.54956969,0.52664302,0.059278739
5.059714,-0.098915962,0.030666394,0.0082028396,-0.44176642,-0.21257595,0.0013401271,0.18046036,0.22776166,-0.038189677,0.5758013,0.52946381,0.045042017
5.0628612,-0.10187847,0.031200825,0.0067836303,-0.44757284,-0.20256244,0.0010197427,0.18232553,0.19917984,-0.036805464,0.60495688,0.53230689,0.030492117
5.0660081,-0.10490308,0.031471711,0.0053476342,-0.45368319,-0.19173149,0.00067599249,0.1833918,0.17037207,-0.03562292,0.63653139,0.53532267,0.016484093
5.0691549,-0.10802166,0.031464126,0.0038925668,-0.46007755,-0.18014006,0.00027158805,0.18332547,0.14184391,-0.035379047,0.66982425,0.53864869,0.0034758156
5.0723014,-0.11126999,0.031158504,0.0024158393,-0.46671163,-0.16768336,-0.00014574566,0.18201221,0.11352456,-0.036166022,0.70270545,0.54232753,-0.0082532127
5.0754478,-0.1146322,0.030538068,0.00097220689,-0.47352365,-0.15442084,-0.00058171146,0.17969612,0.084741318,-0.037493899,0.73418132,0.5462948,-0.018455844
5.078594,-0.1180862,0.029632611,-0.00054312088,-0.48040563,-0.14049465,-0.001058769,0.17653137,0.055645026,-0.038880793,0.7640517,0.55057758,-0.027060674
5.08174,-0.12162585,0.028441591,-0.0020716756,-0.48737139,-0.12579248,-0.001540613,0.1724752,0.026379119,-0.040170627,0.79183217,0.55503315,-0.034003087
5.0848858,-0.12523593,0.026945723,-0.0035872272,-0.49436993,-0.11028513,-0.0019816721,0.16679001,-0.0026451516,-0.041567087,0.8172906,0.55947261,-0.039339771
5.0880315,-0.12888886,0.025168592,-0.0050818936,-0.50126114,-0.09413885,-0.0025485116,0.15927767,-0.031333329,-0.043027045,0.84033778,0.5634945,-0.043059829
5.0911769,-0.13258138,0.023138941,-0.0065701337,-0.5080818,-0.077337998,-0.0031552638,0.15102197,-0.059907564,-0.044447739,0.86095334,0.56666503,-0.045336717
5.0943222,-0.13635261,0.020851312,-0.0080532802,-0.51458084,-0.060085386,-0.0035678388,0.14196116,-0.088453832,-0.046284026,0.87894181,0.56875071,-0.046657312
5.0974674,-0.14017426,0.018354951,-0.0095156362,-0.52075197,-0.042365733,-0.0039071157,0.13213646,-0.11661067,-0.04775355,0.89428392,0.56944563,-0.047189565
5.1006124,-0.14404634,0.015655737,-0.010977893,-0.52658297,-0.024374417,-0.0046366045,0.12125615,-0.14372899,-0.04816232,0.90704593,0.56828376,-0.046924218
5.1037573,-0.14799079,0.012644304,-0.012421304,-0.53220638,-0.0059696157,-0.0052173566,0.10928087,-0.16999779,-0.047911925,0.91724545,0.56488342,-0.045887579
5.106902,-0.15195106,0.0093539107,-0.013841344,-0.5374756,0.012387075,-0.0059387366,0.096615202,-0.19549539,-0.047039519,0.92492293,0.55891883,-0.044550623
5.1100466,-0.15591371,0.0057899736,-0.015216188,-0.54227675,0.030986188,-0.0068134401,0.083335475,-0.22021311,-0.045485073,0.93019352,0.55022202,-0.043018783
5.113191,-0.15985037,0.0020006655,-0.016545764,-0.54674883,0.050305873,-0.0073041385,0.069858146,-0.24346283,-0.04321214,0.93331701,0.5386385,-0.041524905
5.1163354,-0.1638031,-0.0020188415,-0.017848521,-0.55111591,0.069792474,-0.0075441158,0.055129153,-0.26431877,-0.039712689,0.93461058,0.5241534,-0.040217148
5.1194796,-0.16777324,-0.0062443752,-0.019128289,-0.55489589,0.089577534,-0.00780578,0.040152654,-0.28305818,-0.035762326,0.93416439,0.50661891,-0.039148995
5.1226237,-0.17174518,-0.010622228,-0.020374164,-0.55833241,0.10947181,-0.0080258762,0.025932269,-0.29976126,-0.032507318,0.93190786,0.48595735,-0.038377156
5.1257677,-0.17566138,-0.015137908,-0.021579717,-0.56185246,0.12922606,-0.0081707221,0.012695917,-0.31451339,-0.029872928,0.92791847,0.46234499,-0.037988199
5.1289116,-0.17955776,-0.019783939,-0.02276997,-0.56529848,0.14867692,-0.0083385542,0.0002977099,-0.32728764,-0.02780575,0.92233531,0.43624719,-0.037911445
5.1320553,-0.18340623,-0.024565119,-0.023919255,-0.56790946,0.16780735,-0.0084665118,-0.011340239,-0.3382344,-0.026126788,0.9158335,0.40813052,-0.038382209
5.135199,-0.18718629,-0.0294372,-0.024997649,-0.56966037,0.18637838,-0.0083872173,-0.022320913,-0.3471848,-0.024742132,0.90820938,0.37741695,-0.039301566
5.1383426,-0.19088759,-0.034416674,-0.026041735,-0.571156,0.20444935,-0.0081385122,-0.032249992,-0.35457301,-0.023799917,0.89938852,0.34492813,-0.040581365
5.1414861,-0.19450993,-0.039437379,-0.027064381,-0.57242621,0.22206533,-0.0077605468,-0.041081934,-0.36046828,-0.023520665,0.88916967,0.31077239,-0.04248743
5.1446295,-0.19794247,-0.044457789,-0.028024069,-0.57354973,0.23911734,-0.0072694008,-0.048928699,-0.36488706,-0.024056163,0.87790706,0.27550411,-0.044645526
5.1477728,-0.20126005,-0.049489724,-0.028931045,-0.57447134,0.25571022,-0.0066053056,-0.055448803,-0.36786512,-0.025314639,0.8668157,0.23961591,-0.047179346
5.150916,-0.20456028,-0.054592955,-0.029793067,-0.5753594,0.27186941,-0.0057755268,-0.061461367,-0.36960405,-0.027308359,0.85475555,0.20281264,-0.050134433
5.1540592,-0.20782066,-0.059639414,-0.030594713,-0.57624502,0.28741361,-0.0047791379,-0.067651618,-0.36947424,-0.029938586,0.841747,0.16502705,-0.053268717
5.1572022,-0.21104706,-0.064649953,-0.031380034,-0.57693903,0.30215743,-0.003632477,-0.074150286,-0.36756898,-0.033096588,0.82793533,0.12611666,-0.055883967
5.1603452,-0.21422456,-0.069628996,-0.032130887,-0.57776377,0.31607221,-0.0023717856,-0.080654218,-0.36413743,-0.036672126,0.81287146,0.087249454,-0.059074615
5.163488,-0.21728164,-0.07453857,-0.032815065,-0.57881162,0.32892117,-0.0010409361,-0.08717854,-0.3590004,-0.040649064,0.79665184,0.047598157,-0.062044178
5.1666308,-0.22025427,-0.079320561,-0.033459741,-0.58014972,0.34029759,0.00045396411,-0.093792264,-0.35230291,-0.045133763,0.77949027,0.0073626366,-0.065225431
5.1697735,-0.22316375,-0.083954624,-0.034053549,-0.58192975,0.35010798,0.0021673462,-0.10046573,-0.34385726,-0.049933177,0.76157471,-0.033611092,-0.067965337
5.172916,-0.2260308,-0.088398524,-0.034630928,-0.58379922,0.35897711,0.0040625004,-0.10753029,-0.33377581,-0.054834412,0.74348115,-0.075300962,-0.069957076
5.1760583,-0.22883975,-0.092633077,-0.035154115,-0.58584904,0.36766486,0.0059016242,-0.11346175,-0.32212296,-0.05985937,0.72363788,-0.11664633,-0.071348878
5.1792005,-0.2314932,-0.096636073,-0.035629904,-0.58787971,0.37635347,0.0076289292,-0.11855941,-0.30882607,-0.064828599,0.70331347,-0.15773592,-0.071914524
5.1823426,-0.23405954,-0.10039542,-0.036053631,-0.59004903,0.38492612,0.009119642,-0.12296918,-0.29389383,-0.069593451,0.68275482,-0.198025,-0.071361334
5.1854845,-0.2366249,-0.10389941,-0.036455519,-0.59235305,0.39324149,0.010459935,-0.12682316,-0.2773997,-0.074221258,0.66191281,-0.23743908,-0.070015112
5.1886262,-0.23927284,-0.10720207,-0.036841655,-0.59480367,0.40080164,0.01163342,-0.12976815,-0.25903387,-0.078267421,0.64101478,-0.27506178,-0.06782837
5.1917678,-0.24199201,-0.1103677,-0.037221428,-0.59706508,0.40770681,0.012318715,-0.13187064,-0.23854387,-0.081978416,0.62212145,-0.31014418,-0.064151297
5.1949093,-0.24475797,-0.11334312,-0.037569154,-0.59945142,0.41363562,0.012422937,-0.13301463,-0.21590348,-0.085218561,0.60566471,-0.34266708,-0.058400218
5.1980507,-0.24756957,-0.11615157,-0.037916136,-0.60206195,0.41851956,0.01213704,-0.13355505,-0.19118725,-0.087736865,0.59226955,-0.37220904,-0.050639423
5.2011919,-0.25048067,-0.118712,-0.038244702,-0.60455512,0.42244086,0.011188223,-0.13352253,-0.1644097,-0.08955683,0.58134642,-0.39885768,-0.04237125
5.204333,-0.25346818,-0.12106306,-0.038574048,-0.60668162,0.4253185,0.0097394529,-0.13273289,-0.13589733,-0.090673842,0.57125108,-0.42197831,-0.033931446
5.2074739,-0.25653646,-0.12314552,-0.038896548,-0.60795316,0.42705373,0.0078455772,-0.13125051,-0.10577767,-0.091049265,0.56172899,-0.44227694,-0.026094151
5.2106148,-0.25966424,-0.12496715,-0.03920672,-0.60805879,0.42779275,0.005598651,-0.12954387,-0.074071437,-0.0909274,0.55256869,-0.45986738,-0.019149021
5.2137555,-0.26287382,-0.12650991,-0.039514382,-0.60690284,0.42746388,0.0026841654,-0.12700602,-0.040844515,-0.089493522,0.54439209,-0.47490256,-0.013375728
5.2168961,-0.26616643,-0.12776633,-0.039794876,-0.60453684,0.42611405,-0.00069527242,-0.12478642,-0.0064057074,-0.086960245,0.53671301,-0.48751461,-0.009120176
5.2200367,-0.26957409,-0.12873119,-0.040054373,-0.60085234,0.42370267,-0.0044568583,-0.12287607,0.02887723,-0.083366881,0.5295845,-0.49759002,-0.0065527071
5.2231771,-0.27309975,-0.12939354,-0.040279141,-0.59590305,0.42016541,-0.0084727292,-0.12063574,0.06506537,-0.078939527,0.52331033,-0.50522864,-0.0060427955
5.2263174,-0.27676431,-0.12973269,-0.04047978,-0.58999513,0.41552992,-0.012631912,-0.11808871,0.10188994,-0.074707752,0.51810514,-0.51057591,-0.007463166
5.2294577,-0.28058907,-0.12974392,-0.040631583,-0.58262189,0.40982494,-0.01689106,-0.11526153,0.13919714,-0.069889899,0.51543151,-0.51366386,-0.010187296
5.2325978,-0.28460609,-0.1293693,-0.040765692,-0.57377961,0.40250647,-0.020973585,-0.11209151,0.17660424,-0.064143077,0.51542732,-0.51474677,-0.013997323
5.2357379,-0.28884162,-0.12864284,-0.040884838,-0.56364325,0.39369963,-0.024629499,-0.10875464,0.21306829,-0.057147328,0.51775578,-0.51415773,-0.018726292
5.238878,-0.29336725,-0.12758548,-0.040971551,-0.55254913,0.3837473,-0.028001844,-0.10538431,0.24897898,-0.048100213,0.52195767,-0.51205508,-0.02405444
5.2420179,-0.29812688,-0.1262105,-0.041044357,-0.54070764,0.37232246,-0.031005647,-0.10189519,0.28431966,-0.037895339,0.52732233,-0.50851468,-0.029592258
5.2451578,-0.30296368,-0.12443875,-0.041089531,-0.52826505,0.35948848,-0.033590782,-0.098618386,0.318902,-0.02664687,0.53343238,-0.50355354,-0.035177363
5.2482976,-0.30782604,-0.12238176,-0.0411056,-0.51510858,0.34511391,-0.03585234,-0.095749,0.35250358,-0.015174509,0.53997636,-0.49726752,-0.040543953
5.2514374,-0.31276111,-0.12004891,-0.041111549,-0.50125222,0.32963601,-0.037553628,-0.091849291,0.38441011,-0.0034993055,0.54655847,-0.48992087,-0.045564482
5.2545771,-0.31781683,-0.11742511,-0.041152289,-0.48669874,0.31323072,-0.038659106,-0.087816219,0.41474358,0.0082465,0.55289775,-0.48132044,-0.050026254
5.2577168,-0.3229225,-0.11455142,-0.041215891,-0.47189851,0.29534756,-0.039098,-0.083556132,0.44331577,0.019347757,0.55867712,-0.47131377,-0.053882385
5.2608564,-0.32812857,-0.11143608,-0.041255903,-0.45632212,0.27631789,-0.039319057,-0.078828903,0.47019341,0.029690917,0.56365928,-0.45968343,-0.057026637
5.2639959,-0.33344083,-0.10807273,-0.041267254,-0.43946027,0.25676906,-0.039244276,-0.07330468,0.49497772,0.039409324,0.56765746,-0.44633703,-0.059522639
5.2671354,-0.33883187,-0.1044311,-0.041237109,-0.4220551,0.23630411,-0.038821419,-0.066238327,0.51736142,0.04808914,0.57067005,-0.43135317,-0.061719049
5.2702748,-0.34432834,-0.10054594,-0.041179068,-0.40420864,0.21473146,-0.03821869,-0.057351621,0.53744879,0.055080275,0.57259942,-0.4143434,-0.063745133
5.2734141,-0.34992607,-0.096441593,-0.0410937,-0.38658434,0.19254747,-0.036840378,-0.046791596,0.55523798,0.060423701,0.57332645,-0.39520688,-0.065642481
5.2765533,-0.35561851,-0.092088665,-0.040968217,-0.36930115,0.17007464,-0.034632581,-0.033905014,0.57079176,0.063061022,0.57279824,-0.37376189,-0.067388171
5.2796924,-0.36140372,-0.087422216,-0.040779841,-0.35250956,0.14709338,-0.031490989,-0.019817252,0.58378674,0.062042601,0.57079314,-0.34972826,-0.068971231
5.2828314,-0.36711397,-0.082426144,-0.040558727,-0.33580719,0.12392329,-0.028603118,-0.0042471393,0.59444617,0.058923849,0.56779662,-0.32349312,-0.070559536
5.2859703,-0.37287624,-0.077221948,-0.040332866,-0.31920601,0.10097257,-0.026686166,0.013392373,0.60304619,0.0538224,0.56446479,-0.295648,-0.072162651
5.2891091,-0.37863859,-0.071828781,-0.040105374,-0.30310784,0.078334216,-0.025181826,0.033424408,0.60972679,0.04657863,0.56014384,-0.26561936,-0.073754109
5.2922478,-0.38438404,-0.066276415,-0.039940173,-0.2877109,0.055378432,-0.023651172,0.055196735,0.61525251,0.037570459,0.55513372,-0.23327574,-0.075244582
5.2953863,-0.39018554,-0.060496253,-0.039555523,-0.27310241,0.032357146,-0.022118787,0.079421761,0.61966001,0.026487503,0.54908131,-0.19866296,-0.076483521
5.2985248,-0.39600734,-0.054600601,-0.039165661,-0.25944261,0.0094401884,-0.020598773,0.10556585,0.62305126,0.014115723,0.54243293,-0.1612155,-0.077646446
5.3016632,-0.40186858,-0.048608823,-0.038704305,-0.24646549,-0.013602243,-0.019180789,0.13336524,0.62562656,0.0011427613,0.53536314,-0.12301032,-0.079268487
5.3048015,-0.40769915,-0.042200884,-0.038488817,-0.23494147,-0.036221153,-0.017952644,0.16249722,0.62742603,-0.012027822,0.52803222,-0.082562559,-0.080718326
5.3079397,-0.41350209,-0.035721738,-0.0382968,-0.22528264,-0.057734637,-0.017111985,0.19359293,0.62825089,-0.024786702,0.52078092,-0.040025821,-0.081551992
5.3110778,-0.41921497,-0.029230131,-0.038124936,-0.21735802,-0.078523957,-0.016466236,0.22681884,0.62800779,-0.036746921,0.51281864,0.0040248854,-0.081350678
5.3142159,-0.42487768,-0.022636184,-0.037840809,-0.21071962,-0.098203669,-0.015696826,0.26160261,0.62677836,-0.047525415,0.5056485,0.049550474,-0.079600829
5.3173538,-0.43027042,-0.01602532,-0.037480235,-0.20543436,-0.11691607,-0.015039655,0.29754238,0.6246926,-0.056891753,0.49780703,0.095453897,-0.076563533
5.3204917,-0.43592002,-0.0092273978,-0.037004271,-0.20166656,-0.13468906,-0.014641651,0.33396949,0.62159894,-0.064989411,0.4908099,0.14201651,-0.072279508
5.3236294,-0.44159888,-0.0023166147,-0.036510714,-0.19979306,-0.15132436,-0.014831802,0.37026694,0.61761063,-0.071656386,0.48492952,0.18798538,-0.066229397
5.3267671,-0.44722075,0.0045639306,-0.035883115,-0.19942625,-0.16686674,-0.015021888,0.40521254,0.61247453,-0.076520751,0.48027713,0.23250648,-0.058128644
5.3299047,-0.4527609,0.011497589,-0.035191696,-0.20095098,-0.18120553,-0.015242198,0.4374219,0.60597267,-0.079787236,0.47681027,0.27540571,-0.04796635
5.3330423,-0.45822648,0.018511502,-0.034262557,-0.2043112,-0.19466897,-0.015494148,0.46694647,0.59779733,-0.081768913,0.47390632,0.3156655,-0.036239398
5.3361798,-0.46361483,0.025322182,-0.033147038,-0.20899661,-0.20685078,-0.015737993,0.4938447,0.58775927,-0.082560016,0.47168315,0.35291487,-0.022906618
5.3393172,-0.46917424,0.031929236,-0.031873963,-0.21503301,-0.21789171,-0.016059719,0.51827824,0.57585578,-0.082392785,0.47081767,0.38655746,-0.0074204737
5.3424545,-0.47462481,0.038306644,-0.030584397,-0.22236224,-0.22770587,-0.016132746,0.54033799,0.56208315,-0.081636083,0.47089181,0.41667545,0.008221122
5.3455918,-0.47959029,0.044563805,-0.029200296,-0.23077122,-0.23625995,-0.016556184,0.56002233,0.54567909,-0.08028054,0.47268046,0.44325983,0.023015481
5.348729,-0.48448764,0.050270362,-0.027807581,-0.23966569,-0.24365445,-0.017363974,0.57708668,0.52647157,-0.078612391,0.47691895,0.46677951,0.036420926
5.3518662,-0.48943877,0.055491501,-0.026491405,-0.24901448,-0.24980281,-0.018436348,0.59173098,0.50491133,-0.076525397,0.48419502,0.48686604,0.047595201
5.3550033,-0.4941193,0.060127342,-0.025236759,-0.25873972,-0.25463673,-0.019649127,0.60416716,0.48119614,-0.074220054,0.49422646,0.50294005,0.056238158
5.3581404,-0.49864958,0.064348924,-0.02401848,-0.26873514,-0.25815099,-0.021173835,0.61441697,0.45567822,-0.071943531,0.5070636,0.51541193,0.062524908
5.3612775,-0.50303919,0.068221486,-0.022843826,-0.27837822,-0.26027078,-0.023063138,0.62295601,0.42869702,-0.069738617,0.52273145,0.5246432,0.065419664
5.3644145,-0.50731565,0.071712654,-0.02157419,-0.28774287,-0.26098484,-0.024946459,0.62995879,0.40043066,-0.067784926,0.54099329,0.53119797,0.065062624
5.3675514,-0.51152163,0.074849423,-0.020240274,-0.2970333,-0.26025638,-0.027222732,0.63534339,0.37130451,-0.065960255,0.5616228,0.53556059,0.06233109
5.3706883,-0.5155894,0.077543691,-0.018901005,-0.30620157,-0.25803535,-0.029835807,0.63898807,0.34145818,-0.064386482,0.58414697,0.53826378,0.057200886
5.3738252,-0.51955021,0.079740347,-0.017571352,-0.31485816,-0.25429331,-0.032608048,0.64097295,0.31120441,-0.063020939,0.60868235,0.53994791,0.049072479
5.3769621,-0.52342312,0.081372838,-0.01626796,-0.32268091,-0.24909751,-0.035638062,0.64276959,0.28117585,-0.062740134,0.63511291,0.54112178,0.037887498
5.3800989,-0.52719034,0.082425777,-0.014917148,-0.32974494,-0.2423373,-0.038839248,0.64422127,0.25130377,-0.063127907,0.66337029,0.54216301,0.024766308
5.3832357,-0.53090473,0.082883718,-0.013454797,-0.33602721,-0.23386604,-0.042220603,0.6444523,0.2214213,-0.064183673,0.6948619,0.5433427,0.010527489
5.3863724,-0.53452585,0.082792187,-0.011961283,-0.34177613,-0.22344015,-0.045650805,0.64355927,0.19141962,-0.065874881,0.72965863,0.54487649,-0.0038962535
5.3895091,-0.53810299,0.082174495,-0.010438328,-0.34770121,-0.21085852,-0.049047189,0.6417756,0.16137746,-0.066758956,0.76711112,0.54694305,-0.017742002
5.3926458,-0.54163966,0.081011209,-0.0089006962,-0.35315037,-0.19675717,-0.052475216,0.63827206,0.13200162,-0.06896122,0.80431341,0.54958153,-0.030381448
5.3957824,-0.54514798,0.079326667,-0.0073457902,-0.35793825,-0.18108988,-0.055889185,0.63292406,0.10255366,-0.071712859,0.83993356,0.55271273,-0.041346682
5.398919,-0.54856978,0.076978238,-0.0057223269,-0.36240962,-0.16346351,-0.058784884,0.62589895,0.07250176,-0.075097412,0.87341483,0.55605579,-0.050321597
5.4020556,-0.55184328,0.07400161,-0.004005457,-0.36671727,-0.14385246,-0.061502309,0.61759409,0.041509792,-0.078775279,0.90443514,0.55922127,-0.057194359
5.4051921,-0.55496434,0.070652935,-0.0023604611,-0.3703851,-0.12257994,-0.063956162,0.60801687,0.0098382376,-0.081875405,0.93295297,0.56175643,-0.062061694
5.4083286,-0.55790936,0.066053264,-0.00091100427,-0.37353654,-0.099892546,-0.066061539,0.59581638,-0.022053802,-0.084837793,0.95902892,0.56312572,-0.06530677
5.4114651,-0.56061417,0.060768262,0.00058127638,-0.37610995,-0.075758107,-0.067498589,0.58211591,-0.054601086,-0.087430981,0.98272516,0.56279137,-0.067136097
5.4146015,-0.56308596,0.054939208,0.002046054,-0.3775138,-0.050038356,-0.068388499,0.56706429,-0.087612981,-0.089394273,1.0040927,0.56029121,-0.067815954
5.4177379,-0.56527843,0.048542925,0.0035657864,-0.37836845,-0.022704056,-0.069114616,0.55078201,-0.12097848,-0.090570396,1.0231099,0.55523516,-0.067648773
5.4208742,-0.56719137,0.041597147,0.0050821439,-0.37939055,0.0058075104,-0.069241341,0.53303162,-0.1541935,-0.090868137,1.0399903,0.54742208,-0.066913794
5.4240105,-0.56878057,0.034126713,0.0066014821,-0.38060122,0.035447087,-0.068744546,0.51373728,-0.1867818,-0.090562708,1.0549689,0.53668577,-0.065759032
5.4271468,-0.57011502,0.026190921,0.0081451626,-0.38142651,0.066171691,-0.067556938,0.49294602,-0.21870772,-0.089847639,1.0680748,0.52295867,-0.064329478
5.4302831,-0.57131394,0.017792027,0.0096467978,-0.38164267,0.097863389,-0.065455808,0.47226786,-0.24953716,-0.088025371,1.0793813,0.50636906,-0.062890024
5.4334193,-0.57221187,0.0089807076,0.011179643,-0.38160695,0.130415,-0.062665982,0.45271475,-0.27891621,-0.085457563,1.0890307,0.48704438,-0.061494444
5.4365554,-0.57283821,-0.00016444215,0.012655481,-0.38128318,0.16384305,-0.059250753,0.43433447,-0.30624935,-0.083477269,1.0972109,0.46559195,-0.060429816
5.4396915,-0.57295819,-0.0095876138,0.014050843,-0.38071821,0.1966138,-0.054424299,0.4174856,-0.33149884,-0.082516117,1.1040393,0.44203585,-0.059669302
5.4428276,-0.57250234,-0.01933838,0.015396003,-0.37980772,0.22869717,-0.047823061,0.40255355,-0.35447908,-0.082000597,1.1094068,0.41668565,-0.059223418
5.4459637,-0.57122341,-0.029198387,0.016822027,-0.3788489,0.26059923,-0.040442271,0.38848634,-0.37498089,-0.081940057,1.1132523,0.38989601,-0.059199094
5.4490997,-0.56950502,-0.039217692,0.018248529,-0.37821531,0.292555,-0.032740488,0.37514552,-0.39256204,-0.08225446,1.1156527,0.36200527,-0.059751258
5.4522356,-0.56735841,-0.049505021,0.019484311,-0.37818755,0.3247005,-0.02483084,0.362437,-0.4070036,-0.083107115,1.1170791,0.33364246,-0.060800632
5.4553716,-0.56473131,-0.059789578,0.020628987,-0.37863414,0.3565159,-0.016898279,0.35053694,-0.41839496,-0.084427072,1.1172073,0.3041616,-0.062444938
5.4585075,-0.56164519,-0.07004052,0.021755295,-0.37832488,0.38713187,-0.0088524284,0.33923898,-0.42711724,-0.086278103,1.1159674,0.27411592,-0.064793006
5.4616433,-0.55816242,-0.080252385,0.02292167,-0.37731639,0.41626271,-0.00049825351,0.32749326,-0.43316388,-0.088722719,1.1127939,0.24313854,-0.067341857
5.4647791,-0.55422119,-0.090369401,0.024000391,-0.37653692,0.44386126,0.0077571127,0.31533789,-0.43654187,-0.091674663,1.1093405,0.2121652,-0.070416936
5.4679149,-0.54999042,-0.10019921,0.024975621,-0.37586311,0.46966114,0.015614804,0.30302451,-0.43733271,-0.095054285,1.1044199,0.1806843,-0.073871916
5.4710506,-0.54538756,-0.1097017,0.025839027,-0.37509918,0.49345099,0.022641986,0.29061911,-0.43561177,-0.098752107,1.097816,0.14841308,-0.077426447
5.4741863,-0.54009754,-0.11885971,0.026661441,-0.37352707,0.51467118,0.028594584,0.27809928,-0.43138032,-0.10273156,1.0894324,0.11494204,-0.080767065
5.4773219,-0.53421317,-0.127549,0.027390201,-0.37056423,0.53309309,0.03311584,0.26690675,-0.42472226,-0.10693576,1.0786719,0.080644877,-0.085123576
5.4804575,-0.52784891,-0.13569301,0.028073188,-0.36626881,0.5487757,0.036291564,0.25715313,-0.41542862,-0.11110486,1.0655956,0.045088798,-0.089354363
5.483593,-0.52105517,-0.14323976,0.028655778,-0.36041991,0.56242395,0.037597593,0.24879429,-0.4032613,-0.11516308,1.0504951,0.0081199366,-0.093420868
5.4867285,-0.51408826,-0.15035932,0.029136607,-0.35349079,0.57381666,0.036655465,0.24158081,-0.38826726,-0.11898768,1.0334276,-0.030454456,-0.096885483
5.4898639,-0.50693786,-0.15698506,0.029530518,-0.34584822,0.58291039,0.034926468,0.23526215,-0.37063186,-0.12237961,1.0148104,-0.070423108,-0.099714534
5.4929993,-0.49962131,-0.16302808,0.029856182,-0.33709933,0.58984988,0.032373088,0.22965409,-0.34999898,-0.12523124,0.99362844,-0.11121232,-0.1015582
5.4961346,-0.49226454,-0.1683877,0.030125937,-0.32696418,0.594757,0.028746042,0.22499356,-0.32618164,-0.12743808,0.97106152,-0.1526996,-0.1022609
5.4992699,-0.48525915,-0.17311943,0.030340896,-0.31516925,0.59785055,0.024136541,0.2214053,-0.29907821,-0.12888952,0.94730243,-0.19432578,-0.10183448
5.5024051,-0.47849587,-0.1772454,0.030534606,-0.30168819,0.59973513,0.018756751,0.21893795,-0.26865751,-0.12943382,0.92277587,-0.23570442,-0.10024609
5.5055403,-0.47196241,-0.18063488,0.030674737,-0.28680826,0.60015671,0.012633924,0.21756086,-0.23503888,-0.12899577,0.89792299,-0.27492322,-0.09752082
5.5086755,-0.46572971,-0.18336554,0.030764299,-0.27053453,0.59906207,0.0060373795,0.2167889,-0.19839811,-0.12751744,0.87323669,-0.31202458,-0.09379258
5.5118106,-0.45984776,-0.18544343,0.03083036,-0.25310852,0.5966561,-0.00052316342,0.21680383,-0.15900425,-0.12503652,0.84980364,-0.34479652,-0.089564164
5.5149456,-0.4543406,-0.18693184,0.030875687,-0.23511067,0.59333775,-0.006894166,0.21777557,-0.11729771,-0.1213788,0.82869716,-0.37289701,-0.084247884
5.5180806,-0.44936747,-0.18784046,0.030893976,-0.21648803,0.58893375,-0.013065703,0.21988986,-0.073532186,-0.11648266,0.81071205,-0.39650396,-0.07832406
5.5212156,-0.44487675,-0.18817096,0.030891159,-0.19744378,0.58300884,-0.018809599,0.22252233,-0.027957926,-0.10973418,0.79566969,-0.41606947,-0.072695644
5.5243506,-0.44091837,-0.18790596,0.030874009,-0.17805102,0.57562251,-0.023930515,0.22442383,0.018679984,-0.10158285,0.78309342,-0.43205587,-0.06835663
5.5274855,-0.43749909,-0.18702833,0.030836979,-0.15876092,0.56673309,-0.02838256,0.22687264,0.066499538,-0.092473495,0.77111923,-0.44492675,-0.065455062
5.5306204,-0.43461555,-0.18556027,0.030800967,-0.13960856,0.55627817,-0.032217781,0.22972539,0.11518051,-0.082092887,0.75974172,-0.45498401,-0.063422814
5.5337552,-0.43221635,-0.1835009,0.030766298,-0.12054756,0.54401098,-0.035581015,0.23321319,0.16463824,-0.070323595,0.74905469,-0.46293578,-0.062413399
5.5368901,-0.43025678,-0.18086093,0.030758098,-0.10139728,0.52969781,-0.038457945,0.23768959,0.21309331,-0.055313222,0.73920186,-0.46854055,-0.062631336
5.5400248,-0.42870576,-0.17757348,0.030761358,-0.082507172,0.51371174,-0.041152315,0.24278711,0.25982496,-0.039277469,0.72994318,-0.47231787,-0.064106771
5.5431596,-0.42761007,-0.17364537,0.03078647,-0.063939776,0.4958179,-0.042597767,0.24851485,0.30514155,-0.022855291,0.72130323,-0.47424333,-0.066657184
5.5462944,-0.42695963,-0.16910969,0.030811381,-0.04610383,0.47590197,-0.043417596,0.25450423,0.34818539,-0.0065671963,0.71432991,-0.47410464,-0.070199327
5.5494291,-0.4267547,-0.16395434,0.030817013,-0.029793484,0.45400891,-0.043676028,0.2608745,0.38858366,0.0090295681,0.70938474,-0.47186804,-0.074509315
5.5525638,-0.42692605,-0.15818247,0.030809634,-0.014232336,0.43018292,-0.04315972,0.26897266,0.42534588,0.02365458,0.70590555,-0.46737348,-0.079415377
5.5556985,-0.4274235,-0.15187513,0.030830709,0.0013365168,0.40450706,-0.043065767,0.27829429,0.45826963,0.036552953,0.70351698,-0.46058815,-0.084624422
5.5588331,-0.42819829,-0.14490021,0.030840863,0.015678286,0.37715155,-0.042544009,0.28901986,0.48781474,0.04726674,0.70179333,-0.45165228,-0.089929288
5.5619677,-0.42923384,-0.13721574,0.030860835,0.029894434,0.3486504,-0.042088275,0.30126627,0.51345514,0.055259529,0.70059798,-0.44069776,-0.095152482
5.5651023,-0.43048964,-0.1290538,0.030867922,0.043600781,0.31924555,-0.041723534,0.31523886,0.53498323,0.060761201,0.69937687,-0.42746428,-0.10021219
5.5682369,-0.43194828,-0.12033702,0.030834097,0.056342484,0.28892794,-0.041271295,0.33080979,0.55261351,0.062104205,0.6978307,-0.41229119,-0.10503132
5.5713714,-0.43359874,-0.11111078,0.030813291,0.067734039,0.25780288,-0.040645067,0.34794319,0.56682532,0.06005592,0.69551074,-0.39536041,-0.10950124
5.5745059,-0.43530745,-0.10139197,0.030800675,0.078136175,0.22612762,-0.040213748,0.36654682,0.57786773,0.055824942,0.69226633,-0.37631732,-0.11384671
5.5776404,-0.43712689,-0.091234091,0.030721183,0.087518071,0.19384606,-0.039595311,0.38654342,0.58619021,0.049658507,0.68922346,-0.35525011,-0.11792461
5.5807748,-0.43900948,-0.0806258,0.030618755,0.095467971,0.162067,-0.039765602,0.40802328,0.5925747,0.041182286,0.68567898,-0.33186541,-0.12166446
5.5839093,-0.44089109,-0.06963882,0.030361745,0.10169292,0.13062124,-0.040696906,0.4309817,0.59758205,0.030953427,0.6815473,-0.30606006,-0.12496347
5.5870437,-0.4427503,-0.058313706,0.030235774,0.10636385,0.098705451,-0.042040655,0.45531567,0.60169152,0.01954662,0.67692481,-0.27695231,-0.12750194
5.590178,-0.44456332,-0.046720621,0.030084833,0.10874853,0.06660001,-0.04352508,0.48056397,0.6051664,0.0075112953,0.67249731,-0.24346296,-0.12983257
5.5933123,-0.44623824,-0.034738812,0.029953863,0.10938892,0.034039883,-0.044795304,0.50718852,0.60809268,-0.0045954783,0.66756763,-0.20701056,-0.13108507
5.5964467,-0.44787472,-0.022552915,0.02994255,0.10846519,0.0010073352,-0.046436043,0.53596744,0.61055619,-0.016253055,0.66260159,-0.16610175,-0.13100312
5.5995809,-0.44952858,-0.009952194,0.0297764,0.10476806,-0.031945972,-0.047945359,0.56681845,0.6124822,-0.02701194,0.65782802,-0.12151074,-0.12928777
5.6027152,-0.45120952,0.0028262404,0.029623309,0.098517695,-0.064702838,-0.04941346,0.59902377,0.61388145,-0.036543053,0.65386991,-0.073692621,-0.12576347
5.6058495,-0.45303467,0.015630333,0.029512736,0.090931496,-0.097420316,-0.050349087,0.63187939,0.61465481,-0.044546576,0.65020529,-0.023831815,-0.11992347
5.6089837,-0.45489214,0.028511676,0.029489981,0.081998477,-0.13012113,-0.050346545,0.66377501,0.61432758,-0.050844598,0.6463882,0.027168056,-0.11176721
5.6121179,-0.4567207,0.041622879,0.02961014,0.072481001,-0.16294994,-0.049386917,0.69306906,0.61256666,-0.055531107,0.64347404,0.078868133,-0.10156061
5.615252,-0.45828437,0.053712506,0.029627957,0.06036698,-0.19505421,-0.04806034,0.71959902,0.60921661,-0.05887083,0.64199872,0.1306832,-0.089665761
5.6183862,-0.45960653,0.064956438,0.029526623,0.046162974,-0.22568514,-0.046124735,0.74330913,0.60394901,-0.060850875,0.6429752,0.18156791,-0.0751664
5.6215203,-0.46055853,0.07574349,0.02946838,0.030900435,-0.2548538,-0.043361227,0.76429202,0.59649496,-0.061746017,0.64644062,0.22927093,-0.05832015
5.6246545,-0.461313,0.086035364,0.029485344,0.015357411,-0.28230563,-0.039314661,0.78274394,0.58672564,-0.061850548,0.65189303,0.27395145,-0.040742276
5.6277885,-0.46208622,0.095876943,0.029494675,0.00017822909,-0.30730032,-0.035443641,0.79882517,0.5742776,-0.061393827,0.65925897,0.31521741,-0.022685797
5.6309226,-0.46270832,0.10513018,0.02952979,-0.014647716,-0.3295506,-0.032427268,0.81268548,0.55919467,-0.060592256,0.66777613,0.35230403,-0.0047683092
5.6340566,-0.46335717,0.11375432,0.029588012,-0.029183547,-0.34881618,-0.029961017,0.82442411,0.5415391,-0.059637197,0.67891251,0.38426093,0.011938457
5.6371906,-0.46412262,0.12179366,0.029677971,-0.043054516,-0.36532615,-0.027803102,0.83394291,0.5213174,-0.058792063,0.69185967,0.41171758,0.027026828
5.6403246,-0.46487991,0.12915207,0.029780114,-0.056257789,-0.37916716,-0.025961693,0.84132436,0.49884862,-0.058041278,0.70634332,0.43433704,0.039053257
5.6434585,-0.46571552,0.13578083,0.029905176,-0.068918976,-0.39035728,-0.024598597,0.84641303,0.47419908,-0.057476938,0.72264673,0.45240283,0.04763151
5.6465925,-0.46664338,0.14155627,0.030052929,-0.080990802,-0.39826763,-0.023776757,0.84965092,0.44736753,-0.057163298,0.74159998,0.46605611,0.053410147
5.6497263,-0.46759378,0.14652284,0.030216122,-0.09201225,-0.40287656,-0.023585768,0.85161254,0.41907482,-0.057182979,0.76190379,0.47621864,0.056331983
5.6528602,-0.46855708,0.15060363,0.03035152,-0.10272806,-0.40444279,-0.023748969,0.8518431,0.38921319,-0.05774328,0.78323661,0.48361223,0.055535965
5.6559941,-0.46972474,0.1537378,0.030459114,-0.11245627,-0.40311856,-0.024416049,0.85030061,0.35803393,-0.058588169,0.80526929,0.48897514,0.052084046
5.6591279,-0.47107463,0.15607674,0.030512027,-0.12118935,-0.39928095,-0.025569023,0.84643579,0.32547731,-0.059721793,0.8270556,0.49300145,0.04648596
5.6622617,-0.47260944,0.15741865,0.030506477,-0.12893985,-0.39311356,-0.027046077,0.84196249,0.29216131,-0.061479649,0.84856447,0.49655768,0.038000571
5.6653955,-0.47430097,0.15777085,0.030481703,-0.13685399,-0.38452757,-0.028803845,0.83709643,0.25813848,-0.06353535,0.87042446,0.49983221,0.027620421
5.6685292,-0.47608169,0.15710854,0.030436998,-0.14494293,-0.37360492,-0.03061081,0.83078827,0.22277347,-0.065898334,0.89304175,0.50345643,0.016253771
5.6716629,-0.47796228,0.15540185,0.030370704,-0.15284486,-0.36063282,-0.032711504,0.82304375,0.18594769,-0.068018557,0.91835074,0.50754613,0.0045766375
5.6747966,-0.47999415,0.15265672,0.030261865,-0.16023382,-0.34571788,-0.035135419,0.81376937,0.14720025,-0.070591856,0.9462644,0.51230829,-0.0068219617
5.6779302,-0.48209798,0.14901973,0.030096378,-0.16791441,-0.32826153,-0.037608418,0.80219317,0.10760305,-0.074518258,0.97426719,0.51776092,-0.017273699
5.6810639,-0.48430067,0.14453813,0.029880756,-0.17571205,-0.3089185,-0.040155214,0.78849273,0.066305671,-0.077612255,1.0014406,0.52375578,-0.026394792
5.6841975,-0.48680648,0.13918594,0.029593527,-0.18313114,-0.28674162,-0.042587514,0.7729262,0.022825932,-0.080146672,1.0272515,0.52994454,-0.033926838
5.687331,-0.48895476,0.13262242,0.029209957,-0.19051553,-0.26227293,-0.044961356,0.75579922,-0.022675697,-0.081736404,1.0513314,0.53600681,-0.039782283
5.6904646,-0.49097978,0.12492865,0.028797724,-0.19776684,-0.23572539,-0.047402874,0.73710736,-0.069735649,-0.082525654,1.0736157,0.54154252,-0.044152737
5.6935981,-0.4929665,0.11619952,0.028356852,-0.20413823,-0.20609159,-0.049621087,0.71603789,-0.11711537,-0.082209226,1.0941601,0.54603318,-0.047191339
5.6967316,-0.49485559,0.10646089,0.027876899,-0.20905069,-0.1737238,-0.051774258,0.69313306,-0.16468325,-0.080730732,1.1130323,0.54893212,-0.049122336
5.699865,-0.49647845,0.095859421,0.027317834,-0.21265963,-0.13928056,-0.053507528,0.67000918,-0.21201099,-0.078061171,1.1302043,0.5497549,-0.050103883
5.7029985,-0.49776556,0.08441189,0.026755405,-0.21521139,-0.10291419,-0.054884952,0.64827264,-0.25810676,-0.074354217,1.145649,0.54814759,-0.050407246
5.7061319,-0.49871565,0.072148027,0.026119263,-0.21782774,-0.064938815,-0.055412185,0.62781717,-0.30252661,-0.069001398,1.1595591,0.54384851,-0.050307147
5.7092653,-0.4992041,0.059085352,0.025298697,-0.22045842,-0.025804704,-0.055070017,0.60940512,-0.34406807,-0.062592865,1.1720719,0.53672064,-0.050001886
5.7123987,-0.499167,0.045033637,0.024052671,-0.22209144,0.01463611,-0.053910223,0.59310626,-0.38207291,-0.056690486,1.183096,0.52661793,-0.049624005
5.715532,-0.49851847,0.031024687,0.023048107,-0.22300813,0.056340519,-0.051791513,0.57760239,-0.41550714,-0.051308228,1.1926063,0.51350778,-0.049194239
5.7186654,-0.49755097,0.016879376,0.022333703,-0.22360078,0.098731354,-0.0494151,0.56270989,-0.44411682,-0.046881943,1.2006966,0.4976752,-0.048914284
5.7217987,-0.49598834,0.0019987335,0.02171816,-0.22386764,0.14127427,-0.046373951,0.54862136,-0.4680783,-0.043170498,1.2073932,0.4792885,-0.048963982
5.724932,-0.49381314,-0.013591492,0.021263355,-0.2237022,0.1833849,-0.040500046,0.53597549,-0.48781052,-0.040351779,1.2127751,0.45828773,-0.049309571
5.7280652,-0.49093477,-0.029635088,0.020732644,-0.22323942,0.22476793,-0.032110777,0.52367853,-0.50391385,-0.038621089,1.2165546,0.43487474,-0.050094648
5.7311984,-0.48739481,-0.045911675,0.020143,-0.22264325,0.26577976,-0.023046534,0.51173421,-0.516298,-0.03807095,1.2184749,0.40913429,-0.051270774
5.7343316,-0.48341136,-0.062473085,0.019732022,-0.22222135,0.3061184,-0.013751778,0.50038995,-0.52547542,-0.03868828,1.2190155,0.3814748,-0.052861483
5.7374648,-0.47875657,-0.079101413,0.019245131,-0.22219866,0.34549179,-0.0048377945,0.48983629,-0.53165706,-0.040333848,1.2178078,0.35178632,-0.055063077
5.7405979,-0.4731232,-0.095581492,0.018725047,-0.22071383,0.38294158,0.0038703019,0.48108884,-0.53500632,-0.042857942,1.214604,0.31927526,-0.057743707
5.743731,-0.46635824,-0.1113819,0.018297667,-0.21793334,0.41813583,0.012485043,0.47498928,-0.53575217,-0.046054281,1.208618,0.28411215,-0.060666612
5.746864,-0.45830023,-0.12653574,0.018038942,-0.21454203,0.45126497,0.02061081,0.47103756,-0.53397406,-0.049687715,1.2013238,0.24673917,-0.064260353
5.7499971,-0.44948978,-0.14130409,0.017917894,-0.2101462,0.48203062,0.027735915,0.46890656,-0.52975393,-0.053520866,1.1917538,0.20686392,-0.068050217
5.7531301,-0.44000391,-0.15548522,0.017875972,-0.20467219,0.51006035,0.0333901,0.46809807,-0.5232284,-0.057334779,1.1795324,0.16384431,-0.071827739
5.756263,-0.42982125,-0.16895669,0.017944272,-0.19724267,0.53518946,0.037350379,0.4680358,-0.51453647,-0.060929975,1.1643568,0.11740385,-0.074993575
5.7593959,-0.41909952,-0.18182259,0.018108241,-0.18823789,0.55715216,0.039447808,0.46816058,-0.50347468,-0.064232922,1.1460735,0.067971932,-0.078911229
5.7625288,-0.40810411,-0.19398456,0.018358,-0.17792655,0.57601387,0.038998304,0.46856647,-0.48984455,-0.067205361,1.1249424,0.015838645,-0.081710777
5.7656616,-0.39674552,-0.20532503,0.018689086,-0.16610901,0.5915966,0.037152302,0.46883309,-0.47361874,-0.069856263,1.1013448,-0.038565308,-0.083441967
5.7687944,-0.38591955,-0.21570369,0.019017392,-0.15259443,0.60481596,0.033952314,0.46893319,-0.45461259,-0.072279983,1.0761075,-0.095063787,-0.083696845
5.7719272,-0.37550967,-0.22508432,0.019414489,-0.13713599,0.61514867,0.029113117,0.46847309,-0.43274315,-0.074407712,1.0497929,-0.15218012,-0.08249833
5.7750599,-0.36541647,-0.23352147,0.019882678,-0.11944694,0.62314477,0.023058807,0.46680544,-0.40782803,-0.07627747,1.0227758,-0.20763049,-0.079612327
5.7781926,-0.35588204,-0.24100126,0.020377431,-0.099768276,0.62897294,0.016107934,0.46515848,-0.38019514,-0.078123873,0.9970789,-0.25947291,-0.074934536
5.7813252,-0.34701776,-0.24752845,0.020886947,-0.078506395,0.63275478,0.0087623066,0.46318695,-0.34949592,-0.079916534,0.97434483,-0.30519058,-0.068743101
5.7844578,-0.33890918,-0.25317032,0.021433537,-0.05573151,0.63465147,0.0012628589,0.4609368,-0.31601013,-0.08167017,0.95514894,-0.34420705,-0.061495809
5.7875904,-0.33189265,-0.25785427,0.021911686,-0.03151601,0.63536715,-0.005979341,0.45818371,-0.27968874,-0.083064158,0.9398133,-0.37755723,-0.053513718
5.7907229,-0.32579231,-0.26143375,0.022368579,-0.0062996826,0.63518868,-0.012751058,0.45461255,-0.23999028,-0.083683232,0.92764784,-0.40612832,-0.045230401
5.7938554,-0.32063849,-0.26392506,0.022812012,0.019326705,0.6340135,-0.019200971,0.45081453,-0.19675958,-0.084609445,0.91651047,-0.43060253,-0.037487878
5.7969878,-0.31632885,-0.26540477,0.023249194,0.046000581,0.63161745,-0.024997883,0.44704993,-0.15098849,-0.085030488,0.90642337,-0.45199623,-0.031105501
5.8001202,-0.31286253,-0.26570052,0.023658322,0.073644916,0.62817646,-0.030278145,0.44408485,-0.10144258,-0.084800461,0.89758274,-0.47056906,-0.026473826
5.8032525,-0.31029522,-0.26488213,0.024085418,0.10226092,0.62357121,-0.034488252,0.44007679,-0.049874528,-0.082513338,0.89036989,-0.48629238,-0.023246157
5.8063848,-0.30869047,-0.26293871,0.024486842,0.13119823,0.6177611,-0.037998459,0.43599897,0.0041187179,-0.078482889,0.88447745,-0.49935171,-0.021570082
5.8095171,-0.30799318,-0.25991718,0.024835196,0.16027885,0.61053467,-0.04086346,0.43260975,0.059744945,-0.072433532,0.88060641,-0.50947305,-0.021404737
5.8126493,-0.30832402,-0.25581194,0.025102248,0.18792688,0.60152609,-0.04279648,0.42872951,0.11587266,-0.06432736,0.87875724,-0.51675923,-0.02253159
5.8157815,-0.30947775,-0.25063918,0.02526608,0.21431648,0.59018314,-0.043975408,0.42578227,0.17214248,-0.055625456,0.87868261,-0.52149619,-0.024675798
5.8189137,-0.31141569,-0.24437568,0.025385147,0.23929697,0.57604472,-0.044329831,0.42383935,0.2257353,-0.044129583,0.88007847,-0.52410252,-0.02760108
5.8220458,-0.31405371,-0.23704942,0.025415585,0.26208899,0.55899589,-0.043973776,0.42326149,0.27711389,-0.030974964,0.88278111,-0.5249124,-0.030966155
5.8251779,-0.31733118,-0.22868522,0.0253888,0.28218332,0.53874411,-0.042919598,0.4242617,0.32556095,-0.016507579,0.88670532,-0.52415817,-0.034478346
5.82831,-0.32121708,-0.21929054,0.025284831,0.29947098,0.51551989,-0.041337974,0.42615312,0.37000992,-0.0025374655,0.89134947,-0.52204807,-0.037873982
5.831442,-0.32562442,-0.2088428,0.025076344,0.31429576,0.4895778,-0.0393254,0.42999243,0.4101374,0.010189265,0.89617828,-0.51850123,-0.040984249
5.834574,-0.33044041,-0.19742529,0.024810781,0.3264438,0.46098655,-0.037006813,0.43766155,0.44524068,0.021281537,0.90090603,-0.51343667,-0.043667395
5.837706,-0.3356213,-0.1851579,0.024484315,0.33603364,0.42996773,-0.034521066,0.44865374,0.47579533,0.030095832,0.90525014,-0.5065852,-0.04591704
5.8408379,-0.34120593,-0.17198747,0.02409333,0.34319569,0.39671045,-0.031886412,0.46250334,0.50185821,0.036551425,0.90899212,-0.4977035,-0.047719535
5.8439698,-0.34693309,-0.15784628,0.023682586,0.34867793,0.36167596,-0.029384587,0.47827033,0.52371794,0.040414477,0.9120059,-0.48660432,-0.049119999
5.8471017,-0.352786,-0.14290588,0.023202926,0.35338959,0.32532484,-0.02698403,0.49649482,0.54167033,0.040487293,0.91399289,-0.47318301,-0.050232976
5.8502336,-0.35858148,-0.12708147,0.02273595,0.35698136,0.28793853,-0.025093505,0.51684184,0.55637935,0.038220503,0.91492907,-0.45711694,-0.051181882
5.8533654,-0.36438907,-0.11062534,0.022187844,0.35873226,0.24942426,-0.023802424,0.53899926,0.56858815,0.03372485,0.91462,-0.43824151,-0.052076249
5.8564972,-0.37034585,-0.093595223,0.021643454,0.35893984,0.21013855,-0.022410582,0.5630614,0.57888384,0.026670347,0.91313182,-0.41643918,-0.05311867
5.859629,-0.37588196,-0.075920871,0.020962257,0.35809668,0.17022862,-0.020216385,0.58924206,0.58767947,0.017016904,0.91061254,-0.39173361,-0.05433743
5.8627608,-0.38125984,-0.057641195,0.020285914,0.35517633,0.13072458,-0.019278908,0.61724717,0.59557539,0.006051248,0.90691585,-0.36406837,-0.055695804
5.8658925,-0.38637418,-0.038853973,0.019622758,0.34993596,0.091660823,-0.019486581,0.64891165,0.6028595,-0.0053596008,0.90189321,-0.33313745,-0.057267465
5.8690242,-0.39149526,-0.019216268,0.019128573,0.34242041,0.052177235,-0.020293957,0.68410221,0.60981227,-0.016424111,0.89506859,-0.29852504,-0.058847992
5.8721559,-0.39619981,0.00090829933,0.018687929,0.33299163,0.012225425,-0.021445478,0.72223587,0.61652776,-0.026563337,0.88807527,-0.26093548,-0.060734333
5.8752876,-0.40048932,0.021499284,0.018000554,0.32161181,-0.028037639,-0.022246885,0.76113609,0.62310861,-0.03524705,0.87951902,-0.22012555,-0.062505742
5.8784193,-0.4045624,0.042716489,0.017965662,0.30783758,-0.068224754,-0.022998131,0.79799188,0.62939722,-0.042100112,0.8695342,-0.17605181,-0.063905817
5.8815509,-0.4084688,0.062595828,0.017944694,0.29102019,-0.10760742,-0.024061652,0.83208787,0.63500617,-0.046987736,0.85843289,-0.1285956,-0.064433187
5.8846826,-0.41216569,0.0820667,0.017787439,0.27253943,-0.14635481,-0.024666132,0.86323179,0.63973677,-0.049969811,0.84673997,-0.077833591,-0.064590792
5.8878142,-0.41578947,0.10128931,0.017710363,0.25268104,-0.18432078,-0.024733773,0.89136943,0.64314188,-0.051288383,0.83444465,-0.02593584,-0.064096463
5.8909458,-0.41951338,0.1201104,0.017638647,0.2324018,-0.22153893,-0.024384927,0.91655308,0.64506746,-0.051270883,0.82233238,0.02741082,-0.061633724
5.8940773,-0.42225132,0.13796549,0.017818499,0.21204311,-0.25764667,-0.023717997,0.93894416,0.644967,-0.050198427,0.81151428,0.081399854,-0.057507634
5.8972089,-0.42472419,0.15518281,0.018153458,0.19169467,-0.29237016,-0.022494583,0.95862723,0.64229581,-0.048282737,0.80299445,0.13526391,-0.051628752
5.9003405,-0.42715078,0.17188781,0.018616747,0.17220165,-0.32482741,-0.021141544,0.97544551,0.63705269,-0.045860465,0.79645968,0.18704235,-0.043998713
5.903472,-0.42959143,0.18781394,0.019155721,0.1545102,-0.35453246,-0.020384155,0.98969949,0.6289744,-0.043148244,0.79279315,0.23595226,-0.034723222
5.9066035,-0.43217504,0.20284926,0.019713743,0.13890491,-0.38133461,-0.020007841,1.0014116,0.61759569,-0.040316543,0.79216808,0.28118472,-0.024551954
5.9097351,-0.43491338,0.21702892,0.020237695,0.12523937,-0.40474185,-0.020016402,1.0108474,0.60285979,-0.037504401,0.79467487,0.32205142,-0.01405661
5.9128666,-0.43748273,0.23006813,0.020760909,0.11249153,-0.42473473,-0.020520039,1.0180899,0.58475014,-0.034916563,0.80005298,0.35796546,-0.0037100321
5.9159981,-0.4401613,0.24195166,0.021263927,0.1009317,-0.44160654,-0.021468356,1.0230468,0.56288382,-0.032661701,0.80706331,0.38881404,0.0060820076
5.9191296,-0.44318274,0.25273071,0.021745073,0.090436224,-0.45532547,-0.022851005,1.0260732,0.53764518,-0.030778049,0.81614002,0.41470424,0.013535695
5.9222611,-0.44636405,0.2622076,0.022163716,0.081394633,-0.46610027,-0.024738515,1.027023,0.50941804,-0.029326661,0.8274586,0.43603172,0.018526105
5.9253926,-0.44952367,0.27040644,0.022566975,0.072522371,-0.47403844,-0.027108946,1.0261568,0.47854515,-0.02829577,0.84129455,0.45331456,0.021892171
5.9285241,-0.45282849,0.27762412,0.022889689,0.063678582,-0.47919443,-0.029851994,1.0239759,0.44561913,-0.02771645,0.85862867,0.46723623,0.022684433
5.9316555,-0.45626448,0.28364025,0.023038521,0.054882676,-0.48102124,-0.032830736,1.0201406,0.41085673,-0.027631689,0.87944837,0.47856912,0.020888336
5.9347869,-0.4597445,0.28835931,0.022981084,0.046243677,-0.47949837,-0.03596199,1.0145095,0.37408791,-0.028331305,0.90272649,0.48813923,0.017358415
5.9379183,-0.46342175,0.29184484,0.022693012,0.037759707,-0.47470145,-0.039234142,1.0067811,0.33482217,-0.029409813,0.92837005,0.49665175,0.011805583
5.9410497,-0.46725144,0.29419074,0.022078222,0.029233776,-0.46671423,-0.042622251,0.99824401,0.29401444,-0.031271084,0.95570583,0.5048,0.004559873
5.9441811,-0.47126109,0.29565591,0.021227268,0.021176487,-0.45563757,-0.046049176,0.98824583,0.25162088,-0.033394301,0.98389534,0.51302674,-0.0032869297
5.9473124,-0.47522189,0.29607566,0.020147518,0.013794724,-0.44132448,-0.049579386,0.97645581,0.20734789,-0.035993751,1.0124153,0.5216093,-0.011125112
5.9504437,-0.47873946,0.29451243,0.01884611,0.008194337,-0.4240829,-0.053232235,0.96274459,0.16091927,-0.039169618,1.0407473,0.53073034,-0.01848862
5.9535749,-0.48180069,0.29146126,0.017357343,0.0036942974,-0.40395979,-0.056771365,0.94667824,0.11197203,-0.041391501,1.0684038,0.5404144,-0.024943424
5.9567062,-0.48428062,0.28724047,0.015679272,-0.0004111206,-0.38096469,-0.060088087,0.92792634,0.061781109,-0.04485012,1.0949337,0.55046671,-0.030238197
5.9598374,-0.4861852,0.28183211,0.013866533,-0.0032698788,-0.35588183,-0.063188093,0.90660448,0.0095607548,-0.048305524,1.1199942,0.56055877,-0.034259344
5.9629685,-0.48749198,0.27526428,0.011931934,-0.0056362953,-0.32834094,-0.066008085,0.88303063,-0.044440352,-0.051438506,1.1433927,0.57021922,-0.037040453
5.9660997,-0.48815823,0.2675702,0.0096977162,-0.0078084109,-0.29785562,-0.068404214,0.85796163,-0.099598615,-0.053847844,1.1650263,0.57896482,-0.038702181
5.9692307,-0.48806543,0.25875344,0.0072664929,-0.01025692,-0.26460794,-0.070411936,0.83149846,-0.15496728,-0.055356725,1.1848716,0.58627513,-0.039467617
5.9723618,-0.48733847,0.24842897,0.0048563126,-0.012372392,-0.22758406,-0.071738116,0.80347815,-0.20972479,-0.056021457,1.2029529,0.59165744,-0.039508256
5.9754928,-0.48573502,0.23755647,0.0025205436,-0.0138052,-0.18868155,-0.073251844,0.77692238,-0.26294994,-0.055653284,1.2193323,0.59465464,-0.038990222
5.9786237,-0.48297091,0.22549603,0.00025526641,-0.014672948,-0.14724062,-0.073661151,0.75226916,-0.31422451,-0.054205049,1.2340865,0.59491325,-0.03811097
5.9817546,-0.47935739,0.21208128,-0.0018729976,-0.014944767,-0.10283059,-0.073247569,0.72958057,-0.36219043,-0.051707893,1.2474088,0.59216701,-0.037096542
5.9848855,-0.47479386,0.19759373,-0.00393435,-0.015957159,-0.056422423,-0.071708066,0.71031659,-0.40508992,-0.048428583,1.2593812,0.58630859,-0.036045961
5.9880164,-0.46930264,0.18201201,-0.0058642805,-0.017215793,-0.0078213436,-0.068795812,0.69265335,-0.44169433,-0.045206148,1.2699848,0.57719827,-0.034957849
5.9911472,-0.46268785,0.16548042,-0.0077204735,-0.019388895,0.042272027,-0.064627609,0.67639896,-0.47261935,-0.042442343,1.2792345,0.56484146,-0.033920074
5.9942779,-0.45554263,0.14822148,-0.009383394,-0.021756514,0.093598904,-0.059567009,0.66255138,-0.4982769,-0.040407529,1.2870997,0.54931167,-0.032953498
5.9974086,-0.44751261,0.13031116,-0.010809094,-0.024347451,0.14547034,-0.054341253,0.65124539,-0.51940382,-0.039172681,1.2936997,0.53063316,-0.032151268
6.0005393,-0.43935395,0.11145938,-0.011846432,-0.026582799,0.19686488,-0.046063934,0.64136521,-0.53660273,-0.038959364,1.2989161,0.5088815,-0.031621375
6.0036699,-0.43029139,0.091571332,-0.012825683,-0.028263863,0.24693038,-0.035682584,0.63298528,-0.54999488,-0.039804575,1.3026292,0.48412532,-0.031453523
6.0068005,-0.4203921,0.070989752,-0.013017043,-0.029610909,0.29598227,-0.024874412,0.62679255,-0.55991192,-0.041599812,1.3046241,0.45635182,-0.031559322
6.009931,-0.40974786,0.04984442,-0.013033688,-0.030759386,0.34362994,-0.014151145,0.62424432,-0.56657581,-0.044098615,1.3048148,0.42550022,-0.032064218
6.0130615,-0.39847276,0.027568496,-0.012970983,-0.03143295,0.38900914,-0.004227539,0.62449497,-0.570188,-0.047194347,1.3031858,0.39143786,-0.032972907
6.016192,-0.38647216,0.0053586782,-0.013164333,-0.03043807,0.43147158,0.0050451673,0.62691153,-0.57111333,-0.050627407,1.2994098,0.35409498,-0.034354149
6.0193223,-0.37373049,-0.017083951,-0.013288406,-0.026372102,0.47010905,0.013676596,0.63099145,-0.56985978,-0.054068466,1.2931873,0.31333531,-0.036218177
6.0224527,-0.35986304,-0.039366565,-0.012891204,-0.020007241,0.50516632,0.020836026,0.63630214,-0.56642205,-0.057206492,1.2840658,0.26931407,-0.038273996
6.025583,-0.34519837,-0.060652408,-0.011681973,-0.011006149,0.53677879,0.026071894,0.64228745,-0.56079005,-0.060038842,1.2722227,0.22124006,-0.040819408
6.0287132,-0.32970707,-0.081952503,-0.0097712386,0.00060223243,0.56443775,0.028963087,0.64832467,-0.55276054,-0.062444931,1.2572861,0.16978546,-0.043483731
6.0318434,-0.31437831,-0.10293407,-0.0076620417,0.014414991,0.58789147,0.028984011,0.65405843,-0.54224978,-0.064340171,1.2391977,0.11521342,-0.046193127
6.0349736,-0.29986022,-0.12323979,-0.0056942775,0.031037877,0.60704145,0.027043545,0.65910181,-0.52922365,-0.065816828,1.2178967,0.0578921,-0.048361438
6.0381037,-0.28590046,-0.14320755,-0.0037837802,0.04989117,0.62297889,0.023385686,0.66324797,-0.51361907,-0.066901735,1.1932799,-0.0013682154,-0.050144673
6.0412338,-0.27265802,-0.16199224,-0.0021092913,0.071160514,0.63605237,0.017756015,0.66701501,-0.49551408,-0.067773454,1.1661772,-0.061788165,-0.051319501
6.0443638,-0.26055904,-0.18012492,-0.00056129885,0.094818517,0.64641073,0.010469026,0.67005564,-0.47451258,-0.068483795,1.1375321,-0.1221075,-0.051663241
6.0474938,-0.24888328,-0.19705,0.0010806384,0.12069942,0.65413895,0.0022769487,0.67194152,-0.44975519,-0.06903752,1.1080615,-0.18110601,-0.050979242
6.0506238,-0.23822881,-0.21234417,0.00299628,0.14885859,0.65959053,-0.0065198723,0.67242317,-0.42115719,-0.069571892,1.0782988,-0.23759753,-0.049403038
6.0537537,-0.22949127,-0.22621284,0.0049375822,0.17883701,0.66309361,-0.015361529,0.67103798,-0.38867931,-0.069949885,1.050601,-0.29086502,-0.046882374
6.0568835,-0.222291,-0.23892811,0.0068591042,0.21064605,0.66483562,-0.024065767,0.66871921,-0.3526543,-0.070670389,1.026409,-0.33944474,-0.043431038
6.0600134,-0.21645306,-0.25030426,0.0088241309,0.24547766,0.66505936,-0.032382168,0.66597762,-0.31304203,-0.071478066,1.0058944,-0.38228553,-0.039433436
6.0631432,-0.21223934,-0.26000043,0.010593862,0.28307498,0.66394224,-0.040076867,0.66142754,-0.2699108,-0.071939927,0.99045122,-0.41937042,-0.035389444
6.066273,-0.20952224,-0.26803571,0.012174208,0.32272607,0.66161287,-0.047120383,0.65551313,-0.22298256,-0.07216435,0.9788915,-0.45070644,-0.031521461
6.0694027,-0.20832867,-0.27437682,0.013687596,0.36391951,0.65817358,-0.053221301,0.64869003,-0.17146916,-0.071541746,0.96940112,-0.47665783,-0.027955346
6.0725324,-0.20839284,-0.27876092,0.015084242,0.40595419,0.65377812,-0.05817365,0.64122516,-0.11662784,-0.071408769,0.96235508,-0.49784705,-0.025313093
6.0756621,-0.20963402,-0.28158093,0.016448866,0.44768789,0.64842818,-0.061821291,0.63324752,-0.059852068,-0.069813005,0.95711206,-0.51587671,-0.023821617
6.0787917,-0.21199468,-0.28270911,0.017731879,0.48692235,0.641999,-0.064110606,0.62421511,-0.00068992374,-0.066722396,0.95465112,-0.53023759,-0.023399798
6.0819214,-0.21542279,-0.28214853,0.018801139,0.52266886,0.63405543,-0.065158779,0.61480851,0.060375871,-0.061970651,0.95524469,-0.54122611,-0.023868992
6.085051,-0.21987987,-0.28000653,0.019615021,0.55473199,0.62438326,-0.065019515,0.60587918,0.12273711,-0.055030793,0.95892044,-0.54941186,-0.025137275
6.0881805,-0.22542792,-0.27625819,0.020255776,0.58328734,0.61300156,-0.063907981,0.59737043,0.18441794,-0.047987387,0.96514274,-0.55532384,-0.027123021
6.0913101,-0.23181135,-0.27082271,0.020741494,0.60860948,0.59959563,-0.062272054,0.59018875,0.24288752,-0.038751596,0.97255154,-0.55929064,-0.029563163
6.0944397,-0.23881988,-0.26386666,0.02098873,0.63046589,0.58349493,-0.060097684,0.5846577,0.29806164,-0.02882309,0.98080242,-0.56146698,-0.032186253
6.0975692,-0.246198,-0.25545621,0.020988963,0.64857703,0.56439197,-0.057407144,0.58211183,0.34888274,-0.018153977,0.9898991,-0.56198997,-0.034753234
6.1006987,-0.25387011,-0.24553157,0.020728969,0.6628566,0.54206593,-0.054325807,0.58287308,0.39457502,-0.0078861081,0.99953115,-0.56088665,-0.037095702
6.1038282,-0.26186484,-0.23403142,0.020273092,0.67380401,0.51678733,-0.050978933,0.58731023,0.43480626,0.0011111237,1.0091764,-0.55809793,-0.03911313
6.1069577,-0.26995507,-0.22105651,0.01967496,0.6818542,0.48879941,-0.047708158,0.59640435,0.46942513,0.0082906537,1.0181833,-0.55336739,-0.040732204
6.1100872,-0.27792249,-0.206663,0.018995858,0.68671893,0.45762661,-0.044633173,0.60898457,0.49838226,0.013296635,1.0262107,-0.54647057,-0.041887369
6.1132167,-0.28577227,-0.19099935,0.018160532,0.68848454,0.42404081,-0.041713189,0.62465651,0.52194861,0.016648429,1.0329323,-0.53714136,-0.042577083
6.1163461,-0.29344459,-0.17405887,0.017204445,0.68740186,0.38823648,-0.038747861,0.6431738,0.54064051,0.017480047,1.0382245,-0.52518882,-0.042892328
6.1194756,-0.30087262,-0.15587877,0.016252125,0.68468575,0.35088374,-0.036296119,0.66419553,0.55509252,0.015940982,1.0421264,-0.51034726,-0.042949929
6.122605,-0.30780234,-0.13633693,0.015329652,0.68087225,0.31255857,-0.034431829,0.68779882,0.56634805,0.012429252,1.0445827,-0.49232634,-0.042829533
6.1257344,-0.31447797,-0.11570309,0.014223274,0.67466129,0.27280181,-0.033324038,0.71381776,0.57512468,0.0068985616,1.0454959,-0.47088138,-0.042700692
6.1288639,-0.32081841,-0.094011471,0.013002634,0.66633757,0.23163984,-0.03316821,0.74252186,0.58214336,-0.00060238302,1.0445952,-0.44567628,-0.042669758
6.1319933,-0.32679254,-0.071381394,0.011883026,0.6561725,0.18938411,-0.032089271,0.77448739,0.58804418,-0.0093933572,1.0422633,-0.41681445,-0.042856935
6.1351227,-0.33254131,-0.047773815,0.010669688,0.64342789,0.14646823,-0.031723486,0.8105053,0.59336161,-0.018382248,1.0382379,-0.38404645,-0.043205267
6.1382521,-0.33838085,-0.023897631,0.009522128,0.62788151,0.10332567,-0.032810556,0.84981058,0.59855099,-0.027033144,1.0324861,-0.34708299,-0.043721139
6.1413816,-0.34400546,0.00073769131,0.0086788839,0.60957273,0.059009802,-0.034179838,0.88824908,0.60391303,-0.03487157,1.024639,-0.30582314,-0.044254854
6.144511,-0.34920228,0.026056325,0.0077788206,0.58906796,0.013445133,-0.035536518,0.92504125,0.60937357,-0.041361574,1.0149619,-0.2606728,-0.044995802
6.1476404,-0.354081,0.050954403,0.0069189882,0.56703698,-0.03324061,-0.036498665,0.95959116,0.61468569,-0.046225516,1.0036943,-0.21213029,-0.045553917
6.1507698,-0.35863541,0.076045312,0.0060237945,0.54237806,-0.080152069,-0.037323002,0.99149643,0.61970147,-0.049476626,0.99066693,-0.16009236,-0.045850488
6.1538992,-0.36279124,0.10055504,0.0057187498,0.51517548,-0.12667086,-0.037845655,1.0206947,0.62411757,-0.05135376,0.97612115,-0.10498107,-0.04556613
6.1570286,-0.36711513,0.12432126,0.0060653246,0.48673805,-0.17264214,-0.037959214,1.0472514,0.62763055,-0.051992468,0.96034231,-0.046905394,-0.044659891
6.160158,-0.37144004,0.1476461,0.0065989421,0.45726799,-0.21748898,-0.03751294,1.0712041,0.62934954,-0.051548986,0.94408757,0.011305687,-0.043183731
6.1632875,-0.37585405,0.17032815,0.0072703217,0.42893935,-0.26085932,-0.036363496,1.0924866,0.62850899,-0.05030768,0.92847792,0.069928782,-0.04064955
6.1664169,-0.3804913,0.19300884,0.0081399294,0.40196312,-0.30152383,-0.034695517,1.1112487,0.62552007,-0.048631302,0.9143908,0.12785702,-0.036991798
6.1695463,-0.38463953,0.21485252,0.0093481116,0.37721853,-0.3393072,-0.032955794,1.1274488,0.62105284,-0.046579755,0.90373072,0.18402925,-0.032312278
6.1726757,-0.387969,0.23554104,0.010909128,0.35598968,-0.37379963,-0.031735109,1.1412297,0.61350945,-0.044312898,0.89643842,0.23660766,-0.026703099
6.1758051,-0.39096548,0.25538228,0.012765531,0.33819535,-0.40445104,-0.031146786,1.1526278,0.6025335,-0.041947653,0.89302967,0.28501048,-0.020389882
6.1789345,-0.39425147,0.27412769,0.014728059,0.32182957,-0.43095787,-0.030841155,1.1616543,0.58846757,-0.039604136,0.89341611,0.3285656,-0.013907812
6.1820638,-0.39782927,0.29147369,0.016763973,0.30680844,-0.45340595,-0.031206172,1.1686608,0.57082975,-0.037357777,0.89718589,0.36679676,-0.0077002888
6.1851932,-0.40178204,0.30734566,0.018881629,0.292929,-0.47198286,-0.032106253,1.1733663,0.54994706,-0.035316701,0.9036347,0.39936643,-0.0022131395
6.1883225,-0.40573227,0.32128607,0.020949692,0.28047085,-0.48683887,-0.033544165,1.1758828,0.5259813,-0.033754384,0.91202017,0.42653038,0.0019255422
6.1914518,-0.40923107,0.33331004,0.023043823,0.26825715,-0.49784302,-0.035484767,1.1761703,0.49881383,-0.032628907,0.92311455,0.44861385,0.0045953251
6.1945811,-0.41275749,0.34396064,0.024984622,0.25634118,-0.50503083,-0.037948614,1.1745728,0.46883202,-0.031931796,0.93754912,0.46621753,0.0058931288
6.1977104,-0.41617111,0.35322258,0.026657148,0.24488704,-0.50896825,-0.040815799,1.1709735,0.43604834,-0.031677057,0.95611339,0.48004926,0.0057633161
6.2008396,-0.41956885,0.36087519,0.028075279,0.23395845,-0.50981783,-0.044102722,1.1652753,0.40077036,-0.031810682,0.97855771,0.49103295,0.0040750477
6.2039688,-0.42308323,0.36773816,0.02923564,0.22355675,-0.50748934,-0.047806391,1.157378,0.36278883,-0.03288512,1.0033727,0.50001946,0.0012693149
6.207098,-0.42641909,0.37356467,0.029903313,0.21409634,-0.50213521,-0.051838424,1.1465455,0.32120559,-0.034145695,1.0297419,0.50779584,-0.0026852705
6.2102271,-0.42941353,0.37804011,0.030036333,0.2074787,-0.49318079,-0.05612744,1.134327,0.27721155,-0.036178746,1.0569286,0.5150705,-0.0074748211
6.2133562,-0.43199364,0.38100347,0.029509455,0.20297491,-0.48078078,-0.060603759,1.1196795,0.2303486,-0.038788409,1.084262,0.52235528,-0.012635653
6.2164853,-0.43383042,0.3823798,0.028423516,0.20002413,-0.46512021,-0.065068274,1.102593,0.1806127,-0.041738931,1.1112676,0.52987832,-0.017693323
6.2196143,-0.43459203,0.38237392,0.026867241,0.19795362,-0.44627357,-0.069259271,1.0825097,0.12752172,-0.045321248,1.1375469,0.53776134,-0.022358952
6.2227433,-0.43425842,0.38106402,0.024804213,0.19579465,-0.42445565,-0.073088826,1.0593679,0.072006966,-0.04876195,1.1628701,0.54603389,-0.026381225
6.2258722,-0.4325785,0.3779622,0.022264434,0.19407091,-0.40009887,-0.076735902,1.0333277,0.014079492,-0.052109085,1.1870122,0.55449824,-0.029648474
6.2290011,-0.43000244,0.3730748,0.019231243,0.19271832,-0.37306194,-0.079953362,1.0049291,-0.045881668,-0.054904635,1.2097392,0.56284582,-0.032164396
6.2321299,-0.42659743,0.36690832,0.015977149,0.19116366,-0.34293709,-0.082883975,0.97527138,-0.10706572,-0.056940395,1.2309564,0.57059564,-0.033951421
6.2352587,-0.42221232,0.35957536,0.012514524,0.18930842,-0.30988084,-0.085204324,0.94420281,-0.16805681,-0.058087689,1.2507376,0.57731287,-0.03509667
6.2383874,-0.41644912,0.35098397,0.0090143904,0.18680601,-0.27337983,-0.086601064,0.91358645,-0.22887298,-0.058044214,1.2690811,0.58256185,-0.035756717
6.2415161,-0.40950255,0.34115564,0.0054931772,0.18419218,-0.2338111,-0.088217782,0.88537003,-0.28691578,-0.056588303,1.285988,0.58596568,-0.035995789
6.2446447,-0.40152243,0.33020504,0.0019622416,0.18170097,-0.19104144,-0.08900803,0.85971129,-0.3406045,-0.054139283,1.3015144,0.58709662,-0.035872308
6.2477733,-0.39246131,0.31806046,-0.0015377933,0.17954462,-0.14455141,-0.088997563,0.83823213,-0.38822479,-0.051048144,1.315701,0.58560787,-0.035515054
6.2509019,-0.3824974,0.30478665,-0.0048588523,0.17768446,-0.095319177,-0.087373067,0.81917039,-0.42772889,-0.0470345,1.3286434,0.58129857,-0.035046965
6.2540303,-0.37167261,0.29031476,-0.0079890119,0.17530361,-0.043438803,-0.083972228,0.80197689,-0.46042391,-0.042760453,1.3402442,0.5739499,-0.034467255
6.2571588,-0.36022587,0.27460261,-0.010680818,0.17167927,0.01030417,-0.079278864,0.78695426,-0.48718554,-0.039078521,1.3503999,0.56341878,-0.033746541
6.2602871,-0.34789782,0.25769423,-0.013043813,0.16702709,0.065493558,-0.073058624,0.77502602,-0.50933551,-0.036326491,1.3589303,0.54956646,-0.032984388
6.2634155,-0.33508243,0.23974001,-0.01499341,0.16224087,0.12204498,-0.065087297,0.76537713,-0.52752548,-0.034629626,1.3659801,0.53234612,-0.032216005
6.2665437,-0.32197133,0.22054554,-0.016528559,0.15745387,0.17877902,-0.056946374,0.75767203,-0.54180612,-0.034055892,1.3712711,0.51161576,-0.031597301
6.269672,-0.30820671,0.20055245,-0.017676246,0.15344857,0.23381158,-0.045344738,0.75268407,-0.55223576,-0.03451237,1.3746349,0.48723484,-0.031264042
6.2728001,-0.29346722,0.17957846,-0.018586699,0.15025129,0.28684155,-0.032351229,0.7508783,-0.5590652,-0.035790209,1.3757524,0.45911396,-0.031281179
6.2759282,-0.27851834,0.15763629,-0.019310863,0.14768175,0.33754667,-0.019394979,0.75156266,-0.56269887,-0.037781517,1.3746233,0.42694078,-0.03168452
6.2790563,-0.26399084,0.1351861,-0.019226817,0.14612967,0.38536374,-0.0067490781,0.7543034,-0.5635092,-0.0403482,1.3709577,0.39056851,-0.032551528
6.2821843,-0.24984165,0.11201868,-0.018118235,0.14526759,0.42949379,0.0048138352,0.75868053,-0.5620096,-0.043158508,1.3644987,0.34974319,-0.033925988
6.2853123,-0.23555058,0.088024907,-0.016533051,0.1479185,0.46884568,0.015556735,0.76406657,-0.55841129,-0.04600072,1.3549555,0.30456805,-0.035758249
6.2884402,-0.22143596,0.064074657,-0.015535217,0.15332145,0.50390013,0.025005698,0.76985714,-0.55273186,-0.048752125,1.3421073,0.25502611,-0.037987551
6.291568,-0.20760015,0.039672591,-0.014710668,0.16151059,0.53483388,0.032433374,0.77598357,-0.54521552,-0.051366671,1.3258644,0.20109776,-0.040525529
6.2946959,-0.19390682,0.014848034,-0.013771434,0.17244131,0.56141877,0.037519757,0.7820379,-0.53569651,-0.053736429,1.3062707,0.14332651,-0.043178089
6.2978236,-0.18053475,-0.010259579,-0.012615702,0.18575558,0.58317471,0.039819175,0.78788916,-0.52400959,-0.055810169,1.2835119,0.082362014,-0.045645817
6.3009514,-0.167626,-0.035768594,-0.01126538,0.20175846,0.60028087,0.038962823,0.79312208,-0.5099673,-0.057606878,1.2577527,0.018988817,-0.04771865
6.304079,-0.1557867,-0.059864777,-0.0093630282,0.22030837,0.61348295,0.036325082,0.79715098,-0.49328453,-0.059177747,1.2296375,-0.045737776,-0.049197056
6.3072067,-0.14533254,-0.082903423,-0.0071889803,0.24109038,0.62377513,0.032118463,0.80018042,-0.4738427,-0.060637183,1.2004446,-0.11027348,-0.04982783
6.3103343,-0.13587422,-0.10548927,-0.0050967187,0.26393776,0.63187216,0.026106725,0.80191892,-0.45128757,-0.062089031,1.1707047,-0.17325425,-0.049444957
6.3134619,-0.12740491,-0.12768073,-0.0030501152,0.28887568,0.63761206,0.018633002,0.80203372,-0.42567845,-0.063553345,1.1417549,-0.23336067,-0.047924565
6.3165894,-0.12035868,-0.14902745,-0.0011887396,0.31568944,0.64129729,0.010293046,0.80021927,-0.39649384,-0.065096157,1.1159128,-0.28946656,-0.045478273
6.3197169,-0.11464424,-0.16842505,0.00031587328,0.34422459,0.64322393,0.0014331812,0.79586842,-0.36331726,-0.06669981,1.0941685,-0.33976913,-0.04219697
6.3228444,-0.11067623,-0.18609613,0.0016357033,0.37602804,0.64381429,-0.0075725592,0.79044,-0.32664544,-0.068535443,1.0771682,-0.38392973,-0.038346558
6.3259718,-0.10892536,-0.20218156,0.002867963,0.41078112,0.64343642,-0.016340922,0.78395633,-0.28601428,-0.070506907,1.0649267,-0.4215916,-0.034166523
6.3290992,-0.10825822,-0.21634556,0.0042325647,0.44848391,0.64222389,-0.024615383,0.7757443,-0.24156595,-0.072046621,1.056322,-0.45192666,-0.030122575
6.3322266,-0.109043,-0.22851952,0.0055496595,0.48820296,0.64002806,-0.032102829,0.76600627,-0.19284389,-0.072956586,1.0500225,-0.47658486,-0.026450291
6.3353539,-0.11110137,-0.23867498,0.0068601229,0.52888703,0.63695273,-0.038472885,0.75511871,-0.13906458,-0.073152749,1.0457448,-0.49609314,-0.023264151
6.3384813,-0.11446322,-0.24651033,0.0079736758,0.5693316,0.63322737,-0.043555388,0.74383805,-0.08290318,-0.073248076,1.0434099,-0.51113118,-0.02081336
6.3416086,-0.11932092,-0.25207623,0.0087900676,0.60672913,0.62870846,-0.047382355,0.73170675,-0.024074907,-0.071920387,1.0439061,-0.52374932,-0.019312985
6.3447358,-0.12536996,-0.25577956,0.0094562997,0.64063283,0.62311086,-0.049765588,0.71977654,0.03661659,-0.068542264,1.0473249,-0.53331593,-0.018720304
6.3478631,-0.13223382,-0.25758948,0.010006785,0.67092595,0.61614387,-0.051018446,0.70812133,0.098494513,-0.063393572,1.0531536,-0.54023779,-0.018994755
6.3509904,-0.13994848,-0.25755358,0.010397732,0.69787951,0.60764519,-0.051306681,0.69764242,0.16025045,-0.056654725,1.0601171,-0.54501153,-0.01995363
6.3541176,-0.14835453,-0.25576178,0.010699932,0.72134812,0.59738532,-0.050790216,0.68857817,0.21994211,-0.048405544,1.0678426,-0.54800521,-0.021414696
6.3572448,-0.15740532,-0.25220728,0.010760262,0.74172845,0.58495269,-0.049678821,0.68203693,0.27573787,-0.038768834,1.0763814,-0.54945297,-0.023179508
6.360372,-0.16711635,-0.24664947,0.010658941,0.75873317,0.56994414,-0.048111429,0.6787029,0.32684101,-0.028528177,1.0853496,-0.54956788,-0.025055705
6.3634992,-0.17742871,-0.23936596,0.010410177,0.77228344,0.55248231,-0.046248261,0.67906212,0.37248508,-0.017824848,1.0939973,-0.54841367,-0.026947405
6.3666264,-0.18731093,-0.23042581,0.01018453,0.78255671,0.53237719,-0.044173206,0.68315906,0.41282433,-0.007578944,1.1020815,-0.54585208,-0.028747142
6.3697536,-0.19720346,-0.21990583,0.0098049975,0.78941232,0.50978776,-0.041921055,0.69209193,0.44712144,0.0015711205,1.1093303,-0.54174217,-0.030310075
6.3728808,-0.20697547,-0.20771568,0.0092679041,0.79361961,0.48442543,-0.039766506,0.70404929,0.47546168,0.0087689254,1.11549,-0.53586043,-0.031629804
6.3760079,-0.21662922,-0.19393632,0.0086165678,0.79535296,0.45677929,-0.037790772,0.71897272,0.49807109,0.013785446,1.1204039,-0.52794703,-0.032714698
6.3791351,-0.2259916,-0.17858625,0.0078265662,0.79438415,0.42707006,-0.035999157,0.7364559,0.51569542,0.017096342,1.1240392,-0.51757852,-0.033606622
6.3822623,-0.23493491,-0.16187436,0.0069787089,0.79083361,0.3953735,-0.034586924,0.75641093,0.52897426,0.018056056,1.1263048,-0.50449875,-0.034361615
6.3853894,-0.24355044,-0.14381007,0.0061228161,0.78475594,0.36202234,-0.03320928,0.77850364,0.53901127,0.016766362,1.1271433,-0.48831734,-0.03503724
6.3885165,-0.25188968,-0.12433235,0.0051930891,0.77770377,0.32769803,-0.032355993,0.8025977,0.54654799,0.013961492,1.126443,-0.46869846,-0.035762921
6.3916437,-0.25966301,-0.10365646,0.0042113861,0.76939823,0.29229235,-0.032055385,0.82896812,0.55240021,0.0099942139,1.123929,-0.44516339,-0.036627079
6.3947708,-0.26680761,-0.08195457,0.0031242068,0.75915457,0.25561326,-0.032253066,0.85799435,0.5571704,0.0047735198,1.1198924,-0.41771386,-0.037759502
6.397898,-0.27390528,-0.059109091,0.0019332238,0.74707027,0.21761995,-0.032741648,0.89060841,0.56142294,-0.001394582,1.1140058,-0.386055,-0.039188325
6.4010251,-0.28019842,-0.035517971,0.00060361255,0.73314935,0.17847705,-0.032551113,0.92546092,0.56558066,-0.0078239991,1.1062845,-0.34984795,-0.040852379
6.4041522,-0.28708733,-0.011350496,-0.0005093219,0.71669062,0.13912764,-0.033558719,0.95938373,0.57002504,-0.014046811,1.0963709,-0.30893567,-0.042564002
6.4072793,-0.29345341,0.013447648,-0.0014914863,0.69779484,0.098437137,-0.034738048,0.99178538,0.57476047,-0.019656507,1.0845173,-0.26366688,-0.044525803
6.4104064,-0.29946677,0.038547865,-0.0019376414,0.67676695,0.056368928,-0.035794487,1.0222079,0.579605,-0.024243782,1.0708367,-0.2144922,-0.04641009
6.4135335,-0.30525563,0.063586428,-0.0026129087,0.65409646,0.01305028,-0.036578888,1.0503284,0.58432995,-0.027870391,1.0555468,-0.16146182,-0.048011399
6.4166606,-0.31065598,0.088994585,-0.0033931593,0.62944804,-0.03061267,-0.037164956,1.0761168,0.58854006,-0.030529112,1.0387306,-0.10512738,-0.048923983
6.4197877,-0.31589486,0.11352888,-0.0036670012,0.60226038,-0.073984159,-0.037547955,1.0995499,0.59193068,-0.032270767,1.0210883,-0.046006968,-0.049326566
6.4229148,-0.32114779,0.13718933,-0.0032203852,0.57393875,-0.11696891,-0.037688545,1.1208141,0.59418495,-0.03320305,1.0037187,0.013668511,-0.04896247
6.4260418,-0.32654952,0.16022063,-0.00235367,0.54460807,-0.15923475,-0.037635691,1.1397508,0.59498734,-0.033430319,0.98765546,0.073457629,-0.047200404
6.4291689,-0.33180779,0.18280836,-0.0014405286,0.51530689,-0.20024583,-0.037227932,1.156393,0.59375823,-0.033150394,0.97406126,0.13216036,-0.044228815
6.4322959,-0.33712016,0.20452233,-0.00044529534,0.48723959,-0.23884173,-0.03609547,1.170877,0.58984219,-0.032546643,0.96488552,0.1884564,-0.040026731
6.4354229,-0.34242153,0.2253643,0.00080888961,0.46130776,-0.27474924,-0.035309612,1.183249,0.58413751,-0.031743946,0.95954362,0.24070137,-0.034903225
6.4385499,-0.34716059,0.24564608,0.0023998422,0.4386859,-0.30728389,-0.035045539,1.1936598,0.57559234,-0.030840901,0.95817745,0.28814965,-0.028958914
6.4416768,-0.35111657,0.26488634,0.0043901546,0.41931609,-0.33603837,-0.03512797,1.2020296,0.5641325,-0.02989155,0.96039485,0.33010363,-0.022538483
6.4448037,-0.3551567,0.28291634,0.0064716063,0.40140747,-0.3613843,-0.0354825,1.2085472,0.54979881,-0.029002395,0.96579676,0.36627488,-0.016104516
6.4479306,-0.35948516,0.29922122,0.0086010807,0.3849639,-0.38335398,-0.03624519,1.2132489,0.53265293,-0.028202532,0.9731343,0.39656398,-0.010105027
6.4510574,-0.36422917,0.31348046,0.010665504,0.36977273,-0.40204223,-0.037443102,1.2160493,0.51293484,-0.027600733,0.98310048,0.42127275,-0.0048773806
6.4541842,-0.36905112,0.32569341,0.012706823,0.35577077,-0.41702299,-0.03899979,1.2171479,0.4903141,-0.027390471,0.99599981,0.44088072,-0.00055410841
6.457311,-0.3738744,0.33578635,0.014622637,0.34209848,-0.42842168,-0.040915407,1.2160964,0.46495499,-0.02756713,1.012656,0.45609061,0.0021636612
6.4604377,-0.37852897,0.34404005,0.01639506,0.32869547,-0.43639778,-0.043207117,1.2136321,0.4372239,-0.028122094,1.0327519,0.46775608,0.0035812329
6.4635643,-0.38319403,0.35060654,0.017971555,0.31563143,-0.44120196,-0.045775085,1.2092768,0.40708817,-0.028987987,1.0549044,0.47686704,0.0040668235
6.4666909,-0.38788219,0.35579326,0.019301818,0.30287416,-0.44281051,-0.048707304,1.2030083,0.3746362,-0.030306522,1.0784474,0.48420823,0.0034654528
6.4698174,-0.39255936,0.36079737,0.020402184,0.29039176,-0.44136853,-0.051916291,1.1945228,0.33890833,-0.032109665,1.1026497,0.49051098,0.0019676711
6.4729439,-0.39695237,0.36511262,0.021051224,0.27896314,-0.43686574,-0.055377136,1.1840114,0.30065835,-0.034250399,1.1269172,0.49647904,-0.00011458065
6.4760703,-0.40083547,0.36824311,0.021194848,0.26983699,-0.42881732,-0.058911681,1.1715811,0.25977517,-0.036767494,1.1508854,0.50249806,-0.0028243526
6.4791966,-0.40414726,0.3699301,0.020947135,0.26241917,-0.41762303,-0.062446352,1.1568919,0.21624324,-0.039450492,1.1741514,0.50881464,-0.0058718995
6.4823228,-0.406653,0.3703683,0.02014347,0.25620096,-0.40331439,-0.065800661,1.139802,0.16984954,-0.04238538,1.1965804,0.51556143,-0.0089092719
6.485449,-0.4080923,0.36949012,0.018707562,0.2506764,-0.38580975,-0.068966043,1.1200062,0.12041798,-0.045244092,1.2180411,0.5226859,-0.011772684
6.4885751,-0.40859603,0.367193,0.017057049,0.2456369,-0.3653018,-0.071799134,1.0973929,0.068912146,-0.048130387,1.2383119,0.53003449,-0.014342041
6.4917012,-0.40806695,0.36328614,0.015192929,0.24075117,-0.34194132,-0.074247785,1.0722055,0.015247326,-0.050695341,1.2573081,0.5372955,-0.016568972
6.4948271,-0.40648448,0.35791838,0.012959839,0.23597467,-0.31588398,-0.076250887,1.0451534,-0.040005497,-0.0526749,1.2750682,0.54406244,-0.018427999
6.497953,-0.40387361,0.35131182,0.010333212,0.23185386,-0.28631078,-0.077484906,1.0171922,-0.096087235,-0.053891899,1.291681,0.54993793,-0.019921785
6.5010788,-0.40009419,0.34349472,0.0076264578,0.22810778,-0.25358238,-0.078101754,0.987547,-0.15143535,-0.054462781,1.307164,0.55458435,-0.021139647
6.5042046,-0.39529625,0.3344458,0.0047206128,0.22462722,-0.21753956,-0.077855379,0.95884835,-0.20632738,-0.054093067,1.3215605,0.55762636,-0.022134614
6.5073302,-0.38954814,0.32424777,0.0017410811,0.2210739,-0.17859384,-0.076625121,0.93224705,-0.25866693,-0.052813558,1.3349489,0.55872422,-0.022924186
6.5104558,-0.38276749,0.31308908,-0.0012400501,0.21765102,-0.13668329,-0.074626752,0.90787768,-0.30682551,-0.050866439,1.3473675,0.55757437,-0.023551556
6.5135813,-0.3750019,0.30080488,-0.0040989278,0.21466415,-0.092485169,-0.070751933,0.88717229,-0.34895697,-0.048216493,1.3588993,0.55399939,-0.024069905
6.5167067,-0.36641161,0.28759208,-0.0068436935,0.21141488,-0.046592599,-0.065884783,0.86823511,-0.38427989,-0.045424602,1.369504,0.54778983,-0.024549488
6.5198321,-0.35728621,0.27337862,-0.0094739916,0.20757345,0.00042631872,-0.059853208,0.85073671,-0.41362091,-0.043026194,1.3790788,0.53880551,-0.024951256
6.5229574,-0.34739401,0.25802983,-0.01200975,0.20238849,0.047935341,-0.052560014,0.83513149,-0.43830003,-0.041374923,1.3874579,0.52689752,-0.025289331
6.5260826,-0.3367812,0.24160452,-0.014051711,0.19688533,0.096268075,-0.043463657,0.82209041,-0.45876521,-0.040500139,1.3946729,0.51201625,-0.025563006
6.5292077,-0.32580641,0.22426189,-0.015737394,0.19099518,0.1446508,-0.032778196,0.8108426,-0.47532364,-0.04045287,1.400543,0.49397648,-0.025849869
6.5323328,-0.31435762,0.20603135,-0.017077721,0.18502637,0.19259545,-0.023003925,0.80139966,-0.48802972,-0.041251033,1.404845,0.47266049,-0.026300315
6.5354577,-0.30180301,0.18681262,-0.018111938,0.17964681,0.23835452,-0.012373861,0.79459008,-0.49708693,-0.042652283,1.4072538,0.4479506,-0.026973627
6.5385827,-0.28873867,0.1665165,-0.019098907,0.17492882,0.28174387,-0.0017178468,0.79102859,-0.50292112,-0.044536124,1.407607,0.41950934,-0.02798361
6.5417075,-0.27612642,0.14569663,-0.019378601,0.17087989,0.32324752,0.0082893148,0.79014907,-0.50563495,-0.046871019,1.4056515,0.38723683,-0.029278521
6.5448323,-0.26389336,0.1243752,-0.018691867,0.16751726,0.36223198,0.0175,0.79132286,-0.50561953,-0.049405375,1.4011135,0.35085703,-0.03088062
6.547957,-0.25169711,0.10217749,-0.017493814,0.16535679,0.39811378,0.025554611,0.79385314,-0.50330683,-0.051939609,1.3937006,0.31031727,-0.032757482
6.5510817,-0.23959651,0.079747106,-0.016466804,0.16638887,0.43001908,0.032123456,0.79742556,-0.49891111,-0.054406271,1.3831581,0.26548386,-0.034924984
6.5542063,-0.22764578,0.057018549,-0.015934461,0.16987569,0.45801922,0.036756546,0.80155291,-0.49271687,-0.056753484,1.3693657,0.21644862,-0.037289671
6.5573309,-0.21572657,0.033659367,-0.015321469,0.1761561,0.48242666,0.0393035,0.80564543,-0.48458703,-0.058958282,1.3522563,0.16355732,-0.039781538
6.5604554,-0.20392334,0.010058879,-0.014398085,0.18520319,0.50333766,0.039084236,0.80935166,-0.47451786,-0.060982603,1.3319726,0.10714688,-0.042193117
6.5635798,-0.19238794,-0.013895724,-0.013268262,0.19735753,0.52051297,0.036896605,0.8123869,-0.46236684,-0.062824652,1.3084391,0.048023521,-0.044295204
6.5667042,-0.18117107,-0.037387652,-0.011873403,0.21220601,0.53466814,0.033038899,0.81464592,-0.4478091,-0.064610767,1.2820087,-0.01242537,-0.045928253
6.5698286,-0.17111746,-0.059450701,-0.010052564,0.22957777,0.54653771,0.027428753,0.81567161,-0.43054669,-0.066327191,1.2538363,-0.073241903,-0.046915149
6.5729529,-0.16213247,-0.080982286,-0.0079576258,0.24929646,0.55636598,0.020243185,0.81533672,-0.40988923,-0.067959991,1.224828,-0.13330406,-0.047078329
6.5760772,-0.15384234,-0.10194969,-0.0060123472,0.27131651,0.56417126,0.012267723,0.81336821,-0.38556686,-0.069414233,1.1952109,-0.19053852,-0.046442348
6.5792014,-0.14656779,-0.12239459,-0.0042254093,0.29560412,0.57004265,0.0037774444,0.81002688,-0.35760962,-0.070647857,1.1674216,-0.24333515,-0.044915726
6.5823255,-0.14034231,-0.14096984,-0.0026686291,0.32161652,0.5743601,-0.0048668175,0.80550732,-0.3255628,-0.071777881,1.1431671,-0.29082546,-0.042631729
6.5854497,-0.13583556,-0.15789881,-0.0014402556,0.34903595,0.57734867,-0.013323857,0.79961645,-0.28966232,-0.072519612,1.1227287,-0.33098106,-0.039810995
6.5885738,-0.13313757,-0.17333191,-0.00038475878,0.3783201,0.57904982,-0.021525083,0.79280957,-0.24960736,-0.07260743,1.1071094,-0.36518742,-0.036785369
6.5916978,-0.13187827,-0.18727615,0.0010242162,0.41041263,0.57946773,-0.029160393,0.78431867,-0.20531408,-0.07152837,1.0951101,-0.39418972,-0.0337239
6.5948218,-0.13138907,-0.19919,0.0024808232,0.44485501,0.57883282,-0.036001099,0.77466734,-0.1575833,-0.069426873,1.0848841,-0.41875163,-0.03081522
6.5979458,-0.13194981,-0.20895832,0.0038352369,0.48066043,0.57729364,-0.041960286,0.76411917,-0.10664346,-0.066220773,1.0767967,-0.44010819,-0.028313623
6.6010698,-0.13366333,-0.21660693,0.0051148531,0.51714498,0.57496278,-0.046857135,0.75350907,-0.052561956,-0.061513764,1.0706294,-0.45798893,-0.026614426
6.6041937,-0.13676154,-0.22221043,0.0061144336,0.55342096,0.5719497,-0.050595543,0.74231835,0.0030865858,-0.054696426,1.06663,-0.47210412,-0.025703251
6.6073175,-0.14116678,-0.22574763,0.0068867227,0.58846292,0.5682338,-0.05307601,0.73156688,0.059240638,-0.046176666,1.0655593,-0.48278313,-0.025381532
6.6104414,-0.14646144,-0.22757995,0.0075359436,0.62006478,0.56342919,-0.054483342,0.72066152,0.11461081,-0.03648031,1.0672364,-0.49064814,-0.025573397
6.6135653,-0.15258236,-0.22768684,0.0080957361,0.64795459,0.55727979,-0.054922253,0.7108577,0.16841308,-0.025804719,1.0717136,-0.49603838,-0.026283903
6.6166891,-0.159385,-0.22603779,0.008390456,0.67232011,0.5496236,-0.054673262,0.70213274,0.21930697,-0.014570898,1.0776698,-0.49931599,-0.027282044
6.6198129,-0.16705987,-0.22242857,0.0085849879,0.69331968,0.54013407,-0.053809597,0.69461069,0.2657503,-0.0031268816,1.0842356,-0.50082933,-0.028459405
6.6229367,-0.17492641,-0.21699728,0.0086825977,0.71103539,0.52859436,-0.052536476,0.69001701,0.30793923,0.007393627,1.0913575,-0.50059706,-0.029708333
6.6260604,-0.18313726,-0.20988808,0.0087191292,0.72548702,0.51494239,-0.051092255,0.68866359,0.34530556,0.016524554,1.0988752,-0.49897015,-0.03098949
6.6291842,-0.19162435,-0.20129612,0.008617181,0.73659449,0.49902782,-0.049530879,0.69069118,0.37863009,0.023616249,1.1062817,-0.49574735,-0.032236381
6.6323079,-0.20026497,-0.19113995,0.0083877959,0.74436553,0.4807222,-0.047787507,0.69713286,0.40666918,0.028584789,1.1131562,-0.49078779,-0.033392034
6.6354316,-0.20885291,-0.17929153,0.0080691487,0.74930422,0.46024085,-0.045949438,0.70770197,0.42958396,0.031628794,1.1191503,-0.48386322,-0.034472524
6.6385552,-0.21743534,-0.16602252,0.0076252701,0.75175355,0.43814776,-0.044297614,0.72067926,0.44800204,0.032378034,1.1240843,-0.47480152,-0.035527115
6.6416789,-0.22595185,-0.15133005,0.0070787099,0.75160185,0.41426286,-0.042820242,0.73605723,0.46265136,0.030950927,1.1277372,-0.46328043,-0.036564169
6.6448026,-0.23411249,-0.135233,0.0065291849,0.7491305,0.38886863,-0.041594488,0.75394296,0.47377852,0.027872751,1.1300204,-0.44904358,-0.03761339
6.6479262,-0.24212893,-0.11788899,0.0059412973,0.74428319,0.36208623,-0.04004871,0.77402587,0.48210101,0.022845351,1.1307592,-0.4317378,-0.038730085
6.6510498,-0.2500169,-0.099148185,0.0051576105,0.7384947,0.33438234,-0.03876653,0.79597986,0.4885579,0.015776166,1.1296468,-0.4109932,-0.03990056
6.6541734,-0.25764526,-0.079367425,0.0044439592,0.73192015,0.30580405,-0.03790621,0.81962198,0.4937983,0.0071029089,1.127009,-0.38669862,-0.041217736
6.657297,-0.26477211,-0.058552983,0.0036771633,0.72367106,0.2758373,-0.037467465,0.84508026,0.49825297,-0.0022349191,1.1225572,-0.35849837,-0.042614383
6.6604205,-0.27180019,-0.036684447,0.0027748813,0.71393143,0.24499223,-0.036829103,0.87290288,0.50239696,-0.011546067,1.1160846,-0.3261801,-0.044027386
6.6635441,-0.27812745,-0.014208791,0.0017694618,0.70273918,0.21334254,-0.035167879,0.90432616,0.50642008,-0.020260148,1.1070429,-0.28952713,-0.045141807
6.6666676,-0.28477763,0.0088767597,0.0009701271,0.68950448,0.1810225,-0.034288099,0.93854352,0.51052212,-0.02795714,1.0968691,-0.24913739,-0.046092607
6.669791,-0.29100012,0.032680194,0.00049958458,0.67418563,0.14741672,-0.033731612,0.97271134,0.51463354,-0.034324365,1.084814,-0.20492575,-0.04653219
6.6729145,-0.29700544,0.056248183,0.00015319857,0.65704903,0.1121014,-0.033192947,1.0051036,0.51866234,-0.039180202,1.0706192,-0.15710505,-0.046274636
6.6760379,-0.30261774,0.079907192,-0.00040039417,0.63824885,0.075736078,-0.032268013,1.0352152,0.52233881,-0.042521669,1.0550407,-0.10589592,-0.045019609
6.6791613,-0.30809135,0.10329312,-0.00088030612,0.61740977,0.039124648,-0.031032669,1.0626219,0.52533577,-0.044605242,1.0387815,-0.052756939,-0.042980711
6.6822846,-0.31337608,0.12573099,-0.00059548821,0.59423663,0.003106237,-0.029851157,1.0873504,0.52743494,-0.045660528,1.0226138,0.0016006436,-0.039718924
6.6854079,-0.31862894,0.14766073,0.00018382683,0.57018096,-0.032312782,-0.028830041,1.109449,0.52815639,-0.045860548,1.0074658,0.056256542,-0.035225996
6.6885312,-0.32387483,0.16885309,0.0011839971,0.54545685,-0.066923135,-0.027852035,1.1291414,0.52706588,-0.045407079,0.99460222,0.10995465,-0.029629303
6.6916544,-0.32902582,0.18930946,0.0022662513,0.52094101,-0.10029099,-0.026858419,1.1464794,0.52396494,-0.044570422,0.98494065,0.16129399,-0.023046006
6.6947776,-0.3345273,0.20886474,0.003312895,0.49596895,-0.13174839,-0.026626303,1.1614509,0.51870695,-0.043609925,0.97864568,0.20899728,-0.015828694
6.6979007,-0.33945336,0.22781953,0.0046821176,0.47209153,-0.16077204,-0.027020262,1.1740398,0.51113537,-0.042607305,0.97571096,0.25229856,-0.0085382723
6.7010237,-0.34396035,0.24610873,0.0063656399,0.44978943,-0.18721707,-0.027970584,1.1842807,0.50110017,-0.04169382,0.97621832,0.29067944,-0.0015442085
6.7041467,-0.34834647,0.26336895,0.0082610728,0.4298152,-0.21111093,-0.029425539,1.1922172,0.48858862,-0.041029633,0.98012455,0.32377114,0.0050075
6.7072696,-0.35272758,0.27911841,0.010187516,0.41243739,-0.23262097,-0.031269887,1.1979657,0.47386266,-0.0406058,0.98557574,0.3513718,0.009814758
6.7103924,-0.35730138,0.29315282,0.012093881,0.39634426,-0.25072246,-0.033438749,1.201623,0.45710541,-0.040496961,0.99275875,0.37387331,0.012859279
6.7135151,-0.3620124,0.30532715,0.013957065,0.38128356,-0.26608274,-0.035925478,1.203164,0.43868858,-0.040719512,1.0020407,0.39189287,0.014470299
6.7166378,-0.36651824,0.31574432,0.015868258,0.36707942,-0.27871135,-0.038554141,1.2024357,0.41835845,-0.041264849,1.0137567,0.40611134,0.014383109
6.7197604,-0.37091183,0.32418691,0.017641216,0.35337806,-0.28857483,-0.041286832,1.1996289,0.39664337,-0.042247995,1.0286472,0.41708004,0.012830953
6.7228829,-0.37543099,0.3313899,0.019254461,0.33986315,-0.29558527,-0.04417433,1.1953463,0.37363885,-0.043422168,1.0468985,0.42564173,0.010222793
6.7260053,-0.3798524,0.33716629,0.020652564,0.32621855,-0.29987429,-0.047126717,1.189299,0.34927599,-0.044683765,1.067404,0.4326027,0.0063906565
6.7291276,-0.38415489,0.34233353,0.021771869,0.31249319,-0.30159355,-0.050005316,1.1813364,0.32324007,-0.04601689,1.0898078,0.43860909,0.0015259311
6.7322498,-0.38811912,0.34704557,0.022494105,0.2985856,-0.30047342,-0.05290989,1.1711741,0.29483577,-0.047127405,1.113535,0.44418145,-0.003905168
6.7353719,-0.39174678,0.35085905,0.0227089,0.28462761,-0.29596552,-0.055886306,1.1604194,0.26453069,-0.048336741,1.1379244,0.44970263,-0.0095608769
6.7384939,-0.39486101,0.35322886,0.022533161,0.27081123,-0.28822033,-0.058818608,1.1479897,0.23159171,-0.049380934,1.1624841,0.45530299,-0.014919862
6.7416158,-0.39701624,0.35432706,0.021818108,0.25807969,-0.27719844,-0.061534534,1.1339313,0.19637248,-0.050218693,1.1867845,0.46114023,-0.019675938
6.7447376,-0.3984036,0.3543587,0.020523711,0.24709933,-0.26271456,-0.063942148,1.118233,0.15850104,-0.050581728,1.210447,0.46714257,-0.02364725
6.7478593,-0.39898889,0.35307174,0.018841099,0.2374637,-0.24511258,-0.065883889,1.1002963,0.1195042,-0.051068917,1.2331414,0.47321428,-0.026756269
6.7509809,-0.39879606,0.35049239,0.016883821,0.22888336,-0.22447724,-0.06709818,1.0804681,0.078776627,-0.051306385,1.2545191,0.47906895,-0.029044436
6.7541023,-0.39779746,0.34657745,0.014506972,0.22139786,-0.20120049,-0.067505646,1.0592014,0.036699128,-0.051237512,1.2744594,0.48444067,-0.030615188
6.7572237,-0.39582072,0.34142474,0.011826766,0.21475766,-0.17515617,-0.067004257,1.03737,-0.0063616623,-0.050872124,1.2929199,0.48896582,-0.031569181
6.760345,-0.39288766,0.33506701,0.0087582587,0.2091327,-0.14658929,-0.06570914,1.0135929,-0.048967539,-0.050371748,1.3099746,0.49232121,-0.032079001
6.7634661,-0.38887918,0.32747656,0.0055336084,0.20401712,-0.11593761,-0.063436963,0.98961466,-0.090908595,-0.049922496,1.3256502,0.49414802,-0.03235196
6.7665872,-0.38396709,0.3187637,0.0021554299,0.19906071,-0.083193065,-0.060433499,0.96508558,-0.13174779,-0.049271365,1.3400385,0.49414868,-0.032509967
6.7697081,-0.37804641,0.30899916,-0.0012912428,0.19425567,-0.04895584,-0.056003752,0.94217708,-0.1709603,-0.04850644,1.3531609,0.49202432,-0.032680424
6.772829,-0.37121823,0.29809275,-0.0046384495,0.18967598,-0.013181353,-0.050143675,0.92072933,-0.20797239,-0.048239952,1.3651451,0.4876494,-0.032943429
6.7759498,-0.36353165,0.28603572,-0.0078029719,0.1853943,0.023733455,-0.043361551,0.90135954,-0.24220661,-0.048585416,1.3760385,0.48081806,-0.033414523
6.7790704,-0.35524653,0.27297892,-0.010843738,0.18067788,0.061275244,-0.035539655,0.88470945,-0.2732197,-0.04948259,1.3857008,0.47145421,-0.034128697
6.782191,-0.3466253,0.25871432,-0.013766677,0.17506598,0.099250624,-0.026858375,0.86856741,-0.30044839,-0.050871845,1.3939599,0.45949104,-0.035042755
6.7853115,-0.33721765,0.24346238,-0.016346892,0.16901705,0.13741402,-0.017638358,0.85281263,-0.32394093,-0.05289503,1.4008129,0.44506135,-0.036103525
6.7884319,-0.32750181,0.22721957,-0.018338358,0.16274601,0.1757706,-0.0082181606,0.83759973,-0.34378951,-0.055479036,1.4061276,0.4279501,-0.037294847
6.7915521,-0.31746409,0.20994407,-0.019919321,0.15651482,0.21362448,-0.00022634518,0.82357812,-0.36015385,-0.0586635,1.4097452,0.40814573,-0.038719032
6.7946724,-0.30672669,0.19214517,-0.021285836,0.1506446,0.24950811,0.0079400234,0.81015694,-0.37321344,-0.062464147,1.4112451,0.38561136,-0.040318557
6.7977925,-0.29531415,0.17311498,-0.022350571,0.14533614,0.28346469,0.01630329,0.79740062,-0.38300811,-0.066700773,1.4108865,0.36053086,-0.04201112
6.8009126,-0.28359557,0.15326888,-0.023037135,0.14057434,0.31565747,0.024273414,0.7860439,-0.38978321,-0.071180864,1.4083275,0.33292993,-0.043703283
6.8040326,-0.27225272,0.13315997,-0.022878502,0.13648923,0.34603019,0.031479242,0.77698094,-0.39370488,-0.075757348,1.4034163,0.30208957,-0.045408193
6.8071525,-0.26137634,0.11243035,-0.021854228,0.13376641,0.37399244,0.037223365,0.76963807,-0.39499503,-0.080383854,1.3956126,0.26824876,-0.047019015
6.8102724,-0.25068674,0.091252171,-0.020637185,0.13395901,0.39902205,0.041661607,0.76358518,-0.39376265,-0.084848407,1.3857687,0.23182603,-0.048453434
6.8133921,-0.24016958,0.069876586,-0.019844029,0.13650903,0.42143585,0.044419053,0.75850082,-0.39014314,-0.088945658,1.3733494,0.19273194,-0.049675774
6.8165119,-0.22979915,0.048046508,-0.019285412,0.14155213,0.44137639,0.04515541,0.75393434,-0.38416113,-0.092574828,1.3582842,0.15105863,-0.050571943
6.8196315,-0.21932627,0.025958485,-0.018509613,0.14918242,0.45866784,0.043596375,0.74942409,-0.37566076,-0.095648954,1.3405192,0.10675177,-0.051201888
6.8227511,-0.20905629,0.0037491933,-0.017411895,0.15974042,0.47319202,0.040415562,0.74463351,-0.36454379,-0.09812147,1.3201232,0.060991195,-0.051450999
6.8258707,-0.19939051,-0.018743859,-0.0163837,0.17296773,0.48522421,0.035589106,0.73949737,-0.35087576,-0.099819249,1.2976856,0.01385841,-0.051324985
6.8289901,-0.19000557,-0.039972311,-0.014936551,0.18865902,0.49546271,0.029088562,0.73397375,-0.33392439,-0.10072446,1.2736442,-0.033812693,-0.050778816
6.8321096,-0.18155526,-0.060017506,-0.013027377,0.20656207,0.50398859,0.021245035,0.72819833,-0.31336969,-0.10076085,1.2492612,-0.081192872,-0.049892408
6.835229,-0.1738366,-0.079529687,-0.01094169,0.22676055,0.51074172,0.012623273,0.72223636,-0.28869305,-0.099723545,1.2238936,-0.12812651,-0.048826907
6.8383483,-0.16684334,-0.098342245,-0.0088984809,0.24917276,0.51574749,0.0035223087,0.71614479,-0.25964826,-0.097410549,1.1987576,-0.17228204,-0.047721297
6.8414676,-0.1608339,-0.11624261,-0.0069777547,0.27342813,0.51927485,-0.0056109584,0.71007773,-0.22620537,-0.094055657,1.1756537,-0.21349293,-0.046373867
6.8445869,-0.15606365,-0.13219165,-0.0053678632,0.29916936,0.52185205,-0.014531723,0.70413624,-0.18977036,-0.089361928,1.1549926,-0.25033443,-0.044873866
6.847706,-0.15268695,-0.14662804,-0.0040405739,0.32586894,0.52336971,-0.023161064,0.69824491,-0.15084048,-0.083436673,1.1377495,-0.28275016,-0.04375205
6.8508252,-0.15111136,-0.15997305,-0.0028589196,0.35325041,0.52379661,-0.031274,0.69222561,-0.10974111,-0.07621231,1.1238417,-0.31175012,-0.04329405
6.8539443,-0.1505935,-0.17165667,-0.0016068437,0.38271728,0.52315462,-0.038698539,0.6860939,-0.066926741,-0.067751494,1.1108128,-0.33722906,-0.043530982
6.8570634,-0.15089078,-0.18121594,-0.00015260256,0.4137189,0.52169629,-0.045236921,0.68010217,-0.022781207,-0.058386622,1.0987522,-0.35899017,-0.044514681
6.8601824,-0.15222565,-0.18878505,0.0012653794,0.44543042,0.51953483,-0.050910999,0.67463286,0.02220875,-0.047834555,1.0878462,-0.37702607,-0.04613907
6.8633014,-0.15455371,-0.19451918,0.0026479925,0.47721577,0.51684276,-0.055833178,0.66812984,0.066631909,-0.036240559,1.0782505,-0.39149166,-0.048294932
6.8664204,-0.15800617,-0.19825418,0.0037624999,0.50850273,0.51351896,-0.059735367,0.66194555,0.11047743,-0.024143744,1.069965,-0.40259531,-0.051004861
6.8695393,-0.16238329,-0.20042561,0.0047224792,0.53845278,0.50917149,-0.062617281,0.65614594,0.15321816,-0.012020573,1.0641433,-0.4106253,-0.054106738
6.8726582,-0.16759807,-0.20096111,0.0055604263,0.56637813,0.50370111,-0.064512912,0.65106394,0.19467774,-0.00033537792,1.0605827,-0.41580791,-0.057480468
6.8757771,-0.17358355,-0.19975137,0.0062835873,0.59112988,0.49695675,-0.065540886,0.64726827,0.23259184,0.010407544,1.0588921,-0.41840921,-0.060983631
6.878896,-0.17988291,-0.19674753,0.0069415551,0.61241338,0.48867026,-0.065888384,0.64478945,0.26743321,0.020197337,1.0585115,-0.41860398,-0.064502451
6.8820148,-0.18668573,-0.19197696,0.0074637247,0.63054159,0.47848748,-0.065637636,0.64365168,0.29914565,0.028314528,1.0588126,-0.41662926,-0.067963951
6.8851337,-0.19387244,-0.18563543,0.0078104958,0.64530855,0.46615818,-0.065083987,0.64437029,0.32827905,0.034252938,1.0595247,-0.41266289,-0.071267461
6.8882525,-0.20136576,-0.17776929,0.0079845839,0.65710226,0.45207112,-0.06426642,0.64910349,0.35327812,0.037981022,1.0605888,-0.40679159,-0.074361966
6.8913712,-0.20907308,-0.16831749,0.0079559098,0.66612427,0.43603046,-0.063113214,0.65767822,0.37446956,0.039753058,1.0613731,-0.39915185,-0.07720648
6.8944899,-0.2168125,-0.15727533,0.0077504551,0.67240682,0.4181368,-0.061922641,0.6688567,0.39205692,0.039097113,1.0614608,-0.38998516,-0.079839668
6.8976087,-0.22456931,-0.14485448,0.0073842338,0.67626788,0.39843142,-0.060755906,0.6822035,0.40632105,0.036601102,1.0607568,-0.37912851,-0.082164037
6.9007273,-0.23228683,-0.13112243,0.0068915307,0.67754118,0.37681899,-0.059816417,0.69806152,0.41726678,0.032447706,1.0589556,-0.36645055,-0.084140391
6.903846,-0.23977799,-0.11598044,0.0062781835,0.67642719,0.3538775,-0.058655407,0.71611321,0.4257251,0.026439336,1.0559777,-0.3516655,-0.085736359
6.9069646,-0.24729808,-0.099496326,0.0054724463,0.67402432,0.33013415,-0.057312131,0.736149,0.43228588,0.018627051,1.0515985,-0.33414818,-0.086856517
6.9100831,-0.25466287,-0.081744598,0.0046992305,0.67080726,0.3056422,-0.056190934,0.75810559,0.43745945,0.0094324578,1.0460542,-0.31276861,-0.08728895
6.9132017,-0.26161605,-0.062914459,0.0039620896,0.66613758,0.28025961,-0.055235843,0.78192707,0.44157618,-0.00044821162,1.0393243,-0.28733157,-0.087062862
6.9163202,-0.26873441,-0.042982729,0.0031369978,0.66004708,0.25371207,-0.054539927,0.80704925,0.44538693,-0.010587838,1.0313479,-0.2573525,-0.085875467
6.9194386,-0.27517396,-0.022328359,0.0021191937,0.65263191,0.22654741,-0.052655931,0.83312438,0.44917762,-0.020498925,1.0223418,-0.22292304,-0.083611896
6.922557,-0.28132228,-0.00085833245,0.0011473169,0.64345608,0.19916468,-0.050882352,0.86040433,0.45306946,-0.029703085,1.0128564,-0.18402761,-0.080026381
6.9256753,-0.28758836,0.021521474,0.00051464083,0.6324811,0.17094985,-0.049448792,0.89019387,0.45697945,-0.037903954,1.0024729,-0.14254669,-0.075023002
6.9287936,-0.29348856,0.04388026,0.00027735887,0.61975161,0.14116806,-0.047895466,0.92180486,0.46080348,-0.044885285,0.99185181,-0.098439976,-0.068829769
6.9319118,-0.29897753,0.066117849,6.7101257e-05,0.60569738,0.10976058,-0.046050111,0.95409543,0.46428115,-0.050512728,0.98150125,-0.052405355,-0.061331564
6.9350299,-0.30425867,0.088354874,-0.00036892224,0.58957606,0.077774307,-0.043729439,0.98452517,0.46732115,-0.054742421,0.97243115,-0.004880399,-0.052730968
6.938148,-0.3094828,0.11047985,-0.00055148202,0.57108266,0.045979102,-0.041233455,1.0126129,0.46958256,-0.05769201,0.96346629,0.042342576,-0.043180276
6.941266,-0.31465295,0.13174619,-2.201832e-06,0.55160313,0.014523845,-0.038757487,1.037976,0.47079502,-0.059480562,0.95581617,0.088622269,-0.033121624
6.944384,-0.3197151,0.15247759,0.0010622243,0.53133215,-0.016271346,-0.036320177,1.0605791,0.47071561,-0.060322484,0.95001216,0.13276454,-0.022824845
6.9475019,-0.32459984,0.17262921,0.0022426071,0.51088092,-0.046043109,-0.033693079,1.0805504,0.46904043,-0.060497282,0.94664083,0.17445087,-0.012958191
6.9506197,-0.3295529,0.19178138,0.003474946,0.48986505,-0.074236961,-0.031730906,1.0980416,0.46538446,-0.060203205,0.94608079,0.21206992,-0.0035009561
6.9537374,-0.33466652,0.21045839,0.0047369482,0.46871343,-0.10097075,-0.030587946,1.1130056,0.45984414,-0.059691441,0.94779462,0.24577173,0.0049893078
6.956855,-0.33943752,0.22832495,0.0062461968,0.44825748,-0.12531355,-0.030118465,1.1253145,0.45234604,-0.059125682,0.95175015,0.27541732,0.012265559
6.9599725,-0.34362753,0.24551038,0.0080948425,0.42916118,-0.14732017,-0.030322564,1.1350854,0.44272809,-0.058567073,0.95719502,0.30127735,0.017816733
6.9630899,-0.34789864,0.26177184,0.010081311,0.41156084,-0.16664384,-0.031111368,1.1425387,0.43126044,-0.058194096,0.96512197,0.32250251,0.021433017
6.9662072,-0.35242769,0.27651421,0.011978274,0.3956573,-0.18355241,-0.032483407,1.1476719,0.4180795,-0.058015534,0.97466693,0.33951945,0.023482489
6.9693244,-0.35694035,0.28968021,0.013825248,0.38103253,-0.1982308,-0.034399397,1.150479,0.40327753,-0.058049549,0.98585719,0.35282583,0.023836316
6.9724415,-0.3612588,0.30097552,0.015717883,0.36734444,-0.21037797,-0.036788447,1.1509808,0.38679845,-0.058350589,0.99867593,0.36318017,0.022640599
6.9755585,-0.36543285,0.31069296,0.017579248,0.354282,-0.21980874,-0.039359002,1.1494287,0.36879192,-0.058873089,1.01336,0.37110976,0.020037216
6.9786754,-0.36956386,0.31889577,0.019332603,0.34181111,-0.22639195,-0.042015411,1.1464297,0.3495955,-0.059630191,1.0296782,0.37706892,0.015915852
6.9817921,-0.37377967,0.32566595,0.020854358,0.32955995,-0.23029222,-0.044673608,1.1417258,0.32896767,-0.060516053,1.0472135,0.3818601,0.010152082
6.9849087,-0.37776812,0.33114865,0.022057142,0.31691065,-0.23176627,-0.0472828,1.1352919,0.30677758,-0.061392075,1.0652536,0.38607182,0.0030758105
6.9880252,-0.38152008,0.3360352,0.022841907,0.3040912,-0.23067934,-0.04975241,1.1269086,0.28237287,-0.062131137,1.0843101,0.39006234,-0.0044682361
6.9911416,-0.38489886,0.34041558,0.023173465,0.29136173,-0.22646928,-0.051958915,1.1181795,0.25617281,-0.062779738,1.1047744,0.39412171,-0.011937213
6.9942579,-0.38759859,0.34368773,0.023053774,0.27876166,-0.21914153,-0.053969476,1.1079632,0.22755309,-0.063170248,1.1272309,0.39846088,-0.018987956
6.997374,-0.38954838,0.34602909,0.0224185,0.26643285,-0.2085776,-0.055724868,1.0963629,0.19654824,-0.063273152,1.1522891,0.40308235,-0.025329932
7.0004899,-0.39081892,0.34707233,0.02120072,0.25445937,-0.19533011,-0.057094497,1.0831244,0.1629958,-0.062856108,1.17711,0.40791263,-0.030696433
7.0036058,-0.39167142,0.3468734,0.019498439,0.24273642,-0.17938585,-0.058042466,1.0679632,0.12863178,-0.062174163,1.2011133,0.41288589,-0.035044907
7.0067215,-0.39168782,0.34523398,0.017363741,0.2319231,-0.16064645,-0.058408769,1.0510958,0.092853,-0.061069848,1.2238753,0.41776098,-0.038349628
7.0098371,-0.39093637,0.34230172,0.015006562,0.2222869,-0.13949552,-0.057998603,1.0328883,0.055997722,-0.059582696,1.2450377,0.42230697,-0.040700159
7.0129525,-0.38953066,0.33813482,0.012208944,0.21381184,-0.11569673,-0.056824433,1.0140388,0.01839699,-0.057749661,1.2645836,0.42623003,-0.042305698
7.0160678,-0.38708219,0.33275595,0.0091098695,0.20624842,-0.089840157,-0.054835052,0.99317353,-0.018571079,-0.05580339,1.2825195,0.42925108,-0.043347574
7.0191831,-0.38375432,0.326086,0.0056446879,0.19915949,-0.062374568,-0.05200122,0.97184411,-0.054968448,-0.053925917,1.2989448,0.43099919,-0.043952931
7.0222981,-0.37958713,0.31816361,0.0020375256,0.19235005,-0.033212888,-0.048412859,0.95015798,-0.090203765,-0.052016002,1.3138169,0.43125981,-0.044377375
7.0254131,-0.3745156,0.30906959,-0.0016070321,0.18580502,-0.0029572746,-0.043202324,0.92840914,-0.12409949,-0.050639789,1.3271252,0.42974026,-0.044755893
7.028528,-0.36855664,0.2989385,-0.0051575782,0.1798207,0.02877315,-0.036637646,0.90744274,-0.15573871,-0.050127614,1.3389753,0.4263688,-0.045167863
7.0316428,-0.3618049,0.28751314,-0.0085492106,0.17447522,0.061558469,-0.029258937,0.88838202,-0.18534087,-0.050377816,1.349377,0.42101276,-0.045667582
7.0347574,-0.35441958,0.27493102,-0.011785181,0.16839298,0.094494642,-0.02129017,0.87175989,-0.21235649,-0.051227708,1.3583582,0.41347047,-0.046396142
7.0378719,-0.34659028,0.26122808,-0.014787595,0.16166928,0.12760112,-0.012861731,0.85771635,-0.23683771,-0.052733022,1.3657722,0.40365193,-0.047378674
7.0409864,-0.33826617,0.24647185,-0.017559864,0.15471008,0.16063555,-0.0040558585,0.84444627,-0.25860252,-0.054857393,1.3716673,0.3916133,-0.048576121
7.0441008,-0.32954892,0.23069326,-0.019776145,0.14769298,0.19411895,0.0049818261,0.83134494,-0.2772593,-0.057528481,1.3758907,0.37751323,-0.049980487
7.047215,-0.32046639,0.21387671,-0.021527001,0.14105106,0.22696011,0.013138512,0.81832373,-0.29287376,-0.060617763,1.3783714,0.36093943,-0.051445971
7.0503292,-0.31116446,0.19614748,-0.022881111,0.13500507,0.2578206,0.021009893,0.80526776,-0.30570848,-0.064151037,1.3787278,0.34184077,-0.053098437
7.0534433,-0.30081616,0.1777553,-0.024083384,0.12946995,0.28699236,0.029134251,0.79184952,-0.31561489,-0.068091679,1.377413,0.32045596,-0.054788778
7.0565574,-0.29003393,0.15818227,-0.024900182,0.12430465,0.31468936,0.036844816,0.77877131,-0.32277112,-0.072377946,1.3741472,0.29658305,-0.056464241
7.0596714,-0.27954273,0.13823624,-0.024988525,0.11942215,0.34112763,0.04382293,0.76615121,-0.3271898,-0.076843799,1.3688588,0.2702104,-0.057977154
7.0627853,-0.26933906,0.11793211,-0.024291409,0.11684634,0.36529672,0.049344281,0.75470267,-0.32912839,-0.081319789,1.3610065,0.24090986,-0.059126214
7.0658992,-0.25938872,0.096985517,-0.023009096,0.11663559,0.38711367,0.053558779,0.74477874,-0.32854938,-0.085702259,1.3518832,0.2093249,-0.060058542
7.069013,-0.24964717,0.075899119,-0.022120366,0.11847114,0.40674073,0.056316624,0.73584323,-0.32538395,-0.089718205,1.3406317,0.17532578,-0.060615883
7.0721267,-0.2399461,0.054460106,-0.021562483,0.12247711,0.42431046,0.057053602,0.72788938,-0.31969885,-0.093191663,1.3273525,0.1389949,-0.060691478
7.0752404,-0.23016425,0.032741552,-0.020841848,0.12879706,0.4398773,0.055417609,0.72056881,-0.31109023,-0.095945076,1.3118883,0.10023179,-0.060049409
7.0783541,-0.22044275,0.010894659,-0.019864039,0.13782527,0.45274418,0.052343761,0.71342516,-0.29951286,-0.097891714,1.2942099,0.060455894,-0.059386979
7.0814677,-0.21096945,-0.011198205,-0.018775899,0.14919316,0.46347373,0.047492207,0.7066028,-0.28461315,-0.098903153,1.2747408,0.019628914,-0.058278007
7.0845812,-0.20191005,-0.032185491,-0.017324846,0.16296262,0.47255547,0.040846565,0.70014327,-0.26601705,-0.098833658,1.2539696,-0.021629293,-0.056785664
7.0876947,-0.19362677,-0.051852176,-0.015609613,0.17893136,0.48022842,0.032717692,0.69412036,-0.24382164,-0.097510024,1.2325888,-0.062666787,-0.055067325
7.0908082,-0.18570874,-0.071048295,-0.013835625,0.19724525,0.4862276,0.023461272,0.68818295,-0.21869614,-0.094991864,1.210043,-0.1026208,-0.053473445
7.0939216,-0.17827345,-0.089643585,-0.011772087,0.21765904,0.49076394,0.013567985,0.68226434,-0.19087407,-0.091387398,1.187385,-0.14070714,-0.052073281
7.097035,-0.17182281,-0.10750439,-0.0095896994,0.23988752,0.49406904,0.0033524233,0.67651492,-0.16050112,-0.086705077,1.165395,-0.17667542,-0.050805018
7.1001483,-0.16663456,-0.1234936,-0.0077206067,0.26364558,0.49634499,-0.0067752617,0.67122627,-0.12772403,-0.080866898,1.1455446,-0.21006898,-0.049792014
7.1032616,-0.16282914,-0.13804861,-0.0060584036,0.2886776,0.49780499,-0.016490746,0.6659523,-0.092879877,-0.07382431,1.1289788,-0.23970052,-0.049312504
7.1063748,-0.16057235,-0.15140618,-0.0046867622,0.31449259,0.49833972,-0.025698136,0.66042065,-0.056574965,-0.065643493,1.1152626,-0.26658025,-0.049643449
7.109488,-0.15911532,-0.16333587,-0.0034009168,0.34083693,0.49800632,-0.034263871,0.6550184,-0.018945217,-0.056551902,1.1038349,-0.29009756,-0.050707038
7.1126012,-0.15837774,-0.1732828,-0.0020984779,0.36878696,0.49697437,-0.041961361,0.64990248,0.019746157,-0.04641418,1.0930885,-0.31026869,-0.052380824
7.1157144,-0.15889835,-0.18119289,-0.00068024712,0.39775527,0.49521251,-0.048741866,0.64496986,0.059026793,-0.0352717,1.0824284,-0.32726251,-0.054652341
7.1188275,-0.16049413,-0.18730946,0.0005956007,0.42704914,0.49288295,-0.054716921,0.63911046,0.097766889,-0.023439837,1.0721464,-0.3411079,-0.057541831
7.1219406,-0.16329823,-0.19152769,0.0017479296,0.4559772,0.49006198,-0.059820249,0.63358197,0.13601039,-0.011420028,1.0622458,-0.35197754,-0.060981409
7.1250537,-0.16706634,-0.19412653,0.0028072433,0.48389992,0.48638357,-0.063875098,0.62849588,0.17347699,0.00049258325,1.0525012,-0.36006279,-0.064945714
7.1281667,-0.1716004,-0.19515374,0.0037375096,0.51026914,0.48158979,-0.066884713,0.62426672,0.20935068,0.012123644,1.0441716,-0.36550764,-0.069317687
7.1312797,-0.17696739,-0.19448435,0.0045552285,0.5345627,0.47560356,-0.068931872,0.62122478,0.24199798,0.023077914,1.0377645,-0.36851342,-0.0739008
7.1343927,-0.18285092,-0.19199889,0.0052604537,0.55631581,0.46806382,-0.070228953,0.61921737,0.2723636,0.033028607,1.0329332,-0.36915439,-0.078542213
7.1375057,-0.18928239,-0.18777455,0.0058311888,0.57497791,0.45882373,-0.070866686,0.61854417,0.30020241,0.041168683,1.0292465,-0.36753491,-0.083138449
7.1406186,-0.19599418,-0.18197783,0.0062814611,0.59037923,0.44752949,-0.071040126,0.61973012,0.32521762,0.04707206,1.0262715,-0.36389157,-0.087493172
7.1437315,-0.20296519,-0.17468048,0.0065642584,0.60269011,0.43419831,-0.070741227,0.624672,0.34651549,0.050873625,1.0234983,-0.35843012,-0.091455395
7.1468444,-0.21020931,-0.16575212,0.0066862931,0.61242293,0.41924497,-0.070126539,0.63290579,0.36451186,0.052649934,1.0207672,-0.35113725,-0.094995863
7.1499573,-0.21752764,-0.15523027,0.0065826926,0.61964495,0.40228421,-0.069398044,0.64362583,0.37935443,0.051628057,1.0176026,-0.34195893,-0.098033409
7.1530701,-0.22487698,-0.1432745,0.0063529807,0.62426347,0.38349693,-0.068658632,0.65635521,0.39153684,0.048677971,1.0138287,-0.33103914,-0.10049838
7.1561829,-0.23218662,-0.13000702,0.0058992864,0.62625922,0.3627862,-0.068051295,0.67155708,0.40067121,0.043996771,1.0089724,-0.31821453,-0.10223505
7.1592956,-0.23948513,-0.1153631,0.005271825,0.62592746,0.34041528,-0.067173701,0.68892218,0.40755728,0.037030552,1.0036081,-0.30343894,-0.10311697
7.1624084,-0.24680835,-0.09934462,0.00453188,0.62463088,0.31738323,-0.066210784,0.70827611,0.41282295,0.02826971,0.99749185,-0.28579656,-0.10313728
7.165521,-0.25380256,-0.08197134,0.0037703226,0.62244153,0.2933908,-0.065417824,0.72933029,0.41696628,0.018326079,0.99061031,-0.26439775,-0.1021726
7.1686336,-0.26048844,-0.063552087,0.0031120084,0.6186264,0.26833191,-0.064733326,0.75228749,0.42024269,0.0076798723,0.98291851,-0.23899135,-0.10006548
7.1717462,-0.26739178,-0.044064805,0.0023238664,0.613428,0.24197609,-0.064086742,0.77653726,0.42345026,-0.0033423218,0.97479014,-0.20907624,-0.096443034
7.1748587,-0.27369107,-0.023799775,0.0013713941,0.60684323,0.21473424,-0.062732654,0.80177642,0.4267287,-0.014227906,0.96634275,-0.17658804,-0.091867008
7.1779711,-0.2797072,-0.0027375802,0.00044359097,0.59841286,0.18725102,-0.061517299,0.82767221,0.43039953,-0.024579338,0.95809752,-0.14102541,-0.085981072
7.1810835,-0.28576451,0.01926717,-0.00018574117,0.58826462,0.15830216,-0.060141017,0.85580933,0.43426451,-0.034098008,0.94987056,-0.10310616,-0.078762766
7.1841958,-0.29141874,0.041093143,-0.00036325571,0.57651704,0.12798415,-0.058617674,0.88580809,0.43818985,-0.042462729,0.94230459,-0.063137476,-0.070367045
7.187308,-0.29690646,0.063162382,-0.00069313075,0.5636776,0.096217686,-0.056650223,0.91683976,0.44192795,-0.049514115,0.93497476,-0.021914437,-0.061044721
7.1904201,-0.3020406,0.085172507,-0.0010368408,0.54839461,0.064376454,-0.054332897,0.94742565,0.44531088,-0.055239256,0.9287799,0.020176835,-0.051142576
7.1935322,-0.30702815,0.10695715,-0.0012099345,0.53113282,0.032861494,-0.051692987,0.97591305,0.44805964,-0.059585589,0.92287829,0.061889552,-0.040579039
7.1966442,-0.31189839,0.12794419,-0.00065470906,0.51284915,0.0018141273,-0.048933348,1.0017778,0.44991443,-0.062673846,0.91857649,0.10263289,-0.02973538
7.199756,-0.31670006,0.14853322,0.00033403365,0.49387701,-0.028547698,-0.046011505,1.0248703,0.45060204,-0.064608567,0.91596588,0.1419778,-0.018979363
7.2028678,-0.32128424,0.1684665,0.0013897053,0.47456725,-0.057988755,-0.043002751,1.0452137,0.44980835,-0.065655211,0.91553397,0.1789829,-0.0088981204
7.2059795,-0.32590272,0.1876207,0.0025083902,0.45471542,-0.085800471,-0.040744845,1.0629862,0.44730616,-0.066069285,0.91743294,0.21252665,0.00076896946
7.2090911,-0.33065839,0.20582011,0.0037014683,0.43509346,-0.11219378,-0.039232725,1.0781718,0.44304533,-0.066068532,0.92147696,0.24261971,0.0093992973
7.2122026,-0.33494135,0.22365461,0.0051906775,0.41590253,-0.13632593,-0.038409587,1.0906922,0.43687938,-0.065918192,0.92732326,0.26931204,0.016756179
7.2153139,-0.33878355,0.24088697,0.0069586813,0.39805538,-0.15809084,-0.038224198,1.1004973,0.42872121,-0.065656847,0.93488636,0.29194688,0.022161819
7.2184252,-0.34286265,0.25728977,0.0087313508,0.38165821,-0.17720108,-0.038653314,1.1079371,0.4186794,-0.065418248,0.94450414,0.3104805,0.025588968
7.2215363,-0.34720326,0.272396,0.010516799,0.36693223,-0.19394884,-0.039705898,1.1129761,0.40683233,-0.065303493,0.95557884,0.3252798,0.027371519
7.2246474,-0.35158771,0.28588239,0.012295882,0.35331218,-0.20855271,-0.041356882,1.1156553,0.39317324,-0.065357963,0.96797927,0.33680737,0.027523017
7.2277583,-0.35582792,0.29744701,0.014063892,0.34065455,-0.22056248,-0.04346604,1.115839,0.37753519,-0.065637876,0.98181512,0.34555908,0.025985687
7.2308691,-0.35986475,0.30730664,0.015757486,0.32873493,-0.22966841,-0.045812155,1.1143639,0.36021488,-0.066131538,0.99719896,0.35223625,0.023076253
7.2339797,-0.36390001,0.31562537,0.017339,0.3171807,-0.23602582,-0.048317862,1.1111864,0.34125101,-0.066867305,1.0138639,0.35741368,0.01861013
7.2370903,-0.36780488,0.32271685,0.018757546,0.30552739,-0.23982001,-0.050918278,1.1062772,0.32052012,-0.067764568,1.0314688,0.36165711,0.012422643
7.2402007,-0.37153186,0.32838097,0.019811366,0.29358409,-0.24105514,-0.053522967,1.0992475,0.29745738,-0.068588314,1.0494806,0.36555505,0.0051853475
7.243311,-0.37491597,0.33350212,0.020484075,0.28150794,-0.23969784,-0.055958847,1.0909957,0.27191181,-0.069484266,1.0680093,0.36942848,-0.0026145418
7.2464212,-0.37775733,0.33811517,0.020695926,0.26938665,-0.23521224,-0.058202073,1.0820522,0.24425911,-0.070385939,1.0879252,0.37352086,-0.010443987
7.2495312,-0.38016139,0.34152114,0.020440886,0.25742494,-0.22766937,-0.060241496,1.0717005,0.21428414,-0.070953132,1.1098222,0.37794499,-0.017913157
7.2526411,-0.38203305,0.34378443,0.019637408,0.24574473,-0.21700481,-0.062046494,1.0599383,0.18208467,-0.071020414,1.1340992,0.38272828,-0.024772681
7.2557509,-0.38330554,0.34476466,0.018341334,0.23438739,-0.2033579,-0.063457446,1.0464615,0.14771578,-0.070992301,1.1590318,0.38781492,-0.030793705
7.2588606,-0.38399023,0.34454639,0.016508176,0.22333232,-0.18710118,-0.064451223,1.0311101,0.11246205,-0.07049375,1.1832013,0.39315734,-0.035838226
7.2619701,-0.38409618,0.34278406,0.014401933,0.21275523,-0.16810185,-0.064826265,1.0142955,0.075700539,-0.069292174,1.2061174,0.39849167,-0.03984977
7.2650796,-0.38350668,0.33968115,0.011886031,0.20339616,-0.14654025,-0.064398801,0.99632874,0.03804519,-0.067622238,1.2274007,0.40358355,-0.042850675
7.2681889,-0.38219754,0.33530762,0.0091068955,0.19518961,-0.12244699,-0.063180354,0.97749465,-0.0001298128,-0.065655784,1.2469667,0.40821052,-0.045004679
7.2712981,-0.38023798,0.32970741,0.0060172447,0.18790032,-0.096041503,-0.061171865,0.95686142,-0.03760708,-0.063513741,1.264929,0.41210308,-0.046489037
7.2744071,-0.37721272,0.32279073,0.0027240724,0.18099499,-0.068028719,-0.058277265,0.93557681,-0.074569472,-0.060983292,1.2813574,0.41491564,-0.047451591
7.2775161,-0.37337149,0.31460858,-0.00075466169,0.17429868,-0.038428547,-0.054466801,0.9141002,-0.11032075,-0.058644332,1.2961373,0.41638598,-0.048085687
7.280625,-0.36871806,0.30530611,-0.0042440249,0.16810906,-0.0075266705,-0.049137875,0.89300608,-0.14476399,-0.056954132,1.3091785,0.41626388,-0.048568174
7.2837338,-0.36320861,0.29490682,-0.0075790433,0.16249911,0.024691137,-0.042492097,0.87322164,-0.17698267,-0.056137969,1.3206452,0.41440633,-0.049014508
7.2868425,-0.3569115,0.28319021,-0.010760181,0.15741315,0.058099441,-0.034842583,0.85593907,-0.20666155,-0.056123345,1.3305708,0.410504,-0.049555993
7.2899511,-0.34998237,0.27038224,-0.013719144,0.15164898,0.091704845,-0.026497405,0.84120875,-0.2336489,-0.056788005,1.3389193,0.40439659,-0.050229281
7.2930596,-0.34256469,0.25647237,-0.016439698,0.14523698,0.12548148,-0.017582197,0.82892415,-0.25786458,-0.058094051,1.3454607,0.39599677,-0.05113893
7.2961681,-0.33475922,0.24153339,-0.018907882,0.13874522,0.15938069,-0.0082263027,0.81740482,-0.27856644,-0.059963913,1.3503908,0.38532846,-0.05226163
7.2992765,-0.32642926,0.22560542,-0.020871293,0.13227516,0.19358295,0.0011846068,0.80580152,-0.29613184,-0.06229162,1.3535733,0.37231542,-0.053593004
7.3023848,-0.31780008,0.20864939,-0.022369009,0.12619426,0.22696161,0.010011898,0.79412378,-0.31074339,-0.065157263,1.3549004,0.35639913,-0.0551086
7.3054931,-0.30892364,0.19074853,-0.023483054,0.12082686,0.2584073,0.018833343,0.78231315,-0.32254709,-0.068558888,1.3541955,0.33778638,-0.056712266
7.3086013,-0.29896767,0.17239964,-0.024472361,0.11581362,0.28847309,0.027629923,0.76998534,-0.33147008,-0.072464805,1.3519067,0.31659983,-0.058420478
7.3117095,-0.28855601,0.15268123,-0.02518513,0.11118547,0.31706992,0.036017154,0.7579612,-0.33760721,-0.076839592,1.3477706,0.29264945,-0.060138012
7.3148177,-0.27851899,0.13255985,-0.025139652,0.10699835,0.34420814,0.0435883,0.74642654,-0.34125726,-0.081479573,1.3414635,0.26571358,-0.061751683
7.3179259,-0.26880278,0.11198337,-0.024233897,0.10529684,0.36897829,0.049665661,0.73632906,-0.34245865,-0.086256935,1.3329478,0.2357168,-0.063062042
7.321034,-0.25913899,0.09072748,-0.022778668,0.106135,0.3911678,0.054199136,0.7277069,-0.34124139,-0.091080523,1.3230833,0.20309236,-0.064210036
7.3241421,-0.24954818,0.069261178,-0.02174132,0.10882987,0.41127169,0.05749406,0.72019651,-0.33765221,-0.09567153,1.3112418,0.16781063,-0.064963977
7.3272502,-0.24005685,0.047448903,-0.021121641,0.11345437,0.42921473,0.058795542,0.713451,-0.33174503,-0.099788383,1.2973019,0.12985296,-0.065139212
7.3303582,-0.23039122,0.025341499,-0.02029042,0.12022671,0.44504356,0.057379166,0.70712696,-0.32347789,-0.10318581,1.2810731,0.089641001,-0.06482147
7.3334663,-0.22074197,0.0030340986,-0.019291292,0.12955115,0.45787321,0.054255781,0.70086781,-0.31233201,-0.10579557,1.2627907,0.047984504,-0.064274114
7.3365743,-0.21109476,-0.019509148,-0.018178509,0.14117529,0.46866313,0.049633682,0.69459824,-0.29814691,-0.10748204,1.2428157,0.0052067398,-0.063123626
7.3396823,-0.20182801,-0.040737215,-0.016473237,0.15525308,0.47799979,0.043351579,0.68847349,-0.28062742,-0.10812103,1.2219447,-0.037864708,-0.061514981
7.3427903,-0.19326249,-0.060615297,-0.014580673,0.17132201,0.48591945,0.035483886,0.68267636,-0.25922247,-0.10752325,1.1997127,-0.080326928,-0.05963967
7.3458983,-0.18516618,-0.080180026,-0.012815776,0.18970029,0.4919547,0.026395006,0.67689095,-0.23442614,-0.10559462,1.1769673,-0.12210657,-0.057770305
7.3490063,-0.17749559,-0.099217531,-0.010783951,0.21029191,0.49647556,0.016453508,0.67116353,-0.20691989,-0.10236002,1.1548121,-0.16113062,-0.055854038
7.3521144,-0.17078407,-0.11759796,-0.0086251634,0.23273553,0.49989482,0.0061950394,0.6655646,-0.17656069,-0.097906408,1.1345166,-0.19741748,-0.053975528
7.3552224,-0.16542389,-0.1340558,-0.0067569416,0.25673818,0.50237159,-0.0040160129,0.66044264,-0.14350071,-0.092189743,1.1176241,-0.2294877,-0.052244265
7.3583304,-0.16147462,-0.14921934,-0.0050880167,0.28187034,0.5039823,-0.013916281,0.65513006,-0.10823702,-0.085131487,1.1037376,-0.25822012,-0.051043368
7.3614384,-0.159038,-0.16303006,-0.0036500769,0.30790498,0.50470099,-0.023219384,0.64964929,-0.071097615,-0.076792283,1.0925217,-0.28424353,-0.050686487
7.3645464,-0.15717881,-0.17525994,-0.0023721915,0.33518709,0.5045127,-0.031905252,0.64433341,-0.032319061,-0.067376357,1.0826596,-0.30725783,-0.051118475
7.3676544,-0.15636086,-0.1857672,-0.0011258488,0.36410997,0.50359329,-0.039818434,0.63960409,0.0078645995,-0.057044817,1.0734199,-0.32689206,-0.052160174
7.3707624,-0.15678445,-0.19441369,0.00024116407,0.39420271,0.50197953,-0.046794554,0.63510579,0.048776912,-0.045274176,1.0644673,-0.34323484,-0.053888657
7.3738705,-0.15836079,-0.2011959,0.0014338258,0.42471285,0.49980305,-0.052895148,0.62978198,0.089272631,-0.032569212,1.0560498,-0.3562737,-0.056343004
7.3769785,-0.16120371,-0.20593479,0.0025504733,0.45502563,0.49701275,-0.058026845,0.6249372,0.12934347,-0.019688114,1.047732,-0.36631554,-0.059521752
7.3800865,-0.16498568,-0.20896988,0.0035056531,0.48441001,0.49360592,-0.062071735,0.62062333,0.16874204,-0.0068372866,1.0396041,-0.37344251,-0.063349026
7.3831945,-0.16960164,-0.2105106,0.0043439797,0.51213001,0.48905468,-0.065039916,0.61740552,0.20660976,0.006035542,1.0333463,-0.37820322,-0.067691036
7.3863026,-0.17490497,-0.21031438,0.0050919178,0.53774148,0.48328995,-0.066974793,0.61547169,0.24108132,0.018158581,1.0289025,-0.38077334,-0.072386905
7.3894106,-0.18080826,-0.20833875,0.0057113807,0.56034865,0.4760891,-0.068160105,0.61436652,0.27321895,0.029255531,1.0259635,-0.38108205,-0.077313297
7.3925186,-0.18730736,-0.20455392,0.0062040114,0.57984949,0.46715195,-0.068628374,0.61487612,0.30264914,0.038739567,1.0241329,-0.37934194,-0.082315852
7.3956267,-0.194111,-0.19917321,0.0065760845,0.59607861,0.45629834,-0.068637603,0.61727502,0.32895557,0.045914001,1.0228359,-0.37571662,-0.087211883
7.3987348,-0.20127494,-0.19221751,0.0067409774,0.60915546,0.4432132,-0.068237332,0.62328889,0.35139574,0.05069853,1.0216015,-0.37029509,-0.091841492
7.4018428,-0.20872651,-0.18369929,0.0067517151,0.61949464,0.42828639,-0.067548527,0.63235419,0.37028893,0.053370036,1.0200582,-0.36302815,-0.096124092
7.4049509,-0.21623405,-0.17355155,0.0065060934,0.6271682,0.41139288,-0.066750268,0.64362551,0.38580501,0.053217303,1.018097,-0.35387367,-0.099945639
7.408059,-0.223722,-0.16183827,0.0060688615,0.63227247,0.39244511,-0.065925839,0.65683266,0.39830284,0.05100543,1.0154009,-0.34288058,-0.1032606
7.411167,-0.23117666,-0.14872502,0.0055308042,0.63465574,0.37143919,-0.065277787,0.67245512,0.40789363,0.047100924,1.0115966,-0.33027006,-0.10595549
7.414275,-0.23862512,-0.13423815,0.0047945749,0.63447208,0.34852684,-0.064451779,0.69014587,0.41506022,0.041036283,1.0063478,-0.31557434,-0.10789518
7.417383,-0.2459733,-0.11835232,0.0038762446,0.63305022,0.32449537,-0.063559153,0.70980722,0.42043535,0.032795229,1.0004999,-0.29831555,-0.10905304
7.420491,-0.25310481,-0.10112946,0.0029097003,0.63076115,0.29947581,-0.062850072,0.73132668,0.42483673,0.023173209,0.99364413,-0.27752063,-0.10920174
7.423599,-0.25985326,-0.082723792,0.0021004174,0.62689073,0.27318611,-0.062265,0.75463049,0.4286349,0.01261646,0.98569945,-0.25282653,-0.10818524
7.426707,-0.26660999,-0.063240872,0.0012790483,0.62149771,0.24543763,-0.062016342,0.77929657,0.43220191,0.0015559704,0.97692846,-0.22408924,-0.10569467
7.4298149,-0.27328964,-0.04269069,0.0002670992,0.61480146,0.21627524,-0.060798297,0.8050113,0.43588612,-0.0095021901,0.96785728,-0.19192832,-0.10212734
7.4329227,-0.2792794,-0.021508131,-0.00082508977,0.60634629,0.18640946,-0.05968396,0.83247846,0.43990383,-0.020063501,0.95878948,-0.15702525,-0.097079397
7.4360306,-0.28554644,0.0005374936,-0.0017214475,0.5959395,0.15543024,-0.058790685,0.86244401,0.44416748,-0.029741339,0.9494581,-0.11939664,-0.09048183
7.4391383,-0.29149425,0.023190514,-0.00229295,0.58366889,0.12311831,-0.057797387,0.89417899,0.44854317,-0.03829522,0.94048835,-0.079415828,-0.082439023
7.4422461,-0.29712185,0.04565322,-0.0025529651,0.57015485,0.089603628,-0.056462515,0.92685873,0.45287784,-0.045486542,0.93255038,-0.037426491,-0.073119099
7.4453537,-0.30237492,0.06823729,-0.002957602,0.55470972,0.055657713,-0.054657026,0.95777874,0.45695036,-0.051224934,0.9253564,0.0057205024,-0.062954089
7.4484613,-0.30751644,0.090991252,-0.0035164712,0.53681777,0.021900392,-0.052644285,0.98641358,0.46052356,-0.055571465,0.91879461,0.048998219,-0.051903681
7.4515688,-0.31253416,0.11311217,-0.0035074135,0.51772567,-0.011581711,-0.050433078,1.0124779,0.46334544,-0.05860556,0.91420013,0.091751205,-0.040315608
7.4546763,-0.31750409,0.13447521,-0.0027237852,0.49773617,-0.044310158,-0.048219285,1.035817,0.46512403,-0.060490853,0.91153696,0.13326896,-0.028607896
7.4577837,-0.32241838,0.15545232,-0.0017727998,0.47757471,-0.076302239,-0.045650826,1.0565858,0.46553109,-0.061464217,0.91163712,0.17289732,-0.017370399
7.460891,-0.3272112,0.17578345,-0.00077001114,0.45686491,-0.10691446,-0.043404012,1.0749028,0.46440353,-0.061774057,0.91442341,0.20889245,-0.0061547217
7.4639982,-0.33221851,0.19532269,0.00029932472,0.43590998,-0.13584956,-0.042033714,1.0906472,0.46152994,-0.061624329,0.91968554,0.24132064,0.0039634045
7.4671053,-0.33699084,0.21418596,0.0015105722,0.41547354,-0.16241093,-0.041245823,1.1037023,0.45672712,-0.061272724,0.92692038,0.27000153,0.012871396
7.4702124,-0.34130195,0.23240448,0.0030073081,0.39666535,-0.18674629,-0.041081928,1.1141102,0.44975341,-0.06088316,0.93563988,0.29454398,0.019945011
7.4733194,-0.34548677,0.25007257,0.0047685824,0.37979237,-0.20879222,-0.041526927,1.1221616,0.44075958,-0.060520647,0.9464034,0.31473381,0.024865317
7.4764263,-0.34976151,0.26686924,0.0064963714,0.36486073,-0.22754728,-0.042717579,1.1277966,0.42955079,-0.060356647,0.9584505,0.33103935,0.027707988
7.479533,-0.35426817,0.28232706,0.0081683451,0.35144658,-0.24333409,-0.04420613,1.1309636,0.41619407,-0.060445656,0.97170155,0.34400859,0.028728623
7.4826397,-0.35876306,0.29596563,0.0097634056,0.33906747,-0.256607,-0.046101805,1.1317404,0.40068842,-0.060747933,0.98649828,0.35419497,0.027816968
7.4857463,-0.36296719,0.30778154,0.011362213,0.32734943,-0.26736028,-0.04832173,1.1302676,0.38291598,-0.061347981,1.0027637,0.36212404,0.025435402
7.4888528,-0.36698512,0.31789497,0.012892976,0.31645866,-0.27521023,-0.05086236,1.1272134,0.36307934,-0.06231105,1.0201619,0.36844556,0.021703664
7.4919593,-0.37098905,0.32654366,0.01431119,0.30572038,-0.28026922,-0.053533023,1.1222669,0.34092462,-0.063476955,1.0379308,0.37386313,0.016149852
7.4950656,-0.3748147,0.33380307,0.01548032,0.29446726,-0.28269183,-0.056369531,1.1154003,0.31642603,-0.064722562,1.0560335,0.37871154,0.0093234628
7.4981718,-0.37842177,0.33966253,0.016290409,0.28279166,-0.2826315,-0.059207655,1.1063225,0.28931774,-0.066082384,1.075309,0.38335043,0.0019113954
7.5012779,-0.38173926,0.3448218,0.016653185,0.27092636,-0.2800425,-0.06194287,1.0969502,0.26040913,-0.067425748,1.0962067,0.38805509,-0.0055809618
7.5043839,-0.38444143,0.34913505,0.016564926,0.25892693,-0.2743542,-0.06480603,1.0860721,0.22917533,-0.068585916,1.1197769,0.39303637,-0.012829084
7.5074898,-0.38650144,0.35256863,0.015982924,0.24693203,-0.26574402,-0.067523742,1.0737444,0.19573612,-0.069448076,1.1451409,0.39832206,-0.019493391
7.5105956,-0.38787405,0.35485945,0.01491404,0.23531165,-0.25380274,-0.069782579,1.0599405,0.1596061,-0.069858524,1.17,0.40393337,-0.025324483
7.5137013,-0.38873584,0.35596972,0.013334231,0.22399772,-0.2384225,-0.071688118,1.0440556,0.12215352,-0.070369827,1.1938892,0.4098127,-0.03023149
7.516807,-0.38873499,0.35569735,0.011239418,0.21372271,-0.22033126,-0.073125142,1.0264202,0.082981508,-0.070276264,1.2163598,0.4158254,-0.03415985
7.5199125,-0.38800361,0.35401956,0.0090164322,0.20452319,-0.19942731,-0.074016173,1.0071958,0.042431834,-0.069569941,1.2372658,0.42179777,-0.037163928
7.5230179,-0.38649274,0.35097037,0.006310974,0.1964487,-0.17589357,-0.073917225,0.98729675,0.00075027416,-0.068260025,1.2565442,0.42746798,-0.039407903
7.5261233,-0.38416954,0.34660614,0.0033228745,0.18935057,-0.14964713,-0.072855938,0.9653262,-0.040892822,-0.06667339,1.2742934,0.43252694,-0.040991062
7.5292285,-0.38083904,0.34096933,0.00010993268,0.18318028,-0.12099299,-0.07100529,0.94230762,-0.082255372,-0.064773676,1.2905081,0.43662606,-0.04205413
7.5323337,-0.37657818,0.33404598,-0.0032982646,0.17727429,-0.090562351,-0.068149896,0.91921336,-0.12275042,-0.062806837,1.3051115,0.4394847,-0.042795112
7.5354388,-0.37143402,0.3258423,-0.0067610473,0.17151674,-0.058339323,-0.064463593,0.89662783,-0.16167512,-0.060656012,1.3181362,0.44075091,-0.043386844
7.5385438,-0.36539822,0.31645952,-0.01017439,0.16622871,-0.02477823,-0.059301901,0.87554031,-0.19851417,-0.059020868,1.3296685,0.44017516,-0.04393306
7.5416488,-0.35844973,0.30592873,-0.013403438,0.16141857,0.010276926,-0.052759674,0.85719451,-0.2323374,-0.05805795,1.3397056,0.43756288,-0.044507911
7.5447537,-0.35076244,0.29416273,-0.016404738,0.15684481,0.046310608,-0.045170895,0.84191179,-0.26288782,-0.057927002,1.3481425,0.43270641,-0.0452166
7.5478586,-0.34244152,0.28119758,-0.019235086,0.15164224,0.082695635,-0.036284437,0.82930354,-0.28966796,-0.058180044,1.3550697,0.42537073,-0.04619652
7.5509635,-0.33357252,0.26720026,-0.021826331,0.14582481,0.11936915,-0.026750697,0.81738444,-0.31301275,-0.058961107,1.3604058,0.41548541,-0.047430917
7.5540683,-0.32436739,0.25208452,-0.024085395,0.13996588,0.15624478,-0.016683282,0.80553237,-0.33288767,-0.060409197,1.3640693,0.40297262,-0.048859299
7.5571731,-0.31477918,0.23589928,-0.025766825,0.13405065,0.1932527,-0.0069157129,0.79404194,-0.34931719,-0.062459115,1.3659154,0.38781571,-0.050483978
7.5602778,-0.30481833,0.21866285,-0.026959005,0.12863913,0.2287862,0.0024615735,0.78262088,-0.36250308,-0.065137331,1.3657557,0.36986374,-0.052256835
7.5633826,-0.29472655,0.20062214,-0.027760239,0.12395556,0.26246465,0.012188185,0.77104804,-0.37253249,-0.068597228,1.3637516,0.34869535,-0.054248783
7.5664873,-0.28363101,0.18188157,-0.028414571,0.11985802,0.29482105,0.021508612,0.7600973,-0.37950421,-0.072735363,1.359852,0.32458961,-0.056337119
7.5695921,-0.27222589,0.16195325,-0.028784931,0.11602794,0.32562164,0.03043432,0.7499635,-0.38364835,-0.077370877,1.353878,0.29734977,-0.058435174
7.5726969,-0.26087124,0.14140557,-0.02850682,0.11291991,0.35449526,0.038456838,0.74184074,-0.38518523,-0.082374217,1.345463,0.2667833,-0.060259901
7.5758016,-0.2497862,0.12040196,-0.027486557,0.11263576,0.38054216,0.045020039,0.73537903,-0.3843922,-0.087622631,1.3352027,0.2329385,-0.062177912
7.5789064,-0.23930647,0.098846359,-0.025807567,0.1145829,0.40392313,0.049828571,0.73011721,-0.38128402,-0.092874725,1.322935,0.19603253,-0.063739653
7.5820112,-0.2290435,0.076992529,-0.024364591,0.11848229,0.42491746,0.053206399,0.7256767,-0.37600754,-0.097890989,1.3084882,0.15605978,-0.064888907
7.585116,-0.21893763,0.05492536,-0.023486492,0.12444928,0.44351618,0.054614039,0.72160712,-0.36859145,-0.10246028,1.2917868,0.11302292,-0.06517336
7.5882208,-0.20893365,0.032481241,-0.022432039,0.13293793,0.45948018,0.053167814,0.71735283,-0.35913953,-0.10643837,1.2725793,0.067962867,-0.065889278
7.5913257,-0.1989278,0.0098691972,-0.021198317,0.14392832,0.47244172,0.050073555,0.71282113,-0.34738876,-0.1097402,1.2512281,0.021242356,-0.065688398
7.5944305,-0.18930476,-0.012992172,-0.019810944,0.15696002,0.48339545,0.045368726,0.70786199,-0.33270196,-0.11212,1.2284466,-0.026311,-0.064763508
7.5975354,-0.18029105,-0.03514439,-0.018250998,0.17252061,0.49279468,0.038975028,0.70248591,-0.31486043,-0.11350732,1.204912,-0.074136181,-0.063246079
7.6006404,-0.17194552,-0.055818106,-0.016306929,0.19033805,0.50040747,0.031085019,0.69672579,-0.29349515,-0.11369428,1.1803369,-0.12156711,-0.061441154
7.6037453,-0.16441667,-0.076108863,-0.014441898,0.21047112,0.50636808,0.022063667,0.6906509,-0.26810656,-0.11280909,1.1563642,-0.16587043,-0.059121608
7.6068503,-0.15767119,-0.095747027,-0.012474365,0.2326998,0.51076944,0.012451302,0.68444384,-0.23922053,-0.11060018,1.1343113,-0.20686645,-0.056440792
7.6099554,-0.15182415,-0.114963,-0.010379623,0.25670905,0.51394301,0.0025372489,0.67820612,-0.20674475,-0.10701565,1.1163931,-0.24306929,-0.053340322
7.6130604,-0.14724642,-0.13226769,-0.0084762108,0.28211811,0.51616514,-0.0073109851,0.672306,-0.171397,-0.10190878,1.1017833,-0.27451818,-0.050227687
7.6161655,-0.14404874,-0.14808509,-0.0068181176,0.30866054,0.51761329,-0.0168185,0.66609493,-0.1336358,-0.095279649,1.0902054,-0.30339911,-0.047681718
7.6192707,-0.14265478,-0.16256008,-0.00549097,0.33642266,0.51816575,-0.025721703,0.66013921,-0.093474605,-0.087254876,1.0802509,-0.329245,-0.045987516
7.6223758,-0.14221427,-0.17546361,-0.0043922117,0.36626673,0.51778393,-0.033934293,0.6539929,-0.051509114,-0.07781869,1.0713165,-0.35178468,-0.045148454
7.625481,-0.14258424,-0.18657318,-0.0032093471,0.39769003,0.51660634,-0.041393254,0.64859505,-0.0078167446,-0.067309564,1.0628939,-0.37053283,-0.045069911
7.6285862,-0.1440696,-0.19579923,-0.0019491624,0.42998332,0.51478764,-0.047878231,0.64298008,0.036475252,-0.055235685,1.0553628,-0.38562297,-0.045872516
7.6316915,-0.14654048,-0.20307035,-0.00083506278,0.46244506,0.51229484,-0.053349013,0.63726558,0.080541769,-0.042039514,1.0483305,-0.39735806,-0.0475941
7.6347968,-0.15017492,-0.20824297,0.0001861858,0.49446875,0.5092479,-0.057853917,0.63223464,0.12414083,-0.028497121,1.0422129,-0.40605152,-0.050137505
7.6379022,-0.15474551,-0.2114711,0.0010527083,0.5252004,0.50527508,-0.061278641,0.62786871,0.16683567,-0.015135123,1.0384461,-0.41192508,-0.053398095
7.6410075,-0.16009762,-0.21310161,0.0018364006,0.55394908,0.50000389,-0.063557202,0.62478495,0.20769611,-0.001135837,1.0367365,-0.41529912,-0.057214415
7.644113,-0.1662005,-0.21309657,0.0024942405,0.57950947,0.49352222,-0.064884513,0.62323991,0.24503087,0.011750978,1.0366623,-0.41640344,-0.061440375
7.6472184,-0.17282154,-0.21113349,0.0030650495,0.60167127,0.48556047,-0.065484341,0.62268115,0.27941789,0.023461347,1.0378131,-0.41551182,-0.065879487
7.6503239,-0.1800226,-0.20739786,0.0034796707,0.62064491,0.47579723,-0.065496536,0.62403797,0.31085246,0.033671354,1.0396475,-0.41282675,-0.070355604
7.6534294,-0.18758578,-0.20204164,0.0037110953,0.63622561,0.4639977,-0.065180033,0.62755039,0.33904688,0.041744778,1.0417118,-0.40839826,-0.074798087
7.656535,-0.19532587,-0.19503005,0.0037896654,0.64859262,0.44983346,-0.064539703,0.63512431,0.36279135,0.047196922,1.0436105,-0.40231994,-0.07913055
7.6596406,-0.20321901,-0.18642522,0.0036829955,0.65817934,0.43377649,-0.063737625,0.64549531,0.38264017,0.050554201,1.0450908,-0.39442311,-0.083204839
7.6627462,-0.21124712,-0.17619998,0.0033359497,0.66508219,0.41575157,-0.062905012,0.6578979,0.39877109,0.051040673,1.0457387,-0.38489884,-0.087045952
7.6658518,-0.21916625,-0.16431084,0.0028237413,0.66933084,0.39572886,-0.062139175,0.67221679,0.41165956,0.049298014,1.0452997,-0.37376679,-0.09062819
7.6689574,-0.22693595,-0.15102079,0.0021635692,0.67074839,0.37360346,-0.061548951,0.68894077,0.42151427,0.045750643,1.0434682,-0.36085903,-0.093865458
7.6720631,-0.23452617,-0.13628392,0.0013504336,0.6695567,0.34951234,-0.060831225,0.70762621,0.4288462,0.040142118,1.040047,-0.34526884,-0.096653598
7.6751688,-0.24195652,-0.12010805,0.00036626701,0.6673316,0.32432048,-0.060100768,0.72839403,0.43447558,0.032268655,1.034647,-0.32623802,-0.098800982
7.6782744,-0.24930804,-0.10255527,-0.00074662624,0.66414958,0.298004,-0.05958151,0.75123088,0.43905597,0.022942021,1.0279465,-0.30329895,-0.1003333
7.6813801,-0.25616884,-0.083825226,-0.001754041,0.65932202,0.27025977,-0.059220619,0.77570779,0.44302462,0.012637318,1.0198152,-0.27698558,-0.10101051
7.6844858,-0.26329519,-0.063770711,-0.0026157675,0.65289414,0.2407045,-0.059122491,0.80140342,0.4468265,0.0018620023,1.0102398,-0.24699219,-0.10060746
7.6875914,-0.26992416,-0.042941386,-0.0037754701,0.64503751,0.20966785,-0.058197662,0.82813126,0.45078118,-0.0088514779,0.99950399,-0.21318082,-0.098739955
7.690697,-0.27612616,-0.021240858,-0.0048892185,0.63529155,0.17804269,-0.057498047,0.85777931,0.4549416,-0.018918342,0.98840148,-0.17542817,-0.09593705
7.6938026,-0.282243,0.0018764022,-0.0057318716,0.62351174,0.14523363,-0.05691809,0.88987256,0.45925788,-0.028002025,0.97657322,-0.13525323,-0.091579891
7.6969082,-0.28831567,0.024696592,-0.0062347185,0.60986376,0.11113252,-0.056147769,0.92347331,0.46368604,-0.035912938,0.96487741,-0.092211794,-0.085582318
7.7000137,-0.29405978,0.047721521,-0.0063009899,0.59502662,0.075809707,-0.055003029,0.95620431,0.46804665,-0.042395802,0.95378991,-0.046942439,-0.077929044
7.7031192,-0.29936439,0.070824194,-0.006593052,0.57799204,0.040217609,-0.053424385,0.98685708,0.47210588,-0.047394735,0.94456592,-5.456449e-05,-0.068954793
7.7062247,-0.30456091,0.094089298,-0.0070039777,0.55859972,0.0048103165,-0.051519159,1.0150052,0.47563117,-0.051011643,0.93567538,0.046772709,-0.058826628
7.7093301,-0.3097903,0.11686464,-0.0069013538,0.53809073,-0.030376399,-0.049564122,1.0404321,0.47837044,-0.053399196,0.92906176,0.092953485,-0.047514745
7.7124355,-0.31494809,0.13889407,-0.0061299072,0.51676557,-0.064795564,-0.047543702,1.0632131,0.48005003,-0.054810213,0.92508514,0.13778192,-0.035666259
7.7155408,-0.32004977,0.16054726,-0.005068323,0.49541875,-0.098338639,-0.04519858,1.0834289,0.48029505,-0.055420544,0.92445276,0.18007884,-0.02342298
7.718646,-0.3251117,0.18168091,-0.0038036207,0.47326229,-0.13010634,-0.043103281,1.1012095,0.47896629,-0.055465,0.92697499,0.21860668,-0.011464539
7.7217512,-0.33042273,0.20189822,-0.0025155075,0.4513094,-0.16002662,-0.041928841,1.1164305,0.47573246,-0.055198313,0.93216964,0.2530795,-0.0004319319
7.7248564,-0.33556074,0.22149946,-0.0010319112,0.43031941,-0.1874091,-0.041425568,1.1290272,0.4704608,-0.054801917,0.93949241,0.28332399,0.009448095
7.7279614,-0.34031287,0.24031962,0.00067475806,0.41161557,-0.21261636,-0.041497405,1.1390482,0.46294624,-0.054412738,0.94859056,0.30928449,0.017660444
7.7310664,-0.34439641,0.25842565,0.0027372135,0.39493965,-0.23456104,-0.042167449,1.1467379,0.45330586,-0.054104734,0.95962944,0.33065813,0.023599812
7.7341713,-0.34861291,0.27567688,0.0048455956,0.38048002,-0.25348816,-0.043260045,1.152019,0.44151946,-0.054070056,0.97203229,0.347867,0.027201168
7.7372761,-0.35295534,0.29157426,0.0068848,0.3673253,-0.26942183,-0.044839347,1.1548919,0.42712144,-0.054373653,0.98597318,0.36157963,0.028892219
7.7403809,-0.35741989,0.30583392,0.0088151452,0.35508794,-0.2827155,-0.046791703,1.1553032,0.41027704,-0.054924689,1.0015077,0.37232686,0.028602705
7.7434856,-0.36178389,0.31813348,0.010668216,0.34394969,-0.29316061,-0.049049639,1.1534376,0.39097943,-0.055838323,1.0184233,0.38069716,0.026625763
7.7465902,-0.36573629,0.3286863,0.012511867,0.33337348,-0.30051556,-0.051528304,1.1500068,0.36958793,-0.05709011,1.0361296,0.38733636,0.0233685
7.7496947,-0.36969645,0.33765574,0.014256893,0.32228443,-0.30517744,-0.054233571,1.1446514,0.34586084,-0.058559763,1.0540567,0.39298826,0.01839747
7.7527991,-0.37354317,0.34524045,0.015711887,0.3108055,-0.30721558,-0.057113982,1.1372513,0.31952708,-0.060110043,1.0728495,0.39801125,0.011942076
7.7559035,-0.37715675,0.35136472,0.016762242,0.29935233,-0.30665687,-0.060077717,1.1275762,0.2904791,-0.061763874,1.092989,0.40266022,0.0049739115
7.7590078,-0.38035303,0.35648629,0.017334691,0.28744069,-0.30339012,-0.063062165,1.117581,0.2594825,-0.063409949,1.1156277,0.40732555,-0.002105994
7.762112,-0.38297352,0.36084305,0.017402946,0.27543096,-0.29706822,-0.066090068,1.1059722,0.22602814,-0.064873551,1.1408143,0.41225384,-0.0089442539
7.7652161,-0.38487012,0.36415957,0.016974296,0.26343746,-0.28773966,-0.069041643,1.0928269,0.19013377,-0.06593602,1.1657734,0.41754369,-0.015161705
7.7683201,-0.38597958,0.36667462,0.015989338,0.25160588,-0.2753147,-0.071848438,1.0779384,0.15147474,-0.066546605,1.1899432,0.42324368,-0.020548956
7.7714241,-0.38639857,0.36798901,0.014380116,0.24106262,-0.25948596,-0.074071809,1.060854,0.11147412,-0.067344608,1.2129505,0.42926722,-0.024988622
7.774528,-0.38587803,0.36792445,0.012241152,0.23179108,-0.24049427,-0.075732676,1.0418458,0.069482339,-0.067529091,1.2344802,0.43550924,-0.028535505
7.7776317,-0.3844644,0.36658554,0.0099624049,0.22354818,-0.21846503,-0.076780488,1.0211887,0.025983693,-0.067030329,1.254512,0.44175149,-0.031298085
7.7807355,-0.38221274,0.36384423,0.0070962856,0.2163035,-0.19381976,-0.076833141,0.99980629,-0.01865075,-0.065869509,1.2730204,0.44765907,-0.033381605
7.7838391,-0.37888907,0.35975839,0.0038996033,0.20978603,-0.16643627,-0.07592521,0.97637755,-0.063151434,-0.06444133,1.2900849,0.45292693,-0.034896471
7.7869427,-0.3745322,0.35440741,0.00050597278,0.20414737,-0.1364438,-0.074074473,0.95187315,-0.10718398,-0.062808896,1.3056122,0.45720614,-0.036002414
7.7900462,-0.36918605,0.34781236,-0.0031314635,0.19884905,-0.10440335,-0.071154186,0.92755966,-0.14998378,-0.060814981,1.3196231,0.46013051,-0.036834317
7.7931497,-0.36289982,0.33999179,-0.0068995629,0.19371389,-0.070417268,-0.067322114,0.90443335,-0.19124325,-0.058383356,1.3321909,0.46138004,-0.037566499
7.7962531,-0.35565618,0.33096248,-0.010641658,0.18891008,-0.03503188,-0.062092353,0.88354489,-0.22947894,-0.056372038,1.3434262,0.46070797,-0.038291612
7.7993565,-0.34740047,0.32076701,-0.014186781,0.18447303,0.0018722516,-0.055618237,0.86603437,-0.26411048,-0.054874474,1.3532666,0.45788437,-0.039078258
7.8024598,-0.33840093,0.30937252,-0.0174456,0.18014783,0.039808309,-0.047835123,0.85164699,-0.29430831,-0.054070359,1.3616385,0.45261607,-0.040025188
7.8055632,-0.32878391,0.29676278,-0.020468311,0.17509904,0.07818072,-0.038831257,0.83926589,-0.32081095,-0.053806014,1.3684745,0.44478144,-0.041217014
7.8086665,-0.31850614,0.2830537,-0.023306013,0.1694841,0.1168917,-0.028833251,0.82726357,-0.34370245,-0.054199328,1.3738643,0.43404678,-0.042690957
7.8117698,-0.30789878,0.26827696,-0.025796985,0.16384041,0.15583452,-0.018284642,0.81550593,-0.36289121,-0.055261263,1.3775982,0.42058938,-0.044350766
7.8148732,-0.29707014,0.25246487,-0.027721367,0.15810435,0.19479884,-0.0078874159,0.80429253,-0.37851994,-0.057087024,1.3795068,0.40410285,-0.04617774
7.8179765,-0.28588486,0.23552044,-0.029062611,0.15287892,0.23212072,0.0021382281,0.79299797,-0.39070135,-0.059766322,1.3793253,0.38455143,-0.048036016
7.8210798,-0.27477157,0.2178538,-0.029958662,0.14847575,0.26725398,0.012439323,0.78239223,-0.39955449,-0.063290089,1.3772172,0.36215644,-0.050177995
7.8241832,-0.26289107,0.19901453,-0.030606025,0.14470798,0.30087241,0.022283681,0.77271267,-0.40526596,-0.067536683,1.3730793,0.3358431,-0.052419437
7.8272865,-0.25064527,0.17926035,-0.031087746,0.14120958,0.33300781,0.031640211,0.76480366,-0.4080616,-0.072308133,1.3666952,0.30608892,-0.054670797
7.8303899,-0.2381784,0.15861886,-0.031015994,0.13841665,0.36291738,0.040162482,0.75899244,-0.40807815,-0.077504616,1.3575145,0.27267183,-0.056605012
7.8334934,-0.22598663,0.1374656,-0.030195299,0.13854079,0.38972243,0.047153097,0.75470209,-0.40583737,-0.082910288,1.3465438,0.23599147,-0.058607133
7.8365968,-0.21431185,0.11563656,-0.028711596,0.140931,0.41356724,0.05219462,0.75143978,-0.40146223,-0.088301401,1.3331156,0.19588036,-0.060270989
7.8397003,-0.20341214,0.093500668,-0.026979601,0.14537811,0.43476207,0.05571634,0.74869236,-0.39518969,-0.093402503,1.317267,0.15255019,-0.061534433
7.8428038,-0.1928575,0.071210281,-0.025874668,0.15192816,0.45341287,0.057141136,0.74605115,-0.3869273,-0.098079646,1.2988854,0.10589029,-0.0619791
7.8459074,-0.18259297,0.048523289,-0.02489238,0.16104439,0.46923755,0.055803748,0.74301626,-0.37669055,-0.10215599,1.277855,0.057236689,-0.062767449
7.849011,-0.17270145,0.02551869,-0.023527776,0.17270003,0.48197959,0.052640102,0.73926364,-0.3642732,-0.10565247,1.254708,0.007008429,-0.062601901
7.8521147,-0.16292157,0.0024492978,-0.021888399,0.18650387,0.49286859,0.047788535,0.73514732,-0.34929746,-0.10841761,1.2301372,-0.043744422,-0.061658458
7.8552184,-0.15476508,-0.020570774,-0.02042404,0.20272712,0.50214642,0.04125739,0.73031296,-0.33093175,-0.11029037,1.2050146,-0.095077482,-0.060020158
7.8583221,-0.14742398,-0.042875206,-0.018863633,0.22128995,0.50944897,0.033213458,0.7248044,-0.30913944,-0.11110122,1.1795259,-0.14511518,-0.057846261
7.861426,-0.14076314,-0.063968793,-0.016927211,0.24219247,0.51496315,0.024138996,0.71855878,-0.28356655,-0.11056329,1.1553215,-0.19116121,-0.055057923
7.8645299,-0.13475514,-0.084458843,-0.015091578,0.26515634,0.51889791,0.014446385,0.71199951,-0.25353259,-0.10902447,1.1348032,-0.23278004,-0.051702539
7.8676338,-0.12969185,-0.10428708,-0.013024889,0.28985609,0.52169684,0.004427259,0.70521869,-0.22006487,-0.10602343,1.1182898,-0.2686251,-0.047946819
7.8707378,-0.12589397,-0.1232713,-0.011023659,0.31584523,0.52364023,-0.0055868677,0.6986145,-0.18300327,-0.10149647,1.105138,-0.29974509,-0.044170961
7.8738419,-0.12336479,-0.14027866,-0.0093579978,0.34304122,0.52477403,-0.015275312,0.69151983,-0.1431115,-0.095341775,1.0947659,-0.32804858,-0.040888234
7.876946,-0.12229141,-0.15557604,-0.0080306602,0.37239305,0.52520427,-0.024419868,0.68471247,-0.1009355,-0.087485897,1.0855637,-0.35334903,-0.038387857
7.8800502,-0.12277801,-0.16949457,-0.0068483602,0.40403592,0.52483959,-0.032818818,0.67797621,-0.056830502,-0.078212838,1.0772484,-0.37533861,-0.036916556
7.8831544,-0.12390787,-0.18166999,-0.0055598935,0.43708207,0.52365061,-0.040447278,0.67197369,-0.010940187,-0.067755705,1.0698649,-0.39335209,-0.036372385
7.8862587,-0.12604798,-0.19192569,-0.0043219925,0.47079116,0.5217446,-0.04704421,0.66554763,0.035346309,-0.055722494,1.0634027,-0.40759903,-0.036786709
7.8893631,-0.12923173,-0.20008193,-0.0030916048,0.50455711,0.51904539,-0.052500228,0.65935049,0.081562882,-0.042668416,1.0575961,-0.41843142,-0.038176827
7.8924675,-0.13346207,-0.2061489,-0.0018919989,0.53761477,0.5158086,-0.056973546,0.65407077,0.12723629,-0.02896956,1.0541276,-0.42610742,-0.040385141
7.895572,-0.13878165,-0.21018788,-0.00078729025,0.56917077,0.51177176,-0.060281931,0.64963425,0.17174495,-0.015459285,1.0529336,-0.43101826,-0.043281095
7.8986765,-0.14503175,-0.21229126,5.6986179e-05,0.59788933,0.5063222,-0.06246325,0.64671457,0.21396409,-0.0012581187,1.0535964,-0.4335061,-0.046750496
7.9017811,-0.15205399,-0.21277957,0.0007774454,0.62305372,0.49965687,-0.06366261,0.64535916,0.25259671,0.011783352,1.055447,-0.43390371,-0.050624531
7.9048858,-0.15977073,-0.21125398,0.0013531028,0.64465902,0.49148441,-0.064105544,0.64536864,0.28799038,0.023604255,1.058213,-0.43249328,-0.054673914
7.9079905,-0.16795952,-0.20794346,0.001735647,0.66304247,0.48155744,-0.064043237,0.6473979,0.32010383,0.033809672,1.0617195,-0.42953408,-0.058792587
7.9110953,-0.17610839,-0.20292824,0.0020268374,0.67811623,0.46955815,-0.063631311,0.65185499,0.34869535,0.041952634,1.0652796,-0.42494824,-0.062905743
7.9142002,-0.184294,-0.19623968,0.0021432995,0.68984334,0.45511777,-0.063029188,0.66055045,0.37254303,0.047387401,1.068512,-0.4188288,-0.06692897
7.9173051,-0.1925944,-0.18788931,0.0020452897,0.69863843,0.43878484,-0.062280401,0.67170441,0.39220937,0.05064414,1.0710858,-0.41105077,-0.070779288
7.92041,-0.20101408,-0.1778887,0.001690836,0.70472797,0.4204288,-0.061494093,0.68480296,0.40800337,0.051105427,1.0726523,-0.40173371,-0.074444131
7.923515,-0.20924414,-0.16618778,0.0011091031,0.70819756,0.40006743,-0.060802992,0.69979408,0.42042103,0.049375659,1.0731756,-0.39057203,-0.077968403
7.92662,-0.21722629,-0.15298196,0.00040933659,0.70886127,0.37764518,-0.060245884,0.71705963,0.42974252,0.045878518,1.0721599,-0.37726098,-0.081215617
7.9297251,-0.22503471,-0.13831014,-0.00047450896,0.70679447,0.35320949,-0.059739864,0.73627365,0.43670256,0.040288465,1.0694556,-0.36117019,-0.0841493
7.9328301,-0.23270595,-0.1221218,-0.001506236,0.70359145,0.32753138,-0.059091092,0.75759794,0.44207168,0.03237777,1.0648221,-0.34140276,-0.086657856
7.9359352,-0.24003775,-0.10453889,-0.0026373226,0.69952159,0.30062092,-0.058667319,0.78077131,0.44642237,0.023058581,1.057975,-0.31734647,-0.088619501
7.9390403,-0.24723185,-0.085718385,-0.0036887645,0.69366074,0.27213564,-0.058394838,0.80539741,0.45025618,0.012806328,1.0498873,-0.28948848,-0.089940102
7.9421455,-0.25458156,-0.065535885,-0.0045890775,0.68617379,0.24172539,-0.058442058,0.83110822,0.45401022,0.0021017306,1.0400718,-0.25797489,-0.090358437
7.9452506,-0.26137757,-0.044613822,-0.0056717268,0.67717144,0.20966068,-0.057643748,0.85895329,0.45785784,-0.0083563503,1.0287495,-0.2225645,-0.089647619
7.9483557,-0.26778793,-0.022663541,-0.0067556239,0.6661643,0.17706725,-0.05694235,0.88972173,0.46190464,-0.018094752,1.0164372,-0.18299867,-0.087383412
7.9514608,-0.27382257,0.00072353213,-0.0077199711,0.65318429,0.14316876,-0.056392805,0.9226993,0.46608407,-0.026805683,1.0031719,-0.14040449,-0.084214953
7.9545659,-0.28008129,0.023673062,-0.0082120915,0.63828827,0.10794476,-0.055590169,0.9562775,0.47039377,-0.03428078,0.98984081,-0.094987055,-0.079428095
7.957671,-0.28597454,0.046982512,-0.0080968508,0.62217842,0.071451001,-0.054398421,0.98810524,0.47463206,-0.04030624,0.97727496,-0.047166801,-0.073062429
7.9607761,-0.29159134,0.070582463,-0.0080487838,0.60391392,0.03464563,-0.052668963,1.0176895,0.47859907,-0.044863279,0.96612487,0.0020966621,-0.065104421
7.9638811,-0.29700079,0.094257527,-0.0082994577,0.5833493,-0.0019139063,-0.050599268,1.0447562,0.4820895,-0.048103127,0.95682826,0.051765887,-0.055976556
7.9669861,-0.30243724,0.11771588,-0.0082462496,0.56175733,-0.038213888,-0.048467087,1.0692228,0.48484647,-0.050246343,0.94945142,0.10031301,-0.045508295
7.9700911,-0.30785855,0.14053323,-0.0074945002,0.53944527,-0.073565247,-0.046258189,1.0911787,0.4865509,-0.051447035,0.94519398,0.14706301,-0.034293254
7.973196,-0.31325987,0.16269673,-0.0060724509,0.5170812,-0.10797158,-0.04365578,1.1106751,0.48680016,-0.051926038,0.94456391,0.19094503,-0.022455879
7.9763009,-0.31856148,0.18451217,-0.0045677903,0.49408363,-0.14051133,-0.041434341,1.1277406,0.48542893,-0.051893963,0.94729278,0.23066917,-0.010905924
7.9794057,-0.32401673,0.20551045,-0.0030324251,0.47146438,-0.17082438,-0.040170754,1.14231,0.48210611,-0.051609524,0.95271621,0.26580663,-0.00029456391
7.9825105,-0.32940976,0.22586524,-0.0011835481,0.45031187,-0.19849049,-0.039630591,1.1543338,0.47661893,-0.051284655,0.9601881,0.2963756,0.0092447008
7.9856153,-0.33413829,0.2453488,0.00092154398,0.4316867,-0.22408489,-0.039782956,1.1638423,0.46875236,-0.051019245,0.96971895,0.32230093,0.017147553
7.9887199,-0.33817046,0.26379841,0.0033457311,0.41529132,-0.2462163,-0.040305683,1.1710318,0.45874719,-0.050894128,0.98103052,0.34353529,0.022759813
7.9918245,-0.3422469,0.28164036,0.00589225,0.40102569,-0.26533143,-0.041389831,1.1758317,0.44659438,-0.050999287,0.99386026,0.36046937,0.026188399
7.994929,-0.3464208,0.29802774,0.0083840159,0.38807073,-0.28134643,-0.04298574,1.1782584,0.43169155,-0.05151334,1.0082553,0.37380624,0.027744286
7.9980335,-0.35071403,0.31289362,0.010779641,0.37599083,-0.29456025,-0.044999837,1.1781938,0.41429298,-0.052290417,1.0241417,0.38416113,0.027373892
8.0011378,-0.35491815,0.32598222,0.013141885,0.36502593,-0.30480193,-0.047236017,1.1758564,0.39437186,-0.053428739,1.0413263,0.3921009,0.025429536
8.0042422,-0.35897932,0.33723864,0.015324318,0.35398742,-0.31205281,-0.049756479,1.17191,0.37216737,-0.054892948,1.0588287,0.39845839,0.022214792
8.0073464,-0.36279566,0.34675465,0.017419612,0.34231582,-0.3164811,-0.052560139,1.1660272,0.34759395,-0.056536413,1.076568,0.40373747,0.017367809
8.0104506,-0.36670136,0.35470681,0.019115729,0.33057303,-0.31808849,-0.055560068,1.158021,0.32030718,-0.058261765,1.0956562,0.4083076,0.011294278
8.0135547,-0.37024453,0.36132231,0.020338285,0.31906144,-0.31699928,-0.058713621,1.1477536,0.29017627,-0.060030962,1.1163691,0.41265849,0.0047584286
8.0166587,-0.3733348,0.36651002,0.020973931,0.3070773,-0.31324536,-0.061950386,1.1370743,0.25798554,-0.061724085,1.1397924,0.41705219,-0.0018209095
8.0197626,-0.37588354,0.37092625,0.021064967,0.29502877,-0.30670964,-0.065264644,1.1246747,0.22310919,-0.063259845,1.1641079,0.42175475,-0.0080805008
8.0228665,-0.37749303,0.37436531,0.020631688,0.28297745,-0.29712555,-0.068513294,1.1106373,0.18569075,-0.064228582,1.1879868,0.42689945,-0.013716861
8.0259703,-0.37836754,0.37694313,0.019526719,0.27162959,-0.28451171,-0.071563843,1.0947038,0.14535397,-0.064722827,1.2109718,0.43248845,-0.01851995
8.029074,-0.37831069,0.37864574,0.017651758,0.26189314,-0.26850947,-0.074135866,1.0765553,0.10360773,-0.065261707,1.2327307,0.43847755,-0.022451403
8.0321777,-0.37716728,0.37920459,0.015436707,0.25336244,-0.24911898,-0.076067681,1.0564572,0.059801165,-0.065181996,1.2531143,0.44472163,-0.025620815
8.0352812,-0.37496966,0.37836058,0.012761861,0.24573913,-0.22675534,-0.077270536,1.0347636,0.01451123,-0.064465462,1.2720769,0.450936,-0.028089727
8.0383847,-0.3718601,0.37603305,0.009391019,0.2389679,-0.20164747,-0.077501592,1.0123876,-0.031804682,-0.063087209,1.2896687,0.45678724,-0.02995605
8.0414881,-0.36745962,0.37234061,0.0057088275,0.23288528,-0.17369253,-0.076640508,0.98778782,-0.077839037,-0.06141139,1.3058508,0.46200783,-0.03135381
8.0445915,-0.36189499,0.36746116,0.0017468215,0.22753004,-0.14316637,-0.074753787,0.96266827,-0.12313869,-0.059521213,1.3206002,0.46624174,-0.032421289
8.0476948,-0.35533655,0.3613773,-0.002484503,0.22250812,-0.1104352,-0.071813959,0.93805817,-0.16696195,-0.057188154,1.3339735,0.46908922,-0.033289493
8.0507981,-0.34773248,0.35410025,-0.0068808957,0.21758628,-0.075692028,-0.067836524,0.9152941,-0.20874707,-0.054476395,1.3460122,0.47018953,-0.034108497
8.0539014,-0.33917122,0.34562507,-0.011268299,0.21292626,-0.039422937,-0.062518695,0.89545296,-0.24698405,-0.052211845,1.3568825,0.46926451,-0.034987728
8.0570046,-0.32954193,0.33589991,-0.015384005,0.20859785,-0.0016356964,-0.05591424,0.87897115,-0.2813126,-0.050491226,1.36641,0.46616822,-0.035963797
8.0601078,-0.31916278,0.32499178,-0.019184244,0.20441564,0.0371918,-0.047970397,0.86552293,-0.31087319,-0.049534276,1.3745647,0.4605473,-0.037131481
8.063211,-0.30816828,0.31296563,-0.022647825,0.19945522,0.076457367,-0.038833196,0.85331249,-0.33683181,-0.049180456,1.3812312,0.45225345,-0.038534944
8.0663142,-0.29648805,0.29982318,-0.0259251,0.19382428,0.11595988,-0.028514483,0.84124342,-0.35903388,-0.049574361,1.3864248,0.44085424,-0.040220266
8.0694173,-0.28457173,0.28542981,-0.028788268,0.18816482,0.15569575,-0.017681131,0.82953583,-0.37748649,-0.050748659,1.3899836,0.4267404,-0.042063129
8.0725205,-0.272366,0.26994535,-0.031151073,0.1824285,0.19544876,-0.0068242988,0.81836976,-0.3922713,-0.052804105,1.3917013,0.40941814,-0.04404908
8.0756237,-0.26006948,0.25349432,-0.032832721,0.17722748,0.23348152,0.003489136,0.80738764,-0.40351316,-0.05580081,1.3911941,0.38874632,-0.046080037
8.0787269,-0.24801844,0.23611711,-0.033924415,0.17290631,0.26911464,0.014111892,0.79734325,-0.41133903,-0.059668139,1.3887612,0.36498638,-0.048230577
8.0818302,-0.23553324,0.21739357,-0.03456666,0.16930414,0.30308695,0.024312761,0.78841615,-0.41590594,-0.064296737,1.3841344,0.33720573,-0.050521165
8.0849335,-0.22266193,0.19792865,-0.035118777,0.1660084,0.33557687,0.034000528,0.78190395,-0.41765339,-0.069485355,1.377146,0.30579824,-0.052794145
8.0880368,-0.20959598,0.17748759,-0.035289027,0.16337582,0.36579461,0.042796651,0.7773495,-0.41673101,-0.075013877,1.367133,0.27045975,-0.054734414
8.0911401,-0.19665741,0.15631256,-0.034586322,0.16371947,0.39277391,0.050061921,0.77412358,-0.41351038,-0.08067856,1.3553604,0.23175534,-0.056629403
8.0942435,-0.18404007,0.13431571,-0.033097233,0.16639275,0.41658794,0.055257015,0.77190987,-0.40833764,-0.086231454,1.3409577,0.18952038,-0.05816756
8.0973469,-0.17225614,0.11210363,-0.031349954,0.17123234,0.43764961,0.058824617,0.77002939,-0.40125121,-0.091485197,1.3240094,0.14402816,-0.059250572
8.1004504,-0.16138953,0.089682193,-0.029600213,0.1781459,0.45610848,0.060184389,0.76800335,-0.39230449,-0.096273925,1.3043691,0.095167712,-0.059533961
8.1035539,-0.15088987,0.066852223,-0.028170784,0.18767793,0.47162066,0.058773506,0.76551414,-0.38148922,-0.10048773,1.2821372,0.044403505,-0.059943432
8.1066574,-0.141301,0.04365486,-0.026624532,0.19975134,0.48422392,0.05548208,0.76210644,-0.36851494,-0.10405557,1.2580467,-0.0076804075,-0.059465116
8.1097611,-0.1323256,0.020363021,-0.024750598,0.21398625,0.49509424,0.05041006,0.75824126,-0.35314106,-0.10692628,1.2323606,-0.059859566,-0.0582581
8.1128648,-0.12431018,-0.002756583,-0.022813961,0.23073136,0.50407191,0.043562994,0.75349117,-0.33433524,-0.10894411,1.2068713,-0.11263991,-0.056335645
8.1159685,-0.11726047,-0.025916431,-0.020940813,0.24984476,0.51099491,0.035194195,0.74795314,-0.31187276,-0.10993818,1.181573,-0.16336876,-0.053833131
8.1190724,-0.1116925,-0.048332571,-0.019269353,0.27116796,0.51613464,0.025788586,0.74145807,-0.28562647,-0.10961908,1.1584699,-0.20936375,-0.050749758
8.1221763,-0.10702324,-0.069532934,-0.017446147,0.29459112,0.51975906,0.015764407,0.73463168,-0.25473455,-0.10803435,1.1397009,-0.24999767,-0.047227137
8.1252803,-0.10307127,-0.090017538,-0.015490537,0.31965053,0.52232709,0.0053585216,0.72748307,-0.22041331,-0.10505941,1.1247572,-0.284717,-0.043351659
8.1283843,-0.10021629,-0.1095966,-0.013383637,0.34616658,0.52402681,-0.0051399651,0.72042157,-0.18245704,-0.10049703,1.113069,-0.31515991,-0.03958659
8.1314885,-0.098712733,-0.1281015,-0.011448183,0.37395755,0.52488357,-0.015324876,0.71283183,-0.14160943,-0.094317197,1.1033375,-0.34252062,-0.036373544
8.1345927,-0.098553388,-0.14434566,-0.0099876675,0.40460704,0.52506911,-0.02494947,0.7054875,-0.098283473,-0.086421949,1.0947487,-0.36685726,-0.034034909
8.1376969,-0.099572435,-0.15886366,-0.0085741036,0.43730076,0.5246914,-0.033814394,0.69840569,-0.053121357,-0.077003446,1.0869842,-0.3877759,-0.032786721
8.1408013,-0.10201532,-0.1720887,-0.0072036393,0.47123602,0.52360695,-0.04181044,0.69204316,-0.0063417025,-0.066430489,1.0804343,-0.4045989,-0.032454345
8.1439057,-0.10501237,-0.18333189,-0.0058300852,0.50571348,0.52179105,-0.04866046,0.68511744,0.040672955,-0.054331138,1.0746445,-0.4177303,-0.033097872
8.1470103,-0.10910975,-0.19242804,-0.0045578397,0.54012276,0.51919081,-0.05433245,0.67873615,0.087545987,-0.041201868,1.0703048,-0.42746972,-0.034689403
8.1501149,-0.11422524,-0.19932276,-0.0033110395,0.57359942,0.51591053,-0.058959815,0.6732849,0.13378757,-0.027541517,1.068403,-0.4341477,-0.037063594
8.1532195,-0.12022939,-0.20419594,-0.0019251539,0.60522126,0.51186711,-0.06232166,0.66888412,0.17866179,-0.014020468,1.068496,-0.43815448,-0.04006028
8.1563243,-0.12716303,-0.20703154,-0.00084006811,0.63332024,0.50646546,-0.064548193,0.66616243,0.2208181,3.9263292e-05,1.0699411,-0.43983284,-0.043621983
8.1594292,-0.1348674,-0.20801261,0.00013258876,0.65790266,0.49983085,-0.065692007,0.66492327,0.25936879,0.012885913,1.0725422,-0.43960228,-0.04751231
8.1625341,-0.14314437,-0.20698385,0.00095218034,0.67893158,0.49170835,-0.066044417,0.66536904,0.29453882,0.024504282,1.0761299,-0.43771223,-0.051568386
8.1656391,-0.15179429,-0.20406116,0.0015172198,0.69665946,0.48181103,-0.065899827,0.66792654,0.32643559,0.034387255,1.0801067,-0.43438549,-0.055677128
8.1687442,-0.16077602,-0.19941699,0.001872618,0.71112114,0.46984363,-0.065392936,0.67336363,0.35436893,0.042146635,1.0839906,-0.42961629,-0.059747815
8.1718494,-0.16997186,-0.1931236,0.0018859724,0.72216979,0.4554478,-0.064725037,0.68272411,0.37754577,0.047165373,1.0873558,-0.42335581,-0.063702242
8.1749546,-0.17866936,-0.18509501,0.0017191782,0.73022833,0.43908333,-0.063903946,0.69429853,0.39642377,0.049960216,1.0900232,-0.41547184,-0.067496666
8.1780599,-0.18736929,-0.17536037,0.0012680803,0.73558565,0.42073107,-0.063077496,0.70778938,0.41139693,0.050049756,1.0916277,-0.40599658,-0.071120818
8.1811653,-0.19590956,-0.16392772,0.00056782442,0.73839613,0.40049898,-0.062357239,0.72323878,0.42293453,0.048116942,1.0920603,-0.39462241,-0.074627496
8.1842707,-0.20415964,-0.15095715,-0.00024546658,0.73847023,0.37821185,-0.061777679,0.74082083,0.43153022,0.044423029,1.0909304,-0.38069668,-0.077874677
8.1873761,-0.21214842,-0.13646064,-0.0011688379,0.73579666,0.35395681,-0.06126731,0.76031062,0.43784059,0.038579712,1.0879981,-0.36380869,-0.080820262
8.1904816,-0.22008911,-0.12040655,-0.0022404738,0.73180429,0.32835248,-0.060598024,0.78177381,0.44266833,0.030493663,1.0831951,-0.34308047,-0.083365682
8.1935871,-0.22765927,-0.10295343,-0.0034920534,0.72701981,0.30151194,-0.060146791,0.8049008,0.44659043,0.021058003,1.0761114,-0.31802268,-0.085275738
8.1966927,-0.23509602,-0.084190167,-0.0046245176,0.72046221,0.2730732,-0.059825048,0.82929954,0.45007991,0.010754103,1.0676929,-0.28915149,-0.086639905
8.1997983,-0.24252903,-0.064096807,-0.0056512826,0.71223378,0.24271363,-0.059829682,0.85473611,0.4535803,0.00010530656,1.0574476,-0.25641781,-0.08709903
8.2029039,-0.2495193,-0.043183056,-0.0068431783,0.70244715,0.21053368,-0.058948036,0.88307624,0.45715991,-0.010199896,1.045625,-0.21964575,-0.086473578
8.2060095,-0.25607665,-0.020920012,-0.0078488141,0.69068174,0.17776406,-0.058054733,0.91426585,0.4609488,-0.019738431,1.032641,-0.17870403,-0.084270078
8.2091151,-0.26200907,0.0021412837,-0.0089122126,0.6769333,0.14375109,-0.057406889,0.94744953,0.46491893,-0.028249254,1.018823,-0.13474415,-0.081083137
8.2122207,-0.26825726,0.025018868,-0.0092696333,0.66128067,0.10845867,-0.056466613,0.98023168,0.46903683,-0.03549881,1.0049678,-0.088029694,-0.076348925
8.2153263,-0.27419399,0.048541744,-0.0089102134,0.64435696,0.071875544,-0.055122511,1.0112161,0.4731254,-0.041300559,0.99208008,-0.038993159,-0.070095242
8.2184319,-0.28014105,0.072336587,-0.0086670115,0.62544841,0.034928729,-0.053162882,1.0399194,0.47695693,-0.045665515,0.98059365,0.011224526,-0.062285676
8.2215374,-0.28579611,0.096143966,-0.0086850371,0.60427308,-0.0016698162,-0.050891744,1.0661469,0.48037263,-0.048770401,0.9714647,0.061699821,-0.053298239
8.224643,-0.2914143,0.11988476,-0.0084930047,0.58213516,-0.037952565,-0.048596103,1.0898834,0.48304021,-0.050771892,0.96431608,0.11075131,-0.04320662
8.2277485,-0.29704839,0.14297456,-0.0075351059,0.55934888,-0.073177824,-0.046163212,1.1111903,0.48464551,-0.051866352,0.96063835,0.15772365,-0.032452527
8.230854,-0.30265194,0.16539183,-0.0057861745,0.53660751,-0.10740742,-0.043288051,1.1300956,0.48480809,-0.052273449,0.96052499,0.20129462,-0.021041168
8.2339595,-0.30814732,0.18738846,-0.0038869766,0.51335117,-0.13974025,-0.041072221,1.1465638,0.48337429,-0.052210758,0.96375472,0.240561,-0.010146127
8.237065,-0.31355081,0.20875639,-0.0019131068,0.4905563,-0.16959164,-0.039864237,1.1606591,0.47997273,-0.051912676,0.96954011,0.27495012,-0.00017500427
8.2401704,-0.31919078,0.22950707,0.00020615455,0.46948884,-0.19686855,-0.03939139,1.1722325,0.47442687,-0.051611544,0.97713353,0.30481109,0.0087109202
8.2432757,-0.32420393,0.24950065,0.0026884751,0.45097961,-0.22215355,-0.039463887,1.1813206,0.46651178,-0.051402533,0.98701569,0.32968306,0.015938572
8.246381,-0.32870588,0.26808042,0.005377469,0.43475458,-0.24411086,-0.04036342,1.1881479,0.45647206,-0.051350423,0.99864553,0.34982965,0.020909257
8.2494862,-0.33319435,0.28555124,0.0082014962,0.42062713,-0.26290632,-0.041591244,1.1926161,0.44425651,-0.051543885,1.0117374,0.3657799,0.023853676
8.2525913,-0.33776577,0.30208145,0.011014124,0.40780805,-0.2785961,-0.04337926,1.1947217,0.42928207,-0.052156009,1.0262859,0.37824729,0.025030497
8.2556964,-0.34230528,0.31715737,0.013771305,0.39559216,-0.29143341,-0.045523629,1.1943282,0.41180675,-0.053040212,1.0422954,0.38776702,0.024360572
8.2588015,-0.34661727,0.3304798,0.016419006,0.38420706,-0.30136165,-0.047961152,1.191711,0.39179884,-0.054256975,1.0592953,0.39501628,0.022250245
8.2619064,-0.3507322,0.34215358,0.018869552,0.37284215,-0.30834651,-0.050686684,1.1874538,0.36945908,-0.055789351,1.0764943,0.40076639,0.018929052
8.2650113,-0.3545278,0.35193088,0.021112527,0.36092021,-0.31248995,-0.05368934,1.181237,0.34469127,-0.057483471,1.0943024,0.4055371,0.014063606
8.2681161,-0.35823696,0.36018471,0.022914437,0.34896134,-0.31372946,-0.056884246,1.1728491,0.31717887,-0.059231957,1.1133629,0.40967986,0.0081844002
8.2712209,-0.36176223,0.36696991,0.024099576,0.33712048,-0.31225943,-0.06020545,1.1622423,0.28680598,-0.060972885,1.1345218,0.41369513,0.0019464788
8.2743256,-0.36475127,0.37244858,0.024557815,0.32492502,-0.30813444,-0.063650109,1.151132,0.25431313,-0.062604644,1.158167,0.41782364,-0.0042662639
8.2774302,-0.36706437,0.37659783,0.02454124,0.31272048,-0.30142648,-0.067161403,1.138271,0.21910252,-0.06402956,1.1817423,0.42230866,-0.010103926
8.2805347,-0.36856913,0.37990541,0.023866375,0.30052324,-0.29175061,-0.070586071,1.1237401,0.18132839,-0.064877235,1.2048055,0.42728453,-0.015313289
8.2836392,-0.36898379,0.38248431,0.022400905,0.28963271,-0.27897839,-0.073706949,1.1072216,0.14063178,-0.065349909,1.2269276,0.4327022,-0.019695115
8.2867436,-0.36843074,0.38418645,0.020188757,0.28023061,-0.26254507,-0.076169725,1.0884889,0.098579039,-0.065609908,1.2478486,0.43855942,-0.023290029
8.2898479,-0.36665614,0.38468148,0.017515636,0.27196933,-0.2430113,-0.07798207,1.0678686,0.054539114,-0.065315568,1.2674748,0.44464318,-0.026173463
8.2929522,-0.36370476,0.38395408,0.01430545,0.26450397,-0.22061319,-0.079011386,1.0457388,0.0091328917,-0.064386772,1.2857434,0.45067141,-0.028408188
8.2960564,-0.35967536,0.38193522,0.010432223,0.25781083,-0.19550786,-0.079018564,1.0229475,-0.037157781,-0.062826955,1.302749,0.45630708,-0.030082242
8.2991605,-0.35433454,0.37869055,0.0061958077,0.25176313,-0.16760139,-0.077895838,0.99796459,-0.082984426,-0.06101299,1.3183974,0.46128996,-0.03135432
8.3022646,-0.34785335,0.37412391,0.001593825,0.24654621,-0.13703769,-0.075629201,0.97270054,-0.12784731,-0.059087898,1.3326984,0.46524706,-0.032353372
8.3053687,-0.34026732,0.36840796,-0.0032968107,0.24146204,-0.10434329,-0.072310788,0.94805285,-0.17112138,-0.056713096,1.345703,0.46779865,-0.033208519
8.3084727,-0.3315816,0.36154072,-0.0082940736,0.23643434,-0.069811518,-0.06799924,0.92556362,-0.21187056,-0.054217499,1.3574512,0.46856173,-0.034069452
8.3115767,-0.32192368,0.35346721,-0.013181622,0.23163876,-0.033828597,-0.062264829,0.90629643,-0.24909564,-0.052256844,1.3680762,0.4672706,-0.035015996
8.3146807,-0.31128504,0.34415172,-0.017732906,0.22714855,0.0036207631,-0.05508207,0.89033186,-0.28231942,-0.050948727,1.3773854,0.46380251,-0.036092362
8.3177846,-0.29989426,0.33375035,-0.021955371,0.22279287,0.042068191,-0.046650591,0.87728668,-0.31134027,-0.050453851,1.3853455,0.45782761,-0.037375878
8.3208886,-0.28790954,0.32210307,-0.025710054,0.21763335,0.080882119,-0.037095799,0.8650894,-0.33671147,-0.050577842,1.3917888,0.44907695,-0.038903842
8.3239925,-0.27538958,0.30933207,-0.029278562,0.21186177,0.11989379,-0.026594987,0.85298749,-0.35825847,-0.051462293,1.3967878,0.43727892,-0.040708766
8.3270965,-0.26260599,0.29530942,-0.032352287,0.20597766,0.15905277,-0.015566116,0.84126388,-0.37604317,-0.053128915,1.4000973,0.42281201,-0.042660733
8.3302005,-0.24949512,0.28009851,-0.034867539,0.20006567,0.19816016,-0.0046380986,0.82983475,-0.39010489,-0.05564403,1.4015132,0.40505708,-0.044730531
8.3333045,-0.23643868,0.263975,-0.036708228,0.19472877,0.23546624,0.0057435513,0.81877918,-0.4006188,-0.059057416,1.4006443,0.38413118,-0.046846284
8.3364085,-0.22384327,0.24686703,-0.037882163,0.19039436,0.270366,0.016420965,0.80868496,-0.4077499,-0.063278806,1.397824,0.35974253,-0.049074436
8.3395125,-0.2109342,0.22839649,-0.038612118,0.18675392,0.30369866,0.026693715,0.80010839,-0.41169298,-0.06822171,1.3927122,0.33128885,-0.051384948
8.3426166,-0.19767144,0.20913879,-0.039133084,0.18344848,0.33536128,0.036438985,0.79383119,-0.41279587,-0.073671585,1.3851687,0.29917888,-0.053622885
8.3457208,-0.18459109,0.18891467,-0.039043378,0.18097421,0.36467697,0.045149902,0.78936754,-0.41132514,-0.079442124,1.3745947,0.26314753,-0.055509157
8.3488249,-0.1715454,0.16789086,-0.038108662,0.18157453,0.39076873,0.05211824,0.78618504,-0.4075749,-0.085288526,1.3622572,0.22385594,-0.057238751
8.3519292,-0.1586578,0.14606448,-0.03646574,0.18451381,0.41372246,0.056903446,0.78385181,-0.40189916,-0.090995388,1.347218,0.18104199,-0.058662249
8.3550334,-0.14652402,0.1238516,-0.034535394,0.18961823,0.43404931,0.060157152,0.78167809,-0.39434975,-0.096327368,1.3295859,0.13509481,-0.059588473
8.3581378,-0.13536952,0.10144158,-0.032320509,0.19686829,0.45183419,0.060888246,0.77934174,-0.38503394,-0.10111165,1.3092534,0.086087572,-0.059854641
8.3612422,-0.12526071,0.078692317,-0.030496784,0.20676861,0.46681773,0.059001896,0.77637054,-0.37376284,-0.10520988,1.2865388,0.035266849,-0.060003226
8.3643467,-0.11588064,0.055668762,-0.02856737,0.21920266,0.47923921,0.05526985,0.77276157,-0.36053758,-0.10864211,1.262133,-0.01660459,-0.059405097
8.3674512,-0.10678284,0.032399754,-0.026194589,0.23384226,0.48980951,0.049621975,0.76852266,-0.34453094,-0.11124947,1.2362583,-0.06841421,-0.058146052
8.3705558,-0.099420142,0.0093030908,-0.023875695,0.25100511,0.49833331,0.042228998,0.76346621,-0.32504395,-0.11289653,1.2106509,-0.12036567,-0.05630063
8.3736605,-0.093613463,-0.01359895,-0.02185889,0.27038859,0.50480132,0.033367608,0.75762327,-0.30200458,-0.11339482,1.1858232,-0.16975607,-0.05391185
8.3767653,-0.089140834,-0.036390553,-0.02012779,0.29202387,0.50961946,0.023509596,0.75105984,-0.27479702,-0.11240742,1.1639261,-0.21452954,-0.05105748
8.3798701,-0.085358057,-0.058030486,-0.018525015,0.31574642,0.51303201,0.013103205,0.74408254,-0.24367653,-0.11029304,1.1461468,-0.2538814,-0.047816953
8.3829751,-0.082263095,-0.078627024,-0.016698097,0.34121781,0.51541199,0.002305957,0.7368496,-0.20899733,-0.10662468,1.1320223,-0.28746878,-0.044379141
8.3860801,-0.08027365,-0.098270652,-0.014641838,0.36803899,0.51701376,-0.0084962769,0.7297486,-0.17094988,-0.10138855,1.1210499,-0.31699381,-0.041108181
8.3891852,-0.079620283,-0.1168664,-0.012709378,0.39643098,0.51777179,-0.018917187,0.72220199,-0.13013613,-0.09456291,1.1115454,-0.34381628,-0.038448431
8.3922904,-0.0803126,-0.13369199,-0.011010417,0.4274306,0.51790175,-0.02873881,0.71520216,-0.08710428,-0.085974649,1.1030314,-0.36744765,-0.036688248
8.3953956,-0.082047576,-0.14839804,-0.0094846565,0.46027594,0.51747109,-0.037765566,0.70794363,-0.042538477,-0.075981075,1.0954007,-0.38733302,-0.035953473
8.398501,-0.084938493,-0.16157367,-0.0079849839,0.49412747,0.51651884,-0.045749098,0.7017171,0.0036792895,-0.064970001,1.0888707,-0.40321799,-0.036098404
8.4016064,-0.08892139,-0.17307072,-0.006540456,0.52840197,0.51479532,-0.052539129,0.69492744,0.049826415,-0.05249804,1.0830423,-0.41550585,-0.037182996
8.4047119,-0.093770416,-0.18246717,-0.005135306,0.5624128,0.51227754,-0.058238666,0.68882008,0.095822309,-0.039094474,1.0790934,-0.42446423,-0.03916084
8.4078175,-0.099619344,-0.1895684,-0.0037563644,0.59537998,0.50898689,-0.062748118,0.68365083,0.14104506,-0.025498145,1.0774733,-0.43046014,-0.041851111
8.4109232,-0.1062737,-0.19461392,-0.0024393269,0.62599679,0.50490082,-0.065966817,0.6796355,0.18498914,-0.012251778,1.0777782,-0.43387934,-0.045131433
8.414029,-0.11369518,-0.19781228,-0.0013004219,0.65308998,0.49959141,-0.068006939,0.6773928,0.22559197,0.0013722365,1.0793199,-0.43509096,-0.048904885
8.4171349,-0.1218987,-0.19881642,-0.00023123854,0.67674538,0.49290439,-0.06899026,0.67646676,0.26286982,0.013806967,1.0818993,-0.43444255,-0.052955218
8.4202409,-0.13063696,-0.19788495,0.00061941267,0.69686752,0.48473582,-0.069200399,0.6775044,0.2967645,0.024951529,1.0853659,-0.43214118,-0.057132659
8.4233469,-0.13968883,-0.19508839,0.0013303914,0.71368755,0.47478309,-0.068914233,0.68050555,0.32760504,0.034120872,1.0891388,-0.42839092,-0.061348825
8.4264531,-0.14885553,-0.19052768,0.0017730146,0.72726124,0.46277469,-0.06829885,0.6869966,0.35399949,0.041101851,1.0926617,-0.42313943,-0.06551575
8.4295593,-0.15815811,-0.18424596,0.0018305074,0.7375223,0.44846201,-0.067509777,0.69697874,0.37578199,0.045426052,1.095661,-0.41634882,-0.069566157
8.4326656,-0.16769391,-0.17621223,0.0014803928,0.74483864,0.43220535,-0.066578323,0.70894897,0.39343596,0.047378803,1.097868,-0.40782707,-0.073433532
8.4357719,-0.17665686,-0.16638235,0.00089289686,0.74956484,0.41405439,-0.065671805,0.72282621,0.40735388,0.046701488,1.0988561,-0.39763761,-0.077120903
8.4388783,-0.1853248,-0.15494032,0.00017485348,0.75169855,0.39402535,-0.06487105,0.73873566,0.41791668,0.044285737,1.0987253,-0.38552356,-0.080610807
8.4419848,-0.19374425,-0.14194762,-0.00062888183,0.75108096,0.37193079,-0.064263603,0.7566756,0.4258275,0.040086875,1.0968842,-0.37086255,-0.08379689
8.4450913,-0.20197552,-0.12743149,-0.001691461,0.74777914,0.34794013,-0.063614757,0.77642621,0.43155737,0.033693723,1.0932249,-0.35315093,-0.086606878
8.4481978,-0.21009793,-0.11141291,-0.0028675268,0.74349754,0.32276744,-0.062831481,0.79808859,0.43597429,0.025315497,1.0873783,-0.33137983,-0.08883858
8.4513044,-0.21783458,-0.093973695,-0.0041309572,0.73829224,0.29632148,-0.062250651,0.82122023,0.43964101,0.015756531,1.079678,-0.30554977,-0.090545934
8.454411,-0.22570599,-0.075063514,-0.0052271417,0.73129102,0.26822916,-0.06183601,0.84547095,0.44301863,0.0054614375,1.0703953,-0.27584376,-0.091399723
8.4575176,-0.23288969,-0.05512387,-0.0063719665,0.72264968,0.23815492,-0.06166314,0.8708627,0.44646323,-0.0049973332,1.059424,-0.24232617,-0.091278152
8.4606242,-0.23996498,-0.034124504,-0.0075725072,0.71240301,0.20642212,-0.060395022,0.89933449,0.45003878,-0.015013529,1.0471396,-0.20487175,-0.089933336
8.4637309,-0.24654202,-0.011576144,-0.008579583,0.70010568,0.17409306,-0.059521521,0.9304783,0.45383246,-0.024224078,1.0339618,-0.16321769,-0.086975099
8.4668375,-0.25253158,0.011015581,-0.0094527086,0.68587487,0.14039966,-0.058600673,0.963447,0.45778635,-0.032363972,1.0202132,-0.11938336,-0.082991475
8.4699441,-0.25884155,0.033642102,-0.0094825368,0.66980276,0.10549535,-0.057403732,0.99542119,0.46187336,-0.039245126,1.0068593,-0.072828937,-0.077458952
8.4730507,-0.26501458,0.056833463,-0.0089821094,0.65272403,0.069356904,-0.055683654,1.0255234,0.46585404,-0.044694832,0.99504269,-0.024115247,-0.070575713
8.4761573,-0.27100833,0.080365583,-0.0085832547,0.6332867,0.033212959,-0.053440571,1.0533797,0.46954208,-0.048796094,0.98466523,0.025397026,-0.062037158
8.4792639,-0.27692495,0.10407928,-0.0083870247,0.61188995,-0.0026311838,-0.050881208,1.0788019,0.47273648,-0.051642847,0.97611229,0.074374484,-0.052565397
8.4823704,-0.28269129,0.12753063,-0.0078936503,0.58963538,-0.037802178,-0.048520689,1.1018064,0.47515157,-0.053422069,0.97026541,0.12189999,-0.04215456
8.4854769,-0.28846377,0.15036144,-0.0065762654,0.567007,-0.071890683,-0.045845734,1.1224316,0.47646587,-0.054361718,0.96805762,0.16742787,-0.031510955
8.4885834,-0.29422932,0.17243104,-0.004484409,0.54434536,-0.10486423,-0.043032822,1.1407047,0.47633188,-0.054655132,0.96916542,0.20913477,-0.020135843
8.4916898,-0.29976566,0.19406033,-0.0022761712,0.52136364,-0.13571765,-0.041140848,1.1565904,0.47456663,-0.054559557,0.97335423,0.24624033,-0.0096991852
8.4947961,-0.30545688,0.21523106,1.8803278e-05,0.49891306,-0.16412827,-0.04027396,1.1700949,0.47086787,-0.054259953,0.9798287,0.27863113,-0.00025574088
8.4979025,-0.31135531,0.23568409,0.002423162,0.47837658,-0.19015178,-0.040108754,1.1811025,0.46510143,-0.053985707,0.98784287,0.30664556,0.0079200948
8.5010087,-0.31671563,0.25490701,0.0051028483,0.46029407,-0.21414347,-0.040496751,1.1896329,0.45708949,-0.053796828,0.99836014,0.32971888,0.014320582
8.5041149,-0.32148373,0.27302333,0.0080296325,0.44447408,-0.23502882,-0.041759634,1.1959415,0.44702953,-0.053795034,1.0104453,0.3482973,0.01848587
8.5072209,-0.32632558,0.28978125,0.011022948,0.43062686,-0.25274831,-0.043439335,1.1999251,0.43467151,-0.054091053,1.0239101,0.36295123,0.020775681
8.510327,-0.33113531,0.30566524,0.013948838,0.41793727,-0.26738914,-0.045537602,1.2015204,0.41970832,-0.054740821,1.0387091,0.37436317,0.021410559
8.5134329,-0.33591483,0.3201283,0.016827788,0.40576327,-0.27922052,-0.04794094,1.2005153,0.40218515,-0.055638896,1.0549254,0.38306485,0.02023893
8.5165388,-0.34038367,0.33285191,0.0194929,0.39423911,-0.28821654,-0.05064613,1.1978177,0.38234195,-0.056829187,1.0718028,0.38977519,0.017836049
8.5196446,-0.34438674,0.3439302,0.022052853,0.38260827,-0.29440306,-0.05359769,1.1932141,0.3600187,-0.058302474,1.088813,0.3951599,0.014224792
8.5227503,-0.34831464,0.35324847,0.024236717,0.37055656,-0.29775693,-0.056794719,1.1865692,0.33515919,-0.05991817,1.106694,0.39967449,0.0091529931
8.5258559,-0.35206375,0.36107642,0.025900063,0.35845776,-0.29824517,-0.060093048,1.1776322,0.307533,-0.061459952,1.1257751,0.40373388,0.0033341149
8.5289615,-0.3556005,0.36753411,0.026858203,0.34616788,-0.29600831,-0.063482014,1.1670828,0.27727552,-0.063082621,1.1473351,0.40769931,-0.0027014193
8.5320669,-0.35856561,0.37261885,0.027179238,0.33373967,-0.29122711,-0.066947082,1.1556413,0.24472406,-0.064496368,1.1708654,0.41184002,-0.008639116
8.5351723,-0.36076078,0.37632294,0.026851333,0.32132186,-0.28400701,-0.070486475,1.1424569,0.20958767,-0.065570119,1.194229,0.41635331,-0.014141683
8.5382776,-0.36204904,0.37927432,0.025611826,0.30909972,-0.27370623,-0.073521792,1.1275137,0.17180195,-0.06608676,1.2169723,0.42131831,-0.018983773
8.5413828,-0.362273,0.38151548,0.023597289,0.29856226,-0.25996596,-0.076057634,1.1105984,0.13139268,-0.066628976,1.2386802,0.42668847,-0.023034451
8.5444879,-0.36136565,0.3828711,0.021134993,0.28934526,-0.24274864,-0.078070893,1.091556,0.089738874,-0.066554392,1.2591653,0.43243359,-0.026331022
8.547593,-0.35925429,0.38296157,0.018066909,0.2811665,-0.22276504,-0.079356876,1.0706949,0.046319667,-0.066014439,1.2783791,0.4383283,-0.028942684
8.550698,-0.3560539,0.38181431,0.014307306,0.27371516,-0.2000931,-0.079806682,1.0485091,0.001807174,-0.064871087,1.2963102,0.4440729,-0.030945948
8.5538028,-0.3514658,0.37945029,0.010087905,0.26702526,-0.17467358,-0.079016011,1.0256449,-0.043278406,-0.06327834,1.3129331,0.44935402,-0.032448211
8.5569077,-0.34567021,0.37590534,0.0054158233,0.26105376,-0.14654581,-0.077080663,1.0006671,-0.087556178,-0.061500194,1.3282411,0.4539066,-0.033609783
8.5600124,-0.33879655,0.37118011,0.00039992521,0.2557493,-0.11597868,-0.07420905,0.97572488,-0.13064851,-0.059692096,1.3421997,0.45735205,-0.034549533
8.5631172,-0.33080121,0.3652409,-0.004883605,0.2505514,-0.083647705,-0.070085039,0.95163162,-0.17180353,-0.057620642,1.3548647,0.45935715,-0.035402523
8.5662219,-0.32167941,0.35830342,-0.010187516,0.24536985,-0.049834679,-0.064967215,0.92998632,-0.21048868,-0.055816654,1.3663451,0.45947857,-0.036293162
8.5693265,-0.31155782,0.35024362,-0.015250875,0.24041343,-0.01450035,-0.058337908,0.91152711,-0.24575491,-0.054641287,1.3765771,0.4576302,-0.037276594
8.5724311,-0.30052996,0.34101076,-0.01997402,0.23581843,0.022135938,-0.05024632,0.89625966,-0.27722671,-0.054272331,1.38548,0.45356455,-0.038410937
8.5755357,-0.28883588,0.33062376,-0.024253158,0.23099144,0.059421433,-0.04113848,0.88339312,-0.30497436,-0.05460131,1.3929557,0.44703818,-0.039741017
8.5786403,-0.27659025,0.31902375,-0.0281949,0.2253045,0.09695363,-0.031038223,0.8711218,-0.32899517,-0.055519568,1.3989353,0.43736458,-0.041388265
8.5817449,-0.26385707,0.30634026,-0.031748541,0.21929123,0.13465547,-0.02042067,0.85891974,-0.34926026,-0.05716707,1.4034017,0.42510004,-0.043225308
8.5848495,-0.25084905,0.29228377,-0.034826092,0.21318104,0.17242927,-0.0092940816,0.84708808,-0.36582458,-0.059513126,1.4061305,0.4102637,-0.045212766
8.5879541,-0.23759477,0.27717607,-0.037246697,0.20719726,0.2099375,0.00113896,0.83526459,-0.37881576,-0.062631422,1.4068182,0.39213978,-0.047254742
8.5910587,-0.22452188,0.2613555,-0.03895301,0.20197138,0.24512667,0.011301289,0.82388771,-0.38845035,-0.066527354,1.40533,0.3714197,-0.049349229
8.5941633,-0.21187786,0.24403554,-0.040047692,0.1976844,0.27827031,0.021718155,0.81340418,-0.39486778,-0.071125875,1.4018209,0.34645477,-0.051582084
8.5972679,-0.1989908,0.22566604,-0.040542849,0.19383364,0.30983111,0.031674438,0.80466314,-0.39828374,-0.076306191,1.3960151,0.31758901,-0.053797549
8.6003726,-0.18576769,0.20654428,-0.041077596,0.19054116,0.33955403,0.040938186,0.79804731,-0.39883589,-0.081907146,1.3876814,0.28508071,-0.055862623
8.6034773,-0.17283137,0.18655961,-0.040703987,0.18874778,0.36671705,0.048697901,0.79310888,-0.39683227,-0.087713111,1.3768464,0.24903288,-0.05768084
8.606582,-0.15993628,0.16572356,-0.039404689,0.19000118,0.39067328,0.054500824,0.78933788,-0.39271773,-0.093506463,1.3637255,0.20958443,-0.059254239
8.6096868,-0.14731208,0.14410216,-0.037468096,0.19347309,0.41195526,0.058502428,0.78621482,-0.38671425,-0.098995281,1.3481258,0.1669275,-0.060484369
8.6127916,-0.13526092,0.12217722,-0.035446046,0.19907722,0.4308002,0.060658333,0.78321514,-0.37886906,-0.10403048,1.3299665,0.12130465,-0.061136515
8.6158965,-0.12462326,0.10003534,-0.033308999,0.20685038,0.44719562,0.059899705,0.77998689,-0.36904378,-0.10840733,1.3091963,0.073250187,-0.061635834
8.6190014,-0.1147975,0.077570056,-0.031211084,0.21745561,0.46106872,0.057066246,0.77616977,-0.35733061,-0.11205555,1.2863486,0.023614406,-0.06162689
8.6221064,-0.10554551,0.054751171,-0.028927211,0.23037113,0.47290919,0.052333365,0.77204787,-0.34339471,-0.11488005,1.262033,-0.026695584,-0.060951968
8.6252114,-0.097035388,0.031706829,-0.026330129,0.24565444,0.48265231,0.045709362,0.76727121,-0.32618743,-0.1167419,1.2367421,-0.076993723,-0.059747555
8.6283165,-0.090738322,0.0090123999,-0.024156718,0.2632365,0.49053181,0.037543073,0.76186167,-0.30558582,-0.11741709,1.2115508,-0.12690653,-0.05815028
8.6314217,-0.085827154,-0.013421807,-0.022190487,0.28309179,0.49634908,0.028080967,0.75571025,-0.28139425,-0.11676796,1.1875422,-0.1733922,-0.056094427
8.634527,-0.081860749,-0.035888277,-0.020333831,0.30516689,0.50068938,0.017771997,0.74922796,-0.25289312,-0.1149116,1.1669422,-0.21586088,-0.053683091
8.6376323,-0.07858062,-0.057148046,-0.018715777,0.32906221,0.50382618,0.0070148951,0.74247288,-0.22141413,-0.11152937,1.1503007,-0.25314753,-0.050911627
8.6407377,-0.076035788,-0.07731195,-0.016876755,0.35459392,0.50603857,-0.0039553608,0.73561901,-0.18649515,-0.10668035,1.1369959,-0.28522531,-0.048106133
8.6438432,-0.074710479,-0.096358773,-0.014874673,0.38136045,0.50753029,-0.014755513,0.72892583,-0.14848187,-0.10026469,1.1264373,-0.3143405,-0.045637132
8.6469487,-0.074542952,-0.11426483,-0.01305329,0.41023198,0.50820616,-0.025088341,0.72212917,-0.10838514,-0.092034894,1.1170573,-0.34031669,-0.043817958
8.6500544,-0.075764268,-0.13042792,-0.011318226,0.44141786,0.50833203,-0.034679826,0.71545134,-0.066221515,-0.082455187,1.1084747,-0.36284835,-0.042895933
8.6531601,-0.077985985,-0.14454348,-0.0097092289,0.4740699,0.50791692,-0.043377713,0.70890711,-0.022504042,-0.071679314,1.1007466,-0.38132933,-0.042886699
8.6562658,-0.081301898,-0.15706573,-0.0081463814,0.50744619,0.50698381,-0.050951889,0.70327741,0.022486743,-0.059723131,1.0938405,-0.39598764,-0.043726443
8.6593717,-0.085765395,-0.1678584,-0.0066916755,0.5411016,0.50522761,-0.057317174,0.69709663,0.067172438,-0.046667526,1.0875431,-0.40716391,-0.045439499
8.6624776,-0.091004062,-0.17653398,-0.0052585873,0.57420515,0.50261526,-0.062678595,0.69173039,0.11163932,-0.033231844,1.083487,-0.41519467,-0.047936595
8.6655836,-0.097232908,-0.18297151,-0.0037665151,0.60602801,0.49926978,-0.066654833,0.68717694,0.15502716,-0.019762811,1.0816564,-0.42044988,-0.051063449
8.6686897,-0.10418161,-0.18746413,-0.0025096167,0.63516062,0.49511781,-0.069436865,0.68411196,0.19703366,-0.0064540423,1.0816402,-0.42322142,-0.054727293
8.6717959,-0.11182932,-0.19010998,-0.0013965957,0.66082097,0.48964499,-0.071096504,0.68265472,0.23521212,0.0062739987,1.0830351,-0.42390352,-0.058800964
8.6749021,-0.12026482,-0.19053561,-0.00042274993,0.68313419,0.48275853,-0.071726678,0.68246883,0.27028099,0.017822678,1.0852056,-0.4227285,-0.063048979
8.6780084,-0.12915097,-0.18905944,0.00040386197,0.70193148,0.47435105,-0.071754941,0.68440494,0.30223497,0.027848242,1.0879166,-0.41992934,-0.067358137
8.6811148,-0.13823896,-0.1857773,0.0010522534,0.71746747,0.46403797,-0.071280366,0.68830548,0.33070316,0.035634992,1.0908759,-0.41557637,-0.071643626
8.6842213,-0.14741603,-0.18076753,0.0014032018,0.72979437,0.45169802,-0.070533349,0.69642047,0.35457424,0.04093399,1.0936079,-0.40962024,-0.075874943
8.6873278,-0.15671096,-0.17403772,0.0013847131,0.7388451,0.437126,-0.069609024,0.70705624,0.37421993,0.043968502,1.0957514,-0.40189255,-0.079967475
8.6904344,-0.16625642,-0.16554433,0.00094492523,0.74526949,0.42079611,-0.0686558,0.71954307,0.38999493,0.044389835,1.0968372,-0.39236885,-0.083835395
8.693541,-0.17518101,-0.15528322,0.00029203589,0.74916917,0.40263641,-0.067731132,0.73379797,0.40234779,0.042677745,1.0968542,-0.38118638,-0.087442562
8.6966477,-0.18373395,-0.14343166,-0.00038742034,0.7503961,0.38244047,-0.06686127,0.75019439,0.41163995,0.03930823,1.0953177,-0.36807172,-0.090782505
8.6997544,-0.19213459,-0.13001927,-0.0012737391,0.74890546,0.36025556,-0.066124169,0.76845896,0.41853691,0.034044672,1.0920998,-0.35226538,-0.093714347
8.7028611,-0.20049808,-0.11511302,-0.0023712753,0.74528181,0.33640389,-0.065231622,0.78873575,0.423717,0.026570516,1.0868349,-0.33317761,-0.095998925
8.7059678,-0.2085413,-0.098781796,-0.0035560123,0.74063466,0.31137527,-0.064450206,0.81065495,0.42789245,0.017700126,1.0795337,-0.31002085,-0.097726689
8.7090746,-0.21636918,-0.081005577,-0.0047010136,0.73495587,0.28508075,-0.063821667,0.8339253,0.43151845,0.0079293769,1.0710431,-0.28300909,-0.098571968
8.7121814,-0.22413321,-0.061893976,-0.0057205372,0.72750396,0.25698945,-0.063370884,0.85818164,0.43507337,-0.0022791908,1.0609474,-0.25259674,-0.098414612
8.7152881,-0.23123255,-0.041802287,-0.0068710095,0.71857816,0.22688792,-0.062482614,0.88411948,0.43875238,-0.012361797,1.049423,-0.2184395,-0.096975064
8.7183949,-0.2382004,-0.020241867,-0.0078149217,0.70781478,0.19565158,-0.06111466,0.91291683,0.44257529,-0.021851078,1.0374023,-0.17998039,-0.094133135
8.7215017,-0.24439877,0.0019032823,-0.0088974264,0.69499205,0.16354593,-0.060165429,0.9440791,0.44654973,-0.03046518,1.0245917,-0.13938749,-0.090222234
8.7246084,-0.25050729,0.024115138,-0.0092654315,0.68020537,0.13009234,-0.058990941,0.97646089,0.450682,-0.037935945,1.0118652,-0.095826374,-0.084751986
8.7277151,-0.25671727,0.046736305,-0.0088786349,0.66387745,0.095387634,-0.057489023,1.0074653,0.45478636,-0.044114046,0.99998531,-0.04997043,-0.077795483
8.7308218,-0.26296268,0.069694328,-0.0083557564,0.64620575,0.059966091,-0.055333842,1.0365113,0.45871204,-0.048929161,0.98998146,-0.0024607616,-0.069555321
8.7339284,-0.26892471,0.092946044,-0.0080874086,0.62603975,0.024879565,-0.052907453,1.0632805,0.46222993,-0.05246178,0.98127622,0.045128014,-0.060236374
8.737035,-0.27485702,0.1163898,-0.0076799046,0.60467832,-0.0099148719,-0.050092265,1.0876083,0.4651313,-0.054799132,0.97476141,0.091852749,-0.049887071
8.7401415,-0.28064914,0.13919466,-0.0067140724,0.58252338,-0.043569127,-0.047626908,1.1096249,0.46714077,-0.056200452,0.97115297,0.13696713,-0.03904786
8.743248,-0.28646158,0.16127308,-0.0049727646,0.56031406,-0.076325296,-0.044735741,1.1292749,0.46790314,-0.056870269,0.97110973,0.17967359,-0.02813093
8.7463544,-0.29221996,0.18281045,-0.0027278636,0.53784651,-0.10746649,-0.042361048,1.1466462,0.46722081,-0.05700652,0.97426142,0.21825458,-0.017372718
8.7494607,-0.29789117,0.20385981,-0.00038448498,0.51531879,-0.13634716,-0.041069512,1.1616496,0.46479153,-0.05682282,0.98003146,0.25248518,-0.0075402997
8.752567,-0.3037383,0.2244379,0.0020319729,0.49364993,-0.16296188,-0.04070055,1.1741579,0.46045392,-0.056531623,0.98768529,0.28217819,0.0011689018
8.7556732,-0.30940044,0.24401318,0.0045877725,0.47411798,-0.1872814,-0.04085201,1.1841865,0.45411093,-0.056295604,0.99707488,0.30747033,0.0083071574
8.7587793,-0.31480332,0.26244779,0.007401717,0.45683136,-0.20945883,-0.041635112,1.1918019,0.44570076,-0.056169102,1.0082749,0.32822134,0.013373575
8.7618853,-0.31955272,0.27952033,0.010435685,0.44185777,-0.22870586,-0.043299923,1.1971748,0.43517823,-0.056304608,1.0208524,0.34479563,0.016348615
8.7649912,-0.32438938,0.29540195,0.013417394,0.42838281,-0.24467246,-0.045427015,1.2002174,0.4222198,-0.056705017,1.0347866,0.35791466,0.017571054
8.7680971,-0.32920698,0.31032723,0.01630232,0.4160535,-0.25768207,-0.047742536,1.2008641,0.40703324,-0.057353123,1.0500725,0.36818202,0.01729721
8.7712029,-0.33399284,0.32368493,0.019114111,0.40404737,-0.26803526,-0.050333332,1.1991241,0.38925413,-0.058259893,1.0665122,0.37611166,0.015526268
8.7743085,-0.33834756,0.33540353,0.02174198,0.39274596,-0.27565137,-0.053252334,1.1958092,0.3692484,-0.05944585,1.0832302,0.38240593,0.012665832
8.7774141,-0.34237073,0.34542051,0.024177273,0.38085966,-0.28055617,-0.056306344,1.1905307,0.34659439,-0.060807873,1.1000601,0.38766614,0.0085483767
8.7805195,-0.34631005,0.35380011,0.026151191,0.3687155,-0.28261476,-0.059483498,1.1831939,0.32128111,-0.062275742,1.1181024,0.39222487,0.0031994955
8.7836249,-0.35010731,0.36087635,0.027509573,0.35626901,-0.28182655,-0.062786745,1.1733634,0.29302435,-0.063718429,1.1376548,0.39648988,-0.002553678
8.7867301,-0.35356387,0.36665974,0.028065984,0.34381481,-0.27857092,-0.066173754,1.1630523,0.26266941,-0.065007827,1.1598873,0.40073014,-0.0083728303
8.7898353,-0.35635818,0.37086146,0.028083658,0.33128605,-0.27282083,-0.069532962,1.1510719,0.22969687,-0.066211236,1.1833096,0.4051808,-0.01397315
8.7929403,-0.35838606,0.37406223,0.02747482,0.31903082,-0.26439596,-0.072486871,1.1373612,0.19429688,-0.066852395,1.2064114,0.40997204,-0.019015327
8.7960452,-0.35934074,0.37658321,0.025964107,0.30740994,-0.25249301,-0.075040342,1.1219326,0.15597198,-0.066927602,1.2287342,0.41510827,-0.023367986
8.7991501,-0.35932311,0.37842605,0.023637009,0.2972298,-0.23726083,-0.077104433,1.1042753,0.11626024,-0.067120254,1.2499211,0.42058992,-0.026957402
8.8022548,-0.35813853,0.37909467,0.020839793,0.28827092,-0.21904617,-0.078496691,1.0847042,0.07472072,-0.066728017,1.2698353,0.42632596,-0.029828617
8.8053595,-0.35573925,0.37858726,0.017511791,0.28018908,-0.19817985,-0.079206047,1.0635064,0.031848031,-0.065825023,1.2884898,0.43207044,-0.032077194
8.808464,-0.35227016,0.37682434,0.013432327,0.27293484,-0.17469061,-0.078718419,1.0415809,-0.011932828,-0.064380846,1.3058755,0.43750711,-0.03378762
8.8115685,-0.34737577,0.37394094,0.0089168114,0.26653604,-0.14848976,-0.077090241,1.0176972,-0.055371657,-0.062822112,1.3219762,0.44233533,-0.035093904
8.8146728,-0.34137757,0.3698665,0.0040052247,0.26082378,-0.11977041,-0.074396934,0.9930196,-0.097962842,-0.061235702,1.3367196,0.44627778,-0.036130071
8.8177771,-0.3343424,0.36461127,-0.0012490858,0.2554076,-0.089164126,-0.07069444,0.96874598,-0.13907696,-0.05948656,1.3500858,0.44901721,-0.037001626
8.8208814,-0.32614891,0.35824792,-0.0066618809,0.25006086,-0.057016161,-0.066019694,0.94596994,-0.17807079,-0.057818638,1.3622117,0.4502094,-0.037861446
8.8239855,-0.31685198,0.35091267,-0.012067194,0.24485569,-0.023517032,-0.059884593,0.92566427,-0.21427266,-0.056736844,1.3730833,0.44957418,-0.038785353
8.8270896,-0.3066152,0.34245385,-0.017108273,0.23999548,0.011522324,-0.052150346,0.90856862,-0.24712745,-0.05641538,1.382638,0.44687764,-0.039815307
8.8301937,-0.29556111,0.33294112,-0.021780491,0.2355274,0.047607513,-0.043288079,0.8945052,-0.27633102,-0.056841836,1.3907556,0.44193102,-0.041008641
8.8332977,-0.28383464,0.32224855,-0.025900196,0.23015123,0.08393009,-0.033621295,0.88190622,-0.30187927,-0.057807208,1.3974185,0.4345212,-0.042457644
8.8364017,-0.27163083,0.31042187,-0.029813115,0.22401305,0.12036362,-0.023340957,0.86948427,-0.32380338,-0.059389178,1.4026271,0.42392498,-0.044145166
8.8395057,-0.259038,0.29734718,-0.033259763,0.21773815,0.15679766,-0.012599569,0.85720648,-0.34219696,-0.061654184,1.4061507,0.41100447,-0.045993178
8.8426097,-0.24603788,0.28303973,-0.036151529,0.21150505,0.19327317,-0.0017942469,0.84531483,-0.35707149,-0.064527388,1.4078963,0.39517997,-0.047928265
8.8457136,-0.23300752,0.26789721,-0.038313377,0.20570068,0.22845756,0.0082553254,0.83306295,-0.36863094,-0.068136637,1.4074038,0.37631331,-0.049838529
8.8488176,-0.22022395,0.2518166,-0.039990718,0.20082368,0.26136858,0.018513972,0.82147048,-0.37703824,-0.072440657,1.4049698,0.35434942,-0.05190879
8.8519216,-0.20762008,0.23426099,-0.040737168,0.19640077,0.29264535,0.028618561,0.81076306,-0.38245649,-0.077346465,1.4004483,0.32852554,-0.054004068
8.8550256,-0.19455221,0.21598673,-0.041311584,0.19261638,0.32218972,0.038096289,0.80216513,-0.38500169,-0.082680141,1.3936442,0.29894835,-0.05601034
8.8581296,-0.18161215,0.19677684,-0.041437225,0.1893693,0.34978848,0.046525047,0.79550532,-0.38484096,-0.088318642,1.3839319,0.26571398,-0.057639994
8.8612336,-0.16886474,0.17682383,-0.040700521,0.18883039,0.37447198,0.053122685,0.79034288,-0.38227294,-0.094002944,1.3725358,0.22926609,-0.059284373
8.8643376,-0.15620492,0.15605458,-0.039110033,0.19096182,0.39616052,0.057770099,0.78609163,-0.37766101,-0.099479323,1.3587218,0.1895095,-0.060598983
8.8674417,-0.14383949,0.13463557,-0.037162884,0.19510209,0.41558049,0.060959555,0.78233757,-0.37111437,-0.10458697,1.34254,0.14679331,-0.061474065
8.8705458,-0.13225512,0.11285998,-0.034910341,0.20131512,0.43271299,0.061485379,0.77866349,-0.36262519,-0.10909152,1.3238981,0.10112543,-0.06166553
8.8736499,-0.12208484,0.091035765,-0.032927156,0.21001798,0.44768912,0.059547161,0.77460862,-0.35215372,-0.11289325,1.3028011,0.053905537,-0.0621457
8.8767541,-0.11268731,0.068855895,-0.030798717,0.22133656,0.46036454,0.05566155,0.77048784,-0.33967663,-0.11586078,1.279859,0.0054506607,-0.061950868
8.8798584,-0.10372962,0.046444778,-0.028303415,0.23494264,0.47095616,0.049796834,0.76587715,-0.32415264,-0.11785427,1.2555358,-0.043205718,-0.061258892
8.8829627,-0.096129614,0.023875098,-0.025827059,0.25099882,0.47961368,0.042371661,0.76069229,-0.30545948,-0.11870798,1.231091,-0.09213037,-0.060133875
8.886067,-0.090299094,0.0015975922,-0.023698691,0.26916155,0.48648306,0.033432179,0.75504395,-0.28322403,-0.11828816,1.2065977,-0.1392201,-0.058648628
8.8891715,-0.086091763,-0.020335284,-0.021835966,0.2895828,0.4914011,0.02341379,0.74899774,-0.25697586,-0.11665254,1.18374,-0.18274722,-0.05686647
8.892276,-0.082533625,-0.042276891,-0.020164802,0.31202704,0.49506365,0.012763045,0.74270837,-0.22775995,-0.11356332,1.1648578,-0.22262602,-0.054725618
8.8953805,-0.079554111,-0.062678098,-0.018677,0.33621932,0.49773565,0.0017265366,0.73625693,-0.19525258,-0.108999,1.1496085,-0.25728159,-0.052401287
8.8984852,-0.077451,-0.082022284,-0.016783327,0.36172101,0.49967524,-0.0093152045,0.730181,-0.15951791,-0.10294999,1.1374362,-0.2880104,-0.050160187
8.9015899,-0.076625994,-0.10013806,-0.014935275,0.38863928,0.50079318,-0.020024341,0.72381682,-0.12172269,-0.095202993,1.1271319,-0.31584982,-0.048466405
8.9046946,-0.0770587,-0.11705812,-0.013166943,0.41797205,0.50129495,-0.03011248,0.71764511,-0.081511889,-0.085985962,1.1178527,-0.34033393,-0.047540885
8.9077995,-0.078593876,-0.13196845,-0.011475125,0.449272,0.50125094,-0.039414402,0.7113006,-0.039670829,-0.075548362,1.1091754,-0.36084544,-0.047444705
8.9109044,-0.081180998,-0.14516646,-0.009858235,0.48164846,0.50077786,-0.047675412,0.705984,0.0038861071,-0.064284533,1.1014019,-0.37745551,-0.048138579
8.9140094,-0.084966624,-0.15679476,-0.0083373286,0.51459737,0.49953302,-0.054782412,0.70018584,0.04753004,-0.051531946,1.0941539,-0.39055541,-0.049670269
8.9171144,-0.089593218,-0.16651019,-0.0068939696,0.54751732,0.49750979,-0.060744854,0.69479872,0.091141189,-0.038280356,1.0878602,-0.40037693,-0.05200128
8.9202196,-0.095126758,-0.1739643,-0.0055091275,0.57969436,0.49456617,-0.065570658,0.6901672,0.13405561,-0.024889902,1.0839232,-0.4072652,-0.055016794
8.9233248,-0.10150031,-0.17937534,-0.0041362129,0.61019888,0.49109345,-0.069083499,0.68652332,0.17593881,-0.01194564,1.0820737,-0.41157224,-0.0585698
8.92643,-0.10859919,-0.18302839,-0.0029356902,0.63777409,0.48653774,-0.071449841,0.68444496,0.21515866,0.0013014754,1.0818391,-0.4135416,-0.062567104
8.9295354,-0.1164258,-0.18456561,-0.0018841966,0.66203511,0.48060914,-0.072728424,0.68355104,0.25096965,0.013219617,1.0828521,-0.41350653,-0.06684512
8.9326408,-0.12492808,-0.18410081,-0.00095826129,0.68286593,0.47324424,-0.073125186,0.68435764,0.28392854,0.023897709,1.0846675,-0.41168078,-0.071235543
8.9357463,-0.1337824,-0.18178939,-0.00012013582,0.70026485,0.46419095,-0.072954816,0.68715703,0.31350753,0.032552703,1.0868008,-0.4082376,-0.075612987
8.9388519,-0.14273469,-0.17773477,0.00037442112,0.71446134,0.45323902,-0.072370659,0.6926445,0.33911408,0.038887919,1.0888864,-0.40311179,-0.079953051
8.9419575,-0.15185626,-0.17197918,0.00058779628,0.72548962,0.44023428,-0.0715981,0.70190413,0.36024914,0.042699415,1.0906554,-0.39630132,-0.084156944
8.9450631,-0.161158,-0.16450987,0.00042517745,0.73359424,0.42528239,-0.070600533,0.71327317,0.37748915,0.044065523,1.0916364,-0.38756523,-0.08809556
8.9481688,-0.17041143,-0.15528242,-0.00013815589,0.73904941,0.40850379,-0.069648373,0.72635316,0.39112447,0.043055132,1.0915833,-0.37717213,-0.091789219
8.9512746,-0.17911013,-0.14438093,-0.00071011596,0.74200169,0.38982345,-0.068731296,0.74127537,0.40168544,0.040441949,1.0902094,-0.36506443,-0.095169429
8.9543804,-0.18754659,-0.13191666,-0.0013911293,0.74221919,0.36909442,-0.067970131,0.75822914,0.4095598,0.036132127,1.0872809,-0.35063033,-0.098167456
8.9574862,-0.19587943,-0.1179585,-0.0023121319,0.73977843,0.346504,-0.067170141,0.77701567,0.41542034,0.029665843,1.0825119,-0.33330142,-0.10051499
8.960592,-0.20413332,-0.10252615,-0.0033704383,0.73628781,0.32270923,-0.066206382,0.79788566,0.4199815,0.021418863,1.0757588,-0.31236687,-0.10222229
8.9636979,-0.2120101,-0.085695637,-0.0045027953,0.73180962,0.29768808,-0.065427443,0.82016351,0.42383327,0.012078389,1.067999,-0.28754302,-0.10308931
8.9668037,-0.22004238,-0.067418006,-0.0054570766,0.72553042,0.27106788,-0.064784501,0.84363104,0.42742005,0.002050014,1.0587128,-0.25954665,-0.10293888
8.9699096,-0.22739355,-0.048113745,-0.0064989458,0.71766179,0.24247411,-0.064310793,0.86808876,0.43106204,-0.0081012212,1.048092,-0.2279681,-0.10149509
8.9730154,-0.23446513,-0.027626402,-0.0075192458,0.70822827,0.21223544,-0.062881554,0.89490825,0.43486377,-0.017892386,1.0367274,-0.19234487,-0.098650263
8.9761212,-0.24116012,-0.0057828896,-0.0084836235,0.69676004,0.18113217,-0.061763524,0.92435294,0.43880947,-0.026956939,1.0249569,-0.15408341,-0.094671646
8.979227,-0.24718561,0.01620054,-0.0091941284,0.68334891,0.14879476,-0.060418188,0.95579793,0.44287772,-0.035030916,1.0130286,-0.11302422,-0.089198679
8.9823328,-0.25332998,0.038261364,-0.0091087749,0.668079,0.11516902,-0.058917064,0.98745062,0.4470403,-0.041913823,1.0016098,-0.06939436,-0.082233637
8.9854385,-0.25970193,0.060721189,-0.0085393935,0.65178032,0.080378451,-0.056882624,1.0174618,0.45103177,-0.04744769,0.99162149,-0.023782961,-0.074099717
8.9885442,-0.26575868,0.083589379,-0.0080090696,0.6331056,0.045613188,-0.054372276,1.0454108,0.45472803,-0.051708719,0.9831003,0.022565863,-0.064685009
8.9916499,-0.27168811,0.10665118,-0.0077145892,0.61255106,0.011299602,-0.051680028,1.0710227,0.45793838,-0.05469038,0.97613986,0.068521083,-0.05442599
8.9947555,-0.27754157,0.129506,-0.0071240179,0.59113786,-0.022264803,-0.048982656,1.0942808,0.46040212,-0.056615538,0.97178067,0.11340734,-0.043618687
8.997861,-0.28329554,0.15165892,-0.0057426334,0.56931971,-0.054834475,-0.046014807,1.1152294,0.46183629,-0.057715079,0.97069406,0.15660376,-0.033017711
9.0009665,-0.28922138,0.17305377,-0.0035754328,0.5471734,-0.086116558,-0.043181983,1.1338957,0.46195379,-0.058190348,0.97285527,0.19637108,-0.021911093
9.0040719,-0.29492967,0.1939501,-0.0013173458,0.52496309,-0.11543337,-0.04122511,1.1502511,0.4604794,-0.058222941,0.97774955,0.23195699,-0.0118736
9.0071772,-0.30060891,0.21436365,0.0010296419,0.50289315,-0.14269489,-0.040330186,1.1641459,0.45717931,-0.058033442,0.98489191,0.26329227,-0.0028878761
9.0102825,-0.30649802,0.23430875,0.0035804888,0.48241157,-0.16745404,-0.040183741,1.1755327,0.45202299,-0.05779089,0.9932445,0.2904395,0.0046904715
9.0133877,-0.31202095,0.25280139,0.0064039435,0.46401818,-0.19006858,-0.04063803,1.1844224,0.44482128,-0.057616281,1.0038641,0.31295435,0.010524181
9.0164928,-0.31692194,0.27014238,0.0094011965,0.44767737,-0.21044535,-0.041782574,1.1910559,0.43571623,-0.057657243,1.0157959,0.33114286,0.01417725
9.0195977,-0.32184619,0.28608527,0.012443344,0.43338905,-0.22783007,-0.043745422,1.1953583,0.42419419,-0.057899151,1.0290779,0.34566515,0.016017309
9.0227026,-0.32678213,0.3010737,0.015373621,0.42037395,-0.24191573,-0.046044187,1.1973082,0.41059125,-0.058416123,1.0435865,0.35721654,0.016300036
9.0258074,-0.33173632,0.31479098,0.018245761,0.40837181,-0.25319958,-0.048510549,1.1967439,0.39464799,-0.059120851,1.0593857,0.36623366,0.015067944
9.0289121,-0.33632057,0.32682281,0.021020229,0.39665417,-0.26189575,-0.051263442,1.1945271,0.37650857,-0.060060583,1.0759289,0.37328743,0.012684685
9.0320166,-0.34045101,0.33724203,0.023639824,0.38522015,-0.26801118,-0.054240498,1.1904019,0.35573323,-0.061288574,1.09259,0.37908319,0.0091783737
9.0351211,-0.34462484,0.34610641,0.025912999,0.37319116,-0.27133936,-0.057341985,1.1842875,0.33229686,-0.062581386,1.1096862,0.38409383,0.0043858436
9.0382255,-0.34867181,0.35350885,0.027655917,0.36086494,-0.27174326,-0.060534738,1.1758999,0.30598619,-0.063775792,1.1280211,0.38862839,-0.0011795312
9.0413297,-0.35247967,0.35957718,0.028712936,0.34846655,-0.26964688,-0.063843828,1.1658881,0.27704304,-0.065074476,1.1485374,0.39295094,-0.0069397723
9.0444339,-0.35585627,0.36437934,0.028996892,0.33599673,-0.26510553,-0.067052396,1.1550705,0.2458523,-0.066180751,1.1716051,0.39735803,-0.012614068
9.0475379,-0.35838463,0.36789776,0.028784797,0.32388329,-0.25807485,-0.06996436,1.1425204,0.21213676,-0.066905657,1.1948761,0.40201082,-0.017871897
9.0506418,-0.36014004,0.37055307,0.027644613,0.31212405,-0.24755252,-0.072537384,1.1282415,0.17583457,-0.067013336,1.2176195,0.40698071,-0.022516344
9.0537456,-0.36090867,0.37257853,0.025789784,0.30125519,-0.23388586,-0.074660207,1.1120172,0.13699202,-0.067416624,1.2394228,0.41224197,-0.026434573
9.0568493,-0.36066657,0.37381677,0.023206872,0.29170819,-0.21709861,-0.076257007,1.093706,0.097010904,-0.06700667,1.2600059,0.41776991,-0.029598342
9.059953,-0.35928243,0.3738021,0.020284944,0.28318227,-0.19762643,-0.077092857,1.0735382,0.055376809,-0.066171518,1.2793287,0.42341693,-0.032112369
9.0630565,-0.35673222,0.37254365,0.016737691,0.27547011,-0.17558246,-0.076965953,1.0520882,0.012741107,-0.064745557,1.2973939,0.42892606,-0.034045429
9.0661599,-0.3530792,0.37015044,0.012509939,0.26884753,-0.15076395,-0.075701837,1.029878,-0.030378424,-0.06307873,1.3141939,0.43396287,-0.035511393
9.0692632,-0.34806898,0.36663,0.0078802558,0.26287949,-0.12339761,-0.073317324,1.005606,-0.072644477,-0.061309349,1.3296697,0.43829215,-0.036652799
9.0723665,-0.34199643,0.36194328,0.0028919076,0.25744187,-0.093931591,-0.070034709,0.98122604,-0.11377277,-0.059495369,1.3437606,0.44158349,-0.0375734
9.0754696,-0.33489353,0.35609588,-0.0024167674,0.25218351,-0.062865486,-0.065534107,0.95755354,-0.15309549,-0.057677654,1.3565429,0.44354149,-0.038423368
9.0785727,-0.32658816,0.34932462,-0.0078041111,0.24691813,-0.030494514,-0.059924139,0.93606099,-0.19008034,-0.056394378,1.3680123,0.44377473,-0.039308045
9.0816757,-0.31723148,0.34152186,-0.013085939,0.2419733,0.0035185509,-0.052716833,0.91735425,-0.22398506,-0.055799077,1.3782147,0.44209339,-0.040289454
9.0847787,-0.30695403,0.33265252,-0.017981872,0.2374635,0.03870225,-0.044234532,0.90179785,-0.25452028,-0.056044214,1.3869882,0.43838361,-0.041397664
9.0878817,-0.29595135,0.32267936,-0.022490104,0.23253351,0.074391485,-0.034860409,0.88865073,-0.28143252,-0.056942994,1.3943041,0.43243582,-0.042713351
9.0909846,-0.28432518,0.31155581,-0.026530392,0.22666142,0.11026904,-0.024758822,0.87631802,-0.30478049,-0.058336688,1.4001749,0.42361945,-0.044282503
9.0940874,-0.2721662,0.29937195,-0.030299602,0.22048895,0.1461096,-0.014224356,0.86388688,-0.3246053,-0.060380142,1.404451,0.41220135,-0.046049109
9.0971903,-0.25963793,0.28584991,-0.033622771,0.21433146,0.18202629,-0.003209139,0.85168804,-0.34102691,-0.063063753,1.4070595,0.39829226,-0.047911387
9.1002932,-0.24672442,0.27130075,-0.036269201,0.2083593,0.21748008,0.0069936529,0.83945259,-0.35410553,-0.066392167,1.4076513,0.38141969,-0.049810261
9.103396,-0.23396271,0.25599962,-0.038248775,0.20315676,0.25074733,0.016974039,0.8271583,-0.36403952,-0.070423143,1.4060686,0.36136853,-0.051772017
9.1064989,-0.22153626,0.23948307,-0.039644042,0.19841605,0.28194302,0.02727038,0.81559549,-0.37096248,-0.075110234,1.402624,0.33804385,-0.053752114
9.1096017,-0.2088589,0.22180798,-0.040371717,0.19427802,0.31159705,0.036966823,0.80532004,-0.37508228,-0.080284218,1.3969984,0.31081195,-0.055670333
9.1127046,-0.195842,0.20341309,-0.041057694,0.19069021,0.33946493,0.045885703,0.79714567,-0.37641048,-0.085822103,1.3889955,0.28006564,-0.057364403
9.1158075,-0.18300584,0.18419381,-0.040865018,0.18876148,0.36477022,0.053249646,0.79073564,-0.37518408,-0.091496008,1.3785612,0.24583912,-0.058920947
9.1189104,-0.17028285,0.16428142,-0.039742939,0.18969832,0.38704371,0.058546522,0.78550228,-0.37173852,-0.097060793,1.3660836,0.20826646,-0.060204039
9.1220133,-0.15773846,0.14350787,-0.037966024,0.19288871,0.40690805,0.062571872,0.78108463,-0.36627024,-0.10228626,1.3512955,0.16763803,-0.061143678
9.1251163,-0.14570104,0.12235363,-0.036190227,0.19796179,0.42457193,0.064120242,0.77697579,-0.35886433,-0.10699952,1.3341019,0.12417986,-0.061464046
9.1282193,-0.13461482,0.10092828,-0.034222992,0.20520337,0.4400748,0.063004282,0.7727519,-0.34942133,-0.1110802,1.314428,0.078464725,-0.061889107
9.1313224,-0.12484378,0.07927318,-0.032345826,0.21508363,0.45359118,0.060003769,0.76858117,-0.33804718,-0.11429145,1.2926389,0.031291926,-0.061856763
9.1344255,-0.11577088,0.057324081,-0.030080885,0.22727041,0.46487081,0.054829478,0.76408407,-0.32390434,-0.11656499,1.2695335,-0.016550494,-0.061283781
9.1375287,-0.10708419,0.035090205,-0.027593764,0.2420607,0.47421349,0.047952957,0.75908895,-0.30667163,-0.11774872,1.2453267,-0.064297435,-0.060279449
9.1406319,-0.100214,0.013007145,-0.025271308,0.25894185,0.48178721,0.039586088,0.7538094,-0.28603396,-0.11762607,1.2208987,-0.11204973,-0.059051691
9.1437352,-0.095146047,-0.0087645692,-0.023360275,0.27802269,0.48744246,0.029932432,0.74816888,-0.26155264,-0.11638319,1.1973245,-0.15650925,-0.057512255
9.1468386,-0.091182863,-0.030457827,-0.021617066,0.2991617,0.49144373,0.019393442,0.74235693,-0.23392536,-0.11362919,1.1764823,-0.19769712,-0.055737373
9.1499421,-0.087765504,-0.051563432,-0.020138034,0.32222569,0.49442766,0.0083615181,0.73641851,-0.20312533,-0.10939879,1.1595648,-0.23475944,-0.053620061
9.1530456,-0.084985939,-0.071014238,-0.018439845,0.34690193,0.49659818,-0.0028441675,0.73062287,-0.16904417,-0.10376782,1.1458731,-0.26674859,-0.051563568
9.1561492,-0.083300304,-0.089362658,-0.016650615,0.37280299,0.49804997,-0.013889275,0.72498439,-0.13259602,-0.096428021,1.1349065,-0.29608172,-0.049858577
9.1592528,-0.082732586,-0.1064244,-0.014871627,0.40050718,0.49871259,-0.024454949,0.71924459,-0.09378957,-0.087587086,1.1249622,-0.32223909,-0.048813693
9.1623566,-0.083514168,-0.12221871,-0.013129239,0.43063599,0.49887706,-0.034283404,0.7132612,-0.053187543,-0.077518631,1.1158413,-0.34465708,-0.048550974
9.1654604,-0.08529592,-0.13596357,-0.011493751,0.46230161,0.49855645,-0.043199318,0.70778146,-0.010839953,-0.066393818,1.1073046,-0.36316901,-0.04909388
9.1685643,-0.088148208,-0.14805977,-0.0098830629,0.49480455,0.49770024,-0.051028599,0.70307612,0.032606464,-0.054124915,1.0994219,-0.37797171,-0.050433703
9.1716683,-0.092220586,-0.15852538,-0.0084579404,0.52764368,0.49608892,-0.057645111,0.69778733,0.075792111,-0.041171208,1.0920654,-0.38940594,-0.052585928
9.1747723,-0.096943684,-0.16683438,-0.0070042632,0.56013736,0.49360736,-0.063249707,0.69323236,0.11865572,-0.027854091,1.0863759,-0.39780121,-0.055465573
9.1778765,-0.10259776,-0.17301267,-0.0056667002,0.59143417,0.49057082,-0.067542423,0.68935216,0.16055667,-0.014674454,1.0828937,-0.40348787,-0.058943632
9.1809807,-0.10908249,-0.17727903,-0.0043758092,0.62067737,0.48670196,-0.070624718,0.68687719,0.20101155,-0.0016887825,1.0812368,-0.40667112,-0.062881447
9.184085,-0.11621413,-0.17985717,-0.0032444977,0.64660187,0.48153902,-0.072558049,0.68579787,0.23767295,0.010583493,1.0810418,-0.40767534,-0.067171609
9.1871893,-0.12415239,-0.18028858,-0.0021771366,0.66930924,0.47505645,-0.073468407,0.68597297,0.27156928,0.021702299,1.0819049,-0.40677662,-0.071629896
9.1902938,-0.13265137,-0.17873796,-0.0011714865,0.6885479,0.467022,-0.073687613,0.6880874,0.30223944,0.031100509,1.0833633,-0.40417836,-0.076113238
9.1933983,-0.14136834,-0.17553987,-0.0004672886,0.7044179,0.45719413,-0.073398841,0.69209714,0.3293211,0.038130696,1.0849325,-0.39985823,-0.0805508
9.1965029,-0.15026988,-0.17062894,9.2236596e-06,0.71713145,0.44542057,-0.072793827,0.7001666,0.35192354,0.04267661,1.0862237,-0.39387148,-0.084872836
9.1996075,-0.15935794,-0.16402956,0.00014375019,0.72670713,0.43153229,-0.071977698,0.71060441,0.37052447,0.044867691,1.0870106,-0.386016,-0.088928402
9.2027122,-0.16861451,-0.15572351,-0.00012958518,0.73365185,0.4158855,-0.071077985,0.72288211,0.385371,0.04457044,1.0869737,-0.3762291,-0.092731938
9.205817,-0.17735131,-0.14570565,-0.00056923381,0.73811285,0.39842686,-0.070168883,0.73679222,0.39700445,0.042493283,1.0858294,-0.36486063,-0.096195661
9.2089218,-0.18585847,-0.13407801,-0.0010471569,0.73986958,0.3789312,-0.06933847,0.75282526,0.40575945,0.038815925,1.0832818,-0.35157628,-0.099290682
9.2120266,-0.19418554,-0.12095154,-0.0017044991,0.73892229,0.35748432,-0.068563207,0.77065896,0.4121717,0.033159853,1.0791119,-0.33556556,-0.10178973
9.2151314,-0.20245086,-0.10641682,-0.0025645481,0.73605497,0.33445391,-0.067663062,0.79051119,0.41703996,0.025435035,1.073032,-0.31634579,-0.10352077
9.2182363,-0.21053311,-0.090488208,-0.0035251572,0.73221817,0.31025623,-0.06683843,0.81192876,0.4210121,0.016434209,1.0660244,-0.29354255,-0.10449373
9.2213412,-0.21839588,-0.07314443,-0.0044162403,0.72695122,0.28464647,-0.066085151,0.83466231,0.42453119,0.0066156798,1.0575119,-0.26737388,-0.10443107
9.2244461,-0.22619309,-0.054490758,-0.0052148428,0.71997064,0.25718824,-0.065540013,0.85842785,0.42804281,-0.0035617366,1.0477097,-0.23766361,-0.10312787
9.227551,-0.23334526,-0.034905132,-0.0062136562,0.7115742,0.22765537,-0.064370865,0.8837233,0.43169783,-0.013594139,1.0369508,-0.20411226,-0.10033326
9.2306559,-0.24030018,-0.013885205,-0.0070046034,0.7012194,0.19707526,-0.062877359,0.9117872,0.43549931,-0.023036873,1.0260566,-0.16702085,-0.096576568
9.2337608,-0.24651948,0.0077032073,-0.0079161468,0.68873317,0.1655113,-0.061695702,0.94218109,0.43944465,-0.031627491,1.0147707,-0.12774768,-0.091267754
9.2368656,-0.25270799,0.029411049,-0.0081053365,0.67431137,0.13248671,-0.060218209,0.97408294,0.44352314,-0.039107177,1.0037195,-0.085685581,-0.084492667
9.2399705,-0.25900041,0.051496218,-0.0075724176,0.65848173,0.098181909,-0.058360256,1.0047035,0.4475445,-0.045308845,0.99364969,-0.041456473,-0.076438506
9.2430753,-0.26522171,0.073873332,-0.0070879812,0.64096645,0.063409074,-0.0557707,1.0334579,0.45136666,-0.050188947,0.98551607,0.0041879556,-0.067373349
9.2461801,-0.27118202,0.096516284,-0.0067705703,0.62109178,0.028937341,-0.053051114,1.0600474,0.45481144,-0.053807835,0.97812674,0.049770793,-0.057472773
9.2492848,-0.27712643,0.11938654,-0.0063018949,0.60017619,-0.0048573856,-0.049823925,1.084279,0.45764728,-0.056240408,0.97326567,0.094697093,-0.0468343
9.2523895,-0.28290616,0.14147207,-0.005243965,0.57845777,-0.037708402,-0.046950921,1.1062774,0.45962076,-0.057746102,0.97123293,0.13813279,-0.036161326
9.255494,-0.28868926,0.16288091,-0.0033381571,0.55657564,-0.069504676,-0.043708446,1.1259818,0.46041964,-0.058542517,0.97261719,0.17925372,-0.025595649
9.2585985,-0.2945944,0.18374386,-0.0011848961,0.53420059,-0.099284036,-0.041183781,1.1434958,0.45975748,-0.058798434,0.97679547,0.21623021,-0.015423157
9.261703,-0.30036662,0.20413538,0.0012490363,0.51215249,-0.12728171,-0.039750225,1.1585632,0.45738432,-0.058731875,0.98343061,0.24913973,-0.0062672456
9.2648074,-0.30622832,0.22399869,0.0037218509,0.49067931,-0.15296531,-0.039228391,1.1711171,0.45319869,-0.058518953,0.99169035,0.2777276,0.0016736223
9.2679117,-0.3118378,0.2430404,0.0065323966,0.47138433,-0.17630844,-0.039303587,1.1812052,0.44708222,-0.058351059,1.0016042,0.30194714,0.0079992705
9.2710159,-0.31718676,0.26070007,0.0094357656,0.4538976,-0.19733378,-0.040046965,1.1889454,0.43911782,-0.058336712,1.0130881,0.32181371,0.012272167
9.27412,-0.32204617,0.27702365,0.012525383,0.43864368,-0.21610593,-0.041522083,1.1943303,0.42876994,-0.058518901,1.0258827,0.33772475,0.014634596
9.277224,-0.3270067,0.29197727,0.015532441,0.42484482,-0.23162657,-0.043743322,1.1974166,0.41635343,-0.058908064,1.040016,0.35042523,0.01533499
9.280328,-0.33198696,0.30594877,0.018429527,0.41219999,-0.24402208,-0.046177224,1.1981098,0.40180482,-0.0595202,1.0553132,0.36045003,0.014636647
9.2834318,-0.33684677,0.31836001,0.021311649,0.40047657,-0.25372472,-0.048805236,1.1965635,0.38498355,-0.060314029,1.0715453,0.36829731,0.01266709
9.2865355,-0.34119608,0.32920123,0.024195539,0.38905377,-0.26089445,-0.051642572,1.1934334,0.36580084,-0.061398324,1.0879447,0.374606,0.0096461547
9.2896391,-0.3453963,0.33848632,0.026725461,0.37726476,-0.26536634,-0.054697785,1.1883057,0.34384389,-0.062598167,1.1044497,0.3799903,0.0054035333
9.2927426,-0.34966873,0.3462863,0.0288411,0.36497618,-0.26701979,-0.057866661,1.1811292,0.31908009,-0.063853312,1.12202,0.38473182,8.142626e-05
9.295846,-0.35379073,0.35267398,0.030383429,0.35265852,-0.26591091,-0.061167045,1.1715927,0.29121559,-0.065049324,1.1411289,0.38910733,-0.0055565485
9.2989493,-0.35749733,0.35778623,0.031174545,0.3402546,-0.26245183,-0.064323698,1.1615496,0.26120357,-0.066105279,1.1628902,0.39347511,-0.011215125
9.3020525,-0.3606868,0.3620199,0.031315689,0.32814916,-0.25646805,-0.067312762,1.1497898,0.22853069,-0.06697316,1.1860886,0.39801695,-0.01660836
9.3051555,-0.36282292,0.36501812,0.030854945,0.31642827,-0.24729354,-0.070026459,1.1362545,0.19340844,-0.06725563,1.2090203,0.40284147,-0.021427515
9.3082585,-0.36433341,0.36730631,0.0294712,0.30513603,-0.23502739,-0.072313995,1.1209585,0.15535329,-0.067095461,1.2312084,0.40793342,-0.025584196
9.3113613,-0.36483759,0.36891664,0.027369292,0.29513813,-0.21959624,-0.074143597,1.1034394,0.11603171,-0.066829543,1.2522929,0.41331206,-0.028982886
9.3144641,-0.36432466,0.36954515,0.024539598,0.28630012,-0.2013506,-0.075234315,1.0840154,0.074872831,-0.065962646,1.2721228,0.41889759,-0.031682614
9.3175668,-0.36260156,0.36892043,0.021527543,0.2783529,-0.18047615,-0.075578211,1.0629444,0.032543439,-0.064594868,1.29073,0.42447574,-0.033781656
9.3206694,-0.35980493,0.36707943,0.017680394,0.27151421,-0.15687184,-0.074786135,1.0412756,-0.010595213,-0.062752105,1.3080738,0.42972266,-0.035375275
9.3237718,-0.35595127,0.36410347,0.013256086,0.26544572,-0.13066002,-0.07288636,1.0174259,-0.053233234,-0.060909243,1.3241543,0.43438654,-0.036590142
9.3268742,-0.35073838,0.3600435,0.0084709141,0.26003238,-0.10208992,-0.069905303,0.9929878,-0.094957183,-0.058997411,1.3388703,0.43820011,-0.037542153
9.3299765,-0.34445996,0.35477563,0.0033212813,0.25474207,-0.071831916,-0.065889576,0.96905486,-0.13519508,-0.057038272,1.3522413,0.44081888,-0.038383509
9.3330787,-0.33711771,0.34857238,-0.0020982843,0.24955948,-0.040105579,-0.060797964,0.94659352,-0.17325401,-0.055482803,1.3643152,0.44196448,-0.039213467
9.3361809,-0.32864855,0.34132049,-0.0075802349,0.24455802,-0.0067749951,-0.054130688,0.92665917,-0.20844115,-0.054594499,1.3751034,0.44132742,-0.040128771
9.339283,-0.31908386,0.33308753,-0.012921394,0.23998206,0.027877758,-0.046044665,0.9097742,-0.2403598,-0.05455901,1.3845228,0.43866375,-0.041163437
9.3423851,-0.30866894,0.3237693,-0.0178913,0.23554079,0.063421347,-0.036928773,0.89584396,-0.2687647,-0.055272477,1.3924638,0.43393409,-0.042357498
9.3454871,-0.29754471,0.31338391,-0.022407228,0.23027075,0.099229605,-0.027131731,0.88318982,-0.29359463,-0.056503579,1.3989964,0.42666371,-0.043805253
9.3485891,-0.28587033,0.30185224,-0.026485769,0.2240683,0.135037,-0.016692739,0.87074878,-0.31486597,-0.058343174,1.4040019,0.41643237,-0.045479666
9.3516912,-0.27362544,0.28930443,-0.030340552,0.21785594,0.17072916,-0.005857133,0.85839892,-0.3326934,-0.060877736,1.4072793,0.40386187,-0.047285415
9.3547932,-0.26093001,0.27552665,-0.033584012,0.21169699,0.20641217,0.004788261,0.84622657,-0.34716112,-0.064012688,1.4088347,0.38856268,-0.049139625
9.3578951,-0.24805112,0.26085229,-0.036097554,0.20610664,0.24038235,0.014884117,0.83367843,-0.3583949,-0.067867873,1.4081145,0.37007733,-0.051016087
9.3609971,-0.23534693,0.2451854,-0.038162539,0.20108229,0.27212091,0.025289985,0.82158664,-0.36658332,-0.072394776,1.4055521,0.34857822,-0.052955493
9.3640991,-0.22280253,0.22850998,-0.03937097,0.1964716,0.30218043,0.035386887,0.81036779,-0.37189619,-0.077501851,1.400912,0.32329504,-0.054854492
9.3672011,-0.20978121,0.21086215,-0.040369789,0.19255608,0.33056463,0.044789604,0.80121847,-0.37441602,-0.083014496,1.3940309,0.29422691,-0.056613342
9.3703032,-0.19678396,0.19238923,-0.040751789,0.18942375,0.35685093,0.053025949,0.79402711,-0.37430661,-0.088771708,1.3843045,0.26152223,-0.058020143
9.3734052,-0.18395696,0.17321367,-0.040182244,0.18905088,0.3801384,0.059184113,0.788275,-0.37173831,-0.094503584,1.3729132,0.22551457,-0.059390131
9.3765073,-0.17124624,0.15321385,-0.03892903,0.19099727,0.40068707,0.064055979,0.78349502,-0.36710961,-0.099977176,1.3592446,0.18623029,-0.060409275
9.3796094,-0.15880401,0.1325547,-0.037271823,0.19508938,0.41904622,0.066757427,0.77929024,-0.3605326,-0.10500891,1.3432695,0.14405323,-0.060946631
9.3827116,-0.14703904,0.11143487,-0.035321318,0.20096815,0.43529084,0.066721226,0.77518935,-0.3519683,-0.10944472,1.3248655,0.098993083,-0.060849289
9.3858138,-0.13643217,0.090207396,-0.033546618,0.20945688,0.44982839,0.064521374,0.7711271,-0.34151061,-0.11306936,1.3040339,0.052535556,-0.061071605
9.3889161,-0.12683078,0.068763859,-0.031573966,0.2203038,0.46193531,0.060388219,0.76688795,-0.32857681,-0.11577478,1.281539,0.0048909324,-0.060648306
9.3920185,-0.11798445,0.046998836,-0.029264749,0.23383268,0.47191174,0.054106666,0.76224279,-0.3126521,-0.11743325,1.2576655,-0.042967956,-0.059842302
9.3951209,-0.10994332,0.025033384,-0.026891545,0.24957008,0.48004686,0.046357087,0.75722417,-0.29352678,-0.11784834,1.2337034,-0.091047142,-0.058710601
9.3982234,-0.10342073,0.0031835781,-0.024630362,0.26742156,0.48643734,0.037114222,0.75195624,-0.27061274,-0.11710316,1.2097117,-0.13703145,-0.05731997
9.401326,-0.098885478,-0.018246066,-0.022809768,0.28743727,0.49090991,0.026777187,0.74644656,-0.24428891,-0.11482368,1.1873851,-0.17967741,-0.05569969
9.4044286,-0.095121916,-0.039815931,-0.021106857,0.30937169,0.49412086,0.01566181,0.74078762,-0.21478219,-0.11108255,1.1689675,-0.21900427,-0.053822639
9.4075313,-0.091810924,-0.05986414,-0.019715153,0.33328056,0.49653855,0.004250884,0.73506663,-0.18209022,-0.10591933,1.1540313,-0.25309357,-0.051861611
9.4106341,-0.089293931,-0.07858491,-0.017814711,0.35857769,0.49821346,-0.0071987481,0.7297534,-0.14650564,-0.099123578,1.1420979,-0.28364117,-0.050073701
9.413737,-0.087945642,-0.096095366,-0.015922155,0.38524575,0.499088,-0.018333924,0.7242407,-0.10881615,-0.090781599,1.1317765,-0.31122631,-0.04889685
9.41684,-0.087862974,-0.11230326,-0.014116876,0.41433894,0.49936782,-0.028842239,0.71841702,-0.068969954,-0.081076013,1.1224191,-0.33524241,-0.048467591
9.4199431,-0.088896558,-0.12721533,-0.012304532,0.44547032,0.49915392,-0.038541802,0.71283142,-0.027370688,-0.070271402,1.1135719,-0.35538711,-0.048867303
9.4230462,-0.09095347,-0.14007109,-0.010591052,0.47778294,0.49854107,-0.04720345,0.70826504,0.01591585,-0.058535072,1.1055178,-0.37171157,-0.050011466
9.4261494,-0.094119896,-0.15126352,-0.0089860756,0.51076559,0.49726456,-0.054666605,0.7030428,0.059186798,-0.045749293,1.0978344,-0.38455416,-0.05198126
9.4292528,-0.0983571,-0.16062284,-0.0075154592,0.54375879,0.49517263,-0.060990477,0.69835265,0.10237694,-0.032529404,1.0910505,-0.39421408,-0.054693415
9.4323562,-0.10326291,-0.16782992,-0.0060477263,0.57608342,0.49238648,-0.066232749,0.6942845,0.14481452,-0.019248322,1.0865712,-0.40101024,-0.05805075
9.4354598,-0.10905986,-0.17303405,-0.0045531937,0.6067802,0.48896216,-0.070127671,0.69128151,0.1862457,-0.0064710854,1.0840994,-0.40523524,-0.061898402
9.4385634,-0.11563053,-0.17642919,-0.0032370498,0.63475528,0.4845305,-0.072831208,0.68983268,0.22445947,0.006345056,1.0832249,-0.40713797,-0.066137441
9.441667,-0.12290258,-0.17807633,-0.0021228192,0.65948981,0.47882917,-0.074414337,0.6894579,0.25966739,0.017958367,1.0835927,-0.40704569,-0.070621648
9.4447708,-0.13087253,-0.17759959,-0.00099849875,0.68081137,0.47172415,-0.075073134,0.69073786,0.29192343,0.028182476,1.0847346,-0.40515794,-0.075182736
9.4478747,-0.1392898,-0.17525814,-3.580672e-05,0.69874942,0.46302547,-0.075099452,0.69379119,0.32058094,0.036167762,1.0862308,-0.40160562,-0.079699308
9.4509786,-0.14795011,-0.17132822,0.00064775779,0.71330902,0.45240158,-0.074686366,0.69998395,0.34508598,0.041787378,1.087605,-0.39634015,-0.084131162
9.4540827,-0.15679292,-0.16568701,0.0010283369,0.72473248,0.43981901,-0.07401283,0.70940076,0.36525401,0.045009935,1.088505,-0.38932421,-0.088324013
9.4571868,-0.16596328,-0.15833925,0.0010622808,0.73328766,0.42533029,-0.073107267,0.72081819,0.38159648,0.04562214,1.0887215,-0.38032787,-0.09225291
9.4602909,-0.17468624,-0.14932179,0.00079119996,0.73924632,0.40899364,-0.072211321,0.73389345,0.39440905,0.044126839,1.0880224,-0.36967811,-0.095863816
9.4633951,-0.18319219,-0.13867186,0.00041769448,0.7425647,0.39069715,-0.071302323,0.7489269,0.40415924,0.041062439,1.0860419,-0.35723365,-0.099078922
9.4664993,-0.19152064,-0.12645485,-0.00015437205,0.74310612,0.37032322,-0.070538867,0.76590417,0.41136843,0.036216937,1.0825546,-0.3423991,-0.10180889
9.4696036,-0.19971151,-0.11282104,-0.00088715409,0.74097363,0.34806377,-0.069680813,0.78483037,0.41667738,0.029227066,1.077285,-0.32456766,-0.10374681
9.4727079,-0.20785738,-0.097782962,-0.0017707426,0.73785061,0.32459428,-0.068662775,0.80545121,0.42086207,0.020628584,1.0705911,-0.30327877,-0.104984
9.4758123,-0.21578783,-0.081385958,-0.0026801756,0.73359252,0.29981996,-0.067793597,0.82746398,0.42442272,0.011003323,1.0627919,-0.27861819,-0.10527219
9.4789167,-0.22372537,-0.063545074,-0.0034763867,0.72746369,0.27328781,-0.067031548,0.85062233,0.42779371,0.00084170643,1.0536192,-0.25042868,-0.10439037
9.482021,-0.23123043,-0.044687008,-0.0044095092,0.71971448,0.24467589,-0.066299061,0.87476923,0.43126835,-0.0093635676,1.0432562,-0.21862437,-0.10206625
9.4851254,-0.23827115,-0.024790106,-0.0053985493,0.71024847,0.21440255,-0.064619247,0.90173931,0.43488951,-0.0191631,1.0325424,-0.18281296,-0.098657885
9.4882298,-0.24500944,-0.0035081545,-0.006278553,0.69861729,0.18316979,-0.063309966,0.93129959,0.43867003,-0.028213252,1.0214368,-0.14473504,-0.093788506
9.4913342,-0.25101688,0.01805101,-0.0069046376,0.68503064,0.15054926,-0.06166126,0.96277646,0.44260907,-0.0362661,1.0103449,-0.10378176,-0.087442555
9.4944386,-0.25712289,0.039736731,-0.0067598953,0.66960819,0.11659533,-0.05982194,0.99405925,0.44662041,-0.043127174,0.99994205,-0.060365061,-0.079776588
9.4975429,-0.26353971,0.061763694,-0.0062053781,0.65311574,0.081514792,-0.057357901,1.0237413,0.45049799,-0.04866667,0.99129517,-0.014963296,-0.071034101
9.5006472,-0.26961087,0.08416248,-0.0057215437,0.63410919,0.046458566,-0.054502335,1.0514086,0.45412414,-0.052943008,0.98335806,0.030744994,-0.061249275
9.5037515,-0.27562672,0.10681374,-0.0053248546,0.61336866,0.012218748,-0.051282616,1.0767995,0.4573081,-0.055925394,0.97760977,0.076182147,-0.050845081
9.5068557,-0.28150482,0.12927238,-0.0046837182,0.59179047,-0.021325749,-0.048201783,1.0999217,0.45978465,-0.057874076,0.9744517,0.12047499,-0.040233853
9.5099599,-0.287276,0.15096911,-0.0032900773,0.56979063,-0.05386166,-0.044769468,1.1207946,0.46126387,-0.059017727,0.97464124,0.16311433,-0.030017461
9.513064,-0.29313414,0.1719631,-0.0011189803,0.54738214,-0.08469226,-0.041596942,1.1394833,0.46144718,-0.059540163,0.97780659,0.20194916,-0.019420022
9.516168,-0.2989522,0.19246249,0.0012755869,0.52489451,-0.11361843,-0.03936926,1.155818,0.46008326,-0.059645695,0.98358766,0.23670228,-0.010037558
9.519272,-0.30469275,0.21247884,0.00377962,0.50276264,-0.14068649,-0.038222091,1.1696976,0.45689311,-0.059516679,0.99123011,0.26720091,-0.0017733368
9.5223759,-0.31065758,0.2319327,0.0065280977,0.48214003,-0.16518114,-0.037898943,1.1810926,0.45189513,-0.059336695,1.0001363,0.29349123,0.0049994163
9.5254797,-0.31629861,0.25021024,0.0094885652,0.46362668,-0.18743103,-0.038261119,1.190009,0.44491297,-0.059246156,1.0112481,0.31519356,0.010014828
9.5285835,-0.32133464,0.2671401,0.012611737,0.44701356,-0.20733051,-0.039339239,1.1966587,0.43597157,-0.059366793,1.0235707,0.33268535,0.012953631
9.5316871,-0.32638292,0.28273146,0.0157554,0.43241345,-0.22465302,-0.041220755,1.2009361,0.42465242,-0.059664394,1.0372144,0.34663803,0.014217893
9.5347906,-0.33150516,0.29700006,0.018738625,0.41908164,-0.23852237,-0.043625392,1.2028602,0.41129786,-0.060207201,1.0519607,0.35776756,0.014134242
9.5378941,-0.33663742,0.31016384,0.021681123,0.40684199,-0.24956373,-0.046240157,1.2022733,0.3955866,-0.060927863,1.0678144,0.3664615,0.012576247
9.5409975,-0.34119307,0.3217314,0.024752561,0.39497159,-0.25792231,-0.049080671,1.2000936,0.37774388,-0.061863998,1.0840951,0.37332855,0.009999831
9.5441007,-0.34537736,0.33170778,0.02755559,0.38345089,-0.26379858,-0.052203818,1.1959108,0.3570652,-0.063054754,1.1004791,0.37902248,0.0063205524
9.5472039,-0.3497132,0.34026676,0.029969469,0.37148405,-0.26675313,-0.055467328,1.1897167,0.33363352,-0.064257808,1.1174675,0.38395039,0.0014250128
9.5503069,-0.35396373,0.34739951,0.031895517,0.35924331,-0.26696488,-0.058886974,1.1810669,0.30704103,-0.065370792,1.1356594,0.38842212,-0.0040547943
9.5534099,-0.35800023,0.35310716,0.033179934,0.34694945,-0.26455348,-0.062231012,1.1713173,0.27789759,-0.06648185,1.1563034,0.39268972,-0.0096401359
9.5565127,-0.36154647,0.35795551,0.033671192,0.33474347,-0.2597741,-0.065481234,1.1602337,0.24625432,-0.067385976,1.1793513,0.39708576,-0.015085154
9.5596155,-0.36436269,0.36161802,0.033625201,0.32298047,-0.25219039,-0.068470293,1.1473399,0.2119707,-0.06785634,1.2023142,0.40171516,-0.020058028
9.5627181,-0.36627229,0.36432727,0.032698746,0.31161669,-0.24147977,-0.07113829,1.1326904,0.17496417,-0.06764033,1.2247199,0.40667326,-0.024430861
9.5658206,-0.36744583,0.36639021,0.031163636,0.30113345,-0.22768985,-0.073351124,1.1160206,0.13553907,-0.067773484,1.2461614,0.41191848,-0.028077995
9.568923,-0.36762309,0.36770626,0.028566045,0.29192615,-0.21083158,-0.075002645,1.0972645,0.094793314,-0.066966141,1.2664276,0.41744727,-0.030971164
9.5720254,-0.36660124,0.36790311,0.025650275,0.28378092,-0.19123069,-0.075821517,1.0766552,0.052463026,-0.065717141,1.2854768,0.42308986,-0.033244628
9.5751276,-0.36437829,0.36685948,0.022275456,0.27650413,-0.16907166,-0.075710668,1.0548453,0.0091952745,-0.063867282,1.303336,0.428592,-0.034974682
9.5782298,-0.36121128,0.36460441,0.018071642,0.27027422,-0.14412019,-0.074423909,1.0321435,-0.034418003,-0.061844259,1.3199461,0.43364186,-0.036285466
9.5813318,-0.35687402,0.36127016,0.013327609,0.26469691,-0.11663764,-0.071966081,1.007406,-0.077106008,-0.059759182,1.3352682,0.4379878,-0.037320025
9.5844338,-0.35115816,0.35682754,0.0082232955,0.25958046,-0.087079391,-0.068602149,0.98272546,-0.11851231,-0.057614488,1.3492349,0.44131107,-0.038185895
9.5875357,-0.34438626,0.35131849,0.0027949321,0.25458769,-0.055874879,-0.063945872,0.95900097,-0.15799095,-0.055701361,1.3619412,0.4433312,-0.039013698
9.5906376,-0.33651895,0.34481927,-0.0028872744,0.24958776,-0.023275941,-0.057993114,0.93774816,-0.19495418,-0.054410478,1.3733201,0.44364438,-0.039912369
9.5937394,-0.32751585,0.33733478,-0.0085414509,0.24491161,0.010923768,-0.050471922,0.91924089,-0.22872587,-0.053906589,1.383422,0.44206674,-0.040936316
9.5968411,-0.3174058,0.32886785,-0.014028736,0.24063955,0.046299067,-0.04170423,0.90386871,-0.25901443,-0.054282736,1.3920994,0.43847827,-0.042107448
9.5999428,-0.30652307,0.31935049,-0.019094239,0.23581356,0.08211487,-0.032068757,0.89064444,-0.28560818,-0.055321385,1.399334,0.43263636,-0.043495756
9.6030445,-0.29494931,0.30877345,-0.023683981,0.2298547,0.1181039,-0.021649032,0.87814976,-0.30860522,-0.056930501,1.4051204,0.42398584,-0.04513821
9.6061462,-0.28283185,0.29708939,-0.02789933,0.22371849,0.15395259,-0.010804644,0.86556702,-0.32805228,-0.05924598,1.4092742,0.41259071,-0.046966213
9.6092479,-0.27014616,0.28434078,-0.03182285,0.2175242,0.189926,0.00056982556,0.85322028,-0.344067,-0.062199668,1.4116689,0.39880498,-0.048864923
9.6123496,-0.25707664,0.27046226,-0.035012661,0.21158157,0.22519039,0.010981043,0.84064356,-0.35674748,-0.065857727,1.4121387,0.38205143,-0.050786407
9.6154513,-0.24394573,0.25573089,-0.03760308,0.20623716,0.25819923,0.021365863,0.82816857,-0.36627679,-0.070216844,1.4104575,0.36180163,-0.052734945
9.6185529,-0.23113802,0.2398716,-0.03943345,0.20121363,0.28910859,0.031994152,0.81651025,-0.37281612,-0.075238437,1.4067875,0.33836494,-0.054665752
9.6216547,-0.21820804,0.22306995,-0.040638514,0.19685884,0.31840654,0.04194627,0.8064639,-0.37651464,-0.080765042,1.4009031,0.31082649,-0.05650261
9.6247564,-0.20490489,0.20537989,-0.041747462,0.19305142,0.34589635,0.051015257,0.79850822,-0.37749943,-0.086655501,1.3925481,0.27963283,-0.058069008
9.6278582,-0.19169515,0.18695256,-0.041906054,0.19101333,0.37061586,0.058467314,0.79232542,-0.37595151,-0.092645229,1.3818286,0.24490341,-0.059508764
9.6309599,-0.17876021,0.16786323,-0.041098454,0.19168701,0.39245634,0.064011204,0.7873481,-0.37207917,-0.098488065,1.3689532,0.20672735,-0.060624585
9.6340618,-0.16594002,0.14783754,-0.039629188,0.19452775,0.41183536,0.068101368,0.78316027,-0.36625438,-0.10394844,1.3537488,0.16542376,-0.061361342
9.6371637,-0.15348767,0.1273286,-0.037962609,0.19948145,0.42911804,0.069482589,0.77931039,-0.35853021,-0.10887426,1.3361326,0.12124084,-0.061431579
9.6402656,-0.14171126,0.10632477,-0.036019107,0.206391,0.44460091,0.068321307,0.77536963,-0.34882126,-0.11311631,1.3160192,0.074863808,-0.061720379
9.6433677,-0.13141615,0.085153868,-0.034015859,0.21594547,0.45806265,0.065211102,0.77154422,-0.33710478,-0.11643674,1.2938985,0.027041439,-0.061451792
9.6464698,-0.12202585,0.063812896,-0.03189076,0.22793864,0.46900365,0.060025523,0.7674168,-0.32275125,-0.11877811,1.2704362,-0.021351186,-0.060700772
9.649572,-0.11321272,0.042081086,-0.029471382,0.24249038,0.47797903,0.052762268,0.76280414,-0.30531687,-0.11997382,1.2462147,-0.069732789,-0.059537723
9.6526742,-0.10568689,0.020332844,-0.026997385,0.25914021,0.48516226,0.044146592,0.75790074,-0.28444052,-0.11981053,1.2218145,-0.11780592,-0.058239567
9.6557765,-0.10018461,-0.0012726053,-0.02481209,0.2780463,0.49043137,0.034157413,0.75264571,-0.25973978,-0.11845627,1.1984336,-0.16230988,-0.05665644
9.658879,-0.095974067,-0.022543884,-0.02289994,0.2989405,0.49408956,0.023167996,0.74720989,-0.23198079,-0.1154958,1.1784012,-0.20354515,-0.054866048
9.6619815,-0.092535379,-0.043764064,-0.021240044,0.3218535,0.49673002,0.011552154,0.74160666,-0.20109524,-0.11103626,1.1621779,-0.24044856,-0.052853172
9.6650841,-0.089602881,-0.063337611,-0.019800202,0.34654092,0.49859467,-0.00024414759,0.73616255,-0.16688281,-0.10508421,1.1490482,-0.27252453,-0.050974022
9.6681868,-0.087598773,-0.081511784,-0.017868474,0.37262716,0.49975997,-0.01196047,0.7307732,-0.13029344,-0.097423849,1.138237,-0.30182252,-0.049531836
9.6712896,-0.086714897,-0.098477535,-0.015894509,0.40045791,0.50015078,-0.023197167,0.72525091,-0.091310414,-0.088262573,1.1283916,-0.32780453,-0.048774826
9.6743924,-0.087163883,-0.11410837,-0.01404409,0.4308288,0.50004709,-0.033662421,0.71947663,-0.050386778,-0.077847094,1.1192936,-0.3498061,-0.04879064
9.6774954,-0.088662432,-0.1284588,-0.012123059,0.46292773,0.49952342,-0.043211394,0.71420584,-0.0076524131,-0.066367862,1.1108485,-0.36786435,-0.04961851
9.6805985,-0.091196417,-0.14069467,-0.01025915,0.49597508,0.49866827,-0.051615305,0.70962818,0.036220905,-0.053750504,1.1029566,-0.38223489,-0.051241667
9.6837017,-0.094792743,-0.15117822,-0.008615665,0.52948284,0.4970729,-0.058791945,0.70450635,0.0798381,-0.04058139,1.0955975,-0.39324618,-0.053654581
9.6868051,-0.099339335,-0.15970645,-0.0070793591,0.56272004,0.49464923,-0.064913607,0.70008047,0.12318465,-0.027011112,1.0903187,-0.40122564,-0.056771007
9.6899085,-0.10460528,-0.16620174,-0.0056191355,0.59488747,0.49155671,-0.069787962,0.69632916,0.16550737,-0.013646987,1.08722,-0.40656856,-0.060447794
9.693012,-0.11072253,-0.17072493,-0.0040381277,0.62501188,0.48774171,-0.073337053,0.6940242,0.20626166,-0.00051068035,1.0858909,-0.4094676,-0.064565933
9.6961156,-0.11757428,-0.17349572,-0.0027164343,0.65190234,0.48281872,-0.075695812,0.69312838,0.2431703,0.011866094,1.0859894,-0.41026368,-0.06900021
9.6992193,-0.12509546,-0.17447196,-0.00158412,0.67556146,0.47659457,-0.07691824,0.6934674,0.27725318,0.023066918,1.0870887,-0.40921429,-0.073578567
9.7023231,-0.13323551,-0.17333169,-0.00043134629,0.69575115,0.46892613,-0.077385036,0.69568498,0.30794959,0.032410489,1.0887179,-0.40648928,-0.078161852
9.7054271,-0.14174318,-0.17042415,0.00046010144,0.71257283,0.45951249,-0.077280987,0.69976548,0.33494434,0.039345311,1.0904322,-0.4021333,-0.082673856
9.7085311,-0.15053443,-0.1659272,0.0010981637,0.72600875,0.44811478,-0.076780114,0.70790059,0.35736667,0.043719503,1.0918748,-0.39610997,-0.087059203
9.7116352,-0.15945797,-0.15972926,0.001411656,0.73627748,0.43477979,-0.076049644,0.71836631,0.37571246,0.045602007,1.0928068,-0.38819178,-0.091169043
9.7147393,-0.16863376,-0.15179558,0.0013924661,0.74385702,0.41958034,-0.075183767,0.73063015,0.39029144,0.045056929,1.0928829,-0.37823091,-0.094994149
9.7178436,-0.17732164,-0.1422196,0.0011461359,0.74890184,0.40253028,-0.074255227,0.7445415,0.40157175,0.042784489,1.0918151,-0.36673488,-0.098462439
9.7209478,-0.18580057,-0.13104435,0.00078483491,0.75116319,0.38342798,-0.073383771,0.76056952,0.4099788,0.038920416,1.0893254,-0.35313463,-0.10153434
9.7240522,-0.19410888,-0.11834429,0.00014956587,0.75065289,0.36229109,-0.072545802,0.77844255,0.41605621,0.033045957,1.0851793,-0.33678181,-0.10397832
9.7271566,-0.20231675,-0.1041979,-0.00065253637,0.74809569,0.33946444,-0.071542195,0.79830088,0.42065506,0.025143087,1.0791109,-0.31725734,-0.10563769
9.730261,-0.21040731,-0.088730779,-0.0015373858,0.744433,0.31540238,-0.070584986,0.81959459,0.42441205,0.015976598,1.0720815,-0.29414564,-0.10651137
9.7333655,-0.21825976,-0.071900126,-0.0023654261,0.73929326,0.28973185,-0.069684782,0.8422123,0.42772632,0.0059942064,1.0635661,-0.26775081,-0.10630583
9.73647,-0.22615764,-0.053695708,-0.0031006726,0.73231721,0.26210502,-0.069003335,0.86583295,0.4310486,-0.0042852785,1.0537646,-0.23774453,-0.10485741
9.7395745,-0.23338869,-0.034621106,-0.0040892038,0.72383774,0.23230027,-0.067658145,0.8914427,0.43447644,-0.014385066,1.0429733,-0.20389668,-0.10188449
9.7426791,-0.24034232,-0.014102236,-0.0049189891,0.71331477,0.20130647,-0.065962082,0.91987248,0.43804999,-0.023898345,1.0320402,-0.166495,-0.097922951
9.7457836,-0.24678498,0.0070643512,-0.005809233,0.70053392,0.16933533,-0.064493737,0.95063691,0.44180383,-0.032555685,1.0207173,-0.12688027,-0.092412305
9.7488882,-0.25286761,0.02844328,-0.0060952855,0.6857786,0.13584591,-0.06272773,0.98248067,0.44572107,-0.040106672,1.0096479,-0.084431231,-0.085442655
9.7519927,-0.2592132,0.050167513,-0.0056148332,0.66956446,0.10098458,-0.060530784,1.0130556,0.44962701,-0.046380426,0.99954959,-0.039759147,-0.077209321
9.7550972,-0.26550456,0.072231718,-0.0050706174,0.65165819,0.065565885,-0.057598611,1.0418515,0.45339284,-0.051371043,0.99144681,0.0063715892,-0.067992282
9.7582017,-0.27151063,0.094625603,-0.0046801271,0.63129716,0.030532334,-0.054482077,1.068551,0.45682545,-0.055092337,0.98415849,0.052425846,-0.057993599
9.7613062,-0.27754781,0.11722799,-0.0040526227,0.60993121,-0.0037450698,-0.050820913,1.0929359,0.4597653,-0.057642016,0.97940788,0.097802854,-0.047287701
9.7644106,-0.28342518,0.13935178,-0.0029850718,0.58776536,-0.037082954,-0.047548412,1.1151357,0.46191555,-0.059243363,0.977708,0.14162029,-0.03663626
9.767515,-0.28923567,0.16074207,-0.0012635388,0.56537964,-0.069152473,-0.043904933,1.1350949,0.4629549,-0.060138625,0.97934512,0.182992,-0.026131354
9.7706193,-0.29514561,0.18149739,0.0011480058,0.54246723,-0.099184207,-0.041037281,1.152884,0.462601,-0.060494801,0.98377881,0.22017762,-0.016102697
9.7737235,-0.30097482,0.20178395,0.0037814544,0.51988824,-0.12758005,-0.039257145,1.1682396,0.46060368,-0.060530764,0.99048179,0.25322821,-0.0071351669
9.7768277,-0.30694538,0.22153489,0.0065016206,0.49793933,-0.15382636,-0.038560056,1.1811265,0.4567356,-0.060425976,0.99888977,0.28185695,0.00058721317
9.7799318,-0.31282259,0.2404685,0.009501933,0.47808603,-0.17747909,-0.038495454,1.1915443,0.45099628,-0.060347647,1.0090355,0.30605809,0.0066966094
9.7830358,-0.31851498,0.25822991,0.012607043,0.4601542,-0.19871792,-0.039144136,1.1996078,0.44339121,-0.060414781,1.0206871,0.32588753,0.010750344
9.7861398,-0.32357469,0.27444714,0.015922653,0.44450406,-0.21773203,-0.040583711,1.2053063,0.43341354,-0.060697456,1.033602,0.34175302,0.012955325
9.7892437,-0.32875374,0.28924534,0.01915747,0.43026043,-0.23363703,-0.042812973,1.2086713,0.42122091,-0.061156725,1.0478462,0.35444449,0.013514631
9.7923475,-0.33404379,0.30278878,0.02215516,0.41729073,-0.2461849,-0.045321325,1.2096035,0.40689012,-0.0618255,1.0631879,0.36439914,0.012722766
9.7954512,-0.33898327,0.3150662,0.025291168,0.40523049,-0.25603101,-0.048097458,1.2082429,0.39011301,-0.062674823,1.0793381,0.37216841,0.010698897
9.7985548,-0.34350824,0.32580579,0.028426823,0.39362885,-0.2632511,-0.0511969,1.205272,0.37092566,-0.063778434,1.095549,0.37842761,0.0076578637
9.8016583,-0.34774603,0.33497997,0.031191584,0.38177698,-0.26767309,-0.054535301,1.2002134,0.34876082,-0.064998869,1.1119515,0.38369604,0.0034513446
9.8047617,-0.35212507,0.34278123,0.033486204,0.36954029,-0.26933191,-0.057995589,1.1930358,0.3236762,-0.066206902,1.129595,0.38831143,-0.0017477156
9.807865,-0.35640427,0.34917215,0.035229722,0.35728212,-0.26830534,-0.061500886,1.1833585,0.2953932,-0.06737259,1.1490555,0.39259032,-0.0072371698
9.8109682,-0.36036251,0.35441152,0.036290311,0.34502448,-0.26471255,-0.064889519,1.1731442,0.26484869,-0.068368632,1.1711814,0.39682553,-0.012710261
9.8140714,-0.36369428,0.35883963,0.036515995,0.33303287,-0.25872998,-0.068188239,1.1610844,0.2315138,-0.069124106,1.1941461,0.40127951,-0.017907147
9.8171744,-0.36619365,0.36205791,0.036175502,0.32148397,-0.24973141,-0.07118592,1.1471842,0.19561385,-0.069274746,1.2168019,0.40603703,-0.022543369
9.8202773,-0.36780138,0.36443338,0.034805984,0.31041034,-0.23763241,-0.073771358,1.131446,0.15666604,-0.068899207,1.2387017,0.41110314,-0.026531939
9.8233801,-0.36866873,0.36615027,0.032914001,0.30075616,-0.22242005,-0.075832346,1.1134245,0.11629658,-0.068403059,1.2594998,0.41649302,-0.029753437
9.8264828,-0.36849284,0.36703114,0.030090007,0.29225381,-0.20422627,-0.077161287,1.0933991,0.074083966,-0.06733196,1.2791273,0.42214147,-0.032312538
9.8295855,-0.3670424,0.36672499,0.027059523,0.28468814,-0.18341916,-0.0777325,1.0717345,0.030596177,-0.065722172,1.2975553,0.42781878,-0.03430782
9.8326881,-0.36444048,0.36518409,0.02331333,0.27811265,-0.15994776,-0.077119852,1.0494077,-0.01368876,-0.063616062,1.3148159,0.43321516,-0.035818403
9.8357905,-0.36096734,0.36250643,0.018816581,0.27236019,-0.13371325,-0.075314142,1.0248173,-0.057464477,-0.061498871,1.3308249,0.43808267,-0.037004104
9.8388929,-0.35616939,0.35876965,0.013837701,0.26727977,-0.10510227,-0.072370986,0.99973474,-0.10024807,-0.059378453,1.3455345,0.44210949,-0.037962558
9.8419952,-0.35004414,0.35385689,0.0085016819,0.26233834,-0.074629667,-0.06836437,0.97516194,-0.14139505,-0.057227886,1.3589443,0.44496966,-0.038834518
9.8450974,-0.34284664,0.34796277,0.0028629628,0.25740896,-0.042483636,-0.063273119,0.95241963,-0.18023865,-0.055525029,1.3710907,0.44640843,-0.039720137
9.8481997,-0.33456472,0.34106807,-0.0029817129,0.25265763,-0.008758869,-0.056451559,0.93241282,-0.21606684,-0.05455992,1.3819768,0.44607792,-0.040720069
9.8513018,-0.32511272,0.3332475,-0.0087624753,0.24829678,0.026369252,-0.048124941,0.91553149,-0.24847935,-0.054510491,1.3915221,0.44371451,-0.041863819
9.8544039,-0.31459906,0.32441026,-0.014350979,0.24412926,0.062442458,-0.038670937,0.90161535,-0.27718963,-0.055229472,1.3996212,0.43924986,-0.043173011
9.857506,-0.30337356,0.31456738,-0.019469285,0.23901847,0.098802811,-0.028528658,0.88875702,-0.30221012,-0.056524068,1.406261,0.4322906,-0.044726098
9.8606081,-0.29149348,0.30366358,-0.024079262,0.2329335,0.13525966,-0.017639378,0.87602005,-0.32354701,-0.058479096,1.4114025,0.4222019,-0.046523493
9.8637102,-0.27905913,0.29170344,-0.028413692,0.22675207,0.17156176,-0.0063329066,0.86340149,-0.34133828,-0.061162626,1.4148042,0.40974484,-0.048457701
9.8668123,-0.26600884,0.27868789,-0.032245924,0.22056639,0.20783782,0.0048854542,0.85086601,-0.35566366,-0.064490181,1.416451,0.39457455,-0.050402933
9.8699144,-0.25268681,0.26463138,-0.035344606,0.21503027,0.24245967,0.015480275,0.83808368,-0.36674191,-0.068594228,1.4158146,0.37612656,-0.05236248
9.8730165,-0.23946586,0.24957756,-0.037851468,0.20968253,0.27472438,0.026564167,0.82601212,-0.37469646,-0.073409177,1.4132553,0.35453761,-0.054351501
9.8761186,-0.22648711,0.23356944,-0.039504152,0.20501168,0.30514268,0.037247471,0.81495018,-0.37966776,-0.078817894,1.4085695,0.32899996,-0.05630477
9.8792208,-0.21326966,0.21653757,-0.040832525,0.20097311,0.33388053,0.047203307,0.80621433,-0.38184432,-0.084680971,1.4015642,0.29938292,-0.058103073
9.8823229,-0.19981147,0.19873953,-0.041694465,0.19772752,0.36040534,0.055956365,0.79946148,-0.38142067,-0.09080964,1.3916156,0.2659543,-0.059516704
9.8854252,-0.18650111,0.18024766,-0.041537264,0.19709095,0.38386286,0.062640807,0.79421445,-0.37850046,-0.09692114,1.379881,0.22909801,-0.060885978
9.8885274,-0.17352878,0.16100481,-0.040583167,0.19866736,0.40456689,0.067922631,0.78998057,-0.37345992,-0.10275877,1.3657904,0.18883714,-0.061896792
9.8916297,-0.16070111,0.14087631,-0.038982499,0.20247869,0.42300777,0.070936058,0.78625521,-0.36653781,-0.10814316,1.3493299,0.1456033,-0.062427996
9.8947321,-0.14824128,0.12022913,-0.037265202,0.2082907,0.43957148,0.071003544,0.78273128,-0.35773028,-0.11291813,1.3303394,0.099358288,-0.06234403
9.8978346,-0.13670741,0.099194217,-0.035311918,0.21646467,0.45432275,0.06893997,0.77896557,-0.34702787,-0.11689842,1.3089622,0.051652414,-0.062518961
9.9009372,-0.12680309,0.078136032,-0.033414574,0.22706191,0.46648969,0.064942316,0.77526944,-0.33404474,-0.119904,1.2859322,0.0028350275,-0.062031791
9.9040398,-0.1176348,0.056705445,-0.031181204,0.24031964,0.47639614,0.058734852,0.77115849,-0.31825399,-0.12185894,1.261459,-0.046183264,-0.061152367
9.9071425,-0.10890632,0.034910289,-0.028617297,0.25579092,0.4843984,0.050735235,0.76656787,-0.29927459,-0.12254594,1.237092,-0.095552662,-0.059922171
9.9102453,-0.10234831,0.013146499,-0.026187717,0.27341374,0.4905785,0.041337058,0.76157743,-0.27677744,-0.12202873,1.2128778,-0.14244555,-0.058412297
9.9133482,-0.097530846,-0.0082856938,-0.024071737,0.29329955,0.4948273,0.030730307,0.75625275,-0.25050817,-0.12004568,1.1908483,-0.18591885,-0.056676317
9.9164512,-0.093711594,-0.029525027,-0.022039474,0.31505496,0.49788519,0.019173509,0.75069579,-0.2213312,-0.11647242,1.1727864,-0.22583709,-0.054672056
9.9195542,-0.090547458,-0.050398828,-0.020503907,0.33886925,0.50011772,0.007205726,0.74502813,-0.18899324,-0.11131038,1.1582038,-0.26029219,-0.052616576
9.9226574,-0.087938662,-0.069441412,-0.018852562,0.36422052,0.50159963,-0.0048477365,0.73969146,-0.15339677,-0.10454282,1.1466063,-0.29129404,-0.050767396
9.9257607,-0.086514848,-0.087151108,-0.016881623,0.39108718,0.50232506,-0.016615034,0.73404823,-0.11564505,-0.096174043,1.1363069,-0.31922839,-0.049477204
9.9288641,-0.086305301,-0.10353733,-0.014876345,0.42043532,0.50237386,-0.027764821,0.7284614,-0.075369354,-0.086250215,1.126919,-0.34334647,-0.048987519
9.9319676,-0.087229576,-0.11872174,-0.012954202,0.4520145,0.5019717,-0.038039111,0.72275851,-0.033275373,-0.07517087,1.1180972,-0.36340535,-0.049327192
9.9350713,-0.089187557,-0.1324771,-0.010971608,0.48495749,0.50131064,-0.047288541,0.7180663,0.010704036,-0.063262521,1.1100964,-0.37955772,-0.050461522
9.938175,-0.092193708,-0.14403664,-0.0091108704,0.51865798,0.50018146,-0.055359573,0.71278629,0.054820135,-0.050097032,1.1025975,-0.39220361,-0.052415065
9.9412789,-0.096365098,-0.15386184,-0.0074468219,0.55252015,0.49827201,-0.062182161,0.70806051,0.098951507,-0.036508779,1.0964781,-0.40164263,-0.055124796
9.9443829,-0.10124446,-0.16153183,-0.005919347,0.58579622,0.49549335,-0.067967932,0.70399286,0.14248502,-0.02278973,1.0926768,-0.40820646,-0.058481559
9.947487,-0.10688384,-0.16728737,-0.0043082467,0.61754604,0.49211202,-0.072350166,0.70100066,0.1848986,-0.0095742516,1.0908792,-0.41224847,-0.062333895
9.9505912,-0.11335392,-0.17112999,-0.0028112052,0.64645571,0.48784189,-0.07540905,0.69961251,0.22433537,0.0037587496,1.0906564,-0.41403462,-0.066584784
9.9536954,-0.1205263,-0.17326551,-0.0015241559,0.67209349,0.48243679,-0.077321137,0.69935184,0.26043633,0.015806595,1.0916463,-0.41392817,-0.071064181
9.9567998,-0.12832293,-0.17350948,-0.00034847562,0.69437121,0.47565696,-0.078214876,0.70078649,0.29357273,0.026504208,1.0933726,-0.41206232,-0.075630741
9.9599043,-0.1366571,-0.17169353,0.00075925737,0.71323147,0.46735099,-0.078450112,0.70403299,0.32298534,0.03485022,1.0953688,-0.40858439,-0.080170629
9.963009,-0.14536365,-0.16820718,0.0016079355,0.72869896,0.45714367,-0.078176195,0.71024213,0.3481265,0.040868252,1.0972787,-0.40357984,-0.084632561
9.9661137,-0.15425629,-0.16309459,0.0021469428,0.74081932,0.44494676,-0.077572505,0.71979118,0.36876913,0.044278305,1.098875,-0.39682131,-0.088915796
9.9692185,-0.16328058,-0.15625397,0.0023610847,0.74998626,0.4309412,-0.076774305,0.73130917,0.38544547,0.044990434,1.0996714,-0.38803331,-0.092931111
9.9723234,-0.17243135,-0.14772475,0.0022536136,0.75640931,0.41491824,-0.075878067,0.74444904,0.39850924,0.043621949,1.0994966,-0.37737452,-0.09665658
9.9754283,-0.18103195,-0.13755308,0.0020309877,0.76026293,0.39697368,-0.074983512,0.7594533,0.40839976,0.040652089,1.0979177,-0.36499892,-0.10000752
9.9785333,-0.18944838,-0.12583457,0.0015898942,0.76123432,0.37688679,-0.074235041,0.77641403,0.41575976,0.035962826,1.0948184,-0.34999205,-0.10292614
9.9816384,-0.19769742,-0.11260159,0.0008783887,0.75943084,0.35477032,-0.073333879,0.79539342,0.42111729,0.029182523,1.089911,-0.33208946,-0.10512141
9.9847436,-0.20589504,-0.097955705,1.8927592e-05,0.75639427,0.33133587,-0.072274732,0.81597429,0.42532662,0.02066015,1.083131,-0.31072211,-0.10660112
9.9878488,-0.21394031,-0.082047722,-0.00082714136,0.75217451,0.30638304,-0.071324079,0.83790795,0.42887506,0.011109087,1.0753601,-0.28594374,-0.10717373
9.990954,-0.22182418,-0.064722146,-0.0015658473,0.74600632,0.27951722,-0.070499626,0.86095891,0.43222035,0.00096133434,1.0661596,-0.25779906,-0.10662177
9.9940592,-0.22950952,-0.046236681,-0.0024623323,0.73806371,0.25047458,-0.069825095,0.88529853,0.43560469,-0.0092547266,1.0556936,-0.22596483,-0.10472542
9.9971645,-0.23668829,-0.026796814,-0.0034933751,0.72840003,0.21955413,-0.068018082,0.91267139,0.43907999,-0.019052971,1.0445991,-0.1899677,-0.10152497
10.00027,-0.24350204,-0.0059263545,-0.0043443489,0.7165123,0.18770821,-0.066543167,0.94267926,0.44270466,-0.028120636,1.033033,-0.15163145,-0.097031041
10.003375,-0.24961096,0.015348077,-0.0050062656,0.70250072,0.15450058,-0.064753023,0.97459146,0.44649945,-0.036203163,1.0214427,-0.11028078,-0.091011802
10.00648,-0.25582245,0.036723435,-0.0049371251,0.68655753,0.11992261,-0.06274333,1.0057628,0.45043409,-0.043099836,1.0104602,-0.06632135,-0.08360132
10.009586,-0.26233092,0.058532366,-0.0043384103,0.66955437,0.084077014,-0.06010864,1.0353145,0.45432527,-0.048729268,1.0010203,-0.020231534,-0.075078021
10.012691,-0.26855073,0.080732817,-0.0037444408,0.65003713,0.048198948,-0.057013162,1.0629674,0.45802623,-0.053098265,0.99303145,0.026559936,-0.065390714
10.015796,-0.27468823,0.10323523,-0.0032414543,0.62863551,0.013040577,-0.053546796,1.0884774,0.46135019,-0.056183421,0.98679244,0.072987725,-0.054993729
10.018901,-0.28074219,0.1257636,-0.0025073062,0.60635242,-0.021272713,-0.050255484,1.1117704,0.46406053,-0.058240585,0.98332878,0.11833288,-0.044246294
10.022007,-0.28667618,0.14755458,-0.0010902806,0.58355197,-0.054585094,-0.046667463,1.1328626,0.46586098,-0.059491867,0.98329394,0.16192884,-0.033879516
10.025112,-0.29261357,0.16863551,0.0011540527,0.56044774,-0.086107375,-0.043229037,1.1517545,0.46648295,-0.060117861,0.98642252,0.20191225,-0.023076138
10.028217,-0.2984843,0.18920397,0.0037161028,0.53721155,-0.11587221,-0.040762757,1.1683816,0.46558081,-0.060339807,0.99223106,0.23757842,-0.013421608
10.031322,-0.30445165,0.20927447,0.0063485987,0.51428852,-0.14373234,-0.039441331,1.1825901,0.46283125,-0.060321391,0.99991648,0.26893286,-0.004893006
10.034427,-0.31083137,0.22885099,0.0092656256,0.49287374,-0.16917169,-0.03905842,1.1943407,0.45826983,-0.060244964,1.0088701,0.29593627,0.0021637067
10.037531,-0.31672747,0.24716055,0.012410869,0.47368611,-0.19211949,-0.039360765,1.2036366,0.45175759,-0.060252572,1.0199972,0.31833373,0.007484446
10.040636,-0.32221395,0.26433074,0.015686368,0.45653113,-0.21266769,-0.040434987,1.2106999,0.44338622,-0.060478445,1.0324291,0.33650299,0.010675042
10.043741,-0.32753363,0.28005061,0.019056624,0.44150738,-0.23046542,-0.042260148,1.2153496,0.43241745,-0.060903266,1.0462382,0.35097502,0.012156253
10.046845,-0.3329604,0.29421894,0.022292597,0.42776778,-0.24484611,-0.044730911,1.2176514,0.41935791,-0.061549518,1.0611039,0.36252925,0.01218352
10.04995,-0.33834142,0.30715693,0.02536833,0.41518491,-0.25630366,-0.047417357,1.2173716,0.40380525,-0.062350342,1.0770302,0.37154762,0.010833561
10.053054,-0.34322061,0.31876148,0.028619977,0.40307082,-0.26506417,-0.050473357,1.2153774,0.38577606,-0.063375928,1.0932434,0.37864674,0.0084197287
10.056159,-0.34768999,0.32885299,0.031687361,0.39155582,-0.27101272,-0.053795765,1.211411,0.36495172,-0.064660349,1.1095186,0.3845118,0.0049783478
10.059263,-0.35195433,0.33742384,0.034287556,0.37941268,-0.27413613,-0.057312649,1.2053233,0.34112826,-0.06594847,1.1266647,0.38946564,0.00047212944
10.062367,-0.35629258,0.34467074,0.036402871,0.36711066,-0.27463823,-0.060974126,1.196796,0.31415833,-0.067133086,1.1450102,0.39388192,-0.0047045872
10.065471,-0.36055073,0.35064816,0.037901238,0.35482289,-0.27246578,-0.064627265,1.1865245,0.28435611,-0.068350557,1.1660792,0.39811818,-0.010046231
10.068575,-0.36424016,0.35556115,0.038640527,0.34264218,-0.26771165,-0.068150113,1.1752755,0.25205124,-0.069287638,1.1889047,0.40242947,-0.015237624
10.071679,-0.36732743,0.35957177,0.038475364,0.3307925,-0.26060155,-0.071507318,1.1621234,0.21693575,-0.069849054,1.211526,0.40700523,-0.020013279
10.074782,-0.36942794,0.3624602,0.037821436,0.31943179,-0.25036385,-0.074532721,1.1470786,0.17910843,-0.069694369,1.2335751,0.41193691,-0.024225615
10.077886,-0.37078173,0.36464103,0.036245632,0.30922169,-0.23694233,-0.077017973,1.1299697,0.13849182,-0.069754999,1.2546495,0.41718518,-0.027700803
10.08099,-0.37125189,0.36610246,0.033946494,0.30031943,-0.22042435,-0.078983434,1.1106655,0.096549749,-0.068924542,1.2745809,0.42280204,-0.030493029
10.084093,-0.37058144,0.36659417,0.030839879,0.29246009,-0.2010425,-0.080010014,1.0893675,0.052897692,-0.06766045,1.2933896,0.4285798,-0.03270105
10.087196,-0.36857935,0.3658645,0.027544568,0.28550028,-0.1790891,-0.080163906,1.0666951,0.0082079831,-0.065809622,1.3110574,0.4342855,-0.034403383
10.0903,-0.36547633,0.36396121,0.02333652,0.27940179,-0.1543677,-0.079087808,1.0432075,-0.036926593,-0.063722976,1.3275205,0.43959258,-0.035725807
10.093403,-0.36145749,0.36096392,0.018461749,0.2741002,-0.12696612,-0.07679752,1.0176263,-0.081135387,-0.061597681,1.3427495,0.44424778,-0.036818696
10.096506,-0.35597766,0.35691938,0.013165264,0.26934698,-0.097348964,-0.073447851,0.99227886,-0.1240434,-0.059442897,1.3566996,0.4479245,-0.037764102
10.099609,-0.34927792,0.35168286,0.0075288716,0.26462283,-0.0659191,-0.068760234,0.9679774,-0.16485114,-0.057396117,1.369426,0.45031899,-0.038694247
10.102712,-0.34149012,0.34551039,0.0015675051,0.25985941,-0.032931321,-0.062905037,0.94641336,-0.20301007,-0.055999571,1.3809197,0.45108723,-0.039712361
10.105815,-0.33256452,0.33841189,-0.0044735499,0.25533246,0.0017458066,-0.055322081,0.92778354,-0.2377905,-0.055380852,1.3911867,0.44996295,-0.040864902
10.108918,-0.32241728,0.33040607,-0.010431781,0.25118513,0.037720629,-0.0463286,0.91232015,-0.26887975,-0.05571315,1.4001012,0.44677438,-0.042190192
10.112021,-0.31134289,0.32131522,-0.016115275,0.24674169,0.074317959,-0.036324323,0.89881869,-0.29614884,-0.056688555,1.4075655,0.44137747,-0.043710733
10.115123,-0.29954183,0.31124451,-0.021284916,0.24109826,0.11110219,-0.025524178,0.88584887,-0.31966961,-0.058249532,1.4136121,0.43301173,-0.045490779
10.118226,-0.28720537,0.30009577,-0.025916725,0.2350468,0.14796256,-0.014248427,0.87288942,-0.33947317,-0.060548189,1.4180488,0.4218361,-0.047467171
10.121329,-0.2741857,0.28798875,-0.030374796,0.22887823,0.18482704,-0.0023785557,0.86024712,-0.35567237,-0.063523502,1.4206779,0.40821715,-0.049514819
10.124432,-0.26070726,0.27474727,-0.034131536,0.22284718,0.22124125,0.0086492592,0.8473503,-0.36844432,-0.06730007,1.4214778,0.39142931,-0.051555057
10.127535,-0.24705828,0.26059537,-0.037133262,0.21747652,0.25534224,0.019522891,0.83494146,-0.37796231,-0.071819176,1.4199356,0.37157114,-0.053613764
10.130637,-0.23362558,0.2452789,-0.039442147,0.21233893,0.28717762,0.030800595,0.8234669,-0.38433751,-0.077014025,1.4163902,0.34801788,-0.055659516
10.13374,-0.22026372,0.22914791,-0.041074312,0.20792067,0.31718409,0.041439372,0.8139531,-0.38783134,-0.082736783,1.4105654,0.32008075,-0.057622883
10.136843,-0.20657401,0.2119808,-0.042569295,0.2041079,0.34542744,0.051174598,0.80662363,-0.38857129,-0.088849995,1.4022034,0.28817942,-0.059324131
10.139946,-0.19293559,0.19413509,-0.043049134,0.20177593,0.37090539,0.059281317,0.80109973,-0.38676104,-0.095113423,1.3912409,0.25260887,-0.060865111
10.143049,-0.17951317,0.17557856,-0.042504271,0.20214579,0.39343943,0.065347963,0.79686993,-0.38254525,-0.1012592,1.3780449,0.21342715,-0.06214466
10.146152,-0.16643597,0.15619495,-0.041340338,0.20457343,0.41342089,0.069832429,0.79340105,-0.3764246,-0.1070161,1.3624255,0.17096159,-0.063055166
10.149255,-0.15359756,0.1360441,-0.039618219,0.20929037,0.43114189,0.071644584,0.79025077,-0.36851349,-0.11223267,1.3442941,0.12556886,-0.063336328
10.152358,-0.14108409,0.11519205,-0.037578018,0.21599791,0.44739508,0.070706641,0.78712623,-0.35874474,-0.1168087,1.3236041,0.077744964,-0.06367655
10.155462,-0.13002288,0.094258326,-0.035647268,0.22534025,0.4613282,0.06778993,0.78371456,-0.3470243,-0.12048977,1.3008489,0.028443795,-0.063576887
10.158565,-0.12027593,0.073178125,-0.033726687,0.23703763,0.47256184,0.062906364,0.78021607,-0.33294596,-0.12319242,1.2766009,-0.021431325,-0.062943483
10.161668,-0.11106698,0.051638023,-0.031218282,0.2513536,0.48170039,0.055719439,0.77616203,-0.31583024,-0.12477707,1.251523,-0.071325277,-0.061839333
10.164772,-0.10307773,0.029933332,-0.02854178,0.26778248,0.48896972,0.046955172,0.77168332,-0.29535909,-0.12494145,1.226691,-0.12087203,-0.060485227
10.167876,-0.097091881,0.0081923241,-0.026186582,0.28649625,0.49426413,0.036834154,0.76651672,-0.27144665,-0.12408234,1.2031818,-0.16671544,-0.058823208
10.170979,-0.092767579,-0.013138541,-0.024090489,0.30733448,0.49794343,0.025618207,0.76106058,-0.24384592,-0.12157155,1.18325,-0.20916992,-0.056845034
10.174083,-0.089427895,-0.034171219,-0.022064332,0.33007183,0.50064807,0.013595059,0.75531503,-0.21345735,-0.11747251,1.1671247,-0.24698573,-0.054628538
10.177187,-0.086501212,-0.054581061,-0.020383889,0.35475198,0.5025171,0.001344754,0.74951831,-0.17972887,-0.11180241,1.1541704,-0.27982476,-0.052484835
10.180291,-0.084487401,-0.073138535,-0.018567857,0.380888,0.50366713,-0.010820992,0.7438912,-0.14291908,-0.10435134,1.1433897,-0.30979056,-0.050687958
10.183395,-0.083554284,-0.090387738,-0.016457283,0.40895506,0.5040711,-0.022515348,0.73808997,-0.1038326,-0.095281495,1.1335985,-0.33628554,-0.049561135
10.186499,-0.083932605,-0.10626862,-0.014353727,0.43967005,0.50389055,-0.033452405,0.73219747,-0.062416394,-0.084771722,1.1244819,-0.35858099,-0.049244864
10.189603,-0.085397532,-0.12093571,-0.01229698,0.47228874,0.50334971,-0.043451993,0.72650691,-0.019171589,-0.073079292,1.1162621,-0.37674937,-0.049825749
10.192708,-0.087912635,-0.13407591,-0.010203034,0.50595671,0.50257454,-0.052319386,0.72167658,0.025604858,-0.06024341,1.1086399,-0.39124309,-0.051213702
10.195812,-0.091436364,-0.14492939,-0.0083134698,0.54020061,0.50119061,-0.059898868,0.71627407,0.070256663,-0.04664547,1.1018231,-0.40229592,-0.05338944
10.198917,-0.096097642,-0.15398996,-0.006620919,0.57425332,0.49894805,-0.066401293,0.71161045,0.1148221,-0.032652557,1.0974605,-0.41026008,-0.056280734
10.202022,-0.10140451,-0.16097961,-0.005026535,0.60735337,0.49580554,-0.071664669,0.70768121,0.15849054,-0.018806833,1.0952954,-0.41556644,-0.059729055
10.205127,-0.10744667,-0.16601423,-0.0032178784,0.63829797,0.49208392,-0.075519312,0.70517658,0.20072418,-0.0051167093,1.0949274,-0.41845992,-0.063650211
10.208232,-0.11426174,-0.16923152,-0.0017206123,0.66604822,0.48736086,-0.078086861,0.70425423,0.23914448,0.0077578167,1.0959423,-0.41933445,-0.067912735
10.211337,-0.12178589,-0.17074438,-0.00041600657,0.69052863,0.48140247,-0.079554589,0.7045892,0.27447048,0.019402755,1.0978944,-0.41842813,-0.07233279
10.214442,-0.12983706,-0.17018385,0.00077939408,0.71153456,0.47410233,-0.080152584,0.7069007,0.30650064,0.029258109,1.1002455,-0.41584275,-0.076788294
10.217547,-0.13836737,-0.16780441,0.0018532756,0.72916531,0.46508803,-0.080119761,0.71096427,0.33468329,0.036595686,1.1027814,-0.41171574,-0.081178575
10.220653,-0.1472599,-0.16377191,0.0026261936,0.74336224,0.45410432,-0.079652535,0.7191294,0.35815007,0.041377388,1.10518,-0.40610149,-0.085499026
10.223758,-0.15625787,-0.15806569,0.0030604441,0.75422471,0.44115125,-0.07890235,0.7296569,0.37735137,0.043578445,1.1069846,-0.39863044,-0.089632161
10.226864,-0.16535597,-0.15062346,0.0032155336,0.76234036,0.4263384,-0.078033465,0.74200301,0.39264547,0.043329652,1.1077529,-0.38908118,-0.093527754
10.229969,-0.17446934,-0.14152347,0.0030790468,0.76781095,0.40960815,-0.077122008,0.75588446,0.40452823,0.04122271,1.1075009,-0.37786512,-0.097155294
10.233075,-0.18300919,-0.13078877,0.0028037646,0.7705047,0.39076938,-0.076226418,0.77183715,0.41335515,0.03751837,1.1056751,-0.36447491,-0.10043698
10.236181,-0.19139891,-0.11853395,0.0022637958,0.77033536,0.36978179,-0.075361898,0.78970298,0.41990017,0.031912222,1.1021989,-0.34832304,-0.10322472
10.239287,-0.19963259,-0.10479899,0.001459215,0.7678022,0.34691297,-0.074286861,0.8094772,0.42482499,0.024269698,1.0967677,-0.32915188,-0.10529165
10.242393,-0.20780697,-0.089707143,0.00055320652,0.76395841,0.32265674,-0.073232999,0.83069761,0.42882958,0.015268823,1.0894764,-0.30606779,-0.10664086
10.245499,-0.21581248,-0.073378826,-0.00019705226,0.75888427,0.29672709,-0.072304297,0.85318018,0.43232961,0.0054435659,1.0811197,-0.27968652,-0.1070276
10.248604,-0.2237779,-0.055569284,-0.00091284842,0.75182303,0.26872088,-0.071541607,0.87670753,0.43575248,-0.0047240246,1.0712897,-0.24984988,-0.1062535
10.25171,-0.23119834,-0.03690575,-0.001900204,0.74306132,0.23849087,-0.070259376,0.90264981,0.43918226,-0.014708464,1.0601947,-0.21619534,-0.10392044
10.254816,-0.23824203,-0.016969205,-0.002762617,0.73228944,0.20686968,-0.068441257,0.93149943,0.44272131,-0.024106862,1.0487339,-0.17849587,-0.10067463
10.257922,-0.24487103,0.0040130002,-0.0036782953,0.719204,0.17428666,-0.066840473,0.96270952,0.44640155,-0.03266478,1.0365653,-0.13856162,-0.095887663
10.261028,-0.25090435,0.025271508,-0.0040256864,0.70399203,0.14022708,-0.064981302,0.99450079,0.45028657,-0.04013653,1.024622,-0.09561652,-0.08955377
10.264134,-0.25713831,0.04673682,-0.003614047,0.68715989,0.10476326,-0.062694565,1.0250034,0.45422528,-0.046376253,1.0135274,-0.050246961,-0.081851635
10.26724,-0.26366245,0.068557117,-0.0030320802,0.66887617,0.068515167,-0.059712537,1.053707,0.4581041,-0.051362226,1.0044159,-0.0030099881,-0.073044572
10.270346,-0.2698941,0.090726634,-0.0024936138,0.64799652,0.032620046,-0.056499463,1.0803958,0.46170792,-0.05506517,0.99650765,0.04436996,-0.063165979
10.273452,-0.27611764,0.11309152,-0.0017190256,0.62589906,-0.0025072818,-0.05270753,1.1049435,0.46484444,-0.057632738,0.99093848,0.091097155,-0.052541254
10.276558,-0.28224418,0.13535681,-0.00070900355,0.60299041,-0.036672765,-0.049394643,1.1273533,0.46728163,-0.059258876,0.98840141,0.13631754,-0.041712848
10.279663,-0.28828365,0.15689996,0.0010413463,0.57986068,-0.069516322,-0.045695183,1.1475263,0.46865228,-0.060189985,0.9893777,0.17917381,-0.030980697
10.282769,-0.29424761,0.17767914,0.0036873667,0.55623566,-0.10045889,-0.042703815,1.165482,0.46879858,-0.060616038,0.99350495,0.21794463,-0.020625495
10.285874,-0.30028859,0.19797009,0.0063738084,0.53277841,-0.12977467,-0.04076459,1.1811319,0.46730045,-0.060720375,1.0000247,0.25227807,-0.011298978
10.28898,-0.30652758,0.21773612,0.0092238014,0.50989024,-0.15685276,-0.040014138,1.1943418,0.46385939,-0.060694559,1.0083292,0.28213707,-0.0032079732
10.292085,-0.31299029,0.23665881,0.012334522,0.48916419,-0.181386,-0.039986578,1.2051118,0.45853619,-0.060684299,1.0181887,0.30749336,0.0033422887
10.295191,-0.31902728,0.25451527,0.015581569,0.47058271,-0.20345496,-0.040694124,1.2134938,0.45124007,-0.060808994,1.0297541,0.32833416,0.0078261227
10.298296,-0.32452786,0.27099189,0.019021451,0.45437021,-0.22302426,-0.042187986,1.2195806,0.44192118,-0.061195596,1.0426363,0.34518388,0.010318419
10.301401,-0.33008256,0.28599321,0.022443232,0.43982108,-0.23932726,-0.044415954,1.2233152,0.42999807,-0.061763441,1.0569347,0.35860057,0.011157848
10.304506,-0.33566576,0.29944056,0.02564054,0.42648723,-0.25248367,-0.047100363,1.2246377,0.41589949,-0.062558344,1.0722908,0.36915596,0.010713404
10.307611,-0.34095912,0.31166625,0.028868402,0.41416672,-0.26281915,-0.050079449,1.2234896,0.3990565,-0.063536338,1.0883651,0.37738614,0.0089305005
10.310715,-0.34583756,0.32250055,0.032089344,0.40227898,-0.27034353,-0.053440479,1.220682,0.37969592,-0.064750228,1.1045283,0.38398095,0.0061546511
10.31382,-0.35021807,0.33181231,0.035003928,0.390486,-0.27509358,-0.05700848,1.2158235,0.35737355,-0.066093072,1.1211204,0.38945538,0.0023133559
10.316925,-0.35458696,0.33969576,0.037437206,0.37807098,-0.27708812,-0.060720588,1.2087502,0.33198843,-0.06742453,1.1388765,0.39413453,-0.002431263
10.320029,-0.35895365,0.34635715,0.039295961,0.36573605,-0.27646606,-0.064506667,1.1989378,0.30337023,-0.068775145,1.1586567,0.39841588,-0.0075955589
10.323133,-0.3631024,0.35183709,0.040457759,0.35351435,-0.27306167,-0.06817195,1.1885205,0.27235205,-0.069835113,1.1810901,0.40264965,-0.012787707
10.326237,-0.36661923,0.3564964,0.040759384,0.34137989,-0.26721636,-0.071814777,1.1761856,0.23847343,-0.070660894,1.2036718,0.40706463,-0.017719441
10.329341,-0.3693746,0.35992756,0.040460906,0.32971862,-0.25897989,-0.075162898,1.1619716,0.20185407,-0.070935606,1.2258476,0.41180402,-0.022173053
10.332445,-0.37121115,0.3625708,0.039244834,0.31867117,-0.24746792,-0.078077035,1.1458791,0.16213819,-0.070535644,1.2472714,0.41688838,-0.025984356
10.335549,-0.37228575,0.3644727,0.037449277,0.30919819,-0.23279164,-0.080413408,1.1274199,0.12078274,-0.070202974,1.2676328,0.42235268,-0.029075068
10.338653,-0.37235958,0.36560458,0.034717828,0.3009411,-0.21505349,-0.0820848,1.1068287,0.077507367,-0.069284875,1.2868819,0.42812503,-0.031554338
10.341757,-0.37113095,0.36563682,0.031342526,0.29358788,-0.19455105,-0.082838588,1.0845143,0.032780121,-0.067826639,1.3050234,0.4339435,-0.033510318
10.34486,-0.36861733,0.36448748,0.02759598,0.28707632,-0.17152016,-0.082486158,1.0612581,-0.01278045,-0.065828586,1.3220638,0.43955667,-0.035018121
10.347964,-0.36507605,0.36219911,0.02296972,0.28142712,-0.145651,-0.08081765,1.0360615,-0.057996389,-0.063797175,1.3378942,0.44469543,-0.036236792
10.351067,-0.36051959,0.35885427,0.017724316,0.27649324,-0.11729525,-0.077942363,1.0101859,-0.10219931,-0.061855006,1.3524979,0.44905657,-0.037273258
10.35417,-0.35444542,0.35444277,0.012095223,0.27183691,-0.086905146,-0.074041351,0.98482835,-0.14469622,-0.059842123,1.3658593,0.4523205,-0.038231718
10.357273,-0.34720305,0.34886179,0.0061801359,0.26712824,-0.05467952,-0.068772634,0.96148384,-0.18481625,-0.058143275,1.3780319,0.45417007,-0.039229667
10.360376,-0.33890087,0.34235101,-4.8673099e-05,0.26252975,-0.020881134,-0.061996967,0.94104581,-0.22190197,-0.05721225,1.389024,0.45427323,-0.040360676
10.36348,-0.32937497,0.33499448,-0.0062278521,0.25817569,0.014498016,-0.053528683,0.92383266,-0.25537811,-0.057118968,1.3987611,0.45238905,-0.041639957
10.366583,-0.31866131,0.32668949,-0.012369303,0.25426168,0.051045103,-0.043839788,0.90959156,-0.28494601,-0.057818641,1.4071482,0.44832603,-0.043101193
10.369685,-0.30712785,0.31730705,-0.018068933,0.2492775,0.087873637,-0.033413055,0.89632225,-0.31072109,-0.059131306,1.4140774,0.44188339,-0.044793301
10.372788,-0.29491534,0.30698585,-0.023235831,0.24325286,0.12488972,-0.022104987,0.88308198,-0.33268569,-0.061106514,1.4195544,0.43196634,-0.046734276
10.375891,-0.28218677,0.29557255,-0.028018074,0.23706686,0.16183067,-0.010353513,0.87003603,-0.35092232,-0.063765145,1.4233266,0.41978497,-0.048817939
10.378994,-0.26876388,0.28322961,-0.032363841,0.2307817,0.19883839,0.0015086948,0.8571555,-0.36557374,-0.067189524,1.4252245,0.40489324,-0.050948967
10.382097,-0.25500276,0.26980736,-0.035880319,0.22500099,0.23458552,0.012472679,0.84433329,-0.37685208,-0.071377419,1.4250646,0.38652326,-0.05300055
10.3852,-0.24117174,0.25536546,-0.038790021,0.21959667,0.26786601,0.023971173,0.83241803,-0.38487544,-0.076291239,1.4227574,0.36535638,-0.055140686
10.388303,-0.22773165,0.23980584,-0.040888005,0.21466271,0.29921206,0.035228657,0.8218199,-0.38987343,-0.081812952,1.4182522,0.3397595,-0.05725515
10.391406,-0.21405655,0.22353518,-0.042599588,0.21049293,0.32870496,0.045759041,0.81357988,-0.39203288,-0.087806223,1.411355,0.30970715,-0.059235787
10.394509,-0.20018031,0.20626663,-0.043878902,0.20685145,0.35614679,0.055064202,0.80739275,-0.39152002,-0.094077214,1.4014031,0.27560797,-0.060868594
10.397612,-0.18647221,0.18830514,-0.044143067,0.2055574,0.38051086,0.062229964,0.8028126,-0.38852416,-0.10036544,1.3894875,0.23803245,-0.062490006
10.400715,-0.17306565,0.16962099,-0.043411656,0.20676872,0.40207856,0.067923873,0.79930748,-0.38334498,-0.10640146,1.3750636,0.19693078,-0.06372154
10.403818,-0.15992645,0.14999723,-0.041806695,0.21011918,0.42128142,0.071373519,0.79636926,-0.37635189,-0.11199986,1.3581521,0.1527209,-0.064484359
10.406921,-0.14716998,0.12978665,-0.040003763,0.21570083,0.43877202,0.071842939,0.79360773,-0.36756015,-0.11696837,1.3386501,0.10539487,-0.064575807
10.410025,-0.13497295,0.10901453,-0.037870257,0.22350881,0.45420862,0.069968934,0.79070493,-0.35698621,-0.12123109,1.3167037,0.056449169,-0.065053243
10.413128,-0.12428481,0.088051797,-0.035881252,0.23378801,0.46695263,0.06613236,0.78755586,-0.34424714,-0.12454078,1.2929876,0.0063711205,-0.064748921
10.416231,-0.11478656,0.066883175,-0.033604998,0.24671985,0.47733982,0.060195641,0.78405506,-0.32896412,-0.1268166,1.2678109,-0.043979214,-0.063994007
10.419335,-0.10561308,0.04521905,-0.030825886,0.26193364,0.48566823,0.052169377,0.77996314,-0.31053262,-0.12790909,1.2428331,-0.094739546,-0.062781294
10.422438,-0.098803078,0.023586991,-0.028283979,0.27927825,0.49213069,0.042622689,0.77535885,-0.28867043,-0.12758749,1.2181137,-0.14299083,-0.061251413
10.425542,-0.093669694,0.0020696332,-0.026000055,0.29894413,0.49659129,0.031864832,0.77006605,-0.26326605,-0.1261222,1.1957785,-0.1877246,-0.059415029
10.428646,-0.089712942,-0.019133863,-0.023885103,0.3205729,0.49985583,0.020077181,0.7644454,-0.23460062,-0.12298837,1.17751,-0.22892536,-0.057256272
10.43175,-0.086681112,-0.039950274,-0.021999363,0.34428698,0.50220702,0.007735419,0.75856211,-0.20305391,-0.11820842,1.1628883,-0.26451933,-0.055011572
10.434854,-0.083994341,-0.059813441,-0.020171793,0.36962576,0.50379415,-0.0046824348,0.75288835,-0.16805471,-0.11173615,1.1512528,-0.29642067,-0.052960562
10.437958,-0.082487584,-0.077782512,-0.018144205,0.39656277,0.50460967,-0.016841957,0.74679664,-0.13033764,-0.10352369,1.1407985,-0.32521008,-0.05132731
10.441062,-0.082144926,-0.094420955,-0.015958427,0.42599205,0.50472933,-0.028380102,0.74099222,-0.090082461,-0.093674637,1.1311862,-0.34990726,-0.050468695
10.444166,-0.082997986,-0.10973004,-0.013786797,0.4577518,0.50436149,-0.039042575,0.73486087,-0.047792931,-0.082512706,1.1223846,-0.3703308,-0.050464069
10.44727,-0.08495827,-0.12384059,-0.011638534,0.49108645,0.50373863,-0.048683263,0.72945025,-0.0035817341,-0.070249869,1.1145011,-0.38678413,-0.051313096
10.450375,-0.087925531,-0.13616554,-0.0094678894,0.5252443,0.50271822,-0.057115623,0.72405097,0.041332868,-0.056819797,1.1072535,-0.39961333,-0.052976376
10.453479,-0.091932098,-0.14620188,-0.0075738624,0.559708,0.50103445,-0.064281148,0.71877766,0.086252036,-0.042866286,1.101904,-0.40916441,-0.055400515
10.456584,-0.097028716,-0.15443828,-0.0058654346,0.59366242,0.49844451,-0.070455872,0.71429223,0.13084345,-0.028724312,1.0989127,-0.41581138,-0.058483628
10.459689,-0.10269052,-0.16067378,-0.0040723044,0.62626314,0.49504378,-0.07517129,0.71073714,0.17436454,-0.015025567,1.0979529,-0.41996411,-0.062102865
10.462794,-0.10907504,-0.16495787,-0.0023412787,0.65599087,0.49092661,-0.07848661,0.70880347,0.21558786,-0.001137417,1.0986238,-0.42190337,-0.066162031
10.465899,-0.11620014,-0.16747225,-0.0008409965,0.68246637,0.48576971,-0.080605352,0.70818372,0.25301813,0.011364211,1.1003542,-0.4220094,-0.070450125
10.469004,-0.12397302,-0.16822766,0.00047390354,0.70563242,0.47928925,-0.081632601,0.70924747,0.28734821,0.022553817,1.1027347,-0.42042386,-0.074822364
10.472109,-0.13224682,-0.16692892,0.0017045869,0.72534625,0.47137791,-0.081985841,0.71236293,0.31803794,0.031443014,1.1055821,-0.4172485,-0.079169819
10.475214,-0.14092394,-0.16389304,0.002658796,0.74164637,0.46158505,-0.081768278,0.71768057,0.34465861,0.037849522,1.1084737,-0.41261216,-0.083449042
10.478319,-0.14989485,-0.15923416,0.0033469404,0.75445458,0.44980334,-0.081201081,0.72705972,0.36646642,0.041577815,1.1110068,-0.40640844,-0.08762666
10.481423,-0.15896238,-0.1528533,0.0036879885,0.7641845,0.43620329,-0.08036471,0.73847375,0.38417418,0.042621209,1.1127435,-0.39823233,-0.091603039
10.484528,-0.16810616,-0.14479242,0.0038055998,0.77113011,0.42054736,-0.079444895,0.75159231,0.39811842,0.041471436,1.1133667,-0.38810587,-0.09538427
10.487632,-0.17692207,-0.13506209,0.0036509779,0.77548149,0.40297664,-0.078516287,0.76630975,0.40883331,0.038697143,1.1128217,-0.37608185,-0.098891742
10.490737,-0.18541004,-0.12376743,0.0033038527,0.77695863,0.38323423,-0.077722721,0.78305331,0.41683351,0.034253557,1.1106157,-0.36154923,-0.10207489
10.493841,-0.19373509,-0.11092514,0.0026808749,0.77564425,0.36136944,-0.076810812,0.80184535,0.42269031,0.027786472,1.1066155,-0.34416172,-0.10468833
10.496945,-0.20195379,-0.096712677,0.0018466381,0.77259574,0.33796718,-0.075603421,0.82234001,0.42728282,0.01949855,1.1005871,-0.32353999,-0.10662295
10.500049,-0.21003612,-0.081224262,0.001016688,0.76840291,0.31298839,-0.074582174,0.84410095,0.43112809,0.010139965,1.0929505,-0.29902892,-0.10775469
10.503153,-0.21796599,-0.06440317,0.00033927973,0.76231757,0.28604575,-0.073668877,0.86702556,0.43465111,0.00016467879,1.084073,-0.2712589,-0.10786729
10.506257,-0.22585499,-0.046342351,-0.00046441879,0.75433169,0.25689997,-0.073058483,0.89126562,0.43813388,-0.0099466727,1.0737063,-0.23990042,-0.10673398
10.509361,-0.2331715,-0.027390047,-0.0014622838,0.74468394,0.22579696,-0.07109875,0.91861165,0.44163593,-0.01965456,1.0622132,-0.20467943,-0.104098
10.512464,-0.24009343,-0.0069562222,-0.0022988731,0.73287052,0.19369156,-0.069405435,0.94869931,0.44524486,-0.028657501,1.0503151,-0.16578671,-0.10040524
10.515568,-0.24655063,0.014018889,-0.0029972925,0.71876213,0.16039778,-0.06754132,0.98077598,0.44902016,-0.036708012,1.0379016,-0.12448436,-0.095148891
10.518672,-0.25268866,0.035133874,-0.0029180679,0.70256357,0.12569563,-0.065460357,1.0120082,0.45296015,-0.043597288,1.0259319,-0.080275845,-0.088384012
10.521775,-0.25925359,0.056614464,-0.0022648691,0.68505247,0.089670013,-0.062790803,1.0416857,0.45691083,-0.049274357,1.015141,-0.033794484,-0.080320273
10.524879,-0.26565968,0.078499203,-0.0016266419,0.66548317,0.053405028,-0.059543984,1.069471,0.460734,-0.053690108,1.0061816,0.013926301,-0.071033141
10.527983,-0.27194159,0.10074556,-0.0010343276,0.64369805,0.017686627,-0.055967036,1.0951914,0.46423453,-0.056850964,0.99883385,0.061513829,-0.060820376
10.531086,-0.27816075,0.12291793,-0.0001246689,0.62093993,-0.017049896,-0.052572623,1.1188313,0.46718031,-0.058988568,0.99412811,0.10811923,-0.049940923
10.53419,-0.28433371,0.14475259,0.0012274963,0.59758869,-0.050731038,-0.048992659,1.1403404,0.46930174,-0.060305162,0.99289354,0.15292146,-0.039310376
10.537294,-0.29041797,0.16591715,0.0034693588,0.57404094,-0.082822158,-0.045426444,1.1596438,0.47026492,-0.061015679,0.99499114,0.1944548,-0.028227364
10.540398,-0.29644121,0.18638728,0.006175497,0.55020171,-0.11317391,-0.042839547,1.1766531,0.46989344,-0.061319042,1.0000802,0.23185012,-0.018157598
10.543502,-0.30267976,0.20631203,0.0089681893,0.52667388,-0.14168327,-0.041433381,1.1913159,0.46758805,-0.061380592,1.0072526,0.2647166,-0.0091502888
10.546605,-0.30925102,0.22575999,0.012028463,0.50435524,-0.16780385,-0.041000466,1.2035576,0.46350077,-0.061395116,1.0159593,0.2931077,-0.0015739721
10.549709,-0.31568302,0.2439474,0.015275961,0.48439514,-0.19142596,-0.041275595,1.2133306,0.45746024,-0.061474014,1.026514,0.3168875,0.0043284654
10.552813,-0.32177552,0.26120163,0.018609903,0.46659504,-0.21256739,-0.04235843,1.220889,0.44945766,-0.061767537,1.0385673,0.336326,0.0080290935
10.555917,-0.32736581,0.27692829,0.022145859,0.4510963,-0.23082364,-0.044149868,1.2260845,0.43923655,-0.062261232,1.0519834,0.35190662,0.0099719642
10.559021,-0.3331164,0.29111886,0.025521908,0.4369319,-0.24573295,-0.046719874,1.2289027,0.42656513,-0.062977269,1.066596,0.36432001,0.010257618
10.562125,-0.33856404,0.30379843,0.028818564,0.42393514,-0.25766993,-0.049559695,1.2292119,0.41133483,-0.06385529,1.0823214,0.37401792,0.0092564492
10.56523,-0.34378215,0.31521139,0.032134255,0.41158782,-0.26686537,-0.052812349,1.2273971,0.39337663,-0.064946999,1.0984343,0.38161067,0.0070835502
10.568334,-0.34864657,0.32529753,0.035258643,0.39988871,-0.27313807,-0.05636603,1.2237621,0.37265693,-0.066275407,1.1146406,0.38778562,0.003946595
10.571438,-0.35302486,0.33387234,0.03803056,0.38780486,-0.27675809,-0.060111108,1.2180284,0.34890617,-0.067645155,1.1317943,0.39291855,-0.00016269877
10.574542,-0.35742016,0.34110386,0.040235241,0.37538697,-0.27765603,-0.063947746,1.2099164,0.32208496,-0.068955786,1.1501213,0.39743105,-0.0050754531
10.577646,-0.3617832,0.34736473,0.041784639,0.36307368,-0.27589847,-0.067751991,1.1994575,0.29214484,-0.070262074,1.1711813,0.40166208,-0.010204908
10.58075,-0.36572686,0.3524453,0.042628169,0.35090509,-0.27141327,-0.071450416,1.1882325,0.25975618,-0.071248364,1.193784,0.4059355,-0.015241979
10.583854,-0.36898606,0.35663093,0.042615382,0.33888284,-0.26457796,-0.075119056,1.1750197,0.22452222,-0.071944495,1.2161431,0.41045617,-0.019917515
10.586957,-0.37144045,0.35973565,0.041997826,0.32744942,-0.25522377,-0.078390347,1.1598938,0.18655324,-0.071939528,1.2379472,0.4153422,-0.024058661
10.590061,-0.3729662,0.3620359,0.040360678,0.31719171,-0.24243729,-0.081115964,1.142673,0.14551957,-0.071814801,1.2588184,0.42056159,-0.027512152
10.593164,-0.37367619,0.36361955,0.038166774,0.30830378,-0.2265801,-0.083317842,1.1231269,0.10314167,-0.071116411,1.2786119,0.42617858,-0.030311849
10.596268,-0.37325843,0.36431071,0.035011584,0.30058259,-0.20772061,-0.084541307,1.1014944,0.05895229,-0.069964853,1.297313,0.43201218,-0.032548918
10.599371,-0.37151532,0.36388399,0.031510982,0.29360976,-0.1862175,-0.084944554,1.0783318,0.013591088,-0.068243774,1.3149281,0.43780068,-0.034311125
10.602474,-0.36856376,0.36232643,0.027291903,0.28741583,-0.16213301,-0.084075359,1.0545357,-0.032360865,-0.066176368,1.3313869,0.44328391,-0.03570427
10.605577,-0.3646905,0.3596467,0.022295953,0.2821661,-0.13529003,-0.08189344,1.0284144,-0.077486661,-0.064113456,1.3466718,0.44818169,-0.036875173
10.60868,-0.35962097,0.35592773,0.016749352,0.27754432,-0.10611442,-0.078600543,1.0024404,-0.12134094,-0.062130016,1.3607268,0.45219134,-0.037906248
10.611783,-0.35305962,0.35112097,0.010880468,0.27290952,-0.075000552,-0.073988418,0.97743748,-0.16311656,-0.060183372,1.3735953,0.45498717,-0.038922733
10.614885,-0.34537058,0.34517721,0.0047083125,0.26821203,-0.042170946,-0.068354135,0.95516366,-0.20225654,-0.058829011,1.3852952,0.45617719,-0.040028098
10.617988,-0.33659281,0.33835596,-0.0016563523,0.26374135,-0.0076451896,-0.060714137,0.93596316,-0.23796766,-0.058283692,1.3958169,0.45555169,-0.041272731
10.62109,-0.32658416,0.33070071,-0.00794515,0.25952016,0.028245781,-0.05152087,0.92004304,-0.2699007,-0.058626255,1.4050428,0.45291613,-0.042681494
10.624193,-0.31545811,0.32199853,-0.014140442,0.25530612,0.064985932,-0.041273355,0.90614963,-0.29796802,-0.059681093,1.4129013,0.44798571,-0.044285124
10.627295,-0.30361665,0.31228474,-0.019846595,0.24996279,0.10200228,-0.030231753,0.89278384,-0.32218974,-0.061259019,1.419286,0.44024579,-0.04614423
10.630398,-0.29113815,0.30161097,-0.024977441,0.24385517,0.13920683,-0.018623172,0.87947675,-0.34254394,-0.063549783,1.4241762,0.42942631,-0.048210909
10.6335,-0.27816671,0.28988634,-0.029821298,0.2375762,0.17630652,-0.0064102539,0.8665013,-0.35926701,-0.06655008,1.4272672,0.41625019,-0.050366709
10.636603,-0.26449671,0.27722988,-0.034027738,0.2312802,0.21325859,0.0050958483,0.85336104,-0.37245252,-0.07035012,1.4284578,0.39997923,-0.052508855
10.639705,-0.25063179,0.26355035,-0.037432774,0.22570298,0.2480569,0.016378275,0.84091211,-0.38228711,-0.074908456,1.4273893,0.38059123,-0.0546493
10.642808,-0.23683123,0.24870374,-0.040182912,0.22034783,0.28052252,0.028142677,0.82947933,-0.38895667,-0.080139328,1.4242591,0.35757127,-0.056808745
10.64591,-0.2232573,0.23292952,-0.042127204,0.21570944,0.31114929,0.039292608,0.82008534,-0.39269254,-0.085915011,1.4188086,0.32997376,-0.05889703
10.649013,-0.20943512,0.21638004,-0.044028198,0.21175678,0.33987434,0.049657972,0.81294083,-0.39365957,-0.092060089,1.4108184,0.29812458,-0.060760615
10.652115,-0.195581,0.1990226,-0.044957339,0.20898533,0.36611712,0.058309409,0.80763192,-0.39201311,-0.098388103,1.399795,0.26232611,-0.0623879
10.655218,-0.18191573,0.18095731,-0.044667309,0.20886895,0.38935341,0.064833972,0.8037373,-0.38800483,-0.10465776,1.3868505,0.22303749,-0.063841005
10.65832,-0.16852884,0.16208071,-0.043618872,0.21079946,0.41004586,0.069721497,0.80074127,-0.38202023,-0.11056158,1.3712805,0.18031253,-0.064955942
10.661423,-0.15553408,0.14226778,-0.041888755,0.21509084,0.42858004,0.072027338,0.79810558,-0.37427001,-0.11595679,1.3531812,0.13462461,-0.065521065
10.664525,-0.14283086,0.12185505,-0.039882433,0.22138805,0.44566728,0.071389916,0.79559813,-0.36472612,-0.12070893,1.3324536,0.086150414,-0.065950145
10.667628,-0.13116597,0.10115218,-0.037863493,0.23028863,0.46015027,0.068750793,0.79272509,-0.35331263,-0.12462842,1.309508,0.036308426,-0.066082151
10.670731,-0.12098831,0.080241611,-0.035978179,0.24154243,0.47187371,0.064169117,0.78973761,-0.33964835,-0.12756794,1.2849855,-0.014262235,-0.065641807
10.673834,-0.11157688,0.058956944,-0.033454533,0.25545094,0.48143349,0.057237343,0.78614962,-0.32310993,-0.12942276,1.259362,-0.064749295,-0.064737415
10.676937,-0.10317147,0.037366448,-0.030660293,0.27152225,0.489019,0.048514268,0.78202168,-0.30334497,-0.12992968,1.2341431,-0.1153654,-0.063479901
10.68004,-0.09686763,0.015756143,-0.028133264,0.28983424,0.49465377,0.038358871,0.77717975,-0.28022162,-0.12930975,1.2100964,-0.16224388,-0.061837597
10.683143,-0.092382361,-0.0055879915,-0.025894759,0.31036527,0.498539,0.026995532,0.7718206,-0.25339304,-0.12721256,1.1895455,-0.20586121,-0.059846197
10.686246,-0.088900491,-0.026548328,-0.023749281,0.33281149,0.50143089,0.014740447,0.76606635,-0.22382831,-0.12344594,1.1728842,-0.24501842,-0.057584151
10.689349,-0.085979564,-0.047106781,-0.021800935,0.35728175,0.50345751,0.0021976148,0.76012957,-0.19102521,-0.11800755,1.1595295,-0.2788135,-0.055324263
10.692453,-0.083763954,-0.066154408,-0.019832504,0.38324739,0.50474933,-0.010299052,0.75437269,-0.15487833,-0.1107936,1.1484325,-0.30976328,-0.053353925
10.695556,-0.082665134,-0.083444061,-0.017639945,0.41108848,0.50526892,-0.022389554,0.74813676,-0.11627935,-0.10196412,1.1383979,-0.33707367,-0.051907393
10.698659,-0.082893421,-0.099431082,-0.015382803,0.4415993,0.50513459,-0.03371643,0.74222238,-0.075113441,-0.091494591,1.1290149,-0.36005656,-0.051276275
10.701762,-0.084167061,-0.11407747,-0.013154705,0.47414235,0.50462581,-0.04410178,0.73612774,-0.032050565,-0.079719329,1.1206699,-0.37883174,-0.051553591
10.704865,-0.086582817,-0.12750239,-0.010940096,0.50788202,0.50391181,-0.053377197,0.73102668,0.012871922,-0.066859476,1.1130515,-0.39377203,-0.052683427
10.707968,-0.089995186,-0.13871945,-0.0087470009,0.54229604,0.50261615,-0.061373527,0.72527542,0.057837597,-0.052977611,1.106441,-0.40522438,-0.05462127
10.711071,-0.094380241,-0.14795679,-0.0068719006,0.576654,0.5005943,-0.068275548,0.72016193,0.10283733,-0.038651442,1.1023542,-0.41354627,-0.057281623
10.714173,-0.099787141,-0.15528836,-0.0050938009,0.61020429,0.49760683,-0.073981206,0.71593084,0.14722895,-0.024397996,1.1005061,-0.41916999,-0.060576993
10.717275,-0.1057455,-0.16071728,-0.0031468619,0.64180447,0.49396817,-0.078231553,0.71288582,0.1904001,-0.010553386,1.1004915,-0.4223905,-0.06438119
10.720377,-0.11241439,-0.16423164,-0.0015001552,0.67022765,0.48945942,-0.081120936,0.71166141,0.22996681,0.0028546084,1.1018299,-0.42361379,-0.068530952
10.723479,-0.11977311,-0.16603078,-1.6265371e-05,0.69546149,0.48381971,-0.082863851,0.71155442,0.2663171,0.014979451,1.1039817,-0.4230904,-0.072809561
10.726581,-0.12767326,-0.16597243,0.0012921213,0.71720783,0.47686181,-0.083626492,0.7134742,0.29948917,0.025419686,1.106761,-0.42090656,-0.077115796
10.729682,-0.13609219,-0.16394012,0.0024969235,0.73561505,0.46831983,-0.083774344,0.71720959,0.32881524,0.033269713,1.1099231,-0.41720886,-0.081384285
10.732784,-0.14488048,-0.16023505,0.0033743844,0.75058883,0.45783389,-0.083412905,0.72474211,0.35354428,0.038580944,1.11288,-0.41207997,-0.08559108
10.735885,-0.15386689,-0.15490509,0.0039552567,0.76212037,0.44536481,-0.082713523,0.73496267,0.37382882,0.04126231,1.1153011,-0.40524631,-0.089664706
10.738986,-0.16292257,-0.14785086,0.0042301878,0.77078756,0.43112574,-0.081869279,0.74706981,0.39008822,0.041408943,1.1168292,-0.39636037,-0.093545972
10.742087,-0.17205511,-0.1391097,0.0043331751,0.77677292,0.41487018,-0.080941197,0.76075924,0.40283139,0.039576708,1.1171659,-0.38567486,-0.09722234
10.745188,-0.18067852,-0.12874119,0.0041236622,0.7800129,0.39650815,-0.080023427,0.7763654,0.41243184,0.036140611,1.1161479,-0.37276397,-0.10063989
10.748289,-0.18904931,-0.11686513,0.0037261451,0.78036004,0.37595316,-0.079186533,0.79389577,0.41959216,0.030946029,1.1134482,-0.35717163,-0.10368338
10.751389,-0.1972825,-0.10351152,0.0030482581,0.77806369,0.35336045,-0.078054072,0.81337696,0.42498384,0.023728089,1.1088472,-0.33864531,-0.10607628
10.75449,-0.20543131,-0.088822959,0.0021929704,0.77450679,0.3293211,-0.076889694,0.83433891,0.42933675,0.015014577,1.1020929,-0.31642571,-0.10783385
10.75759,-0.21343213,-0.072922132,0.0014461835,0.76966528,0.3035933,-0.075884212,0.85650295,0.43307549,0.0054334339,1.0942716,-0.29061039,-0.10869265
10.760691,-0.22136418,-0.055581449,0.00085374658,0.76279411,0.27577564,-0.075039595,0.87975503,0.43664637,-0.0045758191,1.0848769,-0.2615714,-0.10848856
10.763791,-0.22901869,-0.037282443,-9.1988693e-05,0.75410122,0.24571644,-0.073915341,0.90528448,0.44015438,-0.014507888,1.0740514,-0.22879473,-0.10690813
10.766892,-0.23615919,-0.017912323,-0.00097365784,0.74351379,0.21403896,-0.071900104,0.93380556,0.44370964,-0.023902937,1.0623829,-0.19213852,-0.10409182
10.769992,-0.24291521,0.0028138451,-0.0018976527,0.73058466,0.18146146,-0.070167113,0.96479392,0.44737878,-0.032509117,1.0501165,-0.15211844,-0.099933506
10.773093,-0.24908284,0.023832649,-0.0022682335,0.71540822,0.14746507,-0.068227902,0.99658466,0.4512375,-0.040070326,1.0376304,-0.10961026,-0.094166785
10.776193,-0.25531427,0.044899805,-0.0018990237,0.69846623,0.11208433,-0.065911808,1.0271712,0.45519625,-0.046464346,1.0258442,-0.064442902,-0.086950743
10.779293,-0.26200189,0.066415081,-0.0013069364,0.68033641,0.075656249,-0.062947552,1.0560217,0.45912712,-0.05164573,1.0157913,-0.017095975,-0.078540872
10.782394,-0.26839092,0.088259627,-0.00070019002,0.65961999,0.039447916,-0.059613331,1.0829117,0.46286191,-0.055543522,1.0072016,0.030880275,-0.06884983
10.785494,-0.27471656,0.11030882,0.00012159074,0.63723391,0.0040339065,-0.055670468,1.1077296,0.46621047,-0.05830149,1.0005535,0.078324231,-0.058340037
10.788594,-0.28104048,0.13242477,0.0010938635,0.6139967,-0.030415042,-0.052258014,1.1305096,0.46891076,-0.060107963,0.99681579,0.12448343,-0.047349184
10.791695,-0.28728714,0.1538029,0.0029480822,0.59048126,-0.063534205,-0.048472687,1.1511394,0.47064977,-0.061201371,0.99665187,0.16861235,-0.036624296
10.794795,-0.29333833,0.17447316,0.0056480909,0.56659667,-0.095006007,-0.045151218,1.1695528,0.47119831,-0.061773061,0.99977956,0.20875164,-0.025749109
10.797896,-0.29952268,0.19455905,0.0083836828,0.54272202,-0.12482,-0.042863957,1.1856549,0.47026973,-0.062003217,1.005659,0.24453498,-0.015980167
10.800996,-0.30594981,0.21409526,0.011286935,0.51929863,-0.15244567,-0.041822541,1.1993785,0.46733842,-0.062075644,1.0134265,0.27580181,-0.007368829
10.804097,-0.31274368,0.23286799,0.014523004,0.4978099,-0.17756958,-0.041587529,1.2106958,0.4625752,-0.062164547,1.0225178,0.30263395,-0.00026217976
10.807198,-0.3190017,0.25060952,0.017859091,0.47860464,-0.20025665,-0.042132279,1.2195897,0.45582539,-0.062363409,1.0336708,0.32482474,0.0049186865
10.810299,-0.32480277,0.26700751,0.02138633,0.4617566,-0.22037865,-0.043466472,1.2262503,0.44708796,-0.062820406,1.0461869,0.34290113,0.0079774091
10.813399,-0.33060574,0.28191506,0.02492304,0.44679767,-0.23722624,-0.045516999,1.2305724,0.43601817,-0.063449174,1.0601316,0.35739549,0.0093374049
10.8165,-0.33635483,0.29527934,0.028307306,0.4330419,-0.25097377,-0.04825479,1.2324972,0.42255791,-0.064306757,1.0751408,0.36881799,0.0092585736
10.819601,-0.34188996,0.30728161,0.031621746,0.42037036,-0.26184995,-0.05130989,1.2318208,0.40627742,-0.065314859,1.0911237,0.37770499,0.0078810734
10.822703,-0.34698492,0.31798992,0.034936411,0.40813574,-0.26987674,-0.054760412,1.229446,0.38741912,-0.066554677,1.1072201,0.38476684,0.0054318401
10.825804,-0.35166903,0.32731693,0.038000195,0.39629872,-0.27510299,-0.058470761,1.225017,0.36559719,-0.067976574,1.1236972,0.39054626,0.0019949124
10.828905,-0.35608606,0.33526659,0.040587231,0.38391289,-0.27763089,-0.062331648,1.2184109,0.3406963,-0.069380496,1.1412998,0.39540157,-0.0023089351
10.832006,-0.36055166,0.34211507,0.042576362,0.37153806,-0.27752916,-0.06626262,1.2091295,0.31256192,-0.070705343,1.1607042,0.3997582,-0.0072457302
10.835108,-0.36490623,0.34789819,0.04386769,0.35932944,-0.27465979,-0.070089917,1.1986227,0.28177991,-0.071857996,1.1827624,0.40400245,-0.012306117
10.83821,-0.36860094,0.35262682,0.044455342,0.34723275,-0.2692213,-0.073871908,1.1864859,0.24819544,-0.072767475,1.2051665,0.40833771,-0.017173297
10.841311,-0.37159761,0.35635391,0.044186032,0.3354201,-0.26149587,-0.077516352,1.1723996,0.21179239,-0.07318942,1.227178,0.41296753,-0.021628478
10.844413,-0.37365326,0.35912706,0.043187844,0.32418962,-0.25095183,-0.080716665,1.1563334,0.17246576,-0.072760482,1.2484986,0.41796603,-0.025491666
10.847515,-0.37486899,0.36111271,0.041423783,0.31455565,-0.23708153,-0.083318044,1.1380955,0.13075741,-0.072623125,1.2688181,0.42334039,-0.028656623
10.850617,-0.37523062,0.36240156,0.038843831,0.3062399,-0.22011738,-0.085313711,1.1176165,0.08743443,-0.071747453,1.2880743,0.4290599,-0.031232802
10.853719,-0.3743472,0.36263354,0.03541258,0.29892495,-0.20028618,-0.086274299,1.0952335,0.042496964,-0.070368606,1.3062518,0.43490709,-0.03329527
10.856821,-0.37214385,0.36175559,0.031674696,0.29232441,-0.17788591,-0.086273445,1.0715898,-0.0033785695,-0.068398262,1.3233691,0.44060906,-0.034917735
10.859923,-0.36883379,0.35982051,0.027063039,0.2864672,-0.15282566,-0.084950852,1.0468093,-0.049370075,-0.066379285,1.339312,0.44592576,-0.036247656
10.863025,-0.3646461,0.35676823,0.021729468,0.28151403,-0.12511218,-0.082375136,1.0204483,-0.094264393,-0.064408156,1.3540891,0.45057245,-0.037393358
10.866126,-0.3590639,0.3526472,0.015939828,0.2769409,-0.095245038,-0.078735854,0.99453,-0.13758083,-0.06233093,1.3676589,0.45421369,-0.038447666
10.869227,-0.3521235,0.34740047,0.0098342938,0.27237449,-0.063487332,-0.07355008,0.9704425,-0.17860412,-0.060512717,1.3800524,0.45654835,-0.039536012
10.872329,-0.34408149,0.34115405,0.0034195466,0.26775972,-0.030086885,-0.067128051,0.94932245,-0.21675174,-0.059443439,1.3913139,0.45711984,-0.040749987
10.87543,-0.33487129,0.3340577,-0.003056457,0.26342942,0.0050330372,-0.058834313,0.93136172,-0.25120492,-0.059165212,1.401365,0.45581161,-0.042119115
10.878531,-0.324491,0.32607076,-0.0094946722,0.25933322,0.041387267,-0.049143203,0.91655739,-0.28174256,-0.059719081,1.4101018,0.452434,-0.043659973
10.881632,-0.31310266,0.31701353,-0.015716865,0.25462795,0.078246737,-0.038639797,0.90292518,-0.30840453,-0.060925352,1.4174639,0.44669239,-0.045419867
10.884733,-0.30104267,0.30695214,-0.021411048,0.24876092,0.11529862,-0.027166106,0.88939787,-0.33121786,-0.062764777,1.4232886,0.43752487,-0.047428649
10.887834,-0.28845416,0.29585656,-0.026615985,0.24260755,0.15240069,-0.015226352,0.87605378,-0.3502356,-0.06529921,1.427549,0.42597864,-0.049609137
10.890935,-0.27521948,0.28383113,-0.031441754,0.23630235,0.18962566,-0.0027882492,0.86296041,-0.36561628,-0.068605409,1.4299663,0.41199981,-0.051853941
10.894036,-0.26144938,0.27085374,-0.035438741,0.23026432,0.22606499,0.0084884985,0.84991728,-0.37752529,-0.072697629,1.4304234,0.3944956,-0.054045464
10.897137,-0.24759323,0.25680304,-0.038777525,0.224841,0.26014194,0.020175515,0.83784843,-0.38612294,-0.077537263,1.4285957,0.37442103,-0.056290315
10.900238,-0.23395758,0.24153815,-0.041346599,0.21972441,0.29203945,0.031969201,0.82703006,-0.39167135,-0.083024517,1.4246219,0.34982122,-0.058511823
10.903339,-0.22028832,0.22561651,-0.043374401,0.21540153,0.32202695,0.043088682,0.81864566,-0.39434096,-0.089018324,1.418268,0.32045749,-0.060630775
10.906439,-0.20642246,0.20876565,-0.045162565,0.21171648,0.35006363,0.053061787,0.81238417,-0.39428024,-0.095298473,1.4091014,0.28695704,-0.062375794
10.90954,-0.19262369,0.19114596,-0.045789932,0.20979389,0.37528874,0.061131014,0.8077808,-0.39167643,-0.10166176,1.3974253,0.24975762,-0.064132007
10.912641,-0.17904905,0.17284121,-0.045123148,0.21056674,0.39762638,0.067314959,0.80445501,-0.38681567,-0.10788262,1.3833266,0.20897935,-0.065530838
10.915742,-0.16581131,0.15361231,-0.043833743,0.21342372,0.41754442,0.071455344,0.80177178,-0.3801474,-0.11369556,1.3666871,0.16496721,-0.066500479
10.918843,-0.15295378,0.13369989,-0.042015619,0.21861328,0.43577555,0.072667883,0.7993305,-0.3717202,-0.1189184,1.3474201,0.11795794,-0.066705528
10.921944,-0.14044263,0.11316331,-0.039836127,0.22593154,0.45197075,0.071318496,0.79691018,-0.36154234,-0.12347249,1.3256129,0.068825932,-0.067375793
10.925045,-0.12946188,0.092408501,-0.037908569,0.23581985,0.46544236,0.067970188,0.79401379,-0.3492523,-0.12712331,1.3019575,0.018459007,-0.067265291
10.928146,-0.11981895,0.071441075,-0.035818078,0.24811153,0.47643267,0.062579656,0.79095428,-0.33466293,-0.12974776,1.2767628,-0.03237136,-0.066629065
10.931247,-0.11042407,0.050000985,-0.033164082,0.26287309,0.48528181,0.054847337,0.78724392,-0.31697812,-0.13122558,1.2513595,-0.083432861,-0.065469385
10.934348,-0.103074,0.02842949,-0.030425196,0.27973835,0.49222755,0.045473461,0.78298456,-0.29599523,-0.13129195,1.2263785,-0.13285817,-0.064030171
10.937449,-0.097442652,0.0069184243,-0.027965419,0.29894763,0.49709731,0.034754757,0.77787673,-0.2717313,-0.13029541,1.2033678,-0.17865997,-0.062209928
10.940551,-0.09338115,-0.014253812,-0.025714602,0.32025283,0.50062443,0.022881449,0.77239379,-0.24388157,-0.12768652,1.1843802,-0.22115395,-0.0600418
10.943652,-0.090159668,-0.034933975,-0.023625852,0.34346572,0.50325803,0.010311679,0.76652267,-0.21345414,-0.12338616,1.1691785,-0.25841668,-0.057686095
10.946753,-0.087416282,-0.054887094,-0.021551819,0.36853707,0.50506261,-0.0024362674,0.76063812,-0.17956003,-0.1174417,1.157023,-0.29135679,-0.055465544
10.949854,-0.085623075,-0.073013289,-0.019374543,0.39515377,0.50609146,-0.014983138,0.75463936,-0.14253057,-0.10965223,1.14629,-0.32119154,-0.053583468
10.952955,-0.084920013,-0.089762647,-0.017089089,0.42409713,0.50638577,-0.026981371,0.74843287,-0.10314275,-0.10017741,1.1364494,-0.34694925,-0.052338922
10.956055,-0.085585801,-0.10514002,-0.014808638,0.45548919,0.50608933,-0.038147229,0.74247311,-0.06121113,-0.089223934,1.1274056,-0.36835762,-0.051949061
10.959155,-0.087243756,-0.11916348,-0.012502235,0.48862654,0.50550094,-0.048313255,0.73653758,-0.017438956,-0.076986393,1.1194067,-0.38570233,-0.052483093
10.962256,-0.090035012,-0.13177843,-0.010174735,0.52271293,0.50461121,-0.057271849,0.73131346,0.02772033,-0.063578929,1.1120542,-0.39932402,-0.053858058
10.965356,-0.093746616,-0.14215309,-0.0079610552,0.55724947,0.50309184,-0.064983459,0.72567988,0.072851546,-0.049479779,1.1064927,-0.40958444,-0.056015723
10.968456,-0.098607112,-0.15062408,-0.0060774277,0.59141527,0.50074157,-0.071706757,0.72082142,0.1178454,-0.035088458,1.1033719,-0.41688166,-0.058945982
10.971556,-0.10402636,-0.1570465,-0.0041513077,0.62444853,0.49740482,-0.077030691,0.71683893,0.16201997,-0.020849772,1.1023376,-0.42162076,-0.062432685
10.974655,-0.11016727,-0.16167851,-0.0021891234,0.65484386,0.49348021,-0.080905805,0.71440019,0.20452872,-0.0068818953,1.1030152,-0.42408089,-0.066361443
10.977755,-0.11704658,-0.164435,-0.00054605536,0.68206216,0.48864387,-0.083472357,0.71345286,0.24311247,0.0061943974,1.1047098,-0.42467982,-0.070519839
10.980854,-0.12456502,-0.16553115,0.00093001328,0.70604695,0.4825424,-0.084902543,0.71407625,0.27848555,0.017956461,1.1071478,-0.42359338,-0.074777861
10.983953,-0.13260686,-0.16468417,0.002260314,0.72655003,0.47511697,-0.085521433,0.71683747,0.31044868,0.027694797,1.1102227,-0.42089907,-0.079039224
10.987053,-0.14105879,-0.16196102,0.0033578665,0.74371581,0.46593272,-0.085525868,0.72146615,0.33849604,0.034791177,1.1134273,-0.41675151,-0.083255554
10.990152,-0.149948,-0.15759578,0.0042151184,0.75741185,0.4547572,-0.085100665,0.73038464,0.36170229,0.039197668,1.1163038,-0.41113624,-0.087409086
10.99325,-0.15891808,-0.1515991,0.0046985386,0.76781798,0.44169867,-0.084294327,0.74148182,0.38063077,0.040967228,1.1184785,-0.40369251,-0.091389125
10.996349,-0.16794706,-0.14386524,0.0049504671,0.7754874,0.42676827,-0.083458069,0.75432145,0.3956769,0.040325058,1.1196722,-0.39416369,-0.095219494
10.999448,-0.17677655,-0.13443955,0.0049972456,0.78051176,0.40982951,-0.08256575,0.76871398,0.40740069,0.038000527,1.1196764,-0.3828062,-0.098826802
11.002546,-0.18519927,-0.12345472,0.0047768693,0.78271024,0.39068789,-0.081715908,0.78515778,0.4161529,0.034090821,1.1181531,-0.36906145,-0.1021871
11.005645,-0.19347403,-0.11100004,0.0043293037,0.78207704,0.36936573,-0.080803993,0.80363185,0.42266689,0.028255017,1.1149234,-0.35248779,-0.10509611
11.008743,-0.20162335,-0.097149099,0.0036214954,0.77924962,0.3462531,-0.079545347,0.82373388,0.42770682,0.020447411,1.1097334,-0.33292323,-0.10732323
11.011842,-0.20968226,-0.082017286,0.0028390165,0.77517355,0.32155676,-0.078438541,0.84509152,0.43185968,0.011439528,1.1025288,-0.3095485,-0.10889883
11.01494,-0.21752584,-0.065671902,0.0021144712,0.76956339,0.29502934,-0.077467154,0.86763981,0.43553809,0.0016990257,1.094227,-0.28256617,-0.10952031
11.018038,-0.22552231,-0.047930513,0.0013902361,0.76193715,0.26628212,-0.076794865,0.89128795,0.43913183,-0.0083201475,1.0843528,-0.25229332,-0.10900302
11.021136,-0.23293986,-0.029397596,0.0004228936,0.75265714,0.23542,-0.075026122,0.91805014,0.44263373,-0.018098983,1.0731367,-0.21819516,-0.10691829
11.024235,-0.23993934,-0.009460168,-0.00041759461,0.74120922,0.20341259,-0.073033761,0.94767741,0.44621536,-0.027255918,1.0613296,-0.1802786,-0.10393368
11.027333,-0.24651551,0.011320908,-0.0011897139,0.72742441,0.17028555,-0.071146714,0.97945722,0.44994134,-0.035544756,1.0487603,-0.13965587,-0.099383088
11.030431,-0.2526953,0.032372521,-0.0011788372,0.71144044,0.13572903,-0.069024651,1.0107779,0.45384902,-0.042757632,1.036307,-0.096066366,-0.09322036
11.033529,-0.25922504,0.053516623,-0.00058709948,0.69389578,0.099837021,-0.066445798,1.0406579,0.4578128,-0.048803556,1.0247497,-0.050036318,-0.085628834
11.036628,-0.26580284,0.075123242,8.9833717e-06,0.67475758,0.063317822,-0.063074186,1.0687116,0.46171589,-0.053611804,1.0150812,-0.0022000639,-0.076838509
11.039726,-0.27219462,0.097092325,0.00058438196,0.6531272,0.027209995,-0.059470163,1.0947589,0.46536412,-0.057127317,1.0071047,0.045905463,-0.06694688
11.042824,-0.27854394,0.11896299,0.001511018,0.630327,-0.0079383019,-0.05581653,1.1187622,0.46854281,-0.059599484,1.0012794,0.093196055,-0.056237233
11.045923,-0.28489723,0.14075322,0.0029003668,0.60681081,-0.042053211,-0.052129585,1.1407182,0.47099018,-0.061197106,0.99869085,0.13887565,-0.045232236
11.049021,-0.29114726,0.1618353,0.0051027358,0.58317898,-0.074803069,-0.048155084,1.1605382,0.4723653,-0.062147031,0.99961251,0.18195026,-0.03422557
11.05212,-0.29725782,0.18215606,0.0078820242,0.55911138,-0.1058123,-0.045099451,1.1780942,0.47251253,-0.062647249,1.003743,0.22097295,-0.023742886
11.055218,-0.30361759,0.20187207,0.010707654,0.53522483,-0.13505986,-0.043133347,1.193348,0.47097344,-0.062855249,1.0102087,0.25543093,-0.014293613
11.058317,-0.31021699,0.22098694,0.013853998,0.51216659,-0.1619391,-0.042305863,1.2062044,0.46746703,-0.062988553,1.0184763,0.28537228,-0.0060907107
11.061415,-0.31686761,0.23922035,0.01720529,0.49152306,-0.18632606,-0.042223419,1.2166384,0.46205693,-0.063165662,1.0284023,0.31076618,0.00056755993
11.064514,-0.32315407,0.25639928,0.020626563,0.47310399,-0.20820905,-0.04294702,1.2247694,0.4546862,-0.063504162,1.0399436,0.33167761,0.0051111591
11.067613,-0.32891942,0.27204739,0.024269708,0.45710292,-0.22732157,-0.044446004,1.2306164,0.44528907,-0.064086916,1.0528795,0.34863033,0.0076666387
11.070712,-0.33475761,0.28619976,0.027810288,0.44253604,-0.24306265,-0.046724652,1.234112,0.43334803,-0.064864328,1.0671964,0.36212211,0.008557215
11.073811,-0.34031147,0.298817,0.031266185,0.42912281,-0.25583466,-0.049635957,1.2351839,0.4190807,-0.065828405,1.0826216,0.37271625,0.0081869731
11.07691,-0.34574341,0.31021478,0.034651282,0.41631549,-0.26580494,-0.05289507,1.233818,0.40194983,-0.066973728,1.0985917,0.38100106,0.006509433
11.080009,-0.35078058,0.32039155,0.037933891,0.40442025,-0.27274925,-0.056514949,1.2307368,0.38214747,-0.068370875,1.1147,0.38764355,0.0038427695
11.083109,-0.35531,0.3291731,0.040849605,0.39242391,-0.27706596,-0.060416869,1.225578,0.35933765,-0.069833414,1.1315772,0.39312026,0.00021989452
11.086208,-0.35978519,0.3367034,0.043261295,0.37998702,-0.27865818,-0.064423322,1.2181565,0.33337942,-0.071293283,1.1495463,0.39780132,-0.0042000883
11.089308,-0.36428366,0.34324576,0.044975008,0.36764149,-0.27759878,-0.068426469,1.2079443,0.304086,-0.072695865,1.1699103,0.40206372,-0.0091237683
11.092407,-0.36835472,0.34855168,0.046110861,0.35548678,-0.27379439,-0.072315922,1.197074,0.27237225,-0.073819339,1.1923078,0.40632573,-0.014094205
11.095507,-0.37178562,0.35301074,0.046302969,0.34345904,-0.26749797,-0.076231599,1.1841969,0.23770192,-0.074686806,1.2145465,0.41074256,-0.018791373
11.098607,-0.37446275,0.35639695,0.045882492,0.33182576,-0.25894424,-0.079866834,1.1693667,0.20025693,-0.074923521,1.2363012,0.41549703,-0.023043825
11.101706,-0.3761121,0.35890984,0.044319671,0.32119623,-0.24721506,-0.082999685,1.1525936,0.15965998,-0.074568262,1.2572294,0.42059584,-0.026667642
11.104806,-0.37691336,0.3606639,0.042277115,0.31207149,-0.23234389,-0.085560114,1.1334096,0.11746603,-0.073996086,1.2771275,0.4261032,-0.029629516
11.107905,-0.3767824,0.36163646,0.039324323,0.30417685,-0.21435382,-0.087322844,1.1120341,0.073327549,-0.072922854,1.2959613,0.43190173,-0.032039592
11.111004,-0.37538093,0.36151933,0.035647178,0.29713557,-0.19365281,-0.088134992,1.0889801,0.02777596,-0.07125747,1.3137303,0.43773172,-0.033969186
11.114104,-0.37271735,0.36029785,0.031518212,0.29087524,-0.17042587,-0.087839496,1.0650982,-0.018574096,-0.06907942,1.3304181,0.44334143,-0.035505592
11.117202,-0.36899402,0.35800527,0.026540035,0.28528175,-0.14454274,-0.086178045,1.0391448,-0.064426856,-0.066915663,1.3459438,0.44849774,-0.036802272
11.120301,-0.36438237,0.35462171,0.020852206,0.28054924,-0.11614952,-0.083305612,1.0127962,-0.10917356,-0.064861352,1.3602869,0.45287918,-0.037947107
11.1234,-0.35830984,0.35009208,0.014781007,0.27598215,-0.085648988,-0.079251815,0.98716659,-0.15204994,-0.062766867,1.3734652,0.45615752,-0.039048323
11.126498,-0.35093232,0.34441992,0.0084133659,0.27131264,-0.053319987,-0.073793646,0.96389914,-0.19239496,-0.06105178,1.3854639,0.45802994,-0.040223166
11.129597,-0.3424872,0.33782251,0.0017947579,0.26679615,-0.019264614,-0.066742179,0.94382707,-0.229457,-0.060186186,1.3963609,0.45810866,-0.04153673
11.132695,-0.33283699,0.33040059,-0.004813737,0.26251494,0.016311053,-0.057943284,0.92702552,-0.2627142,-0.060112405,1.4060074,0.45623245,-0.043014392
11.135793,-0.32206592,0.32202766,-0.011382264,0.25853189,0.053001816,-0.047887842,0.91266399,-0.29209221,-0.060873344,1.4143349,0.45216336,-0.044674461
11.138891,-0.31040824,0.31263895,-0.01765209,0.25346205,0.090081472,-0.037004254,0.89909995,-0.31758497,-0.062208955,1.4212321,0.44570041,-0.046581439
11.14199,-0.29812942,0.30222496,-0.023354609,0.24739135,0.12732167,-0.025200685,0.88558956,-0.33916313,-0.064220723,1.426638,0.43568372,-0.04872161
11.145088,-0.28540367,0.29072133,-0.028665767,0.24115534,0.16458406,-0.012832777,0.87237735,-0.35703817,-0.066979634,1.4303227,0.42333889,-0.05100453
11.148186,-0.2719821,0.27834009,-0.033292158,0.23484022,0.20187954,-0.00057756086,0.85909978,-0.37127519,-0.070528481,1.4321167,0.40829864,-0.053333655
11.151283,-0.25816263,0.26496524,-0.037175494,0.22916054,0.23775877,0.010944925,0.8463866,-0.38207653,-0.074854381,1.4318145,0.38963006,-0.055576082
11.154381,-0.24433016,0.25055323,-0.040434211,0.22371892,0.27115185,0.023144478,0.8347344,-0.38962422,-0.079932805,1.4293437,0.36830415,-0.057906563
11.157479,-0.2308336,0.23493813,-0.04280975,0.21893565,0.30265348,0.034987921,0.82496142,-0.39420703,-0.08562376,1.4245869,0.34222862,-0.060201828
11.160577,-0.21714799,0.21877561,-0.045111556,0.21496468,0.33220641,0.04611816,0.81747962,-0.39595275,-0.091763087,1.4173951,0.31154017,-0.062358369
11.163675,-0.20328098,0.20170676,-0.046473748,0.21168902,0.35964894,0.055786491,0.81198891,-0.39501337,-0.098150313,1.4070259,0.27667406,-0.064131158
11.166773,-0.18949391,0.18388129,-0.046399892,0.21078902,0.38411631,0.063297804,0.80796933,-0.3916416,-0.10454931,1.3947446,0.23832485,-0.065847706
11.169871,-0.17603609,0.16522687,-0.045639393,0.21242799,0.40584397,0.069182617,0.8050816,-0.38610908,-0.11073361,1.3798272,0.1964186,-0.067198483
11.172969,-0.16296377,0.14569411,-0.044072642,0.21624342,0.42527885,0.072584851,0.80265114,-0.37879538,-0.11647141,1.3623863,0.15142027,-0.068041485
11.176067,-0.1502406,0.12555778,-0.042191605,0.22236384,0.44323198,0.072883223,0.80038859,-0.36975735,-0.12159455,1.3423375,0.10326424,-0.068235869
11.179165,-0.1382341,0.10497491,-0.040172378,0.2306977,0.45863023,0.070929703,0.79798661,-0.35896337,-0.12599103,1.3198511,0.05364177,-0.068671454
11.182263,-0.12766752,0.084085151,-0.038418759,0.24147574,0.47127199,0.066966537,0.7950624,-0.34587481,-0.12945749,1.295731,0.0029294462,-0.068393405
11.185361,-0.11828767,0.062931441,-0.036081592,0.25485499,0.48159479,0.060848242,0.79188202,-0.33033795,-0.13184843,1.270157,-0.048012588,-0.067622076
11.188459,-0.10938089,0.041376629,-0.033289667,0.2704503,0.48982051,0.052418477,0.78803847,-0.31157421,-0.13303281,1.2449721,-0.099342021,-0.066372615
11.191557,-0.10268144,0.019800513,-0.030538863,0.28816427,0.49613611,0.042468024,0.7835543,-0.28948154,-0.13283549,1.2202272,-0.14770227,-0.064775157
11.194656,-0.09779523,-0.0015624985,-0.02815489,0.30818315,0.50052225,0.031224079,0.77824542,-0.2642441,-0.13150728,1.1984407,-0.19276806,-0.062806532
11.197754,-0.094055662,-0.02256533,-0.025849332,0.33016359,0.50381657,0.018897019,0.7725978,-0.23552807,-0.12852175,1.1806691,-0.23413172,-0.060530641
11.200852,-0.090956321,-0.043005839,-0.023677097,0.35421559,0.50616897,0.0060794898,0.76660617,-0.2042113,-0.12381283,1.1664721,-0.26969677,-0.058130192
11.203951,-0.088452391,-0.062343945,-0.021339428,0.38002844,0.50775179,-0.0068202544,0.76079795,-0.16939079,-0.11736588,1.1549574,-0.30185636,-0.055940338
11.207049,-0.087067432,-0.079840294,-0.019114287,0.40761931,0.50849945,-0.01940832,0.75446886,-0.1316562,-0.10913438,1.1445448,-0.33074574,-0.054107842
11.210148,-0.086901726,-0.096010441,-0.016682132,0.43755586,0.50858148,-0.031337155,0.74827328,-0.091408858,-0.099201938,1.134877,-0.35524095,-0.052994061
11.213247,-0.087865724,-0.11084292,-0.01433117,0.46970107,0.50810219,-0.042375233,0.7422186,-0.048825457,-0.08783549,1.1261996,-0.37533234,-0.05277071
11.216346,-0.089906768,-0.12443508,-0.011938997,0.5032802,0.50740329,-0.052326425,0.73655954,-0.0043611929,-0.075281077,1.1184148,-0.3915394,-0.053485637
11.219444,-0.093002204,-0.13624207,-0.0094947691,0.537655,0.50623464,-0.061058302,0.73091543,0.040851529,-0.061554752,1.1113477,-0.40413371,-0.055036265
11.222543,-0.09709878,-0.14584718,-0.0072926456,0.57223932,0.50445502,-0.068617476,0.72545253,0.086163132,-0.047255157,1.1067473,-0.41346415,-0.057419156
11.225642,-0.10223027,-0.15353864,-0.0052277675,0.60616174,0.50178239,-0.075127044,0.72083807,0.13119824,-0.032762337,1.1044819,-0.41996086,-0.060520494
11.228741,-0.10789367,-0.15929304,-0.0032031392,0.63852027,0.49807997,-0.080112147,0.71725956,0.17519902,-0.018670594,1.1041684,-0.42400845,-0.064136012
11.231839,-0.11427809,-0.16317771,-0.0013410693,0.66774177,0.49385254,-0.083643577,0.71543472,0.21684671,-0.0045887156,1.1052809,-0.42589814,-0.068148176
11.234938,-0.12135771,-0.16525529,0.00033038851,0.69378903,0.4886216,-0.085912179,0.71489543,0.25471552,0.0082667064,1.107308,-0.4259962,-0.072324827
11.238036,-0.12902085,-0.16562545,0.0018329993,0.71647859,0.48207528,-0.087079255,0.71630647,0.28930983,0.019763357,1.1100489,-0.42444768,-0.076561352
11.241134,-0.13721808,-0.16401006,0.0031744953,0.73579504,0.47413054,-0.087539705,0.7198997,0.32028888,0.028912516,1.1133121,-0.42133049,-0.080783865
11.244232,-0.1457909,-0.16065377,0.0042310174,0.75171316,0.4643174,-0.087435805,0.72588743,0.347121,0.035482975,1.1165217,-0.4167701,-0.08496308
11.24733,-0.15469066,-0.15566618,0.0049914615,0.7641955,0.45252403,-0.086890467,0.73582656,0.36913728,0.039277916,1.1192796,-0.41070339,-0.089066132
11.250428,-0.16368447,-0.14896019,0.0054010922,0.77360676,0.43890422,-0.086092225,0.74767674,0.38699009,0.040372111,1.1212461,-0.40271436,-0.092997715
11.253525,-0.17274804,-0.14055881,0.0056275258,0.78025181,0.42323444,-0.085205102,0.76125413,0.4010895,0.03926593,1.1220578,-0.39271721,-0.09678438
11.256623,-0.18128837,-0.13047166,0.005589192,0.78428898,0.40554906,-0.084304186,0.77646896,0.41199607,0.036546011,1.1217706,-0.38066908,-0.10034662
11.25972,-0.18957949,-0.11889134,0.0052972939,0.78542891,0.38560851,-0.083551415,0.79380853,0.42009854,0.032187691,1.1198086,-0.36610425,-0.10367007
11.262818,-0.19774247,-0.10588115,0.0047654229,0.78382243,0.36348724,-0.082505921,0.81316704,0.42613349,0.025837348,1.1160509,-0.34860928,-0.10648982
11.265915,-0.20580305,-0.091531626,0.0040293408,0.78048115,0.33975976,-0.081255701,0.83385527,0.43091061,0.017647524,1.1103134,-0.3279687,-0.10867983
11.269013,-0.21373619,-0.075935231,0.00328615,0.77596309,0.31436685,-0.080198655,0.85557352,0.43494543,0.0084061997,1.102663,-0.30351212,-0.11010952
11.27211,-0.22150364,-0.059017419,0.002601219,0.76953918,0.28693866,-0.079278856,0.87847408,0.43862068,-0.0014598715,1.0938786,-0.27543314,-0.11055812
11.275207,-0.22934015,-0.040952708,0.0017456813,0.76115988,0.2572712,-0.078529701,0.90331559,0.44217766,-0.011494614,1.0835106,-0.24402276,-0.10980742
11.278305,-0.23659892,-0.022012859,0.00075123469,0.75108659,0.22570155,-0.076308335,0.93124689,0.44568476,-0.021163954,1.0719251,-0.20874984,-0.10753601
11.281402,-0.24346453,-0.0015586101,-0.00015219467,0.73882823,0.19308562,-0.074449349,0.96181591,0.44929923,-0.030132338,1.0597895,-0.16966789,-0.10424995
11.2845,-0.24981812,0.019449705,-0.00069787235,0.72413239,0.15936641,-0.072562261,0.99368054,0.45308136,-0.038155963,1.0470458,-0.12821164,-0.099367492
11.287597,-0.25614535,0.040483285,-0.00041204438,0.70741267,0.12417171,-0.070285809,1.0244421,0.4570203,-0.045101215,1.0346648,-0.083645873,-0.092880762
11.290694,-0.26284248,0.061826306,0.00018782841,0.68932539,0.087717582,-0.067416762,1.0535786,0.46098836,-0.05086446,1.0234499,-0.036817738,-0.085019349
11.293792,-0.26929547,0.083583586,0.00074534128,0.66926437,0.051063275,-0.063951648,1.080799,0.46487397,-0.055341113,1.0140786,0.011352543,-0.075960314
11.296889,-0.27572072,0.10552324,0.0014825121,0.64692936,0.014872975,-0.059972299,1.1060166,0.46846865,-0.0585778,1.0066687,0.059575519,-0.065927463
11.299987,-0.28215808,0.12754497,0.002627622,0.62360454,-0.020198136,-0.056382983,1.1292355,0.47149049,-0.060824458,1.0018894,0.10674397,-0.05505074
11.303085,-0.28852532,0.14892666,0.0043842679,0.59978816,-0.054060567,-0.052544049,1.1504226,0.47369519,-0.062264712,1.0004833,0.15207608,-0.044196423
11.306182,-0.29472835,0.1695709,0.0069357638,0.57581708,-0.086555588,-0.048665213,1.1694467,0.47477554,-0.063101647,1.0023904,0.19413505,-0.032958318
11.30928,-0.30095645,0.18968196,0.0097591831,0.55171904,-0.11733893,-0.045815284,1.1861704,0.47453519,-0.063555775,1.007369,0.2321934,-0.022656249
11.312378,-0.3074303,0.20909544,0.012713575,0.52785405,-0.14603498,-0.04415398,1.2005852,0.4723184,-0.063777263,1.0142811,0.26551823,-0.013391595
11.315476,-0.31432398,0.22782252,0.016026991,0.50555066,-0.1723673,-0.043441199,1.2126282,0.46829937,-0.063984313,1.0229573,0.29434101,-0.0055013485
11.318574,-0.32076015,0.24578186,0.019532389,0.48566597,-0.19620066,-0.043520674,1.2222258,0.46229112,-0.064261506,1.0335953,0.31853043,0.00079445018
11.321672,-0.32683046,0.26235224,0.023121161,0.46813101,-0.21749625,-0.044402507,1.2296138,0.45434175,-0.064755028,1.0456992,0.33836233,0.0049156597
11.32477,-0.33270972,0.27741794,0.026830975,0.45269031,-0.23543363,-0.046068948,1.2347006,0.44428391,-0.065454193,1.059176,0.35432576,0.0071612206
11.327868,-0.33843746,0.29096669,0.030507312,0.43849509,-0.2503162,-0.048542657,1.2374234,0.43171871,-0.066374154,1.0738564,0.36700637,0.007719029
11.330967,-0.34406059,0.30313267,0.034035993,0.42521688,-0.26225946,-0.051626623,1.2376631,0.41654149,-0.06745288,1.0896428,0.37691581,0.007124858
11.334065,-0.3493751,0.31411351,0.037512377,0.41241693,-0.27130726,-0.055070764,1.2357288,0.39856245,-0.068736523,1.1056905,0.38468922,0.0052409808
11.337163,-0.35428823,0.32378757,0.040779988,0.40056083,-0.27738531,-0.058884161,1.2319196,0.37772461,-0.070287313,1.1219389,0.39095143,0.0023980707
11.340261,-0.3587346,0.33211889,0.043578165,0.3883954,-0.28089374,-0.06296287,1.2260371,0.35382741,-0.071834143,1.1392562,0.39615694,-0.0013405468
11.343358,-0.363234,0.33933471,0.045782958,0.37603075,-0.28160299,-0.067072512,1.2177722,0.3267722,-0.073334507,1.1578721,0.40068842,-0.0058008581
11.346456,-0.36760619,0.34550109,0.047310564,0.3637979,-0.27963207,-0.071191746,1.2070133,0.29646904,-0.074713138,1.1791802,0.40489055,-0.010682181
11.349553,-0.37142579,0.35046804,0.048129568,0.351715,-0.27498239,-0.075200413,1.1954868,0.26368077,-0.075826512,1.2014953,0.40917379,-0.015549507
11.352651,-0.3745592,0.35461127,0.048023405,0.33975569,-0.26790351,-0.07924204,1.1818848,0.22796692,-0.076595136,1.2235064,0.41367305,-0.020089872
11.355748,-0.37681141,0.35770014,0.047273435,0.32822643,-0.25852499,-0.082924448,1.1663445,0.18945335,-0.076685315,1.244925,0.41853497,-0.024147808
11.358845,-0.37798935,0.35996525,0.045441026,0.31823295,-0.24585991,-0.086053866,1.148691,0.14776627,-0.076485737,1.2654198,0.42374721,-0.027565173
11.361942,-0.37836004,0.36147332,0.043022402,0.30962427,-0.23003387,-0.08859458,1.1286891,0.10465053,-0.075700323,1.2848939,0.42936166,-0.030363981
11.365038,-0.37765748,0.36208879,0.039645001,0.30211886,-0.21117317,-0.09014181,1.1065516,0.059674958,-0.074439038,1.3032999,0.43521101,-0.032648516
11.368135,-0.37563734,0.36160877,0.03572846,0.29533707,-0.18964569,-0.090800818,1.0828719,0.01348641,-0.072567822,1.3206613,0.44101984,-0.034487488
11.371232,-0.37243702,0.36009886,0.031095394,0.28938831,-0.16556202,-0.090250536,1.0585992,-0.033349778,-0.070281565,1.3369158,0.44655111,-0.035983541
11.374328,-0.36823942,0.35744157,0.025704081,0.28405793,-0.13884864,-0.088316548,1.0320432,-0.079332498,-0.06799729,1.3520293,0.4515411,-0.037281575
11.377424,-0.3630753,0.35366598,0.019655228,0.27949448,-0.1097392,-0.085295315,1.0056371,-0.12396022,-0.065808229,1.3659637,0.45568857,-0.038451594
11.38052,-0.35641868,0.34868847,0.013299797,0.27491154,-0.078578364,-0.08081845,0.9806253,-0.1664826,-0.063675317,1.378771,0.45864555,-0.039628372
11.383616,-0.34852382,0.34266835,0.006638344,0.2702569,-0.04563162,-0.075208393,0.9583358,-0.20627783,-0.062040039,1.3904093,0.46003089,-0.040904216
11.386712,-0.33953374,0.33577909,-0.00017934173,0.2658431,-0.01095309,-0.067626371,0.93921765,-0.24247219,-0.061257017,1.4009585,0.45956833,-0.042330517
11.389808,-0.32934942,0.32801917,-0.0069386457,0.26162383,0.025163744,-0.058346824,0.92339586,-0.27479883,-0.061353031,1.4102366,0.45715306,-0.043934958
11.392904,-0.31816187,0.31922441,-0.01361465,0.25739255,0.062165241,-0.047958691,0.9092677,-0.30320172,-0.062239176,1.4181787,0.45248358,-0.045738637
11.396,-0.30615529,0.3094475,-0.019908177,0.25205852,0.099531456,-0.036545719,0.89562639,-0.32767995,-0.06371451,1.4246289,0.44499126,-0.047815218
11.399096,-0.29365174,0.29862248,-0.025613992,0.24598994,0.1371076,-0.024482957,0.88213024,-0.34819529,-0.065903777,1.4296035,0.43437494,-0.050105603
11.402192,-0.28062031,0.28678664,-0.030901385,0.23974886,0.17474424,-0.011607575,0.86904181,-0.36499559,-0.068852066,1.4327881,0.42139007,-0.052503158
11.405287,-0.26693838,0.27405391,-0.035379373,0.23350802,0.21223432,0.00039375654,0.85581691,-0.37814549,-0.072602394,1.4340282,0.40542864,-0.054915978
11.408383,-0.25305711,0.26022249,-0.039184208,0.22810713,0.24764289,0.012280865,0.84352281,-0.38791138,-0.077136285,1.4330433,0.38610776,-0.057298108
11.411479,-0.23930618,0.24532353,-0.042288608,0.22294993,0.28073295,0.024749929,0.83237627,-0.3944439,-0.082411153,1.4299593,0.36354919,-0.05971458
11.414574,-0.22578424,0.22939321,-0.044664933,0.21860267,0.31195834,0.036693705,0.82369156,-0.39804916,-0.088289396,1.424497,0.33604427,-0.06207196
11.41767,-0.21194712,0.21291774,-0.046911994,0.21504661,0.34121027,0.047834077,0.81719095,-0.39895258,-0.094548702,1.4164886,0.30404071,-0.064239999
11.420766,-0.19804363,0.19544696,-0.047740597,0.21259674,0.36805086,0.057162365,0.8124901,-0.39727892,-0.10102047,1.4053311,0.26792218,-0.066076636
11.423862,-0.18441221,0.17725606,-0.047345566,0.21292959,0.39192894,0.064330544,0.80916008,-0.39321551,-0.10747678,1.3922324,0.22830065,-0.067774366
11.426958,-0.17109059,0.15821125,-0.046350271,0.21539615,0.41322936,0.069700543,0.8067199,-0.38705512,-0.11365496,1.3764621,0.18518102,-0.069108047
11.430054,-0.15816869,0.13831249,-0.044570405,0.22025723,0.43254749,0.072356971,0.80458243,-0.37904962,-0.11934542,1.3581589,0.13905771,-0.069894299
11.43315,-0.14552084,0.11770674,-0.042393327,0.22728644,0.44998199,0.071894905,0.80254289,-0.36935604,-0.12439549,1.3372362,0.089932681,-0.070360015
11.436246,-0.13416363,0.097004627,-0.040492707,0.23669505,0.4647155,0.069396905,0.8001785,-0.35782999,-0.12866884,1.3140516,0.039508354,-0.070595069
11.439342,-0.12426169,0.076008875,-0.038573874,0.24845349,0.47671361,0.064885251,0.79722124,-0.34401841,-0.13199553,1.2892852,-0.011720127,-0.070174596
11.442438,-0.11496938,0.054596815,-0.036061458,0.26279982,0.48645209,0.057976579,0.79393245,-0.327604,-0.1342255,1.2633918,-0.062889797,-0.069263974
11.445534,-0.10675943,0.032881601,-0.033202096,0.27927265,0.49416591,0.049105207,0.78998462,-0.3078715,-0.13517025,1.2381226,-0.11432565,-0.067938615
11.448631,-0.10061693,0.011206258,-0.030536966,0.2979279,0.49980901,0.038651993,0.78518828,-0.28478615,-0.13491325,1.2140834,-0.16197107,-0.066174695
11.451727,-0.096285123,-0.010122361,-0.028187171,0.31880517,0.50398369,0.026931969,0.77964219,-0.25853374,-0.13327618,1.1936606,-0.20635434,-0.064025277
11.454824,-0.09290221,-0.030945359,-0.025826408,0.34167391,0.50706542,0.014249293,0.77374188,-0.22898488,-0.12999128,1.1771018,-0.24639065,-0.061564565
11.45792,-0.090067407,-0.051152118,-0.023485673,0.36669709,0.50923633,0.0011869253,0.76752776,-0.19672313,-0.12497168,1.1638773,-0.28080993,-0.05908834
11.461017,-0.087939598,-0.069732172,-0.021064294,0.39328682,0.51060104,-0.011784593,0.76148368,-0.16105006,-0.11815507,1.1528034,-0.31229847,-0.056858319
11.464114,-0.086957421,-0.086826473,-0.018660519,0.42184029,0.51118176,-0.024329157,0.75488914,-0.12250859,-0.10961155,1.1427728,-0.3401244,-0.05499611
11.467211,-0.087282336,-0.10253837,-0.016148253,0.45277104,0.51110482,-0.036107307,0.74854412,-0.081422296,-0.099334653,1.1334089,-0.36352199,-0.053893897
11.470308,-0.088668795,-0.11690694,-0.013696591,0.48568662,0.51054962,-0.046938139,0.74221375,-0.038193951,-0.08762098,1.1251969,-0.38262645,-0.053720431
11.473405,-0.091209464,-0.12997916,-0.011164632,0.51971202,0.50976804,-0.056604255,0.73681862,0.0070121833,-0.074690134,1.1177471,-0.39783095,-0.054532154
11.476503,-0.094663778,-0.14087889,-0.0086626283,0.5543535,0.50837681,-0.065052723,0.73079072,0.052459523,-0.060666525,1.1115917,-0.40950219,-0.05623391
11.4796,-0.099289657,-0.14992747,-0.006458835,0.58885056,0.50631483,-0.07243271,0.72545798,0.098040987,-0.046090313,1.1079423,-0.41802001,-0.058770331
11.482697,-0.10452002,-0.1568702,-0.0042934619,0.62239368,0.50332813,-0.078540644,0.72103391,0.14320076,-0.031466499,1.1065194,-0.42381987,-0.061959045
11.485795,-0.11048836,-0.16199879,-0.0021111881,0.6535488,0.49937019,-0.083142949,0.71790052,0.18719429,-0.017226369,1.1068919,-0.42722294,-0.065638588
11.488893,-0.11717123,-0.16518949,-0.00027682685,0.68156852,0.494819,-0.086285142,0.71656242,0.22784723,-0.0032446449,1.1083622,-0.42860098,-0.069678101
11.491991,-0.12450956,-0.16662214,0.0014081274,0.70641871,0.48914981,-0.088221642,0.71665337,0.26518388,0.0094809851,1.1107183,-0.42825267,-0.073907271
11.495089,-0.13239182,-0.16633144,0.0029246573,0.72779843,0.48215188,-0.089113207,0.71895286,0.29912891,0.020619902,1.1138396,-0.42626801,-0.078172604
11.498187,-0.14077058,-0.16401108,0.0041611437,0.7458892,0.47364036,-0.089382895,0.72339326,0.32932247,0.029213545,1.1172512,-0.4227644,-0.08235111
11.501285,-0.1495647,-0.16002538,0.0051512048,0.7605563,0.46319156,-0.089120862,0.73144859,0.35495295,0.035180297,1.1204382,-0.41783865,-0.086488874
11.504383,-0.15848073,-0.15436371,0.0058035624,0.77183591,0.45077709,-0.088447204,0.74224231,0.37599748,0.038422404,1.1230832,-0.41136893,-0.090536349
11.50748,-0.16747304,-0.14695987,0.0061425331,0.78020779,0.43648056,-0.087618171,0.7548274,0.39294289,0.039018566,1.1248595,-0.40286955,-0.094429765
11.510578,-0.17640175,-0.13787404,0.0063200779,0.78587442,0.42009201,-0.086691441,0.76915095,0.40629982,0.03750864,1.1254133,-0.3924506,-0.098176466
11.513676,-0.1848789,-0.127158,0.0061712229,0.78881656,0.40157951,-0.085795309,0.78537858,0.41647044,0.034411078,1.124792,-0.37975186,-0.10172517
11.516773,-0.19311632,-0.11501446,0.0057705049,0.78893435,0.38081762,-0.084976064,0.80369041,0.42411164,0.029633737,1.1224393,-0.36440697,-0.10502742
11.519871,-0.20125017,-0.10147995,0.0051359558,0.78627282,0.35789334,-0.083761997,0.82376061,0.42988311,0.02283931,1.1181781,-0.34602397,-0.10776128
11.522968,-0.20923314,-0.086644318,0.0043647225,0.78239884,0.33335695,-0.082541659,0.84496075,0.43451321,0.014381603,1.1119096,-0.32423388,-0.10994147
11.526066,-0.2170623,-0.070559957,0.0036463402,0.77715436,0.30714052,-0.081530563,0.86710103,0.43849841,0.0049996705,1.1038272,-0.29877572,-0.11129425
11.529163,-0.22484959,-0.053080451,0.0029183663,0.76991507,0.27875303,-0.080706598,0.89036459,0.4422108,-0.0049007643,1.0945011,-0.2695989,-0.11166045
11.53226,-0.23247722,-0.034621326,0.001953325,0.76079835,0.2482037,-0.079602507,0.91656397,0.44575173,-0.014850831,1.0835839,-0.23702365,-0.11075269
11.535358,-0.23959623,-0.015130264,0.00099903947,0.74983379,0.21597939,-0.077426165,0.94573372,0.44929708,-0.024330286,1.071622,-0.20057992,-0.10841489
11.538455,-0.24633511,0.0057898388,3.2165531e-05,0.73655009,0.18276246,-0.075560985,0.97723837,0.45296654,-0.033031861,1.0590066,-0.16040708,-0.10494596
11.541552,-0.25261981,0.026982564,-0.00026079666,0.72089929,0.14825901,-0.07354807,1.0086783,0.45681634,-0.04074485,1.04603,-0.11786722,-0.099852172
11.54465,-0.25902023,0.04822898,0.00028369052,0.70342927,0.11233573,-0.071180132,1.0387787,0.46080824,-0.047379199,1.0336682,-0.072329804,-0.093158606
11.547747,-0.2657318,0.069780985,0.0007749456,0.68482907,0.075352651,-0.068088557,1.0670942,0.46480648,-0.052812856,1.0229085,-0.024610695,-0.085118681
11.550845,-0.27226156,0.091791617,0.0013217292,0.66378278,0.038441498,-0.06455936,1.0934452,0.46869099,-0.056912969,1.014031,0.02408872,-0.075812066
11.553942,-0.27876213,0.11367036,0.0023062799,0.64077201,0.0022521276,-0.060817373,1.1178229,0.4722111,-0.059864006,1.0070369,0.072378526,-0.065525671
11.55704,-0.28526571,0.13560896,0.0035569892,0.6169627,-0.032876134,-0.057222803,1.1402058,0.47506859,-0.061869992,1.0032308,0.11946848,-0.054593475
11.560137,-0.29169957,0.1567484,0.0056977131,0.59291547,-0.066719902,-0.053203261,1.1605675,0.47699683,-0.063138759,1.0026694,0.16456377,-0.043676069
11.563235,-0.29792776,0.17710814,0.0085352748,0.56874284,-0.099132411,-0.049497308,1.178706,0.47773887,-0.063867794,1.0054105,0.20579149,-0.032261123
11.566332,-0.30438125,0.19695971,0.011474011,0.54445074,-0.12974546,-0.046847149,1.1945464,0.47708006,-0.064259007,1.0108498,0.24285832,-0.022090385
11.56943,-0.31102271,0.21614307,0.014571325,0.52074337,-0.15801189,-0.045459052,1.2080962,0.47434056,-0.064500792,1.0182776,0.2751446,-0.0129918
11.572528,-0.31794313,0.23461231,0.018004934,0.49929788,-0.18389439,-0.044919717,1.2192911,0.46975704,-0.06477542,1.0273244,0.3029752,-0.0053239671
11.575626,-0.32436411,0.2521329,0.02164446,0.48033913,-0.2072709,-0.045187947,1.2280737,0.46312324,-0.065146917,1.038669,0.32606709,0.0006927869
11.578724,-0.33031092,0.26816132,0.025429793,0.4637675,-0.2277763,-0.04626479,1.234644,0.45445856,-0.065767073,1.0513432,0.34493718,0.0044775551
11.581822,-0.33626403,0.28266704,0.029207933,0.44872947,-0.24481685,-0.048181259,1.2389145,0.44365583,-0.066584562,1.0654067,0.36009157,0.0064561572
11.58492,-0.34192727,0.29561071,0.032904235,0.43477778,-0.25889678,-0.050898047,1.2408467,0.43036774,-0.067630863,1.0805609,0.37204485,0.0068016734
11.588017,-0.34756232,0.30743379,0.036490602,0.42146548,-0.27008332,-0.054176672,1.240169,0.4141899,-0.068872489,1.096635,0.38134299,0.0060251881
11.591115,-0.35274542,0.31800852,0.039999122,0.40907917,-0.27812345,-0.057833154,1.2376912,0.39533535,-0.070329863,1.1128177,0.38870343,0.0039961604
11.594213,-0.35735633,0.32730567,0.043129294,0.39699947,-0.2833708,-0.061858199,1.2331221,0.37342965,-0.072020079,1.1295904,0.39463849,0.0010214682
11.59731,-0.36184874,0.33535555,0.04576865,0.38478216,-0.28604362,-0.066072821,1.2264559,0.34843448,-0.073683531,1.1473835,0.39961153,-0.0027679561
11.600407,-0.36639367,0.34233841,0.047724003,0.37251869,-0.28593643,-0.070325566,1.2171839,0.32016625,-0.075221962,1.167023,0.40400653,-0.0072689602
11.603505,-0.37054532,0.3481279,0.049032195,0.36040135,-0.28308719,-0.07457785,1.2060122,0.28896078,-0.076630048,1.1891785,0.4082136,-0.012077053
11.606602,-0.37406602,0.35289389,0.04944523,0.34843114,-0.27751599,-0.078736062,1.1936881,0.25506629,-0.077789797,1.2112687,0.41256411,-0.016800131
11.609699,-0.37679893,0.35670051,0.049075863,0.33654927,-0.26965261,-0.082871964,1.1793057,0.21822034,-0.078465105,1.2329411,0.41718443,-0.021169842
11.612796,-0.37852394,0.35947668,0.047716686,0.32542504,-0.25942664,-0.086614142,1.1629406,0.17846574,-0.078408865,1.2539085,0.42218071,-0.025028559
11.615893,-0.37921859,0.36145561,0.045747564,0.3159963,-0.24589391,-0.089744472,1.1444226,0.13587404,-0.078351916,1.2738906,0.42754985,-0.028243052
11.618989,-0.3791186,0.3627137,0.042869594,0.30786452,-0.22906285,-0.092236742,1.1235322,0.09175556,-0.077561994,1.2928714,0.43328782,-0.030893297
11.622086,-0.37776115,0.36292754,0.039050498,0.30067907,-0.20932259,-0.09363626,1.1007196,0.045857439,-0.076227048,1.3107898,0.43918192,-0.033073338
11.625182,-0.37511386,0.3620723,0.03474314,0.2941913,-0.18693078,-0.094100363,1.0765174,-0.0010555037,-0.074252904,1.3276769,0.44497641,-0.034837637
11.628279,-0.37136987,0.36023255,0.029686391,0.28850981,-0.16193559,-0.093292777,1.05143,-0.048348822,-0.072022862,1.34346,0.45042625,-0.03631032
11.631375,-0.36667916,0.35720277,0.023838815,0.2833486,-0.13445541,-0.091126623,1.0246305,-0.094512697,-0.069805992,1.3581197,0.45527385,-0.037616161
11.634471,-0.3608463,0.3529903,0.017455282,0.27879338,-0.10456833,-0.087815647,0.9982499,-0.13909296,-0.067532523,1.3716302,0.45917548,-0.038834696
11.637568,-0.35354659,0.34763112,0.010798857,0.27422797,-0.072684306,-0.082825883,0.97392487,-0.18132498,-0.065345009,1.3840303,0.461817,-0.040098931
11.640664,-0.34506401,0.34121952,0.0038697401,0.26960142,-0.039033521,-0.076755737,0.95273066,-0.22066105,-0.063885564,1.3952874,0.46271959,-0.041487245
11.64376,-0.33544742,0.33398308,-0.0031080984,0.265253,-0.0036529529,-0.068625347,0.9347232,-0.25605194,-0.063157265,1.405468,0.46171169,-0.043040738
11.646856,-0.32472217,0.32581594,-0.010010138,0.26109079,0.033076334,-0.058882756,0.9196417,-0.28752209,-0.063419109,1.4143654,0.45871593,-0.044785425
11.649952,-0.31306923,0.31658785,-0.016737084,0.2564797,0.070473582,-0.048118862,0.90556715,-0.31497771,-0.064340339,1.4219335,0.45339334,-0.046737035
11.653048,-0.3007241,0.30636013,-0.023000416,0.2506995,0.10816162,-0.036253948,0.89188647,-0.33842197,-0.06588886,1.4279479,0.44465777,-0.048968121
11.656144,-0.28798793,0.29503443,-0.028822351,0.24466604,0.14617118,-0.023838782,0.87849994,-0.35794116,-0.068207062,1.4324313,0.43341167,-0.051396175
11.65924,-0.27462795,0.2827925,-0.033894001,0.23847092,0.18426451,-0.010753555,0.86526067,-0.3736614,-0.071304178,1.4350928,0.41974231,-0.053926191
11.662335,-0.26074869,0.26956021,-0.03818694,0.23247126,0.22177595,0.00109536,0.852484,-0.38574245,-0.075225557,1.4357747,0.40269805,-0.056434171
11.665431,-0.246824,0.25530841,-0.04182515,0.22735309,0.25695833,0.013423929,0.84080523,-0.3943961,-0.079954901,1.4341198,0.3828331,-0.058991239
11.668527,-0.23324336,0.23979049,-0.044669895,0.22256686,0.28996295,0.026053627,0.83081601,-0.39983741,-0.08539818,1.4303113,0.35875871,-0.061580135
11.671623,-0.21965643,0.2236006,-0.047051114,0.21869633,0.32097923,0.038093996,0.82323949,-0.40265336,-0.09140173,1.424069,0.32964693,-0.064077385
11.674719,-0.20565557,0.20655445,-0.048673136,0.21564394,0.35002796,0.049057967,0.81771286,-0.4027663,-0.097764672,1.4150977,0.2961287,-0.066310322
11.677815,-0.19181527,0.18866455,-0.048952789,0.21414919,0.37644317,0.058038374,0.81382523,-0.40029139,-0.10428519,1.4033007,0.25867689,-0.068363108
11.680911,-0.1783298,0.16998717,-0.048293792,0.21551679,0.39987004,0.064935525,0.81115763,-0.39548413,-0.11075178,1.3891983,0.21764597,-0.070129284
11.684008,-0.16516681,0.15035679,-0.04696863,0.21906135,0.42073593,0.069742483,0.80909797,-0.38870335,-0.1168794,1.3724364,0.17320909,-0.071478386
11.687104,-0.15237899,0.13004761,-0.045014937,0.22511147,0.43998624,0.071515992,0.80723587,-0.38006693,-0.12246286,1.3530217,0.12575927,-0.072137585
11.6902,-0.14023513,0.10918999,-0.042808909,0.23319781,0.45678407,0.070474712,0.80535254,-0.36966051,-0.12739574,1.3310196,0.075847605,-0.072795584
11.693297,-0.12944422,0.088122099,-0.041005728,0.24378225,0.47080751,0.067365429,0.80296215,-0.35740789,-0.13150688,1.3071046,0.024540044,-0.072940546
11.696393,-0.11998328,0.066763098,-0.038789776,0.25666894,0.48224874,0.06217763,0.79993546,-0.34283841,-0.13466996,1.2816647,-0.027296452,-0.072428969
11.69949,-0.11083913,0.044947027,-0.036042122,0.27203113,0.4914283,0.05446896,0.79649036,-0.3254794,-0.13671763,1.2558705,-0.079249328,-0.07131482
11.702586,-0.10382858,0.023023091,-0.033132291,0.28948891,0.49861369,0.044945725,0.79236095,-0.3046844,-0.13740886,1.2306405,-0.13018925,-0.069822791
11.705683,-0.098501838,0.0012405671,-0.030500113,0.30917256,0.50382209,0.033947414,0.78716819,-0.280682,-0.13695818,1.2075036,-0.17733011,-0.067884548
11.70878,-0.094645352,-0.020092403,-0.028088464,0.33109714,0.50777821,0.021758256,0.78129968,-0.25330323,-0.13505756,1.1884633,-0.22102347,-0.065513523
11.711877,-0.091501454,-0.040883532,-0.025688996,0.35505493,0.51066118,0.0087810282,0.77507414,-0.22296675,-0.13147412,1.1731661,-0.25965434,-0.062862742
11.714974,-0.08894707,-0.060590918,-0.023133169,0.38103106,0.51264474,-0.0044231771,0.76865238,-0.18962547,-0.12618328,1.1610453,-0.29331771,-0.060236881
11.718071,-0.087271596,-0.078622331,-0.020601789,0.40862704,0.51381424,-0.01738631,0.76219689,-0.15298223,-0.11902108,1.1503763,-0.32393982,-0.057887453
11.721168,-0.08675743,-0.095280252,-0.017979848,0.43824439,0.51421534,-0.029792748,0.75532957,-0.11340386,-0.11012788,1.1405905,-0.35058821,-0.055978144
11.724266,-0.087607595,-0.1105376,-0.01542078,0.47017384,0.51398172,-0.041367843,0.74884075,-0.071298011,-0.099489823,1.1317397,-0.3727419,-0.054872685
11.727363,-0.089526585,-0.12455754,-0.012864579,0.5038191,0.51333835,-0.051857579,0.74233839,-0.02720019,-0.087394256,1.1240259,-0.39070133,-0.054727727
11.730461,-0.092552164,-0.13688563,-0.010223929,0.53831174,0.51239991,-0.061183185,0.73676273,0.018654151,-0.074079972,1.1170046,-0.40483461,-0.055646758
11.733559,-0.09654033,-0.147104,-0.0077204957,0.57314554,0.51079031,-0.069305502,0.73068485,0.064567361,-0.05974417,1.1120061,-0.41552067,-0.05748186
11.736656,-0.10153109,-0.15542823,-0.0053897155,0.60740261,0.50841173,-0.076429799,0.72545924,0.11047236,-0.04489438,1.109438,-0.42315442,-0.06013275
11.739754,-0.10710221,-0.16162895,-0.0031549958,0.64029165,0.50507628,-0.081983406,0.72123597,0.15579579,-0.030122264,1.1089188,-0.42817584,-0.063377583
11.742852,-0.11342548,-0.16604277,-0.0010471166,0.67004693,0.50088195,-0.086037604,0.71862928,0.19967234,-0.015492311,1.1098153,-0.43089468,-0.067093683
11.74595,-0.12044451,-0.16851756,0.00080029998,0.69665378,0.49592698,-0.088695249,0.71758385,0.23965604,-0.0017028944,1.1117707,-0.43173286,-0.07112794
11.749047,-0.12808408,-0.16927086,0.002477151,0.71998213,0.48974941,-0.09018359,0.71853453,0.27629652,0.010819223,1.114589,-0.43090137,-0.075333938
11.752145,-0.13625177,-0.16816436,0.0039732466,0.73988436,0.48221421,-0.09082099,0.72185237,0.30945473,0.021500779,1.1180445,-0.42847779,-0.079599759
11.755242,-0.14485798,-0.16508224,0.0051121007,0.75649048,0.47296704,-0.090840979,0.72723594,0.33873798,0.029522962,1.1215899,-0.42460777,-0.083801427
11.758339,-0.15369039,-0.16032632,0.0060070801,0.76962955,0.46168899,-0.090406269,0.73692543,0.36318136,0.034816273,1.1247601,-0.41933522,-0.087901787
11.761436,-0.16257058,-0.15389762,0.0065672385,0.7795425,0.44848939,-0.089580577,0.74868359,0.38319564,0.037388744,1.1272521,-0.41240656,-0.091863215
11.764533,-0.17162503,-0.14574645,0.0068363262,0.78671543,0.43329272,-0.088731128,0.7622491,0.3991881,0.037434373,1.1288365,-0.40335804,-0.095730391
11.76763,-0.18025886,-0.13588196,0.0069127642,0.79122919,0.41599837,-0.087809821,0.77744538,0.41179966,0.035530355,1.1291161,-0.39247088,-0.099443193
11.770727,-0.18863875,-0.12446772,0.0066565328,0.79291591,0.39646671,-0.086979927,0.79475337,0.42127489,0.032059577,1.1281238,-0.37906368,-0.10299327
11.773823,-0.19685654,-0.11169915,0.0060943989,0.79186186,0.37470047,-0.086084624,0.8141412,0.42841697,0.026832398,1.1253419,-0.36288501,-0.10628543
11.77692,-0.20493888,-0.097586336,0.0053456412,0.78836365,0.35090882,-0.084813973,0.83495868,0.43394297,0.019595301,1.1205853,-0.3436192,-0.1089723
11.780016,-0.2128691,-0.082187498,0.0045088915,0.78355069,0.325362,-0.083677795,0.85667585,0.43847085,0.010900844,1.1137382,-0.32071615,-0.11112643
11.783113,-0.22057365,-0.065430106,0.0037184167,0.77744288,0.29809747,-0.082738988,0.87932337,0.44244891,0.0013987997,1.1053516,-0.2942833,-0.11242589
11.786209,-0.22847096,-0.047418647,0.0028595497,0.76929624,0.26856091,-0.082219545,0.90371647,0.44618486,-0.0085002847,1.0953931,-0.26399615,-0.11271986
11.789305,-0.23592598,-0.028509135,0.0017723422,0.75939817,0.23707638,-0.08054605,0.93128605,0.44974408,-0.018295995,1.0838909,-0.23013755,-0.11162785
11.792402,-0.24288554,-0.0082805719,0.00074433568,0.74747959,0.20424147,-0.078455974,0.96157899,0.45338733,-0.027525374,1.071609,-0.19259755,-0.10940955
11.795498,-0.24946059,0.013077356,-9.3168662e-05,0.73307338,0.17041769,-0.076696675,0.99346396,0.45714148,-0.035890683,1.0585072,-0.15128078,-0.10576059
11.798595,-0.2558771,0.034457576,-1.5862389e-05,0.71650441,0.13511852,-0.07457013,1.0242963,0.46112539,-0.04327096,1.0452879,-0.10751386,-0.1004684
11.801691,-0.26241416,0.055940314,0.00053086286,0.69828461,0.098453335,-0.072114044,1.053571,0.46519104,-0.049542078,1.0329475,-0.060941499,-0.09358956
11.804787,-0.26907037,0.077820252,0.0011217876,0.6787228,0.061111384,-0.068751094,1.0809705,0.46926353,-0.05453929,1.0226706,-0.012334079,-0.085391416
11.807884,-0.27563778,0.099851762,0.0017421455,0.65662852,0.023900498,-0.064938176,1.1063816,0.47315269,-0.058230391,1.0141476,0.03682864,-0.075988429
11.81098,-0.28221951,0.12186838,0.0028702186,0.63309789,-0.012317007,-0.061361786,1.1298476,0.47654135,-0.060873491,1.0078685,0.085299951,-0.065537049
11.814077,-0.28876379,0.14358313,0.0044629694,0.60894014,-0.047468285,-0.057741703,1.1513423,0.47918495,-0.06263446,1.0047782,0.13231628,-0.054518393
11.817173,-0.29512523,0.16443474,0.0068849815,0.58474399,-0.081427332,-0.053611627,1.1707725,0.48077227,-0.063713506,1.0050567,0.17695004,-0.043226202
11.82027,-0.30150431,0.1846819,0.0098631575,0.56051732,-0.11377252,-0.050293632,1.187936,0.48110944,-0.064354796,1.0086472,0.21734301,-0.032079254
11.823366,-0.30809919,0.20429855,0.012854051,0.5360925,-0.1440042,-0.048031381,1.2028067,0.47989498,-0.064689902,1.0145643,0.25344187,-0.021952097
11.826463,-0.31502087,0.22324191,0.016158934,0.51313341,-0.17198699,-0.046975191,1.2154248,0.47659919,-0.064972964,1.0225805,0.28475653,-0.012961728
11.82956,-0.32176369,0.24163449,0.019773413,0.49270119,-0.19742043,-0.04666554,1.2256695,0.47135718,-0.065331206,1.0324164,0.31151193,-0.005390243
11.832657,-0.32823273,0.25874173,0.023532242,0.47487416,-0.22030116,-0.047151805,1.2336052,0.46402145,-0.065822474,1.0443398,0.33360628,0.00031685497
11.835754,-0.33415314,0.27428197,0.027416857,0.45899854,-0.23962824,-0.04851807,1.2392721,0.454547,-0.066590533,1.0575647,0.35159858,0.003830999
11.838851,-0.33995293,0.28825363,0.031319629,0.44426431,-0.25593464,-0.050736736,1.2426721,0.44292779,-0.06755127,1.0721309,0.36595286,0.0055828303
11.841948,-0.34560421,0.30088077,0.035074977,0.43062221,-0.26922788,-0.053744402,1.2437141,0.42863569,-0.068737304,1.0878227,0.3772151,0.0057568691
11.845045,-0.35110656,0.312345,0.038720585,0.41744843,-0.27951997,-0.05721948,1.2421882,0.41136706,-0.070152468,1.104019,0.38600972,0.0048302224
11.848142,-0.35610636,0.32258943,0.042142152,0.40535378,-0.28667032,-0.061131712,1.2389631,0.39137315,-0.071818492,1.1203212,0.39302083,0.0026831138
11.85124,-0.36056109,0.33150908,0.045150895,0.3930457,-0.29109728,-0.065390765,1.2335834,0.36825632,-0.073618698,1.137673,0.39869143,-0.00038971112
11.854337,-0.3650487,0.33930721,0.047587095,0.38087563,-0.29282345,-0.069773356,1.2260306,0.34206834,-0.075424488,1.1559718,0.40350515,-0.0041940813
11.857435,-0.36939025,0.34593959,0.049328417,0.36895793,-0.29188999,-0.074214599,1.2154734,0.31240421,-0.077195815,1.1766673,0.40783928,-0.0087257025
11.860532,-0.37327409,0.35141867,0.050289681,0.35693973,-0.288098,-0.078590222,1.2042151,0.28022032,-0.078674713,1.1988504,0.41209219,-0.013421338
11.86363,-0.3764235,0.35592826,0.050341758,0.34503472,-0.28159968,-0.082939676,1.1909403,0.24502128,-0.079892008,1.2207679,0.41656589,-0.017970452
11.866728,-0.37866175,0.35931794,0.049680207,0.33325452,-0.27284681,-0.087178385,1.175641,0.20686536,-0.080491891,1.242145,0.42133133,-0.022146952
11.869825,-0.37967683,0.36185907,0.047738771,0.32287703,-0.26156436,-0.091007932,1.1583002,0.16555995,-0.080331066,1.2626767,0.42645163,-0.025784588
11.872923,-0.37982677,0.36358049,0.04528063,0.3140297,-0.24721522,-0.094174976,1.1385938,0.12210068,-0.0800696,1.2821987,0.43198817,-0.028809296
11.876021,-0.3790164,0.36448167,0.041870232,0.30636838,-0.22928239,-0.096585082,1.1166708,0.076724463,-0.079258527,1.3006992,0.43784167,-0.031323965
11.879118,-0.37693299,0.36435542,0.037728294,0.29954869,-0.20852939,-0.097908792,1.0929653,0.029821505,-0.07782116,1.3181623,0.44378072,-0.033408773
11.882215,-0.37361163,0.36314947,0.032932093,0.29343548,-0.18519329,-0.098176266,1.0683595,-0.017974209,-0.075722114,1.3345471,0.44954665,-0.035119802
11.885313,-0.36918424,0.36091126,0.027323292,0.28802669,-0.15921108,-0.09713018,1.0420658,-0.065575589,-0.073466986,1.3498644,0.45489711,-0.036584128
11.88841,-0.3638936,0.35749393,0.020968096,0.28303588,-0.13085467,-0.094755183,1.0152414,-0.11198531,-0.07137995,1.3640638,0.45953676,-0.037923464
11.891507,-0.35716657,0.35281867,0.01422071,0.27848157,-0.1001046,-0.091094847,0.98947575,-0.15652041,-0.069143948,1.377142,0.46310135,-0.039216461
11.894604,-0.34910757,0.34707358,0.0072128648,0.27381885,-0.067384335,-0.085708355,0.96610751,-0.19842195,-0.066992032,1.3891172,0.46530538,-0.040595426
11.897701,-0.33992517,0.34029253,2.6523478e-05,0.269264,-0.032908703,-0.078914148,0.94619063,-0.23697365,-0.065606522,1.4000122,0.46571599,-0.042108944
11.900797,-0.32963094,0.33263734,-0.0070964301,0.26495299,0.0032889391,-0.070314273,0.92954473,-0.27152644,-0.06498982,1.4097766,0.4641464,-0.043796305
11.903894,-0.31830747,0.32398386,-0.014109393,0.2609297,0.040765469,-0.0601928,0.91489765,-0.30203948,-0.06531418,1.418274,0.46047405,-0.045681774
11.906991,-0.30615676,0.31423437,-0.020807506,0.25593943,0.078733343,-0.048903191,0.90080461,-0.3284747,-0.066317019,1.4253935,0.45432313,-0.047816972
11.910087,-0.29350048,0.30345935,-0.026943636,0.24990855,0.11695041,-0.036556233,0.88723274,-0.35078238,-0.068007789,1.4309108,0.44465171,-0.050214987
11.913184,-0.28036764,0.29163823,-0.032568532,0.24380402,0.15547279,-0.023572693,0.87419745,-0.3691426,-0.070491213,1.4348228,0.43253788,-0.05279035
11.916281,-0.2666651,0.27887988,-0.037424709,0.23767245,0.19405762,-0.010530629,0.8611527,-0.38362532,-0.073756661,1.4368556,0.41783759,-0.055456247
11.919377,-0.25267433,0.26502649,-0.041488424,0.2320346,0.23150958,0.00163565,0.84906106,-0.39447797,-0.077876271,1.4368155,0.39937675,-0.058034451
11.922474,-0.23883429,0.25016718,-0.044959621,0.22719803,0.26644337,0.014551172,0.83816952,-0.40186741,-0.082819039,1.4344386,0.37805927,-0.06077449
11.92557,-0.22530414,0.23407098,-0.047521191,0.22291126,0.29948551,0.027376304,0.82972249,-0.40648559,-0.088448501,1.4297509,0.35197669,-0.063522951
11.928667,-0.2114659,0.21745198,-0.049689401,0.21957013,0.33042515,0.039520847,0.82346207,-0.40837566,-0.094583705,1.4225364,0.32107656,-0.066165391
11.931763,-0.1975069,0.19977259,-0.050718413,0.21694819,0.35929212,0.050065545,0.81910348,-0.40770887,-0.10104488,1.4122938,0.28593237,-0.06842737
11.93486,-0.18382347,0.18132429,-0.050416082,0.21674343,0.38530428,0.058664955,0.8161928,-0.40452718,-0.10760248,1.3996085,0.24699617,-0.070664958
11.937957,-0.17048073,0.16201119,-0.049444657,0.21930168,0.40839459,0.065010844,0.81416736,-0.39898601,-0.11404607,1.3844192,0.20453289,-0.072506829
11.941053,-0.15749518,0.14174132,-0.047658657,0.22418664,0.42919373,0.0691219,0.81255595,-0.39150301,-0.1201078,1.3665871,0.15876082,-0.073846098
11.94415,-0.14481688,0.12074641,-0.045370187,0.23150037,0.44796472,0.069934078,0.81101951,-0.38206345,-0.12557844,1.3460736,0.1097917,-0.074390497
11.947247,-0.13342116,0.099658838,-0.043373956,0.24087842,0.46401456,0.068228024,0.80927859,-0.37096651,-0.13036899,1.3230961,0.058866646,-0.075287135
11.950344,-0.12343047,0.078225671,-0.0414475,0.25270903,0.47732976,0.064453132,0.80680952,-0.35776534,-0.13432428,1.298566,0.006783608,-0.075280098
11.953441,-0.11406509,0.056376945,-0.038908433,0.26688589,0.48816932,0.058408394,0.80369204,-0.34223731,-0.13730669,1.272513,-0.045582112,-0.074625469
11.956538,-0.105866,0.034148755,-0.03595419,0.28341078,0.49678643,0.049932698,0.80004459,-0.3237799,-0.13918865,1.2470167,-0.098368205,-0.073337426
11.959635,-0.099678076,0.012023766,-0.033067085,0.30201822,0.50333775,0.03976816,0.7955843,-0.30179632,-0.13973146,1.2220511,-0.14861257,-0.071662785
11.962732,-0.095255273,-0.0098069573,-0.030541015,0.32300517,0.50834174,0.028227241,0.78996491,-0.27672488,-0.13907199,1.2004316,-0.19508098,-0.069430168
11.965829,-0.09184807,-0.031118894,-0.02803664,0.34612599,0.51203501,0.015560341,0.78365696,-0.24804507,-0.13693108,1.1828732,-0.23790691,-0.06677489
11.968927,-0.089012019,-0.051726172,-0.025492994,0.37137802,0.5146934,0.0023440065,0.77701788,-0.21667016,-0.13306262,1.168943,-0.27506656,-0.063861145
11.972024,-0.086803378,-0.070722423,-0.022818917,0.39831137,0.51647204,-0.010912402,0.770368,-0.18197324,-0.12747389,1.1576027,-0.30780948,-0.061059159
11.975121,-0.085735539,-0.088356207,-0.020092003,0.42709542,0.51741391,-0.023763308,0.76330978,-0.14422661,-0.11996466,1.1475051,-0.33734871,-0.058574411
11.978219,-0.085987282,-0.10453133,-0.017367644,0.45798331,0.517657,-0.035921744,0.75610525,-0.10338863,-0.1107155,1.1381282,-0.36261164,-0.056602272
11.981316,-0.087382998,-0.11935464,-0.014727661,0.49088808,0.51730974,-0.047169901,0.74935863,-0.060158224,-0.099677443,1.1299702,-0.38339363,-0.055492201
11.984413,-0.089956689,-0.13285058,-0.012006262,0.52512794,0.51662476,-0.057237928,0.74284616,-0.014987193,-0.087243009,1.1227625,-0.40003994,-0.055394297
11.98751,-0.093467032,-0.14418218,-0.0093221006,0.55994852,0.51542814,-0.066137066,0.73686019,0.031320607,-0.073457589,1.1166557,-0.41296473,-0.056319287
11.990607,-0.098186353,-0.15382161,-0.0067327485,0.59468441,0.51352691,-0.073937872,0.73081173,0.077766643,-0.058828841,1.1130516,-0.42255023,-0.05817201
11.993704,-0.1034099,-0.16121281,-0.0043703003,0.62844242,0.5107773,-0.080481193,0.7257457,0.12398197,-0.043852502,1.111724,-0.42920955,-0.060897349
11.996801,-0.10944341,-0.16674476,-0.0020001051,0.65975939,0.50702964,-0.085456876,0.72186301,0.16945127,-0.029038109,1.1120431,-0.43335804,-0.064259458
11.999897,-0.11615536,-0.17027659,9.1185947e-06,0.68788946,0.50252318,-0.08891974,0.7199798,0.21281597,-0.014240995,1.1136012,-0.43533689,-0.068039687
12.002994,-0.12357176,-0.1719801,0.0018549799,0.71288408,0.49704403,-0.091062897,0.7195244,0.25223333,-0.00056791357,1.1161403,-0.43555177,-0.072083919
12.00609,-0.13154292,-0.17197786,0.003503884,0.73447375,0.49026253,-0.09210587,0.72145208,0.2881539,0.011772334,1.1196177,-0.43423959,-0.07626906
12.009186,-0.14007002,-0.16990767,0.0049014941,0.752727,0.48205137,-0.092431863,0.7260117,0.32044821,0.021960092,1.1233502,-0.43140958,-0.080501268
12.012282,-0.14886772,-0.16605594,0.0059523263,0.76760657,0.4719881,-0.092220695,0.73318004,0.34862822,0.029469116,1.1270182,-0.42717693,-0.084707018
12.015378,-0.1577018,-0.16051091,0.006700404,0.77916766,0.45986392,-0.091551935,0.74407926,0.37187536,0.034065013,1.1301502,-0.42154217,-0.088822335
12.018474,-0.16663144,-0.15321591,0.007086524,0.78765442,0.44581721,-0.090663745,0.75682809,0.3908,0.036002304,1.1324841,-0.41405493,-0.092742809
12.021569,-0.17561726,-0.14422653,0.0072587586,0.7934013,0.42962917,-0.089729342,0.77143285,0.40585484,0.035482845,1.1338094,-0.40451721,-0.096560029
12.024665,-0.18416616,-0.13355229,0.0071403963,0.7965416,0.41133166,-0.088827322,0.78768437,0.41766648,0.033236976,1.13365,-0.39293374,-0.1002317
12.027761,-0.1924575,-0.12149095,0.0066551604,0.79683395,0.3906767,-0.088050586,0.80615304,0.42648802,0.029395507,1.132078,-0.37871638,-0.10377564
12.030856,-0.20065846,-0.10807779,0.0059163503,0.79450119,0.36775474,-0.086974099,0.82649729,0.43321568,0.023675375,1.1286737,-0.36154965,-0.10705763
12.033951,-0.20863814,-0.093325263,0.0050704919,0.79018725,0.34292041,-0.085706676,0.8480279,0.43851946,0.015963856,1.1234014,-0.34123015,-0.10974231
12.037047,-0.21648099,-0.077202376,0.0041755275,0.78472289,0.31645129,-0.084741092,0.87034542,0.44297985,0.0070814712,1.1158707,-0.31703092,-0.11188209
12.040142,-0.22416261,-0.059698696,0.0033379233,0.77745738,0.28794491,-0.083917625,0.8936342,0.44697792,-0.0024896956,1.1070128,-0.2893587,-0.11318308
12.043237,-0.23183152,-0.04114479,0.0023105867,0.76823209,0.25727344,-0.083301052,0.91963247,0.45068779,-0.012343482,1.0963852,-0.25781573,-0.11344323
12.046332,-0.23907863,-0.021627798,0.0011540359,0.75740951,0.22469206,-0.081052902,0.94862811,0.45428642,-0.02194058,1.0843378,-0.2224429,-0.11216236
12.049428,-0.24595389,-0.00052765132,-4.6986092e-05,0.74440231,0.19099248,-0.079038,0.97999278,0.45799607,-0.030864529,1.0715795,-0.18356338,-0.10995131
12.052523,-0.2523405,0.021041172,-0.00060924101,0.72886664,0.15632774,-0.077339062,1.0113292,0.46190736,-0.038880308,1.0581023,-0.14087004,-0.10622074
12.055618,-0.2588366,0.042565138,-0.00020421585,0.71131232,0.12015168,-0.07522445,1.0413321,0.46598371,-0.045889124,1.0447255,-0.095733558,-0.1008208
12.058713,-0.26554965,0.06437565,0.00032676326,0.69229528,0.082742578,-0.0725728,1.0695898,0.47009366,-0.051744977,1.0325742,-0.047996853,-0.093832344
12.061808,-0.27220583,0.08663738,0.00072264617,0.67172902,0.0449663,-0.069176874,1.0958918,0.47417206,-0.056262469,1.022441,0.0013856374,-0.085359666
12.064904,-0.27882691,0.10871685,0.0015975561,0.64859569,0.0075738523,-0.065614967,1.1202116,0.47796891,-0.059537011,1.0144939,0.051081674,-0.075798734
12.067999,-0.28545327,0.13091626,0.0029237388,0.62451548,-0.028841076,-0.062068646,1.1426039,0.48116383,-0.061853432,1.0092079,0.099767509,-0.065204322
12.071094,-0.29196445,0.15239578,0.0049923511,0.60009911,-0.064044252,-0.058318701,1.1630452,0.48351798,-0.063368663,1.0070436,0.14665783,-0.054160394
12.07419,-0.29841411,0.17297621,0.0078093399,0.57587258,-0.098109082,-0.05429873,1.181381,0.48467682,-0.064264439,1.0082735,0.19043352,-0.042550442
12.077285,-0.30496581,0.19312676,0.010888972,0.55108401,-0.13017993,-0.051309321,1.1974355,0.48448927,-0.064796011,1.0125522,0.2300838,-0.031455774
12.08038,-0.31171946,0.21255243,0.014041025,0.52704742,-0.16006357,-0.049507937,1.2111874,0.48242245,-0.065100991,1.0190651,0.26513729,-0.02138666
12.083476,-0.31886432,0.23151625,0.01755873,0.50522016,-0.18762247,-0.04874897,1.2227184,0.47847575,-0.065446428,1.0277261,0.29540262,-0.01255167
12.086572,-0.32543591,0.24950597,0.021345812,0.48617479,-0.21274902,-0.048652621,1.2318875,0.47246838,-0.065882595,1.0385895,0.32095102,-0.0051650158
12.089667,-0.33157736,0.26608225,0.025260153,0.46943636,-0.23431464,-0.049446181,1.2388416,0.46434905,-0.066532492,1.0510906,0.34198151,0.00023465143
12.092763,-0.33757148,0.2811018,0.029249628,0.45394702,-0.25273996,-0.051135183,1.2435314,0.45397759,-0.06742768,1.0648974,0.35901678,0.0034671361
12.095859,-0.3433438,0.29451976,0.033200645,0.43953872,-0.26818065,-0.053698218,1.2459604,0.4415467,-0.068562091,1.0799657,0.37250748,0.0049143895
12.098955,-0.34903064,0.30686868,0.037026188,0.42587567,-0.28057634,-0.057004299,1.2459746,0.42603565,-0.06993906,1.0961568,0.38305119,0.0049010299
12.102051,-0.35435714,0.31797662,0.040719988,0.4132607,-0.2897069,-0.060688858,1.2436453,0.40758921,-0.07150256,1.1124586,0.3913046,0.0037940292
12.105147,-0.35908566,0.32789162,0.044052965,0.40114283,-0.29586853,-0.064857122,1.2394707,0.38626318,-0.073395047,1.1292577,0.39789104,0.0014881062
12.108243,-0.36351272,0.33654545,0.04689933,0.38885736,-0.29936593,-0.069360324,1.2331745,0.36174007,-0.075334228,1.1470539,0.40329424,-0.0016593933
12.111339,-0.36796218,0.3440622,0.049075815,0.37685765,-0.30006442,-0.073891281,1.2245971,0.3341879,-0.077250389,1.1662246,0.40794163,-0.0054941412
12.114436,-0.3720229,0.35024573,0.050520295,0.36514789,-0.29813404,-0.078514441,1.213241,0.3031852,-0.079087931,1.1879526,0.41221495,-0.0099784888
12.117532,-0.3755293,0.35543169,0.051068999,0.35328684,-0.29325056,-0.083034707,1.2011214,0.26966546,-0.080654269,1.209858,0.41651394,-0.014568714
12.120629,-0.37817399,0.359585,0.05073386,0.34146231,-0.28576273,-0.087580497,1.1869194,0.23305259,-0.081870147,1.2313425,0.42110652,-0.018953542
12.123726,-0.37971405,0.36261139,0.049345091,0.33041474,-0.27599833,-0.091913183,1.1707066,0.19349036,-0.082445745,1.2521722,0.42599643,-0.022955235
12.126822,-0.38006564,0.36479684,0.047213798,0.32078354,-0.26355852,-0.095793396,1.1523777,0.15051608,-0.082630735,1.2720941,0.43124297,-0.026388913
12.129919,-0.37962694,0.36620875,0.044229328,0.31252684,-0.24807965,-0.099037514,1.131633,0.10598494,-0.082279014,1.2910254,0.43691413,-0.029255711
12.133016,-0.37802226,0.36669145,0.0402632,0.30529712,-0.22909566,-0.10131995,1.1087961,0.059415087,-0.081335145,1.3089194,0.44284088,-0.031654129
12.136113,-0.37509337,0.36609282,0.035690302,0.29871253,-0.20728706,-0.1026036,1.0843477,0.011532995,-0.079734509,1.3258009,0.44877914,-0.033659215
12.13921,-0.37101641,0.36447749,0.030322943,0.29294829,-0.18288882,-0.10263223,1.0593265,-0.037097151,-0.077576728,1.3415844,0.45448343,-0.035336793
12.142306,-0.3658577,0.36181853,0.024199637,0.28779742,-0.15584439,-0.10126688,1.0322494,-0.084937633,-0.075346276,1.3563524,0.45966385,-0.036820121
12.145403,-0.35969829,0.35790715,0.017429766,0.28298663,-0.12647743,-0.098722542,1.0052517,-0.13142526,-0.073188709,1.370023,0.46400616,-0.038218298
12.148499,-0.35207675,0.3527462,0.010366776,0.27835982,-0.094761395,-0.094638533,0.98037798,-0.17573254,-0.070915588,1.3826158,0.46717139,-0.039618375
12.151595,-0.34322064,0.3464759,0.0030487322,0.27364439,-0.061103405,-0.088993037,0.95851061,-0.21718808,-0.068843346,1.394101,0.46875773,-0.041135651
12.154691,-0.33327496,0.33930239,-0.0042961754,0.26916898,-0.025614593,-0.081543343,0.93993289,-0.25477715,-0.067507922,1.4045768,0.46845006,-0.042801942
12.157787,-0.32222838,0.33115778,-0.011521835,0.2648913,0.011437174,-0.072418986,0.92437346,-0.28828688,-0.066994674,1.4138868,0.46619299,-0.044644048
12.160883,-0.3102855,0.32191007,-0.018527789,0.26059624,0.049532647,-0.061803296,0.90985548,-0.31769338,-0.067393371,1.4219154,0.46171145,-0.046703693
12.163979,-0.29770552,0.31160668,-0.025143387,0.25536249,0.088150803,-0.049921645,0.89591127,-0.34288399,-0.068438581,1.4284803,0.45410763,-0.049047964
12.167075,-0.28474008,0.30020365,-0.031190826,0.24926254,0.12699248,-0.037091454,0.88250769,-0.36387955,-0.070249303,1.4334474,0.44370665,-0.051619109
12.17017,-0.27123021,0.2878798,-0.036576944,0.24315457,0.16619988,-0.023321246,0.869528,-0.38084565,-0.072851386,1.4367151,0.43074816,-0.054346438
12.173266,-0.25722505,0.27450008,-0.041104807,0.23714043,0.20520992,-0.010773183,0.85713208,-0.39396216,-0.076302051,1.4380418,0.41475102,-0.057127407
12.176361,-0.24323841,0.26000975,-0.044980731,0.23193493,0.24239543,0.0019508415,0.84594694,-0.40340629,-0.080630719,1.4370587,0.39532187,-0.059867481
12.179457,-0.22953664,0.24441501,-0.048025844,0.22751329,0.27725041,0.015210523,0.8366075,-0.40984062,-0.085762152,1.4339341,0.37242397,-0.062731043
12.182553,-0.21587608,0.22788976,-0.050104713,0.2238138,0.31014861,0.028199045,0.82969676,-0.41360012,-0.091538963,1.4283358,0.34425603,-0.065592653
12.185648,-0.20188547,0.21049912,-0.051817968,0.22113854,0.34097901,0.040382368,0.82481321,-0.41452937,-0.097764556,1.4200838,0.31162063,-0.068307708
12.188744,-0.18807833,0.19218846,-0.052252394,0.21955279,0.36946047,0.050533322,0.82162909,-0.4128344,-0.10427619,1.4085536,0.27471741,-0.070617487
12.191839,-0.17461579,0.17308386,-0.051565684,0.22089698,0.39489375,0.058637436,0.81953743,-0.40872134,-0.11084891,1.3950223,0.23416598,-0.072873846
12.194935,-0.16149989,0.15301253,-0.050226126,0.22466607,0.41752098,0.064344306,0.81803218,-0.40240993,-0.11721544,1.3788097,0.19007504,-0.074743094
12.19803,-0.1486279,0.13208222,-0.048078537,0.23105154,0.43819127,0.067474977,0.81680753,-0.39420989,-0.12319261,1.3599644,0.14278879,-0.076055074
12.201126,-0.136674,0.1106671,-0.04576721,0.23945418,0.45631011,0.067316068,0.81548207,-0.3841235,-0.12852938,1.3384224,0.092244888,-0.076885357
12.204222,-0.12602013,0.08910803,-0.043887781,0.25013862,0.4715949,0.064969671,0.8136963,-0.37205532,-0.13315336,1.3146094,0.040263952,-0.077505431
12.207317,-0.11656129,0.067161596,-0.041576163,0.2633666,0.48415607,0.060504547,0.81105118,-0.35781074,-0.13692883,1.2892221,-0.012608789,-0.077359111
12.210413,-0.10763062,0.044754133,-0.038771596,0.27883479,0.49433021,0.053483205,0.80772549,-0.34126898,-0.13974935,1.2629771,-0.065452936,-0.076549271
12.213509,-0.10063791,0.022192276,-0.035683062,0.2965618,0.50225444,0.044437712,0.80375092,-0.32158446,-0.14145133,1.2375573,-0.11875379,-0.07519493
12.216605,-0.095240347,-0.00021393479,-0.03292318,0.31657741,0.50846408,0.033688236,0.79879692,-0.29838026,-0.1419371,1.21357,-0.16814674,-0.073219592
12.2197,-0.091539897,-0.022080841,-0.030407599,0.3389865,0.51308971,0.021626296,0.7926702,-0.27206875,-0.14106399,1.1936213,-0.21375808,-0.070666058
12.222796,-0.088466086,-0.043559508,-0.027801797,0.36341626,0.51653143,0.0086399419,0.78587382,-0.24199205,-0.1386707,1.1775454,-0.2549291,-0.067684446
12.225892,-0.085985222,-0.063528614,-0.025038365,0.38978037,0.51893922,-0.0046683119,0.77878476,-0.2093498,-0.13450625,1.1648897,-0.29078563,-0.064597441
12.228989,-0.084333754,-0.08204544,-0.022318278,0.41786012,0.52053554,-0.017825153,0.77175134,-0.1733095,-0.12858085,1.1541812,-0.32250662,-0.061670188
12.232085,-0.083888359,-0.099195579,-0.019355097,0.44761417,0.52124393,-0.030429287,0.76414344,-0.13429404,-0.12075397,1.1446125,-0.3508124,-0.059070033
12.235181,-0.084852584,-0.11486532,-0.01660154,0.47967337,0.52127426,-0.042236863,0.75659679,-0.092156479,-0.11115232,1.1359085,-0.37458932,-0.057053498
12.238277,-0.086984379,-0.12940102,-0.013839939,0.51344018,0.52081338,-0.052989721,0.74961637,-0.047792582,-0.099724026,1.1285667,-0.39392009,-0.055942305
12.241374,-0.090156472,-0.14176574,-0.011001691,0.54815057,0.52001346,-0.062586504,0.74334321,-0.0014373344,-0.086849971,1.1220246,-0.40922836,-0.055981093
12.24447,-0.09439339,-0.15247432,-0.0082679455,0.5831078,0.51851098,-0.071048699,0.73658938,0.045272601,-0.072639511,1.117352,-0.42094997,-0.05694048
12.247566,-0.099470321,-0.16124608,-0.0057250985,0.61746108,0.51625774,-0.078435255,0.73067496,0.092219893,-0.057664184,1.1150941,-0.42945696,-0.058760593
12.250662,-0.10519745,-0.16780671,-0.0032711037,0.65011402,0.51308084,-0.084236317,0.72586959,0.13874,-0.042513762,1.1147981,-0.43517361,-0.061300828
12.253757,-0.11168855,-0.17255985,-0.00098189204,0.67962744,0.50903218,-0.088534612,0.72262767,0.18433905,-0.027650183,1.1158601,-0.43846907,-0.06458668
12.256853,-0.11886611,-0.17524269,0.0010157532,0.70600479,0.50409788,-0.091333692,0.72108385,0.22663857,-0.012870951,1.1181188,-0.43975077,-0.068497993
12.259948,-0.12666105,-0.17614484,0.0028260481,0.72912357,0.49798574,-0.092934624,0.72174483,0.26544278,0.00063080495,1.1214096,-0.43941964,-0.072677638
12.263044,-0.13503586,-0.17521336,0.0044502774,0.74883282,0.49050335,-0.093572519,0.72506536,0.3005118,0.012643511,1.1252686,-0.43759168,-0.076943575
12.266139,-0.14387123,-0.17222023,0.0056630394,0.76524993,0.48141188,-0.093604755,0.73086997,0.33190251,0.022214037,1.1291613,-0.43429936,-0.081210456
12.269234,-0.15264911,-0.1674591,0.006582906,0.77827278,0.47036187,-0.093176017,0.7403062,0.3586,0.02912699,1.1328086,-0.42968872,-0.085433619
12.272329,-0.16157247,-0.16105354,0.0071530552,0.78815973,0.45725918,-0.092373067,0.75221944,0.38065266,0.033138644,1.1358082,-0.42357134,-0.08958723
12.275424,-0.17059516,-0.15287045,0.0073774095,0.79509969,0.44211036,-0.091477759,0.76605281,0.39851005,0.034492976,1.1378536,-0.41542154,-0.093578337
12.278519,-0.17923746,-0.14299509,0.0074695644,0.79939207,0.42472395,-0.090526179,0.78169783,0.41265301,0.033446884,1.1386525,-0.40536731,-0.097390491
12.281614,-0.18768928,-0.13158213,0.007123021,0.80094919,0.4051401,-0.089703129,0.79927047,0.42354916,0.030780692,1.1378794,-0.39292051,-0.10108154
12.284709,-0.19600259,-0.11881221,0.0063840559,0.79978491,0.38322594,-0.088915783,0.81896432,0.43180199,0.026536629,1.1356037,-0.37768172,-0.10463365
12.287803,-0.20409249,-0.10470674,0.0055174253,0.79584376,0.35897898,-0.087739991,0.84016701,0.43816934,0.02032313,1.1313965,-0.35946906,-0.107871
12.290898,-0.21199943,-0.08915494,0.0045103845,0.79072615,0.33304172,-0.086616921,0.86230212,0.44330531,0.01229498,1.1253647,-0.33776442,-0.1106392
12.293992,-0.21971206,-0.072213558,0.0035032512,0.78431538,0.30536009,-0.085737521,0.88529948,0.44771136,0.0032466718,1.1172399,-0.31226722,-0.1127464
12.297086,-0.22743787,-0.054045364,0.0025230334,0.77593205,0.27561332,-0.085165626,0.90973912,0.45170776,-0.0063814623,1.107703,-0.28316616,-0.11402773
12.300181,-0.23497636,-0.034872115,0.0012676059,0.76569034,0.24381846,-0.084113663,0.93729265,0.45543996,-0.016137842,1.0963454,-0.25016289,-0.11422203
12.303275,-0.24207743,-0.014531478,7.195446e-05,0.75367898,0.21033217,-0.08195701,0.96754366,0.45913918,-0.025489615,1.083806,-0.21324236,-0.11292745
12.306369,-0.24880672,0.0072381556,-0.00096406757,0.73926068,0.17590684,-0.08033821,0.99911095,0.46301429,-0.03406285,1.0703985,-0.17259035,-0.11059738
12.309463,-0.25523465,0.029063147,-0.0010932595,0.72254596,0.14013147,-0.078478122,1.0296404,0.46704913,-0.041706351,1.0565657,-0.12873141,-0.10670626
12.312558,-0.26196794,0.05085285,-0.00059485722,0.7040894,0.10292184,-0.07639364,1.0586054,0.47118821,-0.048308977,1.0431612,-0.082101659,-0.10113524
12.315652,-0.26873124,0.073104103,-7.5548027e-05,0.68449656,0.064773815,-0.073311953,1.0857038,0.47535737,-0.053651322,1.0315943,-0.033056823,-0.094020531
12.318746,-0.27536925,0.095412654,0.00041914646,0.66253977,0.026541045,-0.069664472,1.1107995,0.47940493,-0.057677728,1.0217671,0.017107987,-0.085265713
12.32184,-0.28207071,0.11768059,0.0014973023,0.63862538,-0.011024211,-0.066241927,1.1339561,0.48304325,-0.060570541,1.0147391,0.067210674,-0.075589643
12.324935,-0.28873051,0.13982292,0.0030165894,0.61405353,-0.047495026,-0.062840405,1.1552264,0.48599017,-0.062577194,1.0104375,0.11589278,-0.06484316
12.328029,-0.29520521,0.16108341,0.0054675314,0.58948355,-0.082870918,-0.058903542,1.1744776,0.48795016,-0.0638618,1.0092336,0.16251953,-0.053801838
12.331123,-0.30173436,0.18161355,0.0085665307,0.56494557,-0.11672013,-0.055204897,1.1915791,0.48864012,-0.064617379,1.0114955,0.20536709,-0.041766104
12.334217,-0.3084595,0.20155878,0.011750019,0.54022238,-0.14843039,-0.052605936,1.2064444,0.4878152,-0.065073217,1.0164849,0.24394131,-0.030710997
12.337312,-0.31547485,0.2208535,0.015095582,0.51717073,-0.17798813,-0.051226136,1.2190236,0.48498326,-0.065417197,1.0236741,0.27768271,-0.020701193
12.340406,-0.32248519,0.23970867,0.018793395,0.49683306,-0.20496305,-0.050612113,1.2293884,0.4802079,-0.065852455,1.0328868,0.30676339,-0.011978101
12.343501,-0.3290422,0.25732616,0.022738824,0.47904996,-0.22899204,-0.050801163,1.2374169,0.47328588,-0.066397664,1.0446669,0.3309919,-0.0047380657
12.346595,-0.33501792,0.27337255,0.026858729,0.46283418,-0.24962267,-0.051932084,1.2432739,0.46418202,-0.067239209,1.0579104,0.35081256,0.00035037733
12.34969,-0.34088198,0.2878318,0.030940565,0.44777544,-0.26713779,-0.054025121,1.2468963,0.45276405,-0.068291247,1.0724282,0.36671904,0.0032556676
12.352785,-0.3466064,0.30097635,0.034941362,0.43361561,-0.28159868,-0.056958815,1.2482277,0.43906411,-0.069594524,1.0881382,0.37928266,0.0044385001
12.35588,-0.35222355,0.3130365,0.038791926,0.42047617,-0.29278853,-0.060476968,1.2469777,0.42212688,-0.071174379,1.104627,0.38905969,0.0042603897
12.358975,-0.3572278,0.32379679,0.042396196,0.40816682,-0.30083636,-0.064460059,1.2438523,0.40241642,-0.073015757,1.1211646,0.39675028,0.0029439511
12.36207,-0.3616632,0.33335184,0.045604808,0.39589056,-0.30598835,-0.068906024,1.2386384,0.37959487,-0.075131204,1.1387075,0.40289712,0.00046398916
12.365165,-0.36608225,0.34179785,0.048196334,0.38377859,-0.30838572,-0.073601987,1.2312943,0.3536566,-0.077263158,1.1570721,0.4080187,-0.0027677548
12.36826,-0.37034197,0.34889412,0.050085607,0.37204804,-0.30803377,-0.078384715,1.2213873,0.32446548,-0.079281233,1.1774112,0.41250418,-0.0066904758
12.371355,-0.37410123,0.35483447,0.051108604,0.36058294,-0.3049202,-0.083175439,1.2093984,0.29215747,-0.08114662,1.1992408,0.41676748,-0.011124762
12.37445,-0.37709507,0.35971041,0.051220012,0.34886544,-0.29882224,-0.087909946,1.1962655,0.25710343,-0.082772785,1.2208221,0.42115654,-0.015585336
12.377546,-0.37906181,0.36330783,0.050453305,0.33729473,-0.29029904,-0.092629078,1.1810206,0.21894251,-0.083922401,1.2418742,0.42588109,-0.019804024
12.380641,-0.37977689,0.36600715,0.048427482,0.32734695,-0.27941094,-0.097055411,1.1637575,0.17771454,-0.084366826,1.262122,0.43092702,-0.023606685
12.383736,-0.37944674,0.36789234,0.045821499,0.31852301,-0.26566933,-0.10103087,1.1442381,0.13338374,-0.084584129,1.2813967,0.43637044,-0.02683783
12.386831,-0.3782585,0.36892862,0.042208626,0.31085318,-0.24894908,-0.10429853,1.1223848,0.087433992,-0.084213438,1.2996796,0.44218249,-0.0295688
12.389926,-0.37577251,0.36894096,0.037796487,0.30402932,-0.22886507,-0.10645945,1.0985682,0.039625479,-0.083227868,1.3169194,0.44816427,-0.031869966
12.393021,-0.37204046,0.36792266,0.032737671,0.29774789,-0.20593094,-0.10759668,1.0735087,-0.009233044,-0.081513171,1.3331373,0.45406978,-0.03380934
12.396115,-0.36711731,0.36586866,0.02682199,0.29229757,-0.18041732,-0.10741613,1.0476049,-0.058530483,-0.07938185,1.3482863,0.45963806,-0.03547567
12.39921,-0.36134543,0.36273363,0.020110349,0.28734301,-0.1522869,-0.10580793,1.0201752,-0.10664405,-0.077181696,1.3624593,0.46455536,-0.037010181
12.402304,-0.35416862,0.35825811,0.012953584,0.28261535,-0.12181045,-0.10298816,0.99391145,-0.15305331,-0.074899429,1.3755459,0.46853646,-0.038470975
12.405398,-0.34565204,0.35261555,0.0055573749,0.27798394,-0.089040933,-0.09831875,0.96998519,-0.19693438,-0.072485978,1.3876094,0.47125315,-0.03999703
12.408492,-0.33600644,0.34587299,-0.001965588,0.27327217,-0.054319127,-0.092495975,0.94982205,-0.23758448,-0.070461565,1.398568,0.4722202,-0.041648833
12.411586,-0.32532184,0.33817702,-0.0094299225,0.2687941,-0.017862738,-0.084482283,0.93284844,-0.27409572,-0.069165336,1.4085439,0.47121778,-0.043470168
12.41468,-0.31363649,0.32942008,-0.016675289,0.26452604,0.020044845,-0.074899604,0.91775933,-0.30644431,-0.068797965,1.4173401,0.46819958,-0.045482322
12.417774,-0.30120229,0.31952669,-0.023605591,0.25989945,0.058843937,-0.06359302,0.90332339,-0.33453002,-0.06920511,1.4248294,0.46281312,-0.047732152
12.420867,-0.28834072,0.30854373,-0.030050783,0.25406854,0.098051343,-0.051037386,0.88969717,-0.35828515,-0.070322185,1.4307484,0.45372753,-0.050278938
12.423961,-0.27500204,0.29648894,-0.035929976,0.24810481,0.13762744,-0.037728059,0.87671853,-0.37782762,-0.07225994,1.4350582,0.44238253,-0.053043373
12.427054,-0.26116692,0.28353226,-0.04100908,0.24210264,0.17742313,-0.02383593,0.86419918,-0.39331743,-0.074969632,1.4375862,0.42840203,-0.055952868
12.430148,-0.24716563,0.26935302,-0.045217323,0.23638239,0.21673867,-0.011185318,0.85273006,-0.40489914,-0.078612467,1.4381243,0.41077316,-0.058856003
12.433241,-0.23329958,0.25423387,-0.048631035,0.23169939,0.25382978,0.0020812471,0.84265449,-0.41336936,-0.083141324,1.4361811,0.38986514,-0.061864606
12.436335,-0.21975955,0.23782339,-0.051012309,0.2277002,0.28869953,0.01565884,0.83524404,-0.41886331,-0.088462863,1.4320519,0.3648449,-0.064954441
12.439428,-0.206024,0.22070688,-0.053082297,0.22474958,0.32147859,0.028717961,0.82999404,-0.42144578,-0.094387855,1.425372,0.33460811,-0.068000661
12.442521,-0.19214389,0.20251288,-0.054078966,0.22268314,0.35219029,0.040579739,0.82668306,-0.42122549,-0.1007324,1.4158511,0.30016687,-0.070818452
12.445614,-0.17856946,0.18349938,-0.05376954,0.22232813,0.38027782,0.05037044,0.82470461,-0.41845482,-0.10730981,1.4034529,0.2616263,-0.073422272
12.448708,-0.16541068,0.16357407,-0.052644497,0.22513441,0.40524194,0.057837218,0.82337606,-0.41329721,-0.11387278,1.3887057,0.21938905,-0.075752791
12.451801,-0.15244731,0.14259701,-0.050755653,0.23041564,0.42754945,0.062963151,0.82244717,-0.40620221,-0.12016515,1.3712049,0.17362001,-0.077660091
12.454894,-0.14004044,0.12090702,-0.048250948,0.23821317,0.44765652,0.065105478,0.82153628,-0.39727571,-0.12603136,1.3509841,0.12464427,-0.078844576
12.457988,-0.12892093,0.099169309,-0.046112546,0.24803219,0.46502502,0.064166973,0.8203248,-0.38659006,-0.13124753,1.3281837,0.072972361,-0.079897547
12.461081,-0.11906285,0.077066801,-0.044047254,0.2602612,0.47952604,0.061095591,0.81840577,-0.37367501,-0.13571425,1.3035637,0.019833973,-0.080332775
12.464175,-0.10984782,0.054536354,-0.041395795,0.27487242,0.49140993,0.055784169,0.81546195,-0.35841782,-0.13934629,1.277415,-0.033815185,-0.079963478
12.467268,-0.10205547,0.031574092,-0.038337864,0.291606,0.50093072,0.047871641,0.81183726,-0.34067531,-0.14204478,1.2512894,-0.08766507,-0.078842461
12.470362,-0.096081912,0.0087527186,-0.035310219,0.31072246,0.50842567,0.038187266,0.80742008,-0.31967617,-0.14360499,1.2259603,-0.14050268,-0.077135966
12.473455,-0.09168119,-0.01368904,-0.032628727,0.33227039,0.51422749,0.026880793,0.80187357,-0.29526524,-0.14397251,1.2036084,-0.18909502,-0.074810842
12.476549,-0.08841242,-0.035676767,-0.030010796,0.35598494,0.51856281,0.014372212,0.79517919,-0.26765037,-0.14298144,1.1856002,-0.23370908,-0.071878486
12.479643,-0.085631536,-0.056597811,-0.027192957,0.38174342,0.52175562,0.0011999938,0.78783073,-0.23627505,-0.14039213,1.1713126,-0.27337693,-0.068574432
12.482737,-0.083526082,-0.075909436,-0.024387187,0.40917391,0.52402475,-0.012066509,0.78029642,-0.20206282,-0.1360204,1.1599933,-0.30776358,-0.065173889
12.485831,-0.082534997,-0.09405999,-0.021413039,0.43843904,0.52536848,-0.025007096,0.77264112,-0.16466599,-0.12984039,1.1500873,-0.33824605,-0.062005112
12.488925,-0.082868713,-0.11075962,-0.018395993,0.46956985,0.52589348,-0.037269919,0.76453137,-0.1242071,-0.12174001,1.1410663,-0.36505789,-0.059243277
12.492019,-0.084488276,-0.12610724,-0.015572027,0.50264914,0.5257416,-0.048650324,0.75664767,-0.080705097,-0.11186747,1.1333244,-0.38723817,-0.057138316
12.495113,-0.08727699,-0.13978898,-0.012624907,0.53703356,0.52519859,-0.058870444,0.74945733,-0.035117464,-0.1000976,1.1267565,-0.40503968,-0.056004686
12.498207,-0.091105726,-0.15135303,-0.0097300599,0.5719985,0.52414609,-0.067945599,0.74283113,0.012132807,-0.086972477,1.1212115,-0.41891848,-0.056099345
12.501302,-0.095974877,-0.1612658,-0.0069650507,0.60675828,0.52227901,-0.0759973,0.73598383,0.059546517,-0.072419001,1.1181526,-0.4293388,-0.057126169
12.504396,-0.1013472,-0.16911401,-0.004410469,0.64039772,0.51958445,-0.08264275,0.73017057,0.10695764,-0.057222517,1.1173289,-0.43671238,-0.059021665
12.507491,-0.10757188,-0.17495466,-0.001811878,0.67114863,0.51592298,-0.087712385,0.72564486,0.15377274,-0.041880433,1.117904,-0.44143269,-0.061613463
12.510585,-0.11445868,-0.17872061,0.00034932904,0.69868866,0.51149891,-0.091259548,0.72308963,0.19938412,-0.026604006,1.1198817,-0.44389234,-0.064811689
12.51368,-0.12207995,-0.18054563,0.002328666,0.72313289,0.5060306,-0.093416231,0.72217248,0.24092937,-0.011957245,1.1229646,-0.44460256,-0.06850271
12.516774,-0.13028665,-0.18057767,0.0040855347,0.7441809,0.4991166,-0.094429276,0.72405334,0.27901294,0.0013613297,1.1269012,-0.44375075,-0.072689636
12.519868,-0.13908623,-0.17857359,0.0055709759,0.76190234,0.49090558,-0.094691811,0.72871395,0.31320464,0.012952333,1.1310711,-0.44140505,-0.077097573
12.522963,-0.14789802,-0.17463988,0.0066725833,0.77622125,0.48084916,-0.094423265,0.73598927,0.3435835,0.021982428,1.1351237,-0.43768808,-0.081449246
12.526057,-0.15679127,-0.16904078,0.0073988707,0.7874365,0.46874534,-0.093742599,0.74706581,0.36891825,0.028177512,1.1387432,-0.43264572,-0.085725473
12.529151,-0.16576657,-0.16168797,0.0077504939,0.79550028,0.45459796,-0.092777655,0.76011937,0.38977868,0.03161579,1.1415203,-0.4259316,-0.089917207
12.532245,-0.17477856,-0.15257972,0.0078625649,0.80083438,0.43823071,-0.091820132,0.77511958,0.40658813,0.032436965,1.1431684,-0.41708483,-0.093959862
12.535338,-0.18323882,-0.14182632,0.0077525303,0.80355382,0.41958445,-0.09085759,0.79184182,0.41988041,0.030993045,1.1434098,-0.40641796,-0.097854999
12.538432,-0.19158722,-0.12972162,0.0071186571,0.80344468,0.39854685,-0.090179909,0.81072468,0.42999165,0.027922192,1.1420645,-0.39310957,-0.10159392
12.541526,-0.19983918,-0.11623133,0.0061632472,0.80077949,0.37514857,-0.089328027,0.83151075,0.43779243,0.023234201,1.1390675,-0.37680933,-0.10515754
12.544619,-0.20781138,-0.10133259,0.0051959523,0.79572099,0.34966604,-0.088100361,0.8534857,0.44388441,0.016542704,1.1340058,-0.35750756,-0.10835969
12.547712,-0.21563271,-0.084935351,0.0040436787,0.78950206,0.32247671,-0.087158762,0.87621501,0.44892337,0.0082648257,1.1271518,-0.33452748,-0.11117967
12.550806,-0.22320881,-0.067188577,0.0029613457,0.78189218,0.29351936,-0.086430298,0.90000943,0.45332819,-0.0008999963,1.1182478,-0.30770994,-0.11331819
12.553899,-0.23089936,-0.048300781,0.0017942442,0.77234383,0.26242034,-0.086201121,0.92614806,0.45733313,-0.010516231,1.1080468,-0.27713236,-0.11462835
12.556992,-0.23826571,-0.028448489,0.00041710877,0.76115112,0.22940785,-0.084249382,0.95518312,0.46110027,-0.020080234,1.0960372,-0.24260528,-0.11478324
12.560085,-0.24521263,-0.0072074778,-0.00093809784,0.7479329,0.19502897,-0.082337255,0.98652332,0.4649977,-0.029094355,1.0831081,-0.20425144,-0.11349286
12.563178,-0.25166337,0.015206184,-0.0017008024,0.7322509,0.15968563,-0.080943046,1.0174186,0.46901704,-0.037256871,1.0692019,-0.16179483,-0.11114606
12.566271,-0.25828276,0.037244751,-0.001581107,0.7144188,0.12289183,-0.079122184,1.046971,0.47312674,-0.044476534,1.0551239,-0.11660766,-0.1071976
12.569364,-0.26501186,0.059456763,-0.001095745,0.69509748,0.084776499,-0.076977094,1.0747824,0.47732705,-0.050570795,1.0418334,-0.068627033,-0.10155986
12.572457,-0.27179725,0.082098206,-0.00082910047,0.6744777,0.046036049,-0.073860422,1.1006106,0.48150062,-0.055336956,1.030715,-0.018370895,-0.094331268
12.57555,-0.27850117,0.10455676,-0.00010667138,0.65125182,0.0076093127,-0.070583632,1.1244828,0.48544347,-0.058821135,1.0211423,0.032451672,-0.085560523
12.578643,-0.28523549,0.12711302,0.0011625479,0.62684246,-0.030321373,-0.067244098,1.1464225,0.48886762,-0.061307521,1.0146962,0.082785584,-0.075626155
12.581737,-0.29178947,0.14897187,0.0031404154,0.60206154,-0.067033144,-0.063785026,1.1664934,0.49147718,-0.062968473,1.0111108,0.13150139,-0.064818737
12.58483,-0.29842472,0.17004039,0.0058031505,0.57757325,-0.10267914,-0.059708334,1.1844772,0.49296537,-0.064000033,1.0108224,0.17775525,-0.053346956
12.587923,-0.30511956,0.19053545,0.0090395374,0.55264287,-0.13634828,-0.056421692,1.2002771,0.49309651,-0.064624225,1.0138687,0.21965899,-0.041562293
12.591016,-0.31200305,0.21025332,0.012340735,0.52851313,-0.16783581,-0.054261112,1.2138766,0.49132959,-0.064996618,1.0196264,0.25722539,-0.030440733
12.594109,-0.31930976,0.22964161,0.015858149,0.50686931,-0.19696966,-0.05324096,1.2252237,0.48776777,-0.065379793,1.0276058,0.28980921,-0.020464165
12.597202,-0.32604231,0.2481743,0.019786594,0.48791693,-0.22349021,-0.052916851,1.2343606,0.48212071,-0.065888059,1.0379136,0.31764468,-0.01174127
12.600296,-0.3323117,0.26530317,0.023832511,0.47112537,-0.24643425,-0.053444829,1.2412573,0.47428541,-0.066557855,1.0504015,0.34069924,-0.0047532427
12.603389,-0.33828862,0.28076229,0.02805626,0.4553429,-0.26612741,-0.0550166,1.2460197,0.46415081,-0.067586913,1.0642066,0.35949316,0.0001322534
12.606483,-0.34404978,0.29475763,0.032193751,0.44069852,-0.28270909,-0.057480919,1.2485417,0.45170601,-0.068832149,1.0793671,0.37445186,0.0028209071
12.609576,-0.34974831,0.3076567,0.036239494,0.42681049,-0.29608474,-0.060763292,1.2487165,0.43660275,-0.070360284,1.0957716,0.38616442,0.003818274
12.61267,-0.35514091,0.31928205,0.040093894,0.4140188,-0.30621715,-0.064506302,1.2463571,0.41820493,-0.072170984,1.1124049,0.39532409,0.0034965322
12.615763,-0.35989591,0.32973113,0.043564749,0.40186803,-0.31323188,-0.068774298,1.2422709,0.3970158,-0.074295995,1.1294797,0.402555,0.0020192218
12.618857,-0.36426612,0.33897127,0.046564734,0.38977765,-0.31741689,-0.073456077,1.2360328,0.3726452,-0.076592937,1.1475179,0.40837683,-0.00057400949
12.621951,-0.36858195,0.347008,0.048872742,0.37805389,-0.31871749,-0.078337433,1.227589,0.34521029,-0.078960133,1.166449,0.41329667,-0.0038348409
12.625045,-0.3725507,0.35360371,0.050365594,0.36656851,-0.31732257,-0.083347857,1.2161309,0.31422652,-0.08125568,1.1877981,0.417714,-0.0078127348
12.628139,-0.37592308,0.35926379,0.050930381,0.35522371,-0.31298511,-0.088327089,1.2038977,0.28066601,-0.083335779,1.2093716,0.42203805,-0.012155025
12.631233,-0.37838701,0.36365899,0.05056169,0.34371371,-0.30585045,-0.093313482,1.1896673,0.24392158,-0.085125788,1.2304893,0.42655198,-0.0164503
12.634327,-0.37957446,0.36688121,0.048963042,0.33337254,-0.29633003,-0.098156698,1.1733308,0.20409592,-0.086295373,1.2509662,0.43140362,-0.020483727
12.637421,-0.37946621,0.36923027,0.046702662,0.32435795,-0.28410766,-0.10268317,1.1549312,0.16090545,-0.086782456,1.2705514,0.43661018,-0.024066477
12.640515,-0.37851439,0.37072273,0.043511554,0.31622626,-0.2690726,-0.10674254,1.1341156,0.11548494,-0.087072803,1.2891774,0.44225466,-0.027126929
12.643608,-0.37649649,0.37138379,0.039257473,0.30893236,-0.2511641,-0.11004676,1.111098,0.067949038,-0.086721286,1.3067815,0.44820106,-0.029735757
12.646702,-0.37319734,0.37092207,0.034350143,0.30235323,-0.23003002,-0.11216049,1.0863629,0.018856896,-0.085667904,1.3233751,0.4542284,-0.031961359
12.649795,-0.36861954,0.3695027,0.028674779,0.29639755,-0.2060268,-0.11314037,1.0607575,-0.031130283,-0.083841836,1.3389137,0.46010642,-0.033853011
12.652888,-0.36296112,0.36701234,0.022205128,0.29108743,-0.17933696,-0.11275145,1.0336772,-0.080803527,-0.081696545,1.3534413,0.46550729,-0.035518691
12.655981,-0.35636457,0.36325656,0.015060341,0.28619152,-0.15013178,-0.1110241,1.0062938,-0.12921062,-0.079553017,1.3670096,0.47011849,-0.037110875
12.659074,-0.34824807,0.35817201,0.0076237358,0.28143683,-0.11853358,-0.10785713,0.98115774,-0.17558129,-0.077229665,1.3795192,0.47368653,-0.038668553
12.662167,-0.3389648,0.35193484,-3.4794717e-05,0.27655407,-0.084736572,-0.10279051,0.95897036,-0.21908876,-0.074639073,1.3910319,0.47576819,-0.040337357
12.66526,-0.32864992,0.34468014,-0.0076472096,0.27184984,-0.048857118,-0.096546217,0.94036567,-0.25881436,-0.07257319,1.4014974,0.47602873,-0.042150552
12.668353,-0.31728593,0.33640752,-0.015091029,0.26732462,-0.011364588,-0.088091619,0.9245179,-0.29429568,-0.071225849,1.4109503,0.47432687,-0.044138355
12.671445,-0.30509668,0.32697206,-0.022204685,0.26312669,0.027552294,-0.07810795,0.90961445,-0.32547003,-0.070797477,1.4192251,0.47046907,-0.046352367
12.674538,-0.29234373,0.31641283,-0.029007618,0.25797713,0.067129124,-0.066273047,0.89553773,-0.35223798,-0.071208854,1.4261114,0.4636734,-0.048843436
12.67763,-0.27923684,0.30472531,-0.035224686,0.25185261,0.10706033,-0.053125266,0.88221159,-0.37467454,-0.072362957,1.4314134,0.453823,-0.051617985
12.680723,-0.26561519,0.29206646,-0.040758501,0.24584573,0.14746325,-0.039089966,0.86962946,-0.3927991,-0.074333475,1.4350772,0.44150786,-0.05456979
12.683815,-0.25162185,0.27837744,-0.045405883,0.23987737,0.18785729,-0.025288982,0.85804006,-0.40676385,-0.077164695,1.4368586,0.42613069,-0.057662558
12.686907,-0.23769606,0.26346077,-0.049186677,0.23451235,0.22718641,-0.012167803,0.84785211,-0.41746526,-0.080971423,1.4364277,0.40719109,-0.060671996
12.69,-0.22398268,0.24754264,-0.051952858,0.23028654,0.26412653,0.0016793735,0.83994561,-0.424876,-0.085677224,1.4336741,0.38443556,-0.063908805
12.693092,-0.21050903,0.23060828,-0.053951865,0.22681123,0.29925868,0.015507377,0.83445332,-0.42916497,-0.091145571,1.4285143,0.35700813,-0.067202635
12.696184,-0.19669866,0.21259814,-0.055465333,0.22448835,0.33221176,0.028677008,0.83103789,-0.43056418,-0.097170992,1.4206972,0.32485629,-0.070424828
12.699276,-0.18304479,0.19361846,-0.055933437,0.22298829,0.36294038,0.040024319,0.82923045,-0.42921321,-0.10358256,1.4097748,0.28838824,-0.07329103
12.702369,-0.16975523,0.17386389,-0.055051501,0.22425734,0.39064631,0.049376608,0.82843367,-0.42537626,-0.11015503,1.3963383,0.24793778,-0.076126461
12.705461,-0.15677843,0.1531082,-0.053485291,0.2285134,0.41526867,0.056166768,0.82800311,-0.4192981,-0.11663309,1.3803564,0.20389559,-0.078583514
12.708553,-0.14400462,0.13131026,-0.050998707,0.23547341,0.43752651,0.06062133,0.82760376,-0.41141807,-0.12281304,1.3616179,0.15635074,-0.080498368
12.711645,-0.13246861,0.10922642,-0.04855337,0.24454048,0.45705126,0.061728514,0.82703156,-0.40177711,-0.12849583,1.3401598,0.1053667,-0.081554303
12.714738,-0.12220033,0.086998054,-0.046550903,0.25573766,0.47376274,0.060047113,0.82589546,-0.39043766,-0.13358532,1.316304,0.052283904,-0.082883862
12.71783,-0.11258506,0.064288622,-0.044038464,0.26952846,0.48754386,0.056212005,0.82379311,-0.3768597,-0.13794021,1.290799,-0.0019237612,-0.083107944
12.720922,-0.10435633,0.041119669,-0.041066473,0.28555635,0.49882198,0.049943918,0.82048564,-0.36030626,-0.14148092,1.2642524,-0.056330893,-0.082502398
12.724015,-0.097488494,0.017765049,-0.037834788,0.30377519,0.50768636,0.041342387,0.81646641,-0.34112953,-0.14411126,1.2386443,-0.11103775,-0.08108486
12.727107,-0.092197111,-0.0053363385,-0.034974656,0.32448667,0.51490758,0.031019926,0.81146254,-0.31878035,-0.1456084,1.2141946,-0.16330591,-0.078998819
12.7302,-0.088551274,-0.027897768,-0.032243613,0.34758657,0.52036636,0.019204913,0.80521378,-0.29308687,-0.14589455,1.1937281,-0.21105682,-0.076149831
12.733293,-0.085452682,-0.049828514,-0.029494498,0.37275617,0.52446856,0.0063949831,0.79788223,-0.26407973,-0.14487181,1.1773813,-0.25479212,-0.072740127
12.736385,-0.08304754,-0.069980941,-0.026500134,0.39975196,0.52748862,-0.0068187306,0.78985053,-0.23120472,-0.14218126,1.1646959,-0.29317445,-0.069068913
12.739478,-0.081457762,-0.089103792,-0.023681743,0.42842389,0.529588,-0.019916224,0.78172752,-0.19531312,-0.13766311,1.1541959,-0.32611906,-0.065335735
12.742571,-0.081147971,-0.1068048,-0.020385422,0.45872189,0.5307255,-0.032516025,0.77319015,-0.15645717,-0.13126496,1.1450471,-0.35521235,-0.061843944
12.745664,-0.082226492,-0.12308398,-0.017426066,0.49117497,0.53101548,-0.044349233,0.7644853,-0.11445769,-0.12299978,1.1369027,-0.38038329,-0.058810805
12.748757,-0.084571111,-0.13794553,-0.014430302,0.5252852,0.53074782,-0.055148517,0.75612292,-0.069574464,-0.11289063,1.1302586,-0.40092316,-0.05651958
12.75185,-0.087976976,-0.15055561,-0.011439989,0.5603306,0.53006302,-0.064796386,0.7487988,-0.022564763,-0.10091622,1.1245604,-0.41718094,-0.055245198
12.754944,-0.092508786,-0.1616014,-0.008446672,0.59547361,0.52864795,-0.073425944,0.74151061,0.025403137,-0.087410384,1.1207329,-0.42965776,-0.055217529
12.758037,-0.09754999,-0.17064441,-0.0057691899,0.62992129,0.52643891,-0.080814117,0.7345298,0.073578823,-0.072543016,1.1192186,-0.43883212,-0.056233711
12.761131,-0.10345467,-0.17770513,-0.0031848651,0.66205623,0.5232958,-0.086611829,0.72876738,0.12151604,-0.05717899,1.1193642,-0.44503383,-0.058188841
12.764224,-0.11011023,-0.18276026,-0.00073811508,0.6910242,0.51926175,-0.090855825,0.72460368,0.16867257,-0.041762291,1.1210659,-0.44875367,-0.060881864
12.767318,-0.11745766,-0.18569066,0.0013874622,0.71680363,0.51434191,-0.093607721,0.72222349,0.21377941,-0.026348194,1.1240466,-0.45050258,-0.064188281
12.770411,-0.12544727,-0.18668669,0.0032718525,0.73931871,0.50819519,-0.095086153,0.7223082,0.25483691,-0.011740503,1.1281044,-0.45057544,-0.067882808
12.773504,-0.13412976,-0.18578791,0.0049499869,0.75848554,0.50045936,-0.095576315,0.72549616,0.29225249,0.0014425026,1.1325167,-0.44911058,-0.071840024
12.776598,-0.14298585,-0.18284634,0.0062394465,0.77429345,0.49128039,-0.095459032,0.7314879,0.32571632,0.012662335,1.1369447,-0.44629401,-0.076157097
12.779691,-0.15190605,-0.17809082,0.0071247276,0.78688831,0.48010184,-0.094872205,0.74059012,0.3549705,0.021292725,1.1411214,-0.44217959,-0.080711084
12.782784,-0.16091429,-0.17167761,0.0076332378,0.79636456,0.46683769,-0.093964653,0.75285649,0.37917715,0.026866396,1.1448034,-0.43668679,-0.085156237
12.785877,-0.16992306,-0.16343823,0.0077759147,0.80278215,0.4515013,-0.09290936,0.76709784,0.39902282,0.029829933,1.1474611,-0.42930405,-0.089456856
12.788969,-0.17856591,-0.15347852,0.0077108262,0.80647174,0.43373661,-0.091870689,0.78328785,0.41493201,0.030244964,1.1486789,-0.4200213,-0.093586987
12.792062,-0.18701055,-0.14209174,0.0072484041,0.80757328,0.41368955,-0.090952327,0.80129681,0.42748421,0.028474292,1.1483437,-0.40851703,-0.097612833
12.795155,-0.19528149,-0.12928128,0.0063062974,0.80596885,0.39123044,-0.090205404,0.82153425,0.43703891,0.025048916,1.1464047,-0.3943232,-0.10144261
12.798247,-0.20339364,-0.11505607,0.0052278018,0.8018085,0.36649396,-0.089155463,0.84329182,0.44451549,0.01995915,1.1427058,-0.3769878,-0.10502523
12.801339,-0.21125088,-0.099290597,0.0039796675,0.79573333,0.33983,-0.088043693,0.86602634,0.45046861,0.012826052,1.1368112,-0.3563482,-0.10829378
12.804432,-0.21890441,-0.082098587,0.0026916271,0.78872734,0.3115103,-0.087274193,0.88950846,0.45553059,0.0043814934,1.1289485,-0.33207783,-0.11116826
12.807524,-0.22644219,-0.063600021,0.0014868496,0.77985304,0.28125333,-0.086726879,0.91446867,0.45996806,-0.0048416877,1.1189816,-0.30385824,-0.11343283
12.810616,-0.23404165,-0.044048059,5.3821501e-05,0.76917295,0.24890784,-0.086234985,0.94249938,0.46397258,-0.014379776,1.1081038,-0.27180286,-0.11484755
12.813708,-0.24118276,-0.023422454,-0.0013697562,0.75697534,0.21464221,-0.084152093,0.97315091,0.46792575,-0.02368687,1.0954742,-0.23568017,-0.11503651
12.8168,-0.24795656,-0.0012508124,-0.0027185955,0.74251583,0.17944772,-0.082554221,1.0045468,0.47197989,-0.032307945,1.0818399,-0.19578118,-0.11405906
12.819892,-0.25449519,0.021285645,-0.0033138194,0.72572359,0.1431028,-0.081208118,1.0348189,0.47611397,-0.040067444,1.0674439,-0.15156082,-0.11173733
12.822984,-0.26135065,0.043571694,-0.0030161599,0.70695979,0.10531846,-0.079535312,1.0635228,0.48038932,-0.046855844,1.0531371,-0.10489556,-0.10780564
12.826076,-0.26802639,0.066488967,-0.0026215146,0.68684419,0.06637017,-0.077201172,1.0902923,0.48468535,-0.052374018,1.0400308,-0.055543859,-0.10218566
12.829168,-0.27464947,0.089296426,-0.00240333,0.6650468,0.027033944,-0.073931199,1.1150131,0.48889674,-0.056577909,1.0288054,-0.0043562538,-0.094719839
12.83226,-0.28134732,0.11211344,-0.0015399467,0.64085162,-0.011741839,-0.070874391,1.1378374,0.49271639,-0.059596512,1.0198801,0.047180862,-0.08584833
12.835352,-0.28795399,0.13486499,-0.00018347743,0.61591649,-0.049918608,-0.067797584,1.158701,0.4959112,-0.0617206,1.0139644,0.097828651,-0.07572621
12.838444,-0.29458222,0.1568077,0.0021074461,0.59108394,-0.087011817,-0.06436867,1.1776085,0.49816585,-0.063092215,1.011182,0.14656131,-0.064820204
12.841536,-0.30124063,0.17795984,0.0051063163,0.56610215,-0.12254844,-0.060558625,1.1944242,0.49917313,-0.063920192,1.0118197,0.19210986,-0.052873584
12.844628,-0.30800397,0.19847486,0.0084065956,0.54110992,-0.15598907,-0.057782533,1.2090436,0.49869993,-0.064424831,1.0155469,0.23336624,-0.041006655
12.84772,-0.31503621,0.21821227,0.011789122,0.51791937,-0.18728448,-0.056148312,1.2214639,0.4961316,-0.06477738,1.0219895,0.27007737,-0.029786738
12.850812,-0.32221126,0.23761257,0.015432489,0.49768935,-0.2161873,-0.055406456,1.2316119,0.49160955,-0.065229115,1.0307262,0.30172173,-0.019782943
12.853904,-0.32882197,0.25590854,0.019468851,0.47984151,-0.2415916,-0.055382102,1.2395361,0.48491755,-0.065808767,1.0420654,0.32843806,-0.011019598
12.856996,-0.33479907,0.27267498,0.023688136,0.46346376,-0.26371872,-0.05632141,1.2453746,0.47603273,-0.066625093,1.0551474,0.35047532,-0.0041240576
12.860088,-0.34063843,0.28780907,0.027899098,0.44818472,-0.28257801,-0.058298784,1.2490516,0.46466248,-0.067767625,1.0696723,0.36832032,0.0006230615
12.863181,-0.34628266,0.30178557,0.032026322,0.43363575,-0.29838451,-0.061201289,1.2504466,0.4508328,-0.069201985,1.0855498,0.38247902,0.0031254644
12.866273,-0.35188335,0.31452039,0.036009672,0.42033131,-0.3107377,-0.064678351,1.2493812,0.43418944,-0.070962268,1.1024013,0.39353554,0.0039873665
12.869366,-0.35693389,0.32597907,0.039815112,0.40796224,-0.31988927,-0.06862804,1.2460344,0.41427089,-0.072983893,1.1193692,0.40217889,0.0036075564
12.872458,-0.36139195,0.33616204,0.043168813,0.39603549,-0.32594965,-0.073069735,1.2408621,0.39145797,-0.075376351,1.1373544,0.40901325,0.0019459491
12.875551,-0.36570454,0.34519234,0.045961532,0.38432427,-0.32912437,-0.077895711,1.233535,0.36558751,-0.077859609,1.1560671,0.4146005,-0.00075091188
12.878643,-0.36977374,0.35287889,0.048060982,0.37295062,-0.32946799,-0.082963497,1.2239205,0.33657113,-0.080378733,1.1762839,0.41941257,-0.0040685272
12.881736,-0.37343822,0.35936667,0.049221924,0.3617192,-0.32699848,-0.088256093,1.2115935,0.30405224,-0.082662502,1.1978053,0.42384533,-0.0081009079
12.884829,-0.37624928,0.36476969,0.049411041,0.35052482,-0.32153651,-0.093448448,1.1983798,0.26889391,-0.084882891,1.2190307,0.42831387,-0.012409114
12.887922,-0.37798492,0.36865744,0.048669754,0.33981374,-0.31347164,-0.098679514,1.183057,0.23052845,-0.086725592,1.2397145,0.43300405,-0.016617345
12.891015,-0.37839029,0.37163245,0.046554757,0.33052428,-0.30301124,-0.10366369,1.1656624,0.18899488,-0.08797274,1.2596068,0.43805424,-0.020544162
12.894108,-0.37760128,0.37376479,0.04391674,0.32226065,-0.2895773,-0.10828419,1.1461615,0.14390122,-0.088807567,1.2785394,0.44354269,-0.023987257
12.897201,-0.37598421,0.37501154,0.040233413,0.31470927,-0.27327308,-0.11237749,1.1241866,0.097109961,-0.089123394,1.2965458,0.44938915,-0.026958537
12.900294,-0.37316896,0.37524352,0.03556944,0.30766749,-0.25426587,-0.11567897,1.1001456,0.048145771,-0.088783934,1.3135157,0.45547983,-0.029505339
12.903387,-0.36902324,0.37443826,0.030383531,0.30119575,-0.23218323,-0.11778247,1.0746886,-0.0021442779,-0.087663728,1.3294547,0.46157472,-0.031696911
12.90648,-0.36365208,0.37255684,0.024303325,0.29547096,-0.20707664,-0.11857143,1.048588,-0.053203629,-0.0858307,1.3443338,0.46741823,-0.033606799
12.909572,-0.35740183,0.36963698,0.017408792,0.29023273,-0.17926295,-0.11801811,1.0207215,-0.10328183,-0.083706825,1.3582653,0.47270607,-0.035344455
12.912665,-0.34977896,0.36532184,0.010053029,0.28536214,-0.14892057,-0.11613576,0.99397096,-0.15188111,-0.081504398,1.3712781,0.47708682,-0.037015405
12.915757,-0.34080403,0.35974012,0.002397089,0.28047702,-0.11621641,-0.11266035,0.96949984,-0.19805884,-0.078910925,1.3832761,0.48030283,-0.038686958
12.918849,-0.33074734,0.35296264,-0.0053101658,0.27543877,-0.081357981,-0.10734359,0.94894194,-0.24103688,-0.076071552,1.3942767,0.48179905,-0.040496332
12.921941,-0.31967179,0.34517674,-0.012922267,0.2706987,-0.044411239,-0.10051947,0.93170328,-0.279862,-0.073889163,1.404283,0.48138191,-0.042465806
12.925033,-0.30770382,0.33626021,-0.020231112,0.26606857,-0.0058540535,-0.091807532,0.91618801,-0.31433918,-0.072428672,1.4132602,0.47893236,-0.044612321
12.928125,-0.29501493,0.3261728,-0.0271985,0.26154813,0.033901054,-0.08145713,0.90154024,-0.3443248,-0.071896501,1.4210075,0.47415419,-0.047028464
12.931217,-0.28197801,0.31492529,-0.03371189,0.25596234,0.074323854,-0.069149869,0.88780501,-0.36993967,-0.072189404,1.427274,0.46579869,-0.049725548
12.934309,-0.26849843,0.30255048,-0.039661897,0.2497822,0.11514199,-0.055561147,0.87501137,-0.3910332,-0.073283368,1.4319847,0.45514187,-0.052691559
12.937401,-0.25461602,0.28923425,-0.044822351,0.24376944,0.15640266,-0.041094603,0.86324586,-0.40764687,-0.075214357,1.4349912,0.44183521,-0.055832065
12.940492,-0.24059788,0.27471012,-0.049048539,0.23787528,0.19750692,-0.027776168,0.85276536,-0.42074128,-0.07813977,1.4360269,0.42467578,-0.059068345
12.943584,-0.22661989,0.25906969,-0.05211228,0.23287518,0.23694455,-0.014111526,0.84408435,-0.43030235,-0.082036295,1.4345444,0.40397702,-0.062299526
12.946675,-0.21323283,0.24241788,-0.054407345,0.22907899,0.27413723,9.6801583e-05,0.83804247,-0.43649297,-0.086836716,1.4309469,0.37886544,-0.065756867
12.949767,-0.1997308,0.22468531,-0.056254334,0.2262512,0.30944542,0.014167277,0.83427458,-0.43969318,-0.092354622,1.4247952,0.34938712,-0.069237861
12.952858,-0.18598055,0.205781,-0.057205731,0.22449681,0.34265488,0.02736877,0.83239421,-0.43996214,-0.098412622,1.4159064,0.31528821,-0.072611266
12.95595,-0.17247964,0.18609177,-0.056913708,0.22399261,0.37342492,0.038643477,0.83185194,-0.43761339,-0.10482343,1.4036755,0.2768081,-0.075628073
12.959041,-0.15940594,0.1654367,-0.055639671,0.22691472,0.4009219,0.047603018,0.83197908,-0.43284489,-0.11134156,1.3892771,0.23447888,-0.078534886
12.962133,-0.14642315,0.1436216,-0.053618999,0.23254417,0.42534455,0.05408838,0.83235603,-0.42602275,-0.1177028,1.3721761,0.1884953,-0.081054407
12.965224,-0.13433148,0.12112507,-0.050829319,0.24085316,0.44719173,0.05787745,0.83254925,-0.41740301,-0.12374285,1.3523017,0.13910602,-0.082933656
12.968315,-0.12351379,0.098556877,-0.048457356,0.25107927,0.46631943,0.058248247,0.83231291,-0.40709303,-0.12929624,1.3297575,0.086255461,-0.084290829
12.971407,-0.11359534,0.075630672,-0.046296319,0.26373864,0.48241527,0.056137387,0.8313003,-0.39500769,-0.13426685,1.3050425,0.031770726,-0.085218941
12.974498,-0.10479049,0.052228681,-0.043508121,0.27885553,0.49567855,0.051765086,0.82917327,-0.38064903,-0.13856545,1.2787145,-0.02351104,-0.085228416
12.97759,-0.097238168,0.028408643,-0.040286027,0.29628086,0.50628919,0.044960194,0.82561095,-0.3630834,-0.14211304,1.2520587,-0.078793343,-0.084322292
12.980681,-0.091302769,0.0046502079,-0.037260802,0.31599905,0.51501191,0.035987024,0.82122762,-0.34233934,-0.14477123,1.2264949,-0.13361329,-0.082549796
12.983773,-0.086773076,-0.018653309,-0.034437834,0.33824399,0.52188065,0.025313187,0.81562791,-0.31861297,-0.14636048,1.2030991,-0.18550461,-0.079931218
12.986865,-0.083439014,-0.041670183,-0.031594172,0.36278544,0.52706025,0.013274038,0.80872058,-0.29161966,-0.14673416,1.1843867,-0.23245653,-0.076535565
12.989956,-0.080646316,-0.063049378,-0.028654553,0.38923797,0.5309052,0.00040944799,0.80073532,-0.26134215,-0.14580353,1.1695565,-0.27524183,-0.072567968
12.993048,-0.07861603,-0.082979139,-0.025693791,0.41740334,0.53379974,-0.012664927,0.79202405,-0.22693566,-0.14316262,1.1582436,-0.31232331,-0.068361573
12.99614,-0.077673235,-0.10187253,-0.022706267,0.44732467,0.53568955,-0.025483065,0.78308292,-0.18943044,-0.138722,1.1485444,-0.3438714,-0.064172383
12.999232,-0.078000832,-0.11933281,-0.019378724,0.47911494,0.53657732,-0.0377168,0.77369404,-0.14897026,-0.13225445,1.1399724,-0.37165195,-0.060254568
13.002324,-0.079776109,-0.1353996,-0.016423407,0.51279158,0.53665412,-0.049093358,0.76432593,-0.10550157,-0.12395124,1.1327818,-0.39529032,-0.056910748
13.005416,-0.082765142,-0.14930721,-0.013384839,0.54773521,0.53627667,-0.059411539,0.75542113,-0.059279281,-0.11375653,1.1270643,-0.41431404,-0.054423117
13.008508,-0.087069473,-0.16154035,-0.010281137,0.58324584,0.53533511,-0.068584962,0.74807269,-0.010723516,-0.10165091,1.1222871,-0.42916019,-0.053055196
13.011601,-0.091810896,-0.17178363,-0.0073912949,0.61840471,0.53355566,-0.076838454,0.7397131,0.037957307,-0.087889942,1.1199999,-0.44039831,-0.052964736
13.014693,-0.097404175,-0.18027722,-0.0047707465,0.65200279,0.53094625,-0.083493229,0.73255491,0.086983767,-0.072703769,1.1195472,-0.44837243,-0.053898855
13.017786,-0.1038612,-0.18674599,-0.0021344433,0.68253605,0.52738897,-0.088582245,0.72685353,0.13552921,-0.057138882,1.1208684,-0.4535506,-0.055739893
13.020878,-0.11095818,-0.19103974,0.00012313796,0.70983717,0.52297775,-0.092144647,0.72319744,0.1831608,-0.041497502,1.1236873,-0.45649884,-0.058418198
13.023971,-0.118794,-0.19323805,0.0021990372,0.73403763,0.51755182,-0.094245471,0.72129705,0.22760314,-0.02590829,1.1278116,-0.45756524,-0.061760637
13.027063,-0.12732325,-0.19347955,0.0039646705,0.75479731,0.51063,-0.095182025,0.72256153,0.26835746,-0.011294962,1.132502,-0.45706107,-0.065508366
13.030156,-0.13626871,-0.19179032,0.0055308595,0.7722069,0.5021122,-0.095322272,0.7269266,0.30523965,0.0018583876,1.1374579,-0.45515064,-0.069499293
13.033248,-0.14528182,-0.18806726,0.0066681507,0.7863184,0.49190804,-0.094953883,0.73433841,0.33812661,0.012871828,1.1423725,-0.45198096,-0.07364862
13.03634,-0.15435401,-0.18261061,0.0073501447,0.79734114,0.47963288,-0.094156927,0.74516042,0.36618753,0.021201628,1.1468589,-0.44757869,-0.077995766
13.039432,-0.16345377,-0.17543212,0.0076776602,0.80522212,0.46528765,-0.093122568,0.75841639,0.38949141,0.026460989,1.1507309,-0.44174312,-0.082633686
13.042524,-0.17254958,-0.16640393,0.0076527884,0.81014006,0.44864507,-0.092016187,0.7736831,0.40851678,0.029206911,1.1534273,-0.43375836,-0.087097179
13.045616,-0.18102791,-0.15579053,0.0073970071,0.8124649,0.42960554,-0.090989224,0.79092725,0.42370146,0.029319307,1.1544723,-0.42403839,-0.091388029
13.048707,-0.18941851,-0.14379253,0.0065669987,0.81205704,0.40820212,-0.090255749,0.81023354,0.43552858,0.027342853,1.1535328,-0.41177958,-0.095576137
13.051799,-0.19758846,-0.13025359,0.0053810975,0.80905892,0.38438919,-0.089539249,0.83159326,0.44461882,0.023723199,1.1508618,-0.39669278,-0.099536516
13.05489,-0.20555314,-0.11527062,0.0041205228,0.80335969,0.35824841,-0.088501598,0.85415664,0.45175859,0.018401973,1.1464143,-0.37845425,-0.1032281
13.057982,-0.21329846,-0.098705749,0.0026699495,0.79642279,0.3304068,-0.087646749,0.87752449,0.45761777,0.010983552,1.1398099,-0.35656349,-0.1066272
13.061073,-0.22080693,-0.08074212,0.001237036,0.78841669,0.30079177,-0.087124691,0.90201959,0.46256457,0.0023983517,1.1310155,-0.33109469,-0.10964102
13.064164,-0.22835942,-0.061545756,-0.00010629515,0.77846644,0.26912164,-0.087056054,0.92873521,0.46689898,-0.0068337767,1.1197861,-0.30150748,-0.11210161
13.067255,-0.23581524,-0.04130726,-0.0017162093,0.76675255,0.23548075,-0.086247959,0.95833179,0.47096103,-0.016285645,1.1077402,-0.2679863,-0.11373998
13.070347,-0.24278589,-0.019976029,-0.0031777697,0.75338837,0.20004629,-0.084272971,0.98996667,0.47502368,-0.025391192,1.0945686,-0.23040304,-0.11415002
13.073438,-0.24935928,0.0029931798,-0.0045439947,0.73754622,0.16385455,-0.083040592,1.0207935,0.47918128,-0.033714661,1.0801608,-0.18883794,-0.11344496
13.076528,-0.25601276,0.025823599,-0.0049541797,0.71957188,0.12619007,-0.08170417,1.0502199,0.4834637,-0.041154334,1.06529,-0.14294351,-0.11137432
13.079619,-0.26297991,0.048587955,-0.0046546553,0.69995891,0.087154874,-0.080209428,1.0779111,0.48786334,-0.047531658,1.0507872,-0.09478228,-0.10766674
13.08271,-0.26956497,0.072014151,-0.0043359437,0.67899781,0.047226877,-0.0776508,1.1036038,0.49229892,-0.052596594,1.0379048,-0.043947009,-0.10230914
13.085801,-0.27622005,0.095199962,-0.0039330744,0.65597999,0.0073741061,-0.0748579,1.1272857,0.4965552,-0.056354406,1.0265814,0.0082684144,-0.094822347
13.088892,-0.28293115,0.11842872,-0.0029094718,0.63101667,-0.032097756,-0.071903926,1.1490825,0.50029918,-0.059036254,1.0181253,0.060593481,-0.085992298
13.091983,-0.28949456,0.14122085,-0.0013174905,0.60581682,-0.070927992,-0.068976961,1.168948,0.50326574,-0.060878255,1.0126069,0.11169573,-0.075805508
13.095073,-0.29621106,0.16323146,0.0012331978,0.58039876,-0.10837729,-0.065448789,1.1867894,0.50518898,-0.062036991,1.0103673,0.1606238,-0.06488725
13.098164,-0.30293197,0.18464343,0.0044010823,0.55518024,-0.14421674,-0.061847239,1.2025432,0.50574505,-0.062731681,1.0116556,0.20579814,-0.052445331
13.101255,-0.30982528,0.20518728,0.0077626819,0.53068936,-0.17776321,-0.059385518,1.2161234,0.5044886,-0.063179997,1.0159668,0.24647665,-0.040486791
13.104346,-0.31701788,0.22523498,0.011322609,0.50891627,-0.20915817,-0.058005347,1.2274966,0.50124872,-0.063573006,1.0230341,0.28244302,-0.029171168
13.107437,-0.32401596,0.24468144,0.015160353,0.48966595,-0.23723599,-0.057379722,1.236603,0.49595986,-0.064100079,1.0322514,0.3133388,-0.018985197
13.110528,-0.33056422,0.2628188,0.019361008,0.47265017,-0.26218202,-0.057557286,1.2435771,0.4882666,-0.064774792,1.0443171,0.33917575,-0.010034781
13.113618,-0.33638307,0.27930553,0.02378238,0.45666126,-0.28372359,-0.058764169,1.2484697,0.47828865,-0.065760499,1.0579967,0.36035149,-0.0030819513
13.116709,-0.34211745,0.29452963,0.028089934,0.44153956,-0.30203178,-0.061090898,1.2511436,0.4657853,-0.067061992,1.0732839,0.37734939,0.0016534459
13.119801,-0.34762473,0.30851411,0.032300636,0.42756687,-0.31692579,-0.064045282,1.2515479,0.45058718,-0.068692774,1.0899162,0.39078011,0.0041446832
13.122892,-0.35299754,0.32128112,0.036330396,0.41468773,-0.3284726,-0.067553208,1.2493706,0.43244172,-0.070678046,1.1072227,0.40120393,0.0050223987
13.125983,-0.35767924,0.33274194,0.040119883,0.40281405,-0.33678696,-0.071654127,1.2452436,0.41101555,-0.073024449,1.1251012,0.40938032,0.0045843964
13.129074,-0.36193418,0.34296038,0.043406053,0.39116216,-0.34207717,-0.076273634,1.2391076,0.38665501,-0.075666515,1.1438342,0.4158707,0.0028204785
13.132165,-0.36606202,0.35186004,0.046045248,0.37989937,-0.34434993,-0.081221536,1.2307675,0.35920976,-0.078428221,1.1630615,0.42124266,8.3019057e-05
13.135257,-0.36980627,0.35946793,0.047873041,0.36884159,-0.34381799,-0.086455014,1.2199081,0.32838167,-0.081181793,1.1842979,0.42596208,-0.0032766666
13.138348,-0.37299505,0.36602997,0.048706342,0.35783817,-0.34030247,-0.091914437,1.2068552,0.29439023,-0.083817816,1.2055262,0.43043557,-0.0073004879
13.14144,-0.37520289,0.37121015,0.048576396,0.34691795,-0.33385798,-0.097528107,1.1926147,0.25744511,-0.086260924,1.2262882,0.43498254,-0.01157236
13.144532,-0.37608293,0.37482523,0.047212917,0.33762197,-0.32499439,-0.10301941,1.1762427,0.21723915,-0.088235842,1.2464251,0.43985909,-0.015724961
13.147623,-0.37551548,0.3775831,0.04487955,0.32937825,-0.31339217,-0.10817989,1.157753,0.17377816,-0.089537381,1.2656874,0.44514033,-0.019572866
13.150715,-0.37400052,0.37945528,0.041783013,0.32189691,-0.29880407,-0.11296137,1.1370896,0.12700033,-0.090478018,1.2839772,0.45082996,-0.022956456
13.153807,-0.37149749,0.38043062,0.037518174,0.31494347,-0.28140479,-0.11717108,1.113941,0.078443843,-0.090940455,1.301323,0.45689375,-0.025910154
13.156899,-0.3677614,0.38034061,0.032485348,0.30814913,-0.26136831,-0.12052032,1.0889141,0.027882677,-0.090668028,1.3176697,0.46314567,-0.028450733
13.15999,-0.36264925,0.37924169,0.026689739,0.30185924,-0.23847397,-0.1227267,1.0627522,-0.023834573,-0.089508628,1.3329679,0.46933431,-0.030651564
13.163082,-0.35639174,0.37699484,0.020073466,0.29622114,-0.21225742,-0.12351394,1.0357966,-0.076005412,-0.08768039,1.3472598,0.47515065,-0.032602167
13.166173,-0.34921731,0.37362649,0.012733829,0.29099166,-0.18333939,-0.12299669,1.0076406,-0.12682434,-0.08547489,1.3606639,0.48032657,-0.03441615
13.169265,-0.34050134,0.36878669,0.0050806972,0.28609963,-0.1518788,-0.12104495,0.98161326,-0.17583776,-0.08314735,1.3731694,0.48450679,-0.036185276
13.172356,-0.33069605,0.36270887,-0.0028539624,0.28117831,-0.11800575,-0.11736648,0.95848982,-0.22199791,-0.080211351,1.3847253,0.48728834,-0.038008643
13.175447,-0.31990646,0.35541298,-0.010738132,0.27610995,-0.0819378,-0.11186275,0.93939101,-0.26458181,-0.077028081,1.3952948,0.48825666,-0.039959223
13.178538,-0.30805245,0.34710527,-0.018387397,0.27127785,-0.043795937,-0.10475979,0.92314558,-0.30271362,-0.074452824,1.4048907,0.48734613,-0.042058812
13.181629,-0.29548562,0.33754973,-0.025606437,0.26663428,-0.0039913496,-0.095903544,0.90798452,-0.33629409,-0.072542292,1.4134721,0.484272,-0.0443609
13.18472,-0.28240611,0.32678359,-0.032464383,0.26174283,0.036910247,-0.085207976,0.89373404,-0.3653771,-0.071694241,1.420821,0.47834711,-0.04697281
13.18781,-0.26905065,0.31481683,-0.038933183,0.25575057,0.078392189,-0.072399038,0.88056726,-0.38987625,-0.071699973,1.4266223,0.46936261,-0.049868945
13.190901,-0.25527364,0.30173798,-0.044685203,0.24963088,0.12039163,-0.058332376,0.86858004,-0.40948459,-0.072564931,1.430853,0.45808021,-0.052994596
13.193991,-0.24121258,0.28769773,-0.049494951,0.24369147,0.16269553,-0.043694494,0.85778363,-0.42529539,-0.074326207,1.4333133,0.44325448,-0.056303932
13.197082,-0.22712157,0.27230881,-0.053007043,0.23809922,0.20476282,-0.030186953,0.84853598,-0.43720445,-0.077202009,1.4336677,0.42468758,-0.059646288
13.200172,-0.21336787,0.25588448,-0.055676999,0.23347673,0.24470008,-0.016040929,0.84187958,-0.44555695,-0.081084438,1.4314728,0.40193003,-0.063073163
13.203262,-0.20008247,0.23852009,-0.057599592,0.23020414,0.28249221,-0.0014390544,0.83781547,-0.45062443,-0.085900861,1.4270221,0.37471843,-0.066712264
13.206352,-0.18649085,0.21966182,-0.059112055,0.22805566,0.31831239,0.012918051,0.8358074,-0.45262006,-0.091410646,1.4199352,0.34326358,-0.070375473
13.209443,-0.17300453,0.19985884,-0.059552537,0.22693271,0.35200995,0.026177694,0.83544949,-0.45178248,-0.097496426,1.4099602,0.30710204,-0.073888001
13.212533,-0.1598086,0.17924359,-0.058728003,0.22764576,0.38306367,0.037404149,0.83616226,-0.44843453,-0.10387349,1.3968706,0.26657211,-0.077217228
13.215623,-0.14686527,0.15759404,-0.05701711,0.23201183,0.41076542,0.046251755,0.83731277,-0.44283753,-0.11029176,1.3812806,0.22209334,-0.080282167
13.218713,-0.13435498,0.13478771,-0.05445776,0.23911953,0.43522053,0.052523731,0.83853025,-0.43533965,-0.11656197,1.3629524,0.17396233,-0.082929201
13.221803,-0.12301074,0.11159401,-0.051657595,0.24854553,0.45700317,0.055912229,0.83946384,-0.42600173,-0.12248292,1.3417634,0.1223911,-0.084800938
13.224893,-0.11278026,0.088414028,-0.04938212,0.26006734,0.4758349,0.055738342,0.83973692,-0.41506836,-0.12796853,1.3179802,0.06785728,-0.086340633
13.227983,-0.10343296,0.06468504,-0.046914512,0.2742183,0.49158728,0.053253437,0.83898589,-0.4022537,-0.13291765,1.2923875,0.0117233,-0.087088935
13.231073,-0.095639902,0.040546012,-0.043880711,0.29055227,0.50446241,0.048405082,0.83698289,-0.38695352,-0.13728051,1.2653958,-0.044853286,-0.086839451
13.234163,-0.088820029,0.016033244,-0.040613761,0.30946584,0.51498768,0.041179566,0.83344822,-0.36849314,-0.14095429,1.2388585,-0.10097515,-0.085517489
13.237253,-0.083515162,-0.0081404372,-0.037655572,0.33066443,0.52348832,0.031880719,0.82868894,-0.34633524,-0.14384763,1.2136417,-0.15610928,-0.083226042
13.240343,-0.079766143,-0.031949407,-0.034688876,0.35433586,0.53010366,0.020897677,0.82268983,-0.32131559,-0.14573035,1.1920621,-0.20792741,-0.08001012
13.243433,-0.076626505,-0.054706093,-0.031824861,0.38015033,0.53506303,0.008556201,0.81523136,-0.29315771,-0.14646684,1.1749263,-0.25441403,-0.075989704
13.246523,-0.074294233,-0.075773483,-0.028725353,0.40774754,0.53885102,-0.004307474,0.80662214,-0.26155044,-0.14591011,1.1616145,-0.29632234,-0.071388978
13.249614,-0.07280526,-0.095868438,-0.025846674,0.43698587,0.54159691,-0.017239467,0.79723175,-0.22573305,-0.14369913,1.1512341,-0.33241236,-0.066623289
13.252704,-0.072558285,-0.11469102,-0.02263454,0.46776589,0.54326368,-0.029812901,0.78738446,-0.18691368,-0.13969082,1.142404,-0.36273287,-0.06188758
13.255794,-0.073603965,-0.13232153,-0.019205056,0.50074196,0.5439125,-0.041776254,0.77706203,-0.14480981,-0.13347709,1.1347377,-0.38898726,-0.057469827
13.258885,-0.076095574,-0.14769484,-0.016022472,0.53536544,0.54384065,-0.052786179,0.76687334,-0.099806416,-0.12540479,1.1286986,-0.41112357,-0.053746892
13.261975,-0.079816775,-0.16129588,-0.012909487,0.57085295,0.5432747,-0.062709535,0.75725558,-0.052118711,-0.11538486,1.1238734,-0.42871745,-0.050949451
13.265066,-0.084637259,-0.17309906,-0.0097920951,0.60644542,0.54201462,-0.071611951,0.74923364,-0.0019670161,-0.10351687,1.1207919,-0.44217951,-0.049311276
13.268157,-0.08991463,-0.18296469,-0.0068869929,0.64129494,0.53991795,-0.079336967,0.74027308,0.047899479,-0.089741545,1.1197826,-0.45204922,-0.049041718
13.271247,-0.096093642,-0.19105861,-0.0042235516,0.67324893,0.53692241,-0.085374934,0.7327384,0.097963213,-0.074514077,1.1206658,-0.45895698,-0.049858056
13.274338,-0.1030188,-0.19702408,-0.0015597224,0.70199241,0.5329404,-0.089832064,0.72691107,0.14739705,-0.058715872,1.123241,-0.46321199,-0.051579157
13.277429,-0.11063503,-0.20080231,0.00067079198,0.72752221,0.52799299,-0.092754719,0.72313677,0.19570127,-0.042553659,1.1272875,-0.46532178,-0.054106724
13.28052,-0.11901563,-0.20236726,0.002676135,0.74985445,0.52186275,-0.094297934,0.72195961,0.24011161,-0.026765444,1.1322648,-0.46578631,-0.057276294
13.283611,-0.12800001,-0.20205957,0.0043262787,0.76879698,0.51413129,-0.09476787,0.72413865,0.28081122,-0.012049802,1.1378462,-0.46490225,-0.06096318
13.286702,-0.13710065,-0.19960625,0.0058522281,0.78441644,0.50471061,-0.094536207,0.72967521,0.31746202,0.001242367,1.1435174,-0.46272849,-0.064951161
13.289792,-0.14628718,-0.19532021,0.0068023923,0.79687661,0.49336551,-0.093897319,0.73818289,0.35000407,0.012388905,1.1489575,-0.4593797,-0.069137315
13.292883,-0.15547512,-0.18929038,0.00725968,0.80626234,0.47987401,-0.092870733,0.7502472,0.37735672,0.02073071,1.1538721,-0.4547546,-0.073401578
13.295973,-0.16455379,-0.18145,0.0074225253,0.81246651,0.46436001,-0.091659753,0.76449333,0.40004483,0.025975456,1.1578739,-0.44861133,-0.077697786
13.299063,-0.17355131,-0.17179451,0.0072139092,0.81589487,0.44639733,-0.090542995,0.78077442,0.41845804,0.028733331,1.1606215,-0.4405535,-0.082317066
13.302154,-0.18201905,-0.16070314,0.0066732308,0.8168031,0.42596256,-0.089605814,0.79896126,0.43315477,0.028824146,1.16174,-0.43029917,-0.086863013
13.305244,-0.19028814,-0.14803854,0.0055265123,0.81490639,0.40312999,-0.089107359,0.81929909,0.44449771,0.026825074,1.1609089,-0.41751167,-0.091226405
13.308333,-0.19825737,-0.13381134,0.0041684714,0.81056695,0.37789723,-0.088420869,0.84144967,0.4532702,0.023163672,1.1578384,-0.40181411,-0.095360424
13.311423,-0.20604868,-0.11806792,0.002632476,0.8036549,0.35044736,-0.087556154,0.86461774,0.46022809,0.017748444,1.1524868,-0.38274616,-0.099289749
13.314513,-0.2136242,-0.10075733,0.00094572119,0.79562716,0.32119524,-0.086997508,0.88861468,0.46597505,0.010220161,1.145144,-0.35993666,-0.10291053
13.317603,-0.22100892,-0.082080962,-0.0006635841,0.78653409,0.29014805,-0.086775418,0.91408166,0.4707585,0.0015876618,1.1355717,-0.33338782,-0.10620497
13.320692,-0.22862997,-0.0621553,-0.0021653073,0.77552698,0.25701621,-0.087167709,0.94234462,0.47508362,-0.0076295301,1.123476,-0.30264483,-0.10900655
13.323781,-0.23589247,-0.041253209,-0.0038454149,0.76288831,0.22199983,-0.085809927,0.97324301,0.47919317,-0.016968401,1.1101093,-0.26785905,-0.11107478
13.326871,-0.24269048,-0.019150123,-0.0056113901,0.74832383,0.18538909,-0.084393057,1.0044797,0.4833792,-0.025869586,1.0962002,-0.22878508,-0.11203492
13.32996,-0.24913495,0.0044840511,-0.0069149255,0.7313664,0.14787588,-0.083628421,1.0345982,0.48767271,-0.033942649,1.0811914,-0.18569131,-0.11178112
13.333049,-0.25582662,0.027773219,-0.0071701893,0.71243596,0.10879287,-0.082572238,1.0631085,0.49211441,-0.041112982,1.0658345,-0.13828989,-0.11028111
13.336138,-0.26282534,0.051174167,-0.0068963157,0.69184005,0.06848463,-0.081201236,1.0897333,0.49667916,-0.047098527,1.050987,-0.088698189,-0.10712041
13.339227,-0.26926192,0.074916092,-0.0067104632,0.67009245,0.027258078,-0.078609914,1.1143041,0.5012653,-0.051758229,1.0381058,-0.036450627,-0.10230844
13.342316,-0.2758902,0.098607415,-0.0062178758,0.64580757,-0.013414914,-0.076185997,1.136952,0.50559178,-0.055148463,1.0263955,0.016792416,-0.095331856
13.345405,-0.28246561,0.12236812,-0.0050797189,0.62037084,-0.053838238,-0.073454325,1.1577115,0.50932022,-0.057550557,1.0177826,0.070059962,-0.086919221
13.348494,-0.28915104,0.14547346,-0.0032648341,0.59454202,-0.093472357,-0.070671722,1.1764961,0.51218138,-0.059151459,1.012308,0.12187584,-0.076918277
13.351583,-0.29598708,0.16792982,-0.00062316445,0.56900622,-0.13175845,-0.067169572,1.1932549,0.51380092,-0.060121492,1.0102169,0.17133596,-0.065787515
13.354672,-0.30279169,0.18972252,0.0026951125,0.54386647,-0.16814177,-0.063824137,1.207927,0.51392011,-0.060702171,1.0116892,0.2165253,-0.053559973
13.357761,-0.30983579,0.21046269,0.0061565743,0.52048495,-0.20212786,-0.061443531,1.2204724,0.51205368,-0.061079711,1.016279,0.25715739,-0.04145815
13.36085,-0.31710081,0.23081297,0.0098901871,0.49987977,-0.23336417,-0.060054485,1.2308195,0.5082045,-0.061477871,1.0236725,0.29286926,-0.029923122
13.363939,-0.32401298,0.25033191,0.013827101,0.48184231,-0.26140647,-0.059430959,1.2389537,0.5021894,-0.062022914,1.0333645,0.32340357,-0.019396725
13.367027,-0.33032587,0.26848814,0.018189548,0.46526231,-0.28620636,-0.059697897,1.2450042,0.49357086,-0.06277158,1.0457727,0.34882726,-0.010183605
13.370116,-0.33614971,0.28517499,0.022778661,0.44975897,-0.30746563,-0.0611787,1.2489642,0.48242609,-0.063868935,1.0598797,0.36957319,-0.0028800909
13.373205,-0.34178649,0.30078592,0.027202087,0.43517962,-0.32520296,-0.063348718,1.2506932,0.46883208,-0.065301736,1.0757648,0.38614711,0.0022008995
13.376295,-0.34721627,0.31500786,0.03147273,0.42159642,-0.33959361,-0.066190208,1.2501452,0.45227002,-0.067136646,1.0931018,0.39913943,0.0050365633
13.379384,-0.35236948,0.32801687,0.035565695,0.40917048,-0.35061917,-0.069710526,1.2469849,0.43270862,-0.069325898,1.1108479,0.40926519,0.006164523
13.382473,-0.35681337,0.33970482,0.039330968,0.39763355,-0.35831841,-0.073844669,1.2420879,0.40991469,-0.071952605,1.1296521,0.41721017,0.0059172205
13.385562,-0.36087891,0.35008832,0.042566762,0.38656306,-0.36293367,-0.078526293,1.2350502,0.38403492,-0.074814185,1.149066,0.42352848,0.0042795962
13.388651,-0.36480172,0.35904162,0.045075625,0.37577402,-0.36449583,-0.083559523,1.2257824,0.35497248,-0.077866349,1.1689697,0.42881821,0.0016397997
13.391741,-0.36818768,0.3669024,0.046729098,0.36509335,-0.36316328,-0.08896764,1.2137179,0.32228281,-0.080964388,1.1900537,0.43353753,-0.0016808918
13.39483,-0.37089755,0.37360363,0.047291106,0.35454104,-0.35872082,-0.094648769,1.2003889,0.28677547,-0.083987818,1.2107512,0.43805933,-0.0055386288
13.397919,-0.37247197,0.37863933,0.046919283,0.34512952,-0.35136594,-0.10047846,1.1850537,0.24789264,-0.086775134,1.230891,0.44276278,-0.0096908354
13.401009,-0.37259326,0.38212353,0.044986221,0.33710894,-0.34169795,-0.10646021,1.1675849,0.20567314,-0.088995024,1.2502926,0.44782008,-0.013755866
13.404099,-0.37132438,0.38474937,0.042542056,0.33000624,-0.32906201,-0.11184486,1.1479423,0.1599499,-0.09037516,1.2687781,0.45330706,-0.017509093
13.407188,-0.36913245,0.38640475,0.039024588,0.32342277,-0.31344402,-0.11686741,1.1259861,0.11147442,-0.091775521,1.2863172,0.45922616,-0.020861636
13.410278,-0.36584613,0.38718826,0.034325334,0.31718386,-0.29510806,-0.1212646,1.1017233,0.06081723,-0.092505977,1.302907,0.4655061,-0.02382519
13.413368,-0.36123714,0.38692482,0.028984557,0.31095322,-0.27410674,-0.12471784,1.0758778,0.008325341,-0.092407713,1.3185235,0.47193413,-0.026400137
13.416457,-0.35531746,0.38553443,0.022765641,0.30487848,-0.25026755,-0.12719965,1.0487762,-0.045198896,-0.091295292,1.333125,0.47827273,-0.028639427
13.419547,-0.34829302,0.38295596,0.015753229,0.29929818,-0.22335445,-0.12832228,1.0208769,-0.098648274,-0.08949025,1.346832,0.48418156,-0.030669737
13.422636,-0.34016205,0.3792227,0.0081594773,0.29408252,-0.19354545,-0.12800065,0.99351915,-0.1506304,-0.087203776,1.3596754,0.48937203,-0.032570503
13.425725,-0.33062652,0.37393189,0.00024941368,0.28902044,-0.16103438,-0.12627209,0.96825673,-0.20044612,-0.084509911,1.3716846,0.49347142,-0.034441233
13.428814,-0.32012186,0.3673532,-0.0077678827,0.28381222,-0.12602949,-0.12272398,0.94680112,-0.24697903,-0.08109787,1.3827976,0.49599746,-0.036399489
13.431903,-0.30861478,0.3595785,-0.01569829,0.27871209,-0.088710518,-0.11726284,0.92926593,-0.2895423,-0.077358058,1.3929612,0.49665306,-0.038491414
13.434992,-0.29620119,0.35068454,-0.023232024,0.27369303,-0.049279277,-0.11022397,0.91361105,-0.32742733,-0.074108433,1.4021437,0.49549464,-0.040726526
13.438081,-0.2831809,0.34050013,-0.030369806,0.26899534,-0.0080589556,-0.10151593,0.89892332,-0.36067136,-0.071488258,1.4103248,0.49208888,-0.043192892
13.441169,-0.26986202,0.3290651,-0.03700708,0.26373233,0.034170164,-0.090874535,0.88535275,-0.38915421,-0.069956401,1.4172568,0.48529979,-0.04598654
13.444258,-0.25629332,0.3163988,-0.043355708,0.25741945,0.077014377,-0.077782975,0.87304927,-0.41253596,-0.069374519,1.4226799,0.47610741,-0.049047084
13.447346,-0.24228248,0.30266845,-0.048645447,0.25119085,0.12045989,-0.063355366,0.86211387,-0.43164664,-0.069728648,1.4264938,0.46380902,-0.052331717
13.450434,-0.22812593,0.28772794,-0.052805628,0.24516849,0.16408447,-0.048719955,0.85265004,-0.44648129,-0.071188018,1.4284264,0.4477115,-0.055800877
13.453522,-0.2141259,0.27154227,-0.055906969,0.23973258,0.20724036,-0.034924007,0.8453086,-0.45736201,-0.07383681,1.428186,0.42768719,-0.059325228
13.45661,-0.20076882,0.2544745,-0.058180888,0.23538129,0.24810559,-0.020182716,0.84091184,-0.46467171,-0.077569547,1.4255156,0.40314437,-0.062977465
13.459698,-0.18751105,0.23611185,-0.059747495,0.23247155,0.28704764,-0.0053126339,0.83890885,-0.46868587,-0.082288513,1.4203962,0.37419817,-0.066857512
13.462786,-0.17402003,0.21630452,-0.060859957,0.23079852,0.32391507,0.0092631649,0.83885392,-0.46958311,-0.087767974,1.4125285,0.34101043,-0.070771098
13.465874,-0.16073599,0.19559972,-0.060945651,0.23020598,0.35850149,0.022647142,0.84026874,-0.46776122,-0.093779772,1.4016169,0.30284909,-0.0744665
13.468962,-0.14767079,0.17403679,-0.059729144,0.23196129,0.39022688,0.034142951,0.84245362,-0.46349229,-0.10003292,1.3877299,0.2602398,-0.078131231
13.472049,-0.13497853,0.15129086,-0.057607675,0.23747726,0.41850344,0.043121415,0.84488657,-0.45726483,-0.10629348,1.3711621,0.21358368,-0.081399797
13.475137,-0.12301428,0.12757084,-0.054535343,0.24571656,0.44361486,0.049547282,0.84720665,-0.44921528,-0.1124198,1.3518229,0.16322729,-0.084205607
13.478225,-0.11222776,0.10371943,-0.051836849,0.25619415,0.46567429,0.052966833,0.84901745,-0.43941047,-0.11820744,1.329593,0.10945016,-0.085977764
13.481312,-0.10239805,0.07964976,-0.049490782,0.26882328,0.48462959,0.052766058,0.8502173,-0.42793399,-0.12362343,1.3049605,0.05307215,-0.087757997
13.4844,-0.094041243,0.055099802,-0.046758956,0.28411018,0.50039792,0.050220026,0.85004789,-0.41447094,-0.12854247,1.2785524,-0.0048223834,-0.088357679
13.487487,-0.086807062,0.030182685,-0.043597132,0.30163346,0.51336621,0.045314817,0.84851573,-0.39839864,-0.1330536,1.2513536,-0.062992795,-0.087881582
13.490575,-0.08050331,0.0050308218,-0.040436899,0.32177743,0.52397282,0.038058741,0.8453328,-0.37921835,-0.13696785,1.2251297,-0.12026739,-0.086204778
13.493663,-0.075666217,-0.019740874,-0.037506799,0.34421633,0.53255705,0.028759759,0.84030707,-0.35643987,-0.14026568,1.2007844,-0.17593221,-0.083426543
13.49675,-0.072119763,-0.044082494,-0.034411802,0.36905847,0.53913904,0.017788377,0.83414773,-0.33023496,-0.14276273,1.1806963,-0.22811171,-0.079595443
13.499838,-0.06924337,-0.066507048,-0.031371435,0.39590434,0.54419749,0.0055865953,0.82642674,-0.30121427,-0.1440716,1.1648345,-0.27496645,-0.074861775
13.502925,-0.06724673,-0.08784703,-0.028284041,0.42442764,0.54803958,-0.0070623293,0.81729457,-0.26877302,-0.14442243,1.1528707,-0.31654153,-0.06950246
13.506013,-0.066214251,-0.1082053,-0.025343536,0.45462697,0.55077479,-0.019710648,0.80722232,-0.23224714,-0.14330747,1.1434502,-0.35254578,-0.063998127
13.509101,-0.066523488,-0.12724401,-0.022183001,0.48653331,0.55234198,-0.031947119,0.79637407,-0.19176684,-0.14035506,1.1354336,-0.38236366,-0.058474471
13.512189,-0.068169142,-0.14465849,-0.018815503,0.52055673,0.55291356,-0.04349882,0.78479942,-0.14861421,-0.13522896,1.128962,-0.40705527,-0.05333468
13.515277,-0.071190885,-0.15992394,-0.015356625,0.55596942,0.55280539,-0.054155005,0.77344862,-0.10206309,-0.12798002,1.1241249,-0.42796231,-0.049029621
13.518365,-0.075685089,-0.17350043,-0.01210524,0.59195035,0.55208361,-0.063725164,0.7626432,-0.052875367,-0.11872372,1.1205366,-0.44439495,-0.045750803
13.521453,-0.080695769,-0.18489271,-0.0090265836,0.62766168,0.55062522,-0.072349441,0.75327027,-0.0013676114,-0.10768164,1.1190841,-0.45658708,-0.043669703
13.524541,-0.086541403,-0.19463183,-0.0061043331,0.6613852,0.54835865,-0.079486388,0.74340449,0.050465446,-0.094524125,1.1197054,-0.4654254,-0.042978672
13.527629,-0.093229309,-0.20252824,-0.0033184632,0.69200073,0.54512432,-0.084922451,0.73490761,0.10197707,-0.079675902,1.1222486,-0.47140859,-0.043432817
13.530717,-0.10053321,-0.20823635,-0.00072131053,0.71931414,0.54081133,-0.088818054,0.72838279,0.1528327,-0.063732664,1.1264422,-0.4749227,-0.04484618
13.533806,-0.10872122,-0.21157296,0.0014981887,0.74349579,0.53544982,-0.091197606,0.72392141,0.20224788,-0.04729258,1.1320522,-0.47655837,-0.047139449
13.536894,-0.11750325,-0.21277729,0.0034314701,0.7643343,0.52869858,-0.092238507,0.72291764,0.24759889,-0.031071278,1.138364,-0.47675024,-0.05006753
13.539983,-0.12665987,-0.21195892,0.0050672564,0.78181502,0.52025711,-0.092294082,0.72531984,0.28906823,-0.015898361,1.145043,-0.47571924,-0.053499337
13.543071,-0.13598775,-0.20906677,0.0064702529,0.7961715,0.50999676,-0.091734054,0.73162642,0.32620008,-0.0020519381,1.1516254,-0.47357352,-0.0572813
13.546159,-0.14532928,-0.20438667,0.0072458874,0.80736236,0.49772232,-0.090860199,0.74068256,0.35905752,0.0097964788,1.1577892,-0.4702474,-0.061366441
13.549247,-0.15458773,-0.19793177,0.007537306,0.81545838,0.48317957,-0.089703623,0.75336534,0.38656687,0.018791307,1.1631582,-0.46562302,-0.065618886
13.552336,-0.16366453,-0.18963665,0.0075052979,0.82031387,0.46642712,-0.088378993,0.76830366,0.4093806,0.024715411,1.1674017,-0.45944059,-0.069940876
13.555423,-0.17264363,-0.17961084,0.0070966958,0.82250867,0.44717652,-0.087230832,0.78531415,0.42785043,0.028001975,1.1701908,-0.45144039,-0.074295827
13.558511,-0.18103468,-0.16798439,0.0062630417,0.82218088,0.42543792,-0.086368207,0.80422228,0.44258913,0.028652779,1.1712751,-0.44112485,-0.078684208
13.561599,-0.18918541,-0.15475725,0.0049094449,0.81911497,0.40126141,-0.086080382,0.82526879,0.45390578,0.026948064,1.1704736,-0.42825204,-0.083360718
13.564686,-0.1970221,-0.13991818,0.0032602916,0.81366658,0.37457184,-0.085702102,0.84787165,0.46270111,0.02354919,1.1674625,-0.41242986,-0.087803383
13.567774,-0.2046488,-0.12355685,0.0015350616,0.80568674,0.34571486,-0.085212946,0.87143611,0.46968326,0.0184373,1.1624068,-0.39326964,-0.092035038
13.570861,-0.21204628,-0.1055447,-0.00042102249,0.79691983,0.31506463,-0.085045172,0.89612039,0.47540475,0.011202401,1.1545365,-0.3702726,-0.096053006
13.573948,-0.21931441,-0.086260582,-0.0021923053,0.78672807,0.2824617,-0.08521005,0.92267747,0.48022826,0.0027366568,1.1442894,-0.34332504,-0.099864587
13.577035,-0.22684594,-0.065740231,-0.0038164011,0.77467115,0.24776773,-0.085811561,0.95222374,0.48456203,-0.0063108248,1.1314626,-0.3118487,-0.1031455
13.580122,-0.23392441,-0.044153918,-0.0057198319,0.76112219,0.21110667,-0.084582949,0.98397336,0.48874527,-0.015444057,1.117372,-0.27647556,-0.10588614
13.583209,-0.24056588,-0.021299259,-0.0076912797,0.74544731,0.1730974,-0.08370643,1.0148693,0.49307728,-0.024127969,1.1018939,-0.23648036,-0.10781081
13.586296,-0.24695917,0.003012354,-0.0089770248,0.72748278,0.1341005,-0.083416184,1.0444053,0.49755033,-0.03199062,1.0857518,-0.19231278,-0.10825172
13.589383,-0.25378786,0.026904861,-0.009153716,0.70748124,0.093525842,-0.082884477,1.0721937,0.50218686,-0.038907937,1.0697534,-0.14418608,-0.10793089
13.59247,-0.26075343,0.050971082,-0.0089478283,0.68598733,0.051698521,-0.082006648,1.0979773,0.50700025,-0.044578193,1.0541814,-0.093022834,-0.1059586
13.595556,-0.26704553,0.075248888,-0.0088536282,0.66331079,0.0091085145,-0.080097583,1.1217197,0.51177634,-0.048927,1.0404188,-0.039487016,-0.10222732
13.598643,-0.27352803,0.09952176,-0.0083235341,0.63811972,-0.032930974,-0.078028314,1.143551,0.51628648,-0.052096357,1.0280587,0.015145794,-0.096372061
13.601729,-0.2800947,0.12377759,-0.00712003,0.61195995,-0.074668187,-0.075560798,1.1634937,0.52016759,-0.054318027,1.0185672,0.069711236,-0.088798253
13.604816,-0.28678089,0.14747627,-0.005209676,0.58564827,-0.11551109,-0.072866584,1.1814282,0.52307698,-0.055759153,1.0126367,0.1231324,-0.079483352
13.607902,-0.2936185,0.17047105,-0.0024918409,0.55977393,-0.15508831,-0.069411584,1.1973266,0.52464626,-0.056596125,1.0099538,0.17384973,-0.068583579
13.610988,-0.3005077,0.19257855,0.00092383401,0.53507077,-0.19238373,-0.066123776,1.2111907,0.52454718,-0.05708948,1.01104,0.22021668,-0.056520763
13.614075,-0.30749039,0.2138871,0.004486615,0.51269577,-0.22707421,-0.063562166,1.2228988,0.52241579,-0.05739623,1.0153427,0.26190371,-0.044343782
13.617161,-0.31486618,0.23462027,0.0082821862,0.49295265,-0.25875657,-0.062004232,1.2325107,0.51821333,-0.057805898,1.0224105,0.2984988,-0.032436058
13.620247,-0.32162943,0.25433986,0.012338381,0.47554872,-0.28724614,-0.061314145,1.23992,0.51159009,-0.058363022,1.0316541,0.32989085,-0.021453627
13.623334,-0.32776956,0.27262141,0.016788956,0.45933303,-0.31231935,-0.061633746,1.2451818,0.50242213,-0.059141847,1.0435977,0.35585929,-0.011659599
13.62642,-0.33347827,0.28985499,0.021491289,0.44399001,-0.33351354,-0.062736392,1.2484672,0.49040942,-0.06031319,1.0577214,0.37703923,-0.0035690844
13.629507,-0.33898877,0.30599023,0.026045998,0.42973254,-0.35115719,-0.064667232,1.2495395,0.47583944,-0.061790428,1.0739454,0.39402924,0.0023743052
13.632593,-0.34433162,0.32071603,0.030435735,0.4165935,-0.36539913,-0.067347675,1.2483494,0.45814125,-0.063764834,1.091779,0.40719067,0.0060738577
13.63568,-0.34918894,0.33419979,0.034557706,0.40505418,-0.37623331,-0.070668357,1.2446142,0.43714501,-0.066173757,1.1104528,0.41744964,0.0077508089
13.638766,-0.35342729,0.34641793,0.038317893,0.39399307,-0.38349378,-0.074616261,1.2391079,0.41334486,-0.069041079,1.1303346,0.42546823,0.0080170637
13.641853,-0.35732776,0.35716983,0.041538076,0.38333626,-0.38764537,-0.07913493,1.2313956,0.38593285,-0.072192247,1.1506125,0.43171745,0.0068749096
13.644939,-0.360884,0.36667032,0.044016259,0.37297644,-0.38877729,-0.084192593,1.2214533,0.35521011,-0.075487736,1.1711962,0.43691609,0.0046178347
13.648026,-0.36382888,0.37490085,0.045578797,0.36275601,-0.38694144,-0.089680808,1.2084986,0.32065967,-0.078881321,1.1919441,0.44162972,0.001529884
13.651113,-0.36609125,0.38187986,0.045979293,0.35324028,-0.38194388,-0.095504395,1.1946232,0.28337588,-0.082285922,1.2121531,0.4463362,-0.0020553736
13.6542,-0.36706148,0.38698002,0.045408383,0.3453395,-0.37405983,-0.1015105,1.1785,0.24247376,-0.085521191,1.2316588,0.45124731,-0.0060519343
13.657287,-0.36646834,0.39044723,0.043212803,0.33860966,-0.36369817,-0.10754222,1.1601541,0.19819913,-0.08816527,1.2503786,0.45652668,-0.010014748
13.660374,-0.36460001,0.39296686,0.040494511,0.33272053,-0.35033171,-0.11336269,1.1396099,0.15023403,-0.090047938,1.2681205,0.46224726,-0.013700633
13.663461,-0.36172488,0.39455454,0.036664114,0.3271085,-0.33391796,-0.11880849,1.1165864,0.099690222,-0.091887291,1.2849093,0.46845456,-0.017063403
13.666548,-0.35766326,0.39527067,0.03165891,0.32156408,-0.31466537,-0.12352699,1.0914529,0.046842341,-0.093063407,1.3007683,0.47502503,-0.020086689
13.669635,-0.35228098,0.3948771,0.026133231,0.31596328,-0.29295595,-0.12719863,1.0648526,-0.0077902426,-0.093317832,1.3157335,0.48171426,-0.022761376
13.672723,-0.34562386,0.3932646,0.019582252,0.31000973,-0.26856921,-0.13003911,1.0368921,-0.06339668,-0.092420121,1.3297475,0.48826752,-0.025124192
13.67581,-0.3378263,0.3904417,0.01227544,0.30440154,-0.24098581,-0.1317128,1.0083742,-0.11858146,-0.090746894,1.3429054,0.49434361,-0.027302098
13.678897,-0.32878692,0.38642018,0.0045104483,0.29910719,-0.21051442,-0.1320283,0.98151703,-0.17214824,-0.088348409,1.3552465,0.49966833,-0.029325547
13.681984,-0.31850908,0.38075348,-0.003559276,0.29396866,-0.17716657,-0.13098089,0.95708776,-0.22316836,-0.085333737,1.3667873,0.50390022,-0.031331858
13.685071,-0.30724252,0.37377271,-0.011670572,0.28857043,-0.14110518,-0.12810336,0.93690578,-0.27060911,-0.081440449,1.3774956,0.50660305,-0.033436273
13.688157,-0.29501173,0.36560161,-0.019642475,0.28309024,-0.10250177,-0.12322081,0.92057992,-0.31366952,-0.077006835,1.3873297,0.50758855,-0.035657726
13.691244,-0.28196002,0.35618126,-0.027116488,0.2779777,-0.061389395,-0.11684505,0.90519979,-0.35200867,-0.072744128,1.3962597,0.50659022,-0.038043445
13.69433,-0.26859825,0.3454108,-0.034024091,0.27295003,-0.018631183,-0.10859238,0.89109633,-0.38538586,-0.069094303,1.4041491,0.50310248,-0.040674552
13.697416,-0.25506607,0.33338056,-0.040797346,0.26728727,0.025229622,-0.098337848,0.87826298,-0.41363429,-0.066497085,1.4108263,0.49654306,-0.043626592
13.700502,-0.24115947,0.32005248,-0.046624968,0.26062688,0.069784847,-0.085569304,0.86700589,-0.43698384,-0.06508037,1.4160421,0.48703639,-0.046802589
13.703589,-0.22696998,0.30563154,-0.051457966,0.25413098,0.11502075,-0.070860335,0.85726898,-0.45561652,-0.064706,1.4196445,0.47389828,-0.050224238
13.706674,-0.21280007,0.28995044,-0.055259229,0.24803408,0.1605309,-0.056105804,0.84925227,-0.4698078,-0.065631956,1.4212786,0.45691773,-0.053811412
13.70976,-0.19881544,0.27299475,-0.057978242,0.24246822,0.20538682,-0.042069967,0.844054,-0.47993113,-0.067895373,1.4207778,0.43558007,-0.057472405
13.712846,-0.18566732,0.25524061,-0.059939896,0.23809342,0.24782237,-0.026856025,0.84174538,-0.48640732,-0.071367766,1.4178389,0.40981974,-0.061335489
13.715932,-0.17248942,0.2357969,-0.061129386,0.23531109,0.28841017,-0.011584397,0.84171247,-0.48955712,-0.075903061,1.4124201,0.37957491,-0.065327735
13.719017,-0.15913029,0.21518178,-0.061920379,0.23383376,0.32694694,0.0034293681,0.843503,-0.48964561,-0.081226749,1.4041687,0.34467181,-0.069447568
13.722103,-0.14599401,0.19358817,-0.061762538,0.23368303,0.36298737,0.017356817,0.84655119,-0.48703557,-0.087064479,1.3927768,0.30477572,-0.073333193
13.725188,-0.13302009,0.17109854,-0.060287354,0.23615129,0.39596544,0.029524316,0.85030643,-0.48207118,-0.093109831,1.3783627,0.26030065,-0.077237131
13.728274,-0.12045831,0.14733632,-0.057875782,0.2424415,0.42533487,0.039150117,0.854126,-0.47543414,-0.099159759,1.3611964,0.21164842,-0.080744915
13.731359,-0.10888712,0.12282606,-0.05457178,0.25149295,0.45136388,0.046037867,0.85769546,-0.46714592,-0.10509236,1.3411423,0.15915109,-0.083801119
13.734444,-0.098565655,0.098193731,-0.05192602,0.26276505,0.47415643,0.05010266,0.86066822,-0.45717585,-0.11070885,1.3183391,0.10326407,-0.085800186
13.73753,-0.089690453,0.073204415,-0.049332505,0.27624499,0.49369982,0.050320584,0.86262596,-0.44539979,-0.11596834,1.2931976,0.044970731,-0.087723906
13.740615,-0.081830754,0.04787623,-0.046332279,0.29244314,0.50981918,0.048109195,0.86348176,-0.4314192,-0.12084945,1.2663223,-0.01472433,-0.088364774
13.7437,-0.075041142,0.02210758,-0.043303364,0.31093464,0.52322163,0.043587924,0.86260562,-0.41487267,-0.12535645,1.2390238,-0.074755463,-0.087806773
13.746785,-0.069074151,-0.0036604254,-0.040182648,0.33208008,0.53417447,0.03665497,0.85993576,-0.39531313,-0.12950665,1.2128964,-0.13372807,-0.085844006
13.749871,-0.064600703,-0.029233735,-0.037099532,0.35559679,0.54297282,0.02758693,0.85538252,-0.37248705,-0.1332096,1.1892563,-0.19012572,-0.082744136
13.752956,-0.061142298,-0.053889,-0.03387522,0.38142162,0.54977193,0.016920609,0.84866885,-0.34633156,-0.13636536,1.1700226,-0.24322058,-0.078448856
13.756041,-0.058202689,-0.076715952,-0.030725464,0.40920146,0.55500223,0.0049601647,0.84078795,-0.31671926,-0.13882173,1.1549429,-0.29170772,-0.073094828
13.759126,-0.056568227,-0.098571443,-0.027715558,0.43855246,0.55897104,-0.00743753,0.83131526,-0.28370039,-0.14019488,1.1438165,-0.33372031,-0.067002209
13.762212,-0.056068569,-0.11936682,-0.024770796,0.46960674,0.56170069,-0.019831613,0.82064275,-0.24685464,-0.14053898,1.1353542,-0.37023698,-0.060692659
13.765297,-0.057008266,-0.13887968,-0.021524515,0.50277557,0.56329324,-0.03182933,0.80885692,-0.20583003,-0.13952933,1.1283265,-0.400549,-0.054382723
13.768383,-0.059287928,-0.15605454,-0.018056836,0.53789047,0.56384381,-0.043160823,0.7961801,-0.16172967,-0.13633132,1.1229508,-0.42463285,-0.048513046
13.771468,-0.062900463,-0.17151373,-0.01437527,0.57415686,0.56373361,-0.053607031,0.7831982,-0.11433424,-0.13092531,1.1194134,-0.44447636,-0.043503328
13.774554,-0.067540294,-0.18505607,-0.010859164,0.61076396,0.5628558,-0.063021973,0.77085258,-0.06379143,-0.12320303,1.117313,-0.45978257,-0.03955803
13.777639,-0.073024571,-0.19655552,-0.0078036591,0.64657553,0.5612548,-0.071499712,0.75963152,-0.010856501,-0.11349464,1.1174163,-0.47117027,-0.036857976
13.780725,-0.079386361,-0.20638913,-0.0048626694,0.67947952,0.55885717,-0.078210941,0.74874889,0.042977346,-0.10164896,1.1198853,-0.47933237,-0.035490085
13.783811,-0.08655579,-0.2143424,-0.0018879026,0.70912936,0.55536122,-0.083198853,0.73878779,0.096639284,-0.087871284,1.1243352,-0.48482195,-0.035382108
13.786897,-0.094417643,-0.2201482,0.00075940284,0.73549677,0.55083811,-0.086584956,0.73073835,0.14943289,-0.0725627,1.1304612,-0.4881384,-0.036329532
13.789983,-0.10308442,-0.22345692,0.0030325206,0.75875315,0.54511606,-0.088482808,0.7250782,0.20081955,-0.055892887,1.1374889,-0.4897176,-0.038170091
13.793069,-0.11219705,-0.2246023,0.0049356338,0.77858367,0.5378021,-0.089122944,0.7232253,0.24809806,-0.039234798,1.1449078,-0.48992714,-0.040717247
13.796155,-0.1215978,-0.22364554,0.006512534,0.79519091,0.52875126,-0.088883733,0.72542162,0.29135633,-0.023347593,1.1523783,-0.48897784,-0.043834859
13.799241,-0.1311467,-0.22064174,0.0077948931,0.80862371,0.51772895,-0.088061906,0.7317234,0.33013197,-0.008742999,1.1596733,-0.48698462,-0.047330679
13.802327,-0.14060756,-0.21581145,0.008434512,0.81886499,0.50460777,-0.086943273,0.74078724,0.36443299,0.0042458729,1.1663454,-0.48385862,-0.051097106
13.805414,-0.14995205,-0.20920063,0.0085935249,0.82602406,0.48926989,-0.085626161,0.75352002,0.3932113,0.014537843,1.1721036,-0.47955403,-0.055023598
13.8085,-0.15919352,-0.2007127,0.0083477924,0.82992243,0.47136916,-0.084230846,0.76871694,0.41717608,0.021843093,1.1766705,-0.47372212,-0.059118049
13.811586,-0.16835233,-0.19048382,0.0076349218,0.83114295,0.45097734,-0.083050237,0.78606358,0.43655339,0.026303635,1.1797715,-0.46615517,-0.063368254
13.814671,-0.17684475,-0.17855714,0.0064870849,0.82985859,0.4279768,-0.082125248,0.80531766,0.45200906,0.028132195,1.1812299,-0.45637563,-0.067720542
13.817757,-0.1850057,-0.1649877,0.0048408859,0.82584148,0.40236037,-0.081629694,0.82663658,0.46391997,0.027191809,1.1807039,-0.44408392,-0.072110034
13.820843,-0.19281772,-0.14981698,0.0029211445,0.81950715,0.37427549,-0.081141,0.84934461,0.47313944,0.024375445,1.177946,-0.42879508,-0.076525833
13.823928,-0.20037843,-0.1329865,0.00089481307,0.810526,0.34384728,-0.080759293,0.87307924,0.48041865,0.019952266,1.1730229,-0.41006874,-0.081205535
13.827014,-0.20768875,-0.11456394,-0.0013470242,0.80086657,0.31166679,-0.080946113,0.8983206,0.48634144,0.013487325,1.1657874,-0.3875039,-0.085674268
13.830099,-0.2148692,-0.094846041,-0.0033052624,0.78968041,0.2774507,-0.081539339,0.92607513,0.49122427,0.0054321381,1.1559485,-0.36078892,-0.089772623
13.833184,-0.22229918,-0.073818168,-0.0051993376,0.77662243,0.24109346,-0.082496388,0.95675752,0.49558722,-0.0033401452,1.1430011,-0.32978121,-0.09380061
13.836269,-0.22925577,-0.051719669,-0.0072286713,0.76213063,0.20282058,-0.081759048,0.9886811,0.49982983,-0.012245065,1.1278285,-0.29402738,-0.097420648
13.839354,-0.23574426,-0.028363703,-0.009352659,0.74546077,0.16308867,-0.081291166,1.019536,0.50424567,-0.020787197,1.1117634,-0.25385703,-0.10039491
13.842439,-0.24213026,-0.0033997833,-0.01081703,0.72645214,0.12244498,-0.081552808,1.0488446,0.50886432,-0.028530866,1.0941227,-0.20939753,-0.1023445
13.845524,-0.24890667,0.021193479,-0.011127834,0.70547631,0.080207165,-0.081595155,1.0762738,0.5137162,-0.035292886,1.0761883,-0.16098768,-0.10327083
13.848608,-0.2558544,0.045803266,-0.011057509,0.6830061,0.036660002,-0.081253358,1.1016408,0.51879618,-0.040811787,1.0594889,-0.1084212,-0.10294601
13.851693,-0.2621515,0.070630908,-0.011024988,0.65945494,-0.0076335257,-0.080167295,1.1248971,0.52388357,-0.045032026,1.0446894,-0.05388263,-0.10098685
13.854778,-0.268423,0.095637355,-0.010531028,0.63336327,-0.05140633,-0.078840161,1.1463223,0.52869477,-0.048121438,1.0311161,0.0019602233,-0.096868458
13.857862,-0.27498615,0.12060466,-0.009356306,0.60627215,-0.094747887,-0.07708363,1.1658184,0.53288655,-0.05026822,1.0203526,0.058191864,-0.090767467
13.860947,-0.28175579,0.14507444,-0.0075068237,0.57934145,-0.1372255,-0.074964688,1.1832251,0.53605562,-0.051663149,1.0128192,0.11334546,-0.082798183
13.864031,-0.28857981,0.16861533,-0.0047555846,0.55295684,-0.17833856,-0.072098505,1.1986217,0.53786147,-0.052465439,1.0088448,0.1663186,-0.073008346
13.867115,-0.29545858,0.19136883,-0.0012896975,0.52867639,-0.21718477,-0.068700311,1.2118992,0.53785654,-0.052919119,1.0086948,0.21497117,-0.061529773
13.8702,-0.30243647,0.21340119,0.0022765874,0.50678783,-0.25285988,-0.065891595,1.2231561,0.53580126,-0.053185985,1.0119161,0.25897063,-0.049443133
13.873284,-0.30977891,0.23477273,0.0061451131,0.48759148,-0.28554933,-0.063983227,1.232347,0.53163063,-0.053517978,1.0178268,0.29782215,-0.037332473
13.876369,-0.31658538,0.25516084,0.010322561,0.47037022,-0.31483942,-0.063107978,1.2393582,0.52493221,-0.054071029,1.025804,0.33130562,-0.025814484
13.879453,-0.32272912,0.27413407,0.014816031,0.45425314,-0.34041936,-0.062942942,1.2442408,0.51551023,-0.054821012,1.0367519,0.35920347,-0.015295265
13.882537,-0.32828644,0.29207603,0.01955483,0.43910163,-0.36207752,-0.063745412,1.2470788,0.50345752,-0.055970575,1.0501503,0.38196934,-0.0061946899
13.885622,-0.33367479,0.30891221,0.024271225,0.42502356,-0.38020539,-0.065420852,1.247851,0.48832358,-0.057486685,1.0662456,0.40055783,0.0010453055
13.888706,-0.33893967,0.32454739,0.02875695,0.4123095,-0.39449282,-0.067823884,1.2464071,0.46981438,-0.059418499,1.0845137,0.41518594,0.0061627403
13.891791,-0.34364075,0.33894205,0.032925375,0.40138278,-0.40524987,-0.070879342,1.2423906,0.44776955,-0.061872575,1.1041901,0.42641534,0.0090828612
13.894875,-0.34772798,0.35186621,0.03674707,0.39094007,-0.41261652,-0.074624612,1.2365895,0.42283151,-0.064948725,1.1250587,0.43473409,0.010219933
13.89796,-0.35145044,0.36317564,0.039972545,0.38089638,-0.41673449,-0.079057243,1.2285963,0.39427661,-0.068342359,1.1461846,0.44092486,0.01000472
13.901045,-0.3546079,0.37336529,0.042460689,0.3711058,-0.41767538,-0.084085556,1.2182839,0.36202104,-0.071869682,1.1670914,0.44609822,0.0084239854
13.904129,-0.35712831,0.38225122,0.043937718,0.36160198,-0.41548026,-0.089654497,1.2050495,0.32587231,-0.075523796,1.1876647,0.45073822,0.0057669661
13.907214,-0.3588974,0.38987831,0.044312558,0.3539003,-0.41016175,-0.095726154,1.190424,0.28662636,-0.079212693,1.2075991,0.45539003,0.0025172764
13.910299,-0.35937266,0.39556502,0.043549068,0.34771573,-0.40185014,-0.1019639,1.173752,0.24387474,-0.082875438,1.2267108,0.46034307,-0.0011973574
13.913384,-0.35821776,0.39951094,0.04119193,0.3425968,-0.39107322,-0.1081828,1.1546744,0.19751915,-0.086095623,1.2449165,0.46573491,-0.0050074743
13.916469,-0.35588073,0.40211487,0.038278652,0.33808456,-0.37721311,-0.11423099,1.1332805,0.14745939,-0.088572473,1.2621293,0.47164177,-0.0086800187
13.919554,-0.35240885,0.40383066,0.034191078,0.33373939,-0.36038306,-0.11995601,1.1093991,0.094560179,-0.090969723,1.278468,0.47803477,-0.012098111
13.922639,-0.34763609,0.4047057,0.028919436,0.3292947,-0.34090682,-0.12522855,1.0833826,0.03942094,-0.092716425,1.2938351,0.48481509,-0.015219296
13.925724,-0.34156874,0.40439965,0.02316467,0.32459134,-0.31865717,-0.1293937,1.0559607,-0.017528564,-0.093521223,1.3082551,0.49178251,-0.018041668
13.92881,-0.33420314,0.40276738,0.016328854,0.31945695,-0.29363729,-0.13265056,1.0270223,-0.075424801,-0.093056936,1.3217716,0.49864238,-0.020608337
13.931895,-0.32558817,0.39991881,0.0087788144,0.31381679,-0.26590416,-0.13514051,0.99829418,-0.13289139,-0.091675449,1.3345352,0.5051039,-0.022982913
13.934981,-0.31562757,0.39581392,0.00079676544,0.30834429,-0.23483424,-0.13636732,0.97125141,-0.18857616,-0.089286335,1.3465087,0.51092822,-0.025206384
13.938066,-0.30452569,0.39006781,-0.0074037221,0.30286376,-0.2011935,-0.13637623,0.94719636,-0.24141079,-0.08598624,1.3577197,0.5156329,-0.027406774
13.941151,-0.29250637,0.38281753,-0.015631611,0.29711909,-0.16458268,-0.1346832,0.92748182,-0.29035107,-0.081737814,1.3681516,0.51886206,-0.029702323
13.944236,-0.27960785,0.37432309,-0.023658695,0.29129028,-0.12515538,-0.1308326,0.91136964,-0.33481433,-0.076616294,1.3777297,0.52047405,-0.032115813
13.947321,-0.2660908,0.36447008,-0.031066969,0.28547768,-0.083051441,-0.1257358,0.89637603,-0.37430356,-0.071174041,1.3865002,0.52007288,-0.034675267
13.950406,-0.25236148,0.35331198,-0.038056621,0.28023553,-0.038687277,-0.11854912,0.88287732,-0.40855192,-0.066324948,1.3942725,0.51676728,-0.037446238
13.953491,-0.2383391,0.3407787,-0.044271508,0.27398804,0.0069294131,-0.10964268,0.87087835,-0.43755247,-0.062424963,1.4009243,0.51100548,-0.040521592
13.956576,-0.22415595,0.32693101,-0.049843052,0.26683188,0.053346985,-0.097978971,0.86076903,-0.4613231,-0.059977147,1.4061531,0.50182766,-0.043811302
13.95966,-0.20991506,0.31179401,-0.054390088,0.25983334,0.1006274,-0.083327456,0.85229727,-0.48014634,-0.05872133,1.4097837,0.4889609,-0.047255059
13.962745,-0.19579567,0.29545106,-0.057912335,0.25317058,0.14822621,-0.068407805,0.84570337,-0.4943168,-0.058936895,1.4115529,0.47217632,-0.050899517
13.965829,-0.1819305,0.27789725,-0.060313507,0.24726167,0.1955789,-0.054320554,0.84241876,-0.50418508,-0.060661668,1.4111579,0.45070652,-0.054599029
13.968914,-0.16880427,0.25926642,-0.061960218,0.24250897,0.2404304,-0.038889085,0.84210111,-0.51036024,-0.063744435,1.4083112,0.42438719,-0.058504162
13.971998,-0.15580236,0.23911281,-0.062842779,0.23927977,0.28338387,-0.023185796,0.84408269,-0.5131591,-0.067973417,1.4030441,0.39334839,-0.062577154
13.975082,-0.14257218,0.2177357,-0.06347711,0.23755014,0.3242507,-0.0076401489,0.84779629,-0.51288479,-0.073104856,1.3949262,0.35739701,-0.06677599
13.978166,-0.12945721,0.19531111,-0.063203325,0.23753566,0.36247168,0.0070361497,0.85268267,-0.50994272,-0.078829822,1.3837609,0.31665099,-0.070876071
13.98125,-0.11666068,0.17188194,-0.061548788,0.24000357,0.39761805,0.020324339,0.85813252,-0.50474727,-0.084809819,1.3692915,0.27068923,-0.074894603
13.984334,-0.1042277,0.14724342,-0.058909224,0.24649947,0.4289093,0.031303868,0.86378921,-0.49800998,-0.090805605,1.3520186,0.22043124,-0.078644018
13.987418,-0.092934629,0.1218157,-0.055368892,0.25587982,0.45663167,0.039396542,0.86920604,-0.48971499,-0.096640426,1.331862,0.16618491,-0.081935371
13.990502,-0.083551342,0.096301285,-0.052403604,0.26756355,0.48088865,0.04493744,0.87387978,-0.47970865,-0.10213779,1.30897,0.1085066,-0.084435913
13.993586,-0.075006388,0.070480527,-0.04944213,0.28141028,0.50167508,0.046311654,0.87742521,-0.46785553,-0.1072455,1.2837486,0.048182072,-0.086287331
13.99667,-0.067528089,0.044396287,-0.046439944,0.2980577,0.51895481,0.044927172,0.87939068,-0.45386349,-0.111965,1.2568281,-0.013368104,-0.087111835
13.999753,-0.061066835,0.017892771,-0.043412294,0.31727447,0.53325312,0.04120403,0.8798545,-0.43733383,-0.11634349,1.2293507,-0.075334526,-0.086680416
14.002837,-0.055358334,-0.0086742699,-0.040318264,0.33902459,0.54490141,0.035110568,0.87838719,-0.4179163,-0.12026509,1.2028727,-0.13641272,-0.084759647
14.005921,-0.050785494,-0.03532635,-0.036977236,0.36320165,0.55429097,0.026654262,0.87473069,-0.39564775,-0.12396948,1.1791323,-0.19498775,-0.081532683
14.009005,-0.047175761,-0.060225797,-0.033657712,0.38965588,0.56158555,0.016509704,0.86871518,-0.37024303,-0.12734738,1.1595993,-0.24954986,-0.076963085
14.012088,-0.045032849,-0.083804051,-0.030492528,0.41812601,0.56718147,0.0050963066,0.86032555,-0.3415833,-0.13031858,1.1444887,-0.29961557,-0.071228686
14.015172,-0.044115756,-0.10640025,-0.027506507,0.44807328,0.5713633,-0.0068725337,0.85074828,-0.30923109,-0.13279366,1.133462,-0.3440679,-0.064596574
14.018256,-0.044319626,-0.12790824,-0.024029711,0.4796964,0.57427373,-0.018930165,0.83962869,-0.27233544,-0.13438322,1.1256957,-0.3820247,-0.057584613
14.02134,-0.045846121,-0.14800662,-0.020487127,0.51382836,0.57602794,-0.030736413,0.82718135,-0.23208369,-0.13536435,1.1195951,-0.41387703,-0.050512853
14.024424,-0.048750077,-0.16582808,-0.016859414,0.54995149,0.57662061,-0.041931889,0.81331366,-0.18772583,-0.1350154,1.1154194,-0.43960864,-0.043843506
14.027508,-0.05303418,-0.1819724,-0.013160163,0.58706949,0.57652101,-0.052249508,0.79885004,-0.14004333,-0.13295281,1.113297,-0.45914023,-0.038051142
14.030592,-0.057613583,-0.19593202,-0.0094133374,0.6243767,0.57562178,-0.061592754,0.78448525,-0.089167235,-0.12851093,1.1124952,-0.4745862,-0.033319023
14.033676,-0.062831139,-0.20790103,-0.0059969766,0.65994162,0.57404406,-0.069860219,0.77119605,-0.035207203,-0.12142158,1.114448,-0.4860781,-0.029853878
14.03676,-0.069309961,-0.21816445,-0.0030195154,0.69250284,0.57161946,-0.076331659,0.75775661,0.020081623,-0.11202219,1.1186731,-0.4943565,-0.027748643
14.039845,-0.076676721,-0.22651766,-0.00014456792,0.72176381,0.56807624,-0.081011302,0.74601331,0.076031909,-0.1001549,1.1249028,-0.49992798,-0.026955921
14.042929,-0.085003313,-0.23279593,0.0024733438,0.74773391,0.56345897,-0.084071718,0.73538923,0.13146486,-0.086713627,1.1323297,-0.50335491,-0.027356756
14.046013,-0.094018463,-0.236544,0.0047570555,0.77052301,0.55756533,-0.085625889,0.72737819,0.18563346,-0.071141872,1.1403657,-0.50502181,-0.028728521
14.049098,-0.10338639,-0.23799393,0.0066614879,0.78995333,0.55005382,-0.085907432,0.72300562,0.23587086,-0.054355862,1.1485733,-0.50540541,-0.030871241
14.052182,-0.11302298,-0.23729219,0.0081354103,0.80615936,0.54066301,-0.085325114,0.72344036,0.28237621,-0.037641538,1.1569615,-0.50470068,-0.033573946
14.055267,-0.12274832,-0.23448675,0.0092278969,0.81916161,0.52924531,-0.084131826,0.72848957,0.32423321,-0.021940787,1.1650096,-0.50303442,-0.036681298
14.058352,-0.13249503,-0.22983028,0.0098711315,0.82893168,0.51556946,-0.082661934,0.73707227,0.36138691,-0.007462821,1.1723279,-0.50038191,-0.040113759
14.061437,-0.1421371,-0.22335679,0.0098761827,0.83563131,0.49961572,-0.081045348,0.74890959,0.39304364,0.0049536018,1.1786448,-0.49661799,-0.043720703
14.064522,-0.15161196,-0.21501298,0.0094191763,0.83913592,0.4813195,-0.079356029,0.76342198,0.41958872,0.014476564,1.1837233,-0.49159099,-0.047471384
14.067607,-0.16089045,-0.20489034,0.0084220391,0.83976133,0.46002802,-0.077916228,0.78037256,0.44133268,0.020969315,1.1872906,-0.48490282,-0.051319871
14.070692,-0.16958351,-0.19294013,0.0069301699,0.83792505,0.4360441,-0.076771295,0.79934071,0.45872003,0.024749831,1.1892866,-0.47620817,-0.055332851
14.073776,-0.17782654,-0.17931539,0.0049590248,0.83336575,0.40922373,-0.07615889,0.82020652,0.47225316,0.025748178,1.1894005,-0.46512927,-0.059510804
14.076861,-0.18565298,-0.16411103,0.0027408479,0.82645555,0.37997849,-0.075580534,0.84244587,0.48273408,0.024068417,1.1874702,-0.45119188,-0.063816509
14.079945,-0.1931414,-0.14720751,0.00047428062,0.8167974,0.34810106,-0.075000987,0.86592248,0.49090713,0.020743627,1.1832612,-0.4339152,-0.068171772
14.08303,-0.20045473,-0.12863825,-0.0020206735,0.80618888,0.31435921,-0.075037245,0.89127473,0.49741028,0.015677174,1.1767445,-0.41283748,-0.072595973
14.086114,-0.20757205,-0.1086698,-0.0043428175,0.79433515,0.27861982,-0.075705685,0.91977491,0.5026797,0.0085637375,1.1678051,-0.38762462,-0.077304985
14.089198,-0.21496091,-0.087383557,-0.0064898375,0.78059291,0.24063164,-0.077136291,0.95127442,0.50727213,0.00049571187,1.1563699,-0.3579096,-0.08177588
14.092282,-0.22187747,-0.064980435,-0.0086314236,0.7652318,0.20083499,-0.077023845,0.98382166,0.51165428,-0.0079298691,1.1423302,-0.3236837,-0.086126906
14.095366,-0.2283503,-0.041491712,-0.010898749,0.74794385,0.1591922,-0.076809186,1.0151376,0.51617535,-0.016161598,1.125322,-0.28453437,-0.090132808
14.09845,-0.23464858,-0.016213625,-0.012881683,0.7282072,0.11686264,-0.077572051,1.0448331,0.52097176,-0.023749331,1.1072208,-0.24101037,-0.093597742
14.101534,-0.24120438,0.0094503079,-0.013625818,0.70639127,0.072903575,-0.07829397,1.0725636,0.52603346,-0.030427751,1.0880939,-0.19329637,-0.096020126
14.104618,-0.24823309,0.034597652,-0.013727192,0.68300761,0.027542709,-0.078727831,1.0981643,0.53138139,-0.035918134,1.0686542,-0.14170866,-0.097570055
14.107702,-0.25480627,0.059843136,-0.013743906,0.65876554,-0.018703621,-0.078655325,1.1216158,0.53682544,-0.040167934,1.0509966,-0.086317225,-0.098003459
14.110785,-0.2607136,0.085621101,-0.013538928,0.63200729,-0.064588113,-0.07835118,1.1430745,0.54205065,-0.043344556,1.0354163,-0.029609274,-0.096465169
14.113869,-0.26723967,0.11144819,-0.012507694,0.60408166,-0.10983077,-0.077685643,1.1625785,0.54672505,-0.04555307,1.0225656,0.027944307,-0.09282276
14.116953,-0.27402488,0.13656255,-0.010980415,0.5763225,-0.15431172,-0.076502816,1.1799502,0.55050958,-0.046971851,1.0129521,0.085277334,-0.087126292
14.120036,-0.28093765,0.16091564,-0.0082886833,0.54967466,-0.19728807,-0.074641349,1.1951603,0.55298686,-0.047818706,1.0069239,0.14089231,-0.079529266
14.12312,-0.28772447,0.18456248,-0.0049696308,0.52536012,-0.23797395,-0.071399153,1.2083025,0.55348196,-0.048280736,1.0043921,0.19324401,-0.069357722
14.126203,-0.29464558,0.20738199,-0.0015099261,0.50364473,-0.27544699,-0.068431081,1.219391,0.55198222,-0.048564004,1.0054376,0.24114737,-0.05812745
14.129287,-0.30186374,0.22956927,0.0022277902,0.48480311,-0.3097392,-0.066138796,1.2285122,0.54841413,-0.048851485,1.0093319,0.28415312,-0.046122181
14.13237,-0.30891316,0.25088999,0.0063357365,0.46766463,-0.34044217,-0.064887881,1.2355383,0.54237889,-0.049332746,1.0154918,0.32182015,-0.03419115
14.135453,-0.31532324,0.27084744,0.010864403,0.45165133,-0.36736381,-0.064279411,1.240461,0.53345304,-0.050007342,1.0248225,0.35392007,-0.022749326
14.138537,-0.32096299,0.28997511,0.015610293,0.43659399,-0.39020557,-0.064601518,1.2433845,0.52185968,-0.051074432,1.0370808,0.3804466,-0.012445216
14.14162,-0.32629231,0.30786709,0.020365344,0.42274017,-0.40910692,-0.065722074,1.2441702,0.50735689,-0.052526054,1.0520833,0.40240341,-0.0035605397
14.144704,-0.33146193,0.32455767,0.025023839,0.41071129,-0.42432457,-0.067587217,1.2429479,0.48902792,-0.054381079,1.0700479,0.41965208,0.0035354439
14.147787,-0.33617431,0.34010068,0.029352025,0.4002052,-0.43598363,-0.070202017,1.2392382,0.46663607,-0.056779362,1.0898834,0.43288624,0.0085832622
14.150871,-0.34013422,0.35404177,0.033257126,0.39026951,-0.44397223,-0.073602853,1.2335156,0.44089717,-0.059729864,1.1107686,0.44236068,0.011532972
14.153954,-0.34378616,0.36639943,0.036620291,0.38085119,-0.44846606,-0.077785747,1.2257104,0.41172009,-0.06317763,1.1321386,0.44923834,0.012836523
14.157038,-0.34684131,0.37758419,0.039259141,0.37175314,-0.44957473,-0.082693891,1.215628,0.37892125,-0.067039279,1.1534454,0.45480426,0.012563239
14.160122,-0.34909961,0.38723657,0.040898236,0.36331576,-0.44746648,-0.088217196,1.2029074,0.34178952,-0.071008269,1.1742659,0.4597815,0.010979741
14.163206,-0.35058649,0.39554045,0.041461295,0.3570638,-0.44216394,-0.094325216,1.1876183,0.30089887,-0.074894174,1.1944712,0.46456548,0.008475779
14.166289,-0.35093283,0.40206922,0.040922798,0.35241696,-0.43385752,-0.10074697,1.1708652,0.25663958,-0.078900352,1.2137636,0.46948628,0.0053351057
14.169373,-0.34963213,0.40680519,0.038682399,0.34886825,-0.42302464,-0.10717186,1.15177,0.20875739,-0.082547908,1.2320098,0.47479281,0.0018461529
14.172457,-0.34722373,0.40976435,0.035775966,0.34583017,-0.40920515,-0.11347021,1.1302202,0.15709613,-0.085723479,1.2492972,0.48062779,-0.0017541327
14.175541,-0.34356449,0.41185674,0.031737413,0.34297468,-0.39255833,-0.11939933,1.1062193,0.10182579,-0.088515535,1.2655647,0.48695005,-0.0053547636
14.178626,-0.338587,0.41313087,0.026454723,0.33981564,-0.37307,-0.12488212,1.079819,0.044695958,-0.09121296,1.2807832,0.49375165,-0.0087212773
14.18171,-0.33232758,0.41316782,0.020599224,0.33627696,-0.35094619,-0.12973476,1.0519216,-0.014427233,-0.093111783,1.2950268,0.50086289,-0.011831759
14.184794,-0.324541,0.41177307,0.01379661,0.33219395,-0.32614897,-0.13357213,1.0223846,-0.074531701,-0.09384189,1.3083845,0.50801433,-0.014702358
14.187879,-0.31551381,0.40910072,0.0062692646,0.32743848,-0.29855646,-0.13664476,0.99327851,-0.13467755,-0.093530228,1.320885,0.51493989,-0.017402501
14.190963,-0.30518853,0.40511885,-0.0017265041,0.32210521,-0.2682687,-0.13878721,0.96558095,-0.19295817,-0.091716815,1.3325933,0.52138678,-0.019983196
14.194048,-0.29376412,0.39954345,-0.0098272577,0.31650849,-0.23437025,-0.14011006,0.94082017,-0.24829574,-0.088493364,1.3436578,0.52684457,-0.022502362
14.197133,-0.28146462,0.39229983,-0.018014797,0.31039276,-0.19798133,-0.14009309,0.9206211,-0.2997977,-0.083952063,1.3539247,0.53106726,-0.025049321
14.200217,-0.2683545,0.38370063,-0.026116358,0.30386318,-0.15862085,-0.13802171,0.90471634,-0.34677841,-0.078393301,1.3634187,0.53379247,-0.027717894
14.203301,-0.25478131,0.37368556,-0.033471943,0.29737141,-0.11627444,-0.13437487,0.89007095,-0.38861489,-0.072058017,1.3721396,0.53456453,-0.030488843
14.206386,-0.24073831,0.36236781,-0.040143891,0.29087255,-0.07141082,-0.1290427,0.87695074,-0.42505155,-0.06567208,1.3799069,0.53234558,-0.033407419
14.20947,-0.22656878,0.3496072,-0.046131198,0.28471144,-0.024269867,-0.12197751,0.86539406,-0.45599699,-0.060010316,1.3866786,0.52797107,-0.036585219
14.212554,-0.21235294,0.33553834,-0.051434896,0.27688795,0.023849442,-0.11281605,0.85605869,-0.48147882,-0.055742856,1.3921194,0.5201586,-0.039936932
14.215638,-0.19814903,0.32001909,-0.055787945,0.26885132,0.073105337,-0.10072705,0.84860985,-0.50171151,-0.053096035,1.3961232,0.50854393,-0.043428471
14.218722,-0.18412585,0.30331825,-0.059078876,0.2613025,0.12295042,-0.085978122,0.84326164,-0.51698815,-0.052051672,1.3983153,0.49301201,-0.047031226
14.221806,-0.17036249,0.28542856,-0.061354315,0.25428732,0.17290969,-0.071962647,0.84115756,-0.52770705,-0.052661071,1.3985525,0.47254441,-0.050703267
14.22489,-0.157188,0.26624521,-0.062788853,0.24864361,0.22129538,-0.057133821,0.84225928,-0.5344217,-0.054779728,1.3962893,0.44717988,-0.054510032
14.227974,-0.14447921,0.24571819,-0.063416097,0.2444809,0.26726382,-0.041018705,0.84564659,-0.53754498,-0.058155585,1.3917624,0.41669997,-0.05853035
14.231058,-0.13150928,0.22391499,-0.063665293,0.2417553,0.31124042,-0.024841157,0.85071505,-0.5375973,-0.062643197,1.3844747,0.3810695,-0.062688858
14.234141,-0.11869583,0.20094608,-0.063061811,0.2409882,0.35260124,-0.0093325762,0.85702119,-0.53485146,-0.06792719,1.3741887,0.34021679,-0.066894305
14.237225,-0.10595721,0.17684927,-0.06129982,0.24220558,0.39099859,0.0053272502,0.86407068,-0.52986898,-0.073624776,1.3605002,0.29428104,-0.070974292
14.240308,-0.093321445,0.15167715,-0.058568411,0.24790824,0.42525406,0.018354271,0.87118677,-0.52340775,-0.079482577,1.3440396,0.24351624,-0.07492648
14.243392,-0.082614313,0.12556417,-0.054943464,0.25673335,0.4557912,0.028453387,0.87806886,-0.5153754,-0.085255804,1.3246241,0.18848365,-0.078466441
14.246475,-0.073261219,0.099311958,-0.051674065,0.26812285,0.48257395,0.035814204,0.88436867,-0.50561008,-0.090683287,1.3024323,0.12981809,-0.081371874
14.249558,-0.064721719,0.072825883,-0.048470623,0.28171362,0.50563308,0.039975699,0.88976198,-0.4941582,-0.095728365,1.2778275,0.068020646,-0.083394992
14.252642,-0.057216428,0.046044088,-0.045648595,0.29769721,0.52498587,0.0400478,0.89379889,-0.48069093,-0.10037594,1.2514828,0.0047068696,-0.084711689
14.255725,-0.050726014,0.019011683,-0.042665862,0.31660427,0.54096132,0.037770931,0.89598219,-0.46503611,-0.1046498,1.2239464,-0.059190643,-0.084795952
14.258808,-0.044761617,-0.0082456042,-0.039848034,0.33828548,0.55405422,0.033194216,0.89639362,-0.44695928,-0.10854272,1.197089,-0.12241324,-0.083438797
14.261892,-0.03995069,-0.035686287,-0.036522048,0.36228747,0.56457259,0.026285744,0.894696,-0.42592018,-0.11199861,1.1725419,-0.18369372,-0.080563485
14.264975,-0.036551632,-0.061341538,-0.033057087,0.3885499,0.57289805,0.017156099,0.89079379,-0.40184265,-0.11527151,1.1515233,-0.24131972,-0.076198695
14.268058,-0.034338548,-0.085892436,-0.029726311,0.41694995,0.5792123,0.0067255568,0.88431324,-0.37487185,-0.11815413,1.1351256,-0.29421163,-0.070471529
14.271142,-0.033422968,-0.10942911,-0.026455427,0.44700956,0.58394361,-0.0045398111,0.87498891,-0.34404302,-0.12068416,1.1231126,-0.34157602,-0.063716739
14.274225,-0.033563055,-0.13189889,-0.022868095,0.47864052,0.58728293,-0.016134356,0.86439539,-0.30948684,-0.12278713,1.1153329,-0.38283985,-0.05625895
14.277308,-0.034926962,-0.15283831,-0.019194476,0.513038,0.58942665,-0.02770147,0.85226248,-0.27039993,-0.12420929,1.1100979,-0.41764897,-0.048510272
14.280392,-0.037771794,-0.17169527,-0.015603254,0.54969145,0.59028855,-0.038774993,0.8380145,-0.22766132,-0.12557417,1.1068835,-0.44611343,-0.040955907
14.283475,-0.042169038,-0.18883855,-0.011940778,0.5874453,0.59025199,-0.049031766,0.82260962,-0.18107052,-0.1259199,1.1055783,-0.46862603,-0.03407654
14.286559,-0.047097592,-0.20379859,-0.0083559602,0.62548718,0.5894823,-0.058383147,0.80672183,-0.13000844,-0.12507552,1.1064246,-0.48594546,-0.02833129
14.289642,-0.052688699,-0.21661101,-0.0048163637,0.66161448,0.58804319,-0.066661527,0.79109122,-0.076405689,-0.12257396,1.1093648,-0.49906355,-0.023791554
14.292726,-0.058787062,-0.22767644,-0.001469319,0.69464415,0.58583843,-0.07312346,0.77544871,-0.020418862,-0.1180087,1.114695,-0.50860713,-0.020721991
14.295809,-0.06571799,-0.23680169,0.0015374042,0.72440157,0.58259188,-0.077827285,0.7605077,0.0369032,-0.11104283,1.1217798,-0.51521943,-0.019137054
14.298893,-0.07406911,-0.24381756,0.0041925821,0.75089498,0.57820672,-0.080848753,0.74713491,0.094663029,-0.10161706,1.1298935,-0.51950022,-0.018852401
14.301977,-0.083060067,-0.24858557,0.0062357736,0.7741499,0.57256695,-0.082324817,0.73515578,0.15179415,-0.089964659,1.1385529,-0.52188805,-0.019511144
14.305061,-0.092570422,-0.25088834,0.0081261056,0.79414695,0.56537366,-0.082470936,0.72678566,0.20661953,-0.075758462,1.1476757,-0.52283433,-0.020908503
14.308145,-0.10236678,-0.25096424,0.0095443936,0.8108218,0.556311,-0.081631168,0.72340538,0.25758063,-0.059592749,1.1570062,-0.52266393,-0.022955716
14.311229,-0.1123121,-0.24890057,0.010573005,0.82421556,0.54519414,-0.08020954,0.72458767,0.30424617,-0.042809549,1.1658349,-0.52161713,-0.025477439
14.314313,-0.12233237,-0.24488433,0.011131981,0.83438599,0.53169841,-0.078426984,0.73067145,0.34601078,-0.026883215,1.1738644,-0.51965824,-0.028346655
14.317398,-0.13235673,-0.2390154,0.011186304,0.84142085,0.51585264,-0.07647877,0.73987499,0.38246954,-0.012097482,1.1808901,-0.51674627,-0.031482619
14.320482,-0.14207456,-0.23132517,0.010608094,0.84536624,0.49745783,-0.074521757,0.75263099,0.41337526,0.00059243749,1.1866109,-0.51273997,-0.034740066
14.323567,-0.15149144,-0.22178017,0.0093973442,0.84617238,0.4762537,-0.072664911,0.76793783,0.43911694,0.010447803,1.1909245,-0.50737089,-0.038109102
14.326651,-0.16065429,-0.21034535,0.0076978425,0.84445297,0.45213681,-0.071198707,0.78553139,0.46001023,0.017153035,1.1937143,-0.50020471,-0.041592937
14.329736,-0.16907462,-0.19712524,0.0055605448,0.84013073,0.42491051,-0.070152909,0.80504595,0.47664483,0.02120794,1.1948219,-0.49086194,-0.045169729
14.33282,-0.1769595,-0.18235406,0.0031070997,0.83332484,0.39500181,-0.069523555,0.82659691,0.48948709,0.02234967,1.1940157,-0.47896081,-0.048821231
14.335905,-0.18447767,-0.1658644,0.00048244594,0.82393521,0.36235972,-0.069021547,0.84976778,0.49949033,0.02088616,1.191146,-0.46395503,-0.052645959
14.338989,-0.19178963,-0.14760113,-0.0021383849,0.81266495,0.3274268,-0.068675815,0.87507386,0.50723714,0.017625583,1.1861479,-0.44538319,-0.056680761
14.342073,-0.19890167,-0.12781565,-0.0048591359,0.80072897,0.29075616,-0.069095577,0.90302436,0.51342901,0.012674941,1.1787914,-0.42267886,-0.060819368
14.345157,-0.20599427,-0.10674945,-0.0073730412,0.78674392,0.25165805,-0.070403705,0.93424858,0.51850484,0.0059204001,1.1690124,-0.39578434,-0.065063274
14.348241,-0.21317201,-0.084367052,-0.0096902362,0.77100982,0.21060707,-0.071106993,0.96761781,0.52314545,-0.0016180524,1.156734,-0.36421504,-0.069398469
14.351325,-0.21968733,-0.061001104,-0.011986778,0.75370014,0.16728463,-0.07092754,0.99982942,0.52772116,-0.0093407551,1.1423208,-0.32783945,-0.074127516
14.354409,-0.2259704,-0.0361605,-0.014461606,0.73398687,0.12335897,-0.071760141,1.0304529,0.53254632,-0.016686827,1.1251866,-0.28643028,-0.078575971
14.357493,-0.23240664,-0.0097307944,-0.015966642,0.7120514,0.078116557,-0.073161168,1.0591229,0.53765976,-0.023331272,1.1061071,-0.24068415,-0.082458883
14.360577,-0.23934246,0.016088699,-0.016362739,0.68829079,0.031312283,-0.074620395,1.0856438,0.54311315,-0.028957474,1.0858039,-0.19081592,-0.085581796
14.36366,-0.24602314,0.041771529,-0.016496288,0.66300137,-0.01648421,-0.075481847,1.1099082,0.54877588,-0.033436281,1.0653944,-0.13723944,-0.08770019
14.366744,-0.25219529,0.067852171,-0.016541877,0.63683439,-0.064794496,-0.076025341,1.1319483,0.55433314,-0.036875632,1.0464336,-0.08058782,-0.089165611
14.369828,-0.25806957,0.094300135,-0.016058759,0.60826895,-0.11226098,-0.076350773,1.1519871,0.55955094,-0.039339516,1.029601,-0.022502221,-0.089168694
14.372911,-0.26468257,0.12031664,-0.014940794,0.57962255,-0.15890474,-0.076141827,1.1698198,0.56410817,-0.040981763,1.0159286,0.036188077,-0.087371127
14.375995,-0.27145468,0.14578622,-0.012985335,0.55199443,-0.20430793,-0.07504581,1.1855149,0.56759692,-0.042024009,1.0059346,0.094331322,-0.083287258
14.379078,-0.27829535,0.17034596,-0.010032272,0.52698324,-0.24759842,-0.072819654,1.1990494,0.56912283,-0.042637648,1.0000104,0.15071133,-0.076714057
14.382162,-0.28507191,0.19406237,-0.0066299617,0.50474795,-0.28766601,-0.069621184,1.2105656,0.5685851,-0.042993509,0.99776649,0.20337487,-0.06797166
14.385245,-0.2919596,0.2172411,-0.0031034268,0.48541465,-0.32442641,-0.066843127,1.2200271,0.56623709,-0.043276617,0.99871066,0.25175682,-0.057722761
14.388329,-0.29925491,0.23967179,0.00071224448,0.46823407,-0.35751498,-0.064739359,1.227489,0.56172339,-0.043706143,1.0022853,0.29519938,-0.046456469
14.391412,-0.30588334,0.26093594,0.0049506304,0.45211707,-0.38694644,-0.063607886,1.232967,0.55460817,-0.044335091,1.0077703,0.33331758,-0.034768769
14.394496,-0.31169217,0.28128026,0.0095907699,0.43714298,-0.41198932,-0.063279068,1.2364091,0.54454109,-0.045267611,1.0169014,0.36568106,-0.023382795
14.397579,-0.31713265,0.30041089,0.014452729,0.4232234,-0.43293069,-0.0636808,1.2379021,0.53167627,-0.04659624,1.0293397,0.3928952,-0.012929014
14.400662,-0.32230687,0.31832275,0.019225846,0.41134084,-0.45010437,-0.064792153,1.2372894,0.51508299,-0.048269245,1.0450581,0.41483337,-0.0037765011
14.403746,-0.32718582,0.33506638,0.023801482,0.40103618,-0.46336546,-0.066745066,1.2345453,0.49424376,-0.050476764,1.0637782,0.43198296,0.0038635506
14.406829,-0.33138575,0.35044766,0.027878316,0.39142943,-0.47289421,-0.06951409,1.2293707,0.46890043,-0.053148328,1.084224,0.44468416,0.0095989413
14.409913,-0.33503672,0.36405555,0.031523142,0.38238329,-0.4787765,-0.073113429,1.2223769,0.43988944,-0.056475681,1.1056402,0.4537265,0.013421216
14.412997,-0.3380735,0.37642015,0.03448169,0.37381808,-0.48091103,-0.077564652,1.2131975,0.40707335,-0.060159333,1.1274395,0.46066805,0.015339689
14.41608,-0.34059784,0.38726166,0.036529922,0.36590894,-0.47967368,-0.082793513,1.201653,0.37054606,-0.064228913,1.1490032,0.46653713,0.015854719
14.419164,-0.34229014,0.39665627,0.037602862,0.36036841,-0.47517485,-0.088744503,1.1872637,0.32939788,-0.068348019,1.1700726,0.47184377,0.014935021
14.422248,-0.34300998,0.40460585,0.037645351,0.35671216,-0.46750802,-0.095109267,1.1711355,0.28470059,-0.07253991,1.1902588,0.47688528,0.013008959
14.425332,-0.34222017,0.41044675,0.036233787,0.3542529,-0.45706457,-0.10156768,1.1526309,0.23613185,-0.076685973,1.2093704,0.48207532,0.010279719
14.428415,-0.34004991,0.41454025,0.033567023,0.35257149,-0.44406313,-0.10795094,1.131669,0.1838503,-0.080180155,1.2274437,0.48765881,0.0071006201
14.431499,-0.33674733,0.41718298,0.030022259,0.35107977,-0.42810092,-0.11412385,1.1082726,0.1278365,-0.083217673,1.2443852,0.49371051,0.0036585958
14.434584,-0.33221107,0.41917276,0.025311809,0.34948465,-0.40940137,-0.11987447,1.082277,0.069062878,-0.086097589,1.260177,0.50025403,0.00012624313
14.437668,-0.32626623,0.41994764,0.019680873,0.34740968,-0.38797902,-0.12510364,1.0543699,0.008341167,-0.088588748,1.2748545,0.50722938,-0.0033634145
14.440752,-0.31870843,0.41925404,0.013335397,0.34426025,-0.36385722,-0.1297105,1.0249487,-0.053655217,-0.09045169,1.2885702,0.51442289,-0.0066832809
14.443836,-0.30973573,0.4170936,0.0061216172,0.34082864,-0.33719879,-0.13337583,0.99472796,-0.11592535,-0.091396875,1.3012995,0.52164684,-0.0098112597
14.446921,-0.2997345,0.41358582,-0.0016140241,0.33646175,-0.3077845,-0.13646023,0.96595679,-0.17720621,-0.091171177,1.3131741,0.5286615,-0.012809463
14.450005,-0.28848114,0.40861964,-0.0095033804,0.33142191,-0.27554185,-0.13861827,0.93974217,-0.23584659,-0.089650388,1.3242761,0.53495921,-0.015745727
14.45309,-0.27626045,0.40190683,-0.017520856,0.32544154,-0.24037276,-0.14007921,0.91755819,-0.29094809,-0.086756794,1.3346307,0.5402494,-0.018649467
14.456175,-0.26333094,0.39359455,-0.025617436,0.3186958,-0.20147617,-0.14040887,0.90007141,-0.34160382,-0.082627236,1.3442588,0.54442209,-0.021632356
14.45926,-0.24977074,0.38380415,-0.032690148,0.31169738,-0.16020138,-0.13880118,0.88527024,-0.38732104,-0.077386325,1.3530526,0.54678877,-0.024696598
14.462344,-0.2358119,0.37261966,-0.039335962,0.30429124,-0.11591443,-0.13646652,0.87197144,-0.42758093,-0.070961474,1.3610157,0.54650745,-0.027851126
14.465429,-0.22166176,0.36011032,-0.045284494,0.29733703,-0.068987627,-0.13184439,0.86043157,-0.46225995,-0.063548066,1.3680108,0.54439187,-0.031117096
14.468513,-0.20764265,0.34615863,-0.050350516,0.28966316,-0.019981327,-0.12541844,0.85093436,-0.49122066,-0.056659852,1.3739625,0.53927669,-0.034617814
14.471598,-0.19347672,0.33085261,-0.05487701,0.28128263,0.030614176,-0.11680415,0.844057,-0.51462716,-0.051283189,1.378464,0.53057335,-0.038252877
14.474682,-0.17943737,0.31419582,-0.058378046,0.27235178,0.082234881,-0.10527904,0.83933845,-0.53262558,-0.048026799,1.3814966,0.51822035,-0.041958474
14.477766,-0.16572856,0.29634757,-0.060881597,0.26386414,0.13427451,-0.092444122,0.83742808,-0.54558165,-0.046479217,1.3827109,0.50083616,-0.045640719
14.48085,-0.15243902,0.27724653,-0.062343816,0.25640537,0.18626397,-0.078593603,0.83874727,-0.55403952,-0.046611863,1.3818133,0.47782753,-0.049332795
14.483935,-0.140023,0.25661715,-0.063066813,0.25051239,0.23585982,-0.062804882,0.84257532,-0.55869805,-0.048236509,1.3783269,0.44953544,-0.053174011
14.487019,-0.12747092,0.23485379,-0.06290224,0.24645971,0.28371822,-0.046301643,0.84830808,-0.55996978,-0.051119378,1.372535,0.41592856,-0.057089012
14.490103,-0.11471299,0.21181695,-0.062575617,0.24374661,0.32914979,-0.029498443,0.85563657,-0.55845349,-0.054938726,1.3639185,0.37679733,-0.061021388
14.493186,-0.10200245,0.1875267,-0.061364299,0.24342007,0.37163123,-0.013666856,0.86365102,-0.55429864,-0.059324992,1.3522904,0.33234169,-0.064758123
14.49627,-0.089229275,0.16213313,-0.058911613,0.24584378,0.41061238,0.0011084804,0.87188202,-0.54865221,-0.063981701,1.3371158,0.28255873,-0.068321885
14.499354,-0.078223723,0.13587256,-0.055378465,0.25287071,0.44519273,0.0141482,0.87984036,-0.54134049,-0.06873434,1.3195206,0.22827869,-0.071487698
14.502438,-0.06869924,0.10912758,-0.051686217,0.26300237,0.47586764,0.024135683,0.88735901,-0.53241581,-0.073430862,1.2990519,0.16980484,-0.07421363
14.505522,-0.059905264,0.082029843,-0.048281769,0.2755513,0.50253657,0.031420849,0.89429863,-0.52189832,-0.077978893,1.2760386,0.10799061,-0.076200289
14.508605,-0.052163489,0.054795778,-0.045116411,0.29025187,0.52537213,0.035280959,0.90022344,-0.50956607,-0.082384749,1.2510053,0.043375019,-0.077682572
14.511689,-0.045368565,0.027305843,-0.042082911,0.30772411,0.54413701,0.035240931,0.90472021,-0.49540881,-0.086579001,1.224683,-0.022039762,-0.078596884
14.514773,-0.039275956,-0.0003704468,-0.039068902,0.32805651,0.55960201,0.032823433,0.90734356,-0.47901851,-0.090503927,1.1976568,-0.087525275,-0.078484194
14.517856,-0.033737332,-0.028367904,-0.035867874,0.3511245,0.572235,0.028207395,0.90779905,-0.45995343,-0.09422134,1.1719149,-0.15159856,-0.076944759
14.52094,-0.02931236,-0.055521776,-0.032396765,0.37641598,0.58218839,0.021270419,0.90619591,-0.43817398,-0.097627868,1.1490834,-0.21300343,-0.073687562
14.524023,-0.02641243,-0.08110264,-0.029177327,0.4038943,0.58996194,0.012267772,0.90216067,-0.41356529,-0.10069806,1.1298724,-0.27012795,-0.06903109
14.527107,-0.024844152,-0.10569007,-0.025876371,0.43328743,0.59573068,0.0020424819,0.89575129,-0.38579924,-0.10360112,1.1152857,-0.32214683,-0.063116906
14.530191,-0.024510703,-0.12928928,-0.022479529,0.46410085,0.5998829,-0.0088549371,0.8868224,-0.35407763,-0.10607677,1.1052138,-0.36817777,-0.056200537
14.533274,-0.02523319,-0.15161811,-0.018750672,0.49793743,0.60263049,-0.020021481,0.87558082,-0.31790863,-0.10807682,1.0992576,-0.4079463,-0.048584609
14.536358,-0.027477218,-0.1719364,-0.01511009,0.53428579,0.60412715,-0.03106946,0.86307881,-0.27768195,-0.10948693,1.0964255,-0.44123383,-0.040840978
14.539442,-0.031531924,-0.19048059,-0.011448332,0.57235009,0.60430394,-0.041551144,0.848401,-0.23344212,-0.11021932,1.0955987,-0.46829071,-0.033350143
14.542526,-0.036170483,-0.20688241,-0.0079572019,0.61106847,0.60374998,-0.05108736,0.83229975,-0.18547426,-0.11094846,1.0968235,-0.48951431,-0.02654977
14.54561,-0.041689192,-0.22114971,-0.0046072128,0.64872714,0.6025347,-0.059787568,0.81548585,-0.13314932,-0.11089493,1.100349,-0.50595191,-0.020939254
14.548694,-0.047854734,-0.23350223,-0.0012590965,0.68333698,0.60071025,-0.066899874,0.79886729,-0.077733571,-0.10995352,1.1056382,-0.51824701,-0.016718069
14.551778,-0.054551808,-0.24385352,0.0020788415,0.71462744,0.59800557,-0.072195824,0.78166889,-0.020159746,-0.1074977,1.1127924,-0.52717605,-0.013749307
14.554862,-0.061980143,-0.25211907,0.0049815887,0.74265473,0.59428021,-0.075723268,0.76531947,0.038908646,-0.10303187,1.1208535,-0.53331716,-0.011993638
14.557946,-0.070691539,-0.2583108,0.0072514476,0.76750372,0.58932914,-0.077645466,0.75017033,0.09824084,-0.096923863,1.1295404,-0.53723313,-0.011503526
14.56103,-0.079927552,-0.26217093,0.00892113,0.78906603,0.58295498,-0.078133653,0.73782755,0.15722803,-0.088905616,1.1391317,-0.53940323,-0.012013156
14.564115,-0.089740273,-0.26361845,0.010427696,0.80740759,0.57481605,-0.077488182,0.72827506,0.21333917,-0.078310925,1.1492338,-0.54029596,-0.013252365
14.567199,-0.099832737,-0.26294967,0.011557624,0.82231973,0.56465226,-0.076124614,0.72388727,0.26591571,-0.065782606,1.1590047,-0.54018741,-0.01501827
14.570284,-0.11008924,-0.26023207,0.012222766,0.83387552,0.55236745,-0.07426928,0.72428612,0.3139191,-0.051376164,1.1680959,-0.53921129,-0.017269026
14.573368,-0.12040737,-0.25548006,0.012407754,0.8423545,0.53752901,-0.072132307,0.72960118,0.35699457,-0.035785392,1.1762019,-0.53734164,-0.019876064
14.576453,-0.13052685,-0.24897032,0.012009968,0.84776011,0.5201481,-0.069903495,0.73873307,0.39450302,-0.02059622,1.1830477,-0.53455791,-0.022694067
14.579538,-0.14026996,-0.24063338,0.010875022,0.84991021,0.49989453,-0.067794398,0.75120685,0.42630406,-0.0069955256,1.1884318,-0.53066671,-0.025585531
14.582623,-0.14958324,-0.23030902,0.0091342501,0.84909349,0.47653103,-0.065909765,0.76643784,0.4527849,0.0040696437,1.1923263,-0.52531777,-0.028525568
14.585708,-0.158643,-0.21808845,0.0068527311,0.84590417,0.45047344,-0.064463665,0.78405477,0.47419185,0.011970344,1.1946874,-0.51823239,-0.03153348
14.588793,-0.16677723,-0.20423055,0.004387365,0.84005162,0.42077541,-0.063556153,0.80396971,0.491203,0.017071692,1.1953014,-0.50885804,-0.03459106
14.591877,-0.17451108,-0.18867939,0.0016328211,0.83186254,0.38841289,-0.062836265,0.82603723,0.50433645,0.019525682,1.1940903,-0.49681981,-0.03768936
14.594962,-0.18181597,-0.17139782,-0.0012091297,0.82067517,0.35304586,-0.062409947,0.85009974,0.51441829,0.019091857,1.1908293,-0.48167427,-0.040807768
14.598047,-0.18902524,-0.15236866,-0.0040747789,0.80846196,0.31571228,-0.062376985,0.87660164,0.52206389,0.016481835,1.1855034,-0.46298193,-0.044040648
14.601131,-0.19596464,-0.13185648,-0.0070124315,0.79527864,0.27649395,-0.063134736,0.90631396,0.5281539,0.012460773,1.1780546,-0.44016929,-0.047420714
14.604216,-0.20298127,-0.11010879,-0.0096929522,0.78001179,0.23472439,-0.064692053,0.93905833,0.53320525,0.0068091206,1.1683237,-0.41308595,-0.050969588
14.607301,-0.20990896,-0.087103816,-0.01213984,0.76301576,0.19113915,-0.065257549,0.97237366,0.5378585,9.976319e-05,1.1561315,-0.38099674,-0.054627371
14.610385,-0.21629265,-0.063060131,-0.014553142,0.74413383,0.14535526,-0.065569038,1.0043018,0.54249473,-0.0067579743,1.1415175,-0.34378047,-0.058258713
14.613469,-0.22236874,-0.037527293,-0.017054495,0.72284533,0.099173445,-0.067118876,1.0344208,0.54742119,-0.013288442,1.1251395,-0.30159142,-0.062063722
14.616554,-0.22879811,-0.010522586,-0.018452089,0.69946304,0.051481954,-0.068949404,1.062356,0.55265232,-0.019165603,1.1062052,-0.25484346,-0.065742642
14.619638,-0.23567524,0.015880907,-0.018891443,0.67432104,0.0023744523,-0.070705781,1.0880607,0.55821809,-0.024155542,1.0858295,-0.20385806,-0.068866299
14.622722,-0.24209962,0.041966855,-0.019142418,0.64801742,-0.047562951,-0.072008211,1.1115115,0.56391017,-0.028192932,1.0650707,-0.14946759,-0.071037332
14.625806,-0.24815976,0.06851078,-0.019188149,0.62056827,-0.097699328,-0.073005374,1.1327608,0.56944566,-0.031277642,1.0452858,-0.092019557,-0.07264003
14.62889,-0.25389895,0.095447136,-0.018679811,0.59089117,-0.14683175,-0.073778363,1.1518445,0.57464558,-0.033502285,1.0268001,-0.03263443,-0.073283729
14.631974,-0.26043268,0.12179183,-0.017651116,0.56204975,-0.19484726,-0.073714,1.1686513,0.57916135,-0.035034027,1.0116307,0.02686363,-0.073216489
14.635058,-0.26708422,0.14746549,-0.015442297,0.5351776,-0.24112781,-0.072690309,1.183273,0.5823945,-0.036065482,1.0001108,0.085881883,-0.07232874
14.638142,-0.27379932,0.17221406,-0.012379139,0.51121117,-0.2849722,-0.070537304,1.1957139,0.58343438,-0.036715665,0.99269529,0.14331599,-0.069526154
14.641226,-0.28039346,0.19648146,-0.0089041797,0.49045636,-0.32529163,-0.067373047,1.2062186,0.58272148,-0.037192288,0.98930521,0.19735441,-0.064596117
14.64431,-0.28723836,0.22000638,-0.0053819534,0.47273963,-0.362046,-0.064503769,1.2147184,0.58014783,-0.037664745,0.98900956,0.24722554,-0.05715639
14.647394,-0.29426145,0.2425129,-0.0015247385,0.4561994,-0.3949539,-0.062275655,1.221189,0.57535207,-0.038273763,0.99151189,0.2923815,-0.047939394
14.650478,-0.30071919,0.26435807,0.0026989783,0.440866,-0.42362136,-0.060900533,1.2257522,0.56830006,-0.03903176,0.99590915,0.33222752,-0.037678987
14.653562,-0.30630909,0.2849959,0.0072747203,0.42669572,-0.44816226,-0.0602165,1.2283527,0.5583427,-0.040036432,1.0037486,0.36623924,-0.027042688
14.656646,-0.31152106,0.30442309,0.012133896,0.41409797,-0.46848197,-0.06030594,1.2290889,0.54497737,-0.041415172,1.0157281,0.39525655,-0.016719009
14.65973,-0.31646589,0.32266569,0.016945627,0.40362461,-0.48472226,-0.06117814,1.227798,0.52730173,-0.043164627,1.0308177,0.41870584,-0.0072162474
14.662814,-0.32117956,0.33957818,0.021508824,0.39405563,-0.49702981,-0.062933403,1.224235,0.50472265,-0.045435941,1.0490191,0.43679402,0.0010385306
14.665898,-0.32513579,0.35514099,0.025589283,0.38524739,-0.50549961,-0.065573867,1.2184174,0.4776258,-0.048201828,1.0692652,0.45038217,0.007836901
14.668983,-0.32857721,0.36885447,0.029229918,0.37701855,-0.51008761,-0.069178893,1.2107681,0.44661498,-0.051553141,1.090666,0.46045268,0.01306708
14.672067,-0.3312562,0.38128719,0.032065711,0.3693767,-0.51075604,-0.073641174,1.200898,0.4114126,-0.055353009,1.1125437,0.46818892,0.016434129
14.675151,-0.3333524,0.39218897,0.03390289,0.36359632,-0.50789915,-0.078953084,1.1885964,0.3720208,-0.059449029,1.1343221,0.47480517,0.018254602
14.678235,-0.3347971,0.40168449,0.034798038,0.36013242,-0.50184853,-0.084952309,1.1734674,0.32851605,-0.063695583,1.1556585,0.48058318,0.01859517
14.68132,-0.3350515,0.40958475,0.034690394,0.35828379,-0.49267034,-0.091288152,1.1566375,0.28093009,-0.068140511,1.1761204,0.48591847,0.017677721
14.684404,-0.33369823,0.41537805,0.032989994,0.35738664,-0.48092886,-0.097697187,1.1373722,0.22937091,-0.072345946,1.1955381,0.49125104,0.015721646
14.687489,-0.33126997,0.41931959,0.030305797,0.35713202,-0.46645015,-0.10391957,1.1155483,0.17406462,-0.075879043,1.2138476,0.49690166,0.013074251
14.690573,-0.32754425,0.42201972,0.026606942,0.35690788,-0.44915089,-0.10978826,1.0912181,0.11513148,-0.078666979,1.2309466,0.50299611,0.0099752505
14.693658,-0.32257746,0.4239643,0.021734795,0.35654075,-0.42915579,-0.11525183,1.0643794,0.053662436,-0.081200096,1.2468084,0.50959756,0.0066135572
14.696743,-0.31595033,0.42435454,0.016146073,0.35550693,-0.40653265,-0.12024661,1.0357472,-0.0096862577,-0.083329094,1.2615047,0.51658558,0.003132878
14.699828,-0.30777229,0.42320875,0.0097089069,0.35310419,-0.38113713,-0.12468283,1.005603,-0.073992471,-0.084773454,1.2751118,0.52383492,-0.00033627553
14.702913,-0.29832787,0.42055726,0.0024730126,0.35029436,-0.35337372,-0.12826899,0.97499636,-0.13821241,-0.085734174,1.2876925,0.53115903,-0.0037511643
14.705998,-0.28779007,0.4164386,-0.0050053841,0.34642797,-0.32271051,-0.13112004,0.94668204,-0.20086344,-0.085883963,1.2993382,0.53824261,-0.0070517985
14.709083,-0.27619763,0.41075964,-0.012700988,0.34177887,-0.28940249,-0.13350218,0.92111718,-0.26063343,-0.084764274,1.3101612,0.5446607,-0.010310072
14.712169,-0.26374299,0.40330289,-0.020527053,0.33590198,-0.25321068,-0.13526105,0.90014221,-0.31657247,-0.082427494,1.320176,0.55022143,-0.01355276
14.715254,-0.2506571,0.39420087,-0.027985528,0.32879553,-0.21353034,-0.13609328,0.88379921,-0.36786015,-0.078331599,1.3293797,0.55442191,-0.016858001
14.718339,-0.23700482,0.38367206,-0.034556215,0.32128697,-0.17104764,-0.13555518,0.8699096,-0.41400757,-0.072444777,1.3377252,0.55678371,-0.02025965
14.721425,-0.22310032,0.37179786,-0.040662008,0.31329054,-0.1254642,-0.13446809,0.85776076,-0.45448909,-0.065043688,1.3452125,0.55657059,-0.023769289
14.72451,-0.20903291,0.35849048,-0.046200398,0.3055572,-0.077192951,-0.1313076,0.847595,-0.48901436,-0.057033574,1.3517424,0.55468763,-0.027402577
14.727595,-0.19510612,0.34375469,-0.050909919,0.29663781,-0.027001842,-0.12643861,0.83996554,-0.5170974,-0.0495821,1.3571534,0.55071544,-0.031174717
14.73068,-0.18119421,0.32756185,-0.054871833,0.28719604,0.025155551,-0.11933825,0.83499721,-0.53931905,-0.043439347,1.3612244,0.54319219,-0.03505381
14.733766,-0.1675348,0.31012697,-0.057822477,0.27791678,0.078860081,-0.10960849,0.83226627,-0.55621428,-0.039445542,1.3637553,0.5317285,-0.038959043
14.736851,-0.15429938,0.29153141,-0.05981419,0.26845391,0.13292996,-0.098819373,0.83248672,-0.56817055,-0.037322666,1.3644551,0.51465099,-0.042803824
14.739936,-0.14143285,0.2713494,-0.060816554,0.26003339,0.1871129,-0.085767691,0.83583887,-0.57592549,-0.036795242,1.3630286,0.49068981,-0.046528822
14.74302,-0.12933419,0.24994291,-0.061119904,0.25335109,0.23883654,-0.070245591,0.84163517,-0.57995127,-0.037712855,1.3590676,0.46105335,-0.050238825
14.746105,-0.11705456,0.22734002,-0.060621964,0.24855588,0.28886127,-0.053799047,0.84921719,-0.58058969,-0.039854178,1.3527388,0.42606287,-0.053871694
14.74919,-0.10454013,0.20354034,-0.060040548,0.24559327,0.33644454,-0.036927531,0.85773869,-0.57852767,-0.042876027,1.3436288,0.38522135,-0.057276326
14.752275,-0.091834362,0.17849542,-0.058371767,0.24504506,0.38086558,-0.020621235,0.86680892,-0.57429348,-0.046427308,1.3315573,0.33878553,-0.060341888
14.75536,-0.080159534,0.15234365,-0.055642166,0.2475579,0.42154668,-0.0054448906,0.87610294,-0.56827692,-0.050307445,1.3159919,0.28697015,-0.062980765
14.758445,-0.069832542,0.1254349,-0.052011814,0.25475674,0.45758061,0.0081172994,0.885305,-0.56071905,-0.05437181,1.2981495,0.23061408,-0.065174749
14.761529,-0.060662994,0.098130154,-0.048391743,0.26516525,0.48946981,0.01902276,0.89424411,-0.55157851,-0.058389055,1.2776428,0.170045,-0.066964909
14.764614,-0.052270424,0.070489529,-0.045004534,0.2781703,0.51710784,0.026889373,0.90240837,-0.54086492,-0.062226811,1.2547417,0.10618993,-0.068288171
14.767699,-0.044920204,0.042734398,-0.041924504,0.29330241,0.54068584,0.031800981,0.90930517,-0.52839676,-0.065855755,1.230074,0.039864143,-0.069050003
14.770783,-0.038352466,0.014814114,-0.038963653,0.31121826,0.56002532,0.032679312,0.91429893,-0.51404616,-0.069193677,1.2044431,-0.027191691,-0.069201612
14.773868,-0.0322901,-0.013415692,-0.036073571,0.3320311,0.57582155,0.031014868,0.91729052,-0.49755032,-0.07234142,1.1784597,-0.094101816,-0.06834464
14.776952,-0.026703095,-0.041808215,-0.032676751,0.35558404,0.58865241,0.027071777,0.91798599,-0.47845681,-0.075224149,1.153622,-0.15926324,-0.066396764
14.780037,-0.022295132,-0.068605062,-0.029213901,0.38143488,0.59870605,0.021048606,0.91635997,-0.45680105,-0.078065102,1.1316492,-0.22146093,-0.0632851
14.783122,-0.019636475,-0.09443941,-0.025937948,0.4094178,0.6064258,0.012840743,0.91248445,-0.43247069,-0.080965285,1.1130236,-0.27935132,-0.059020181
14.786206,-0.018153596,-0.11925345,-0.023012635,0.43927418,0.61201892,0.0032893674,0.90620113,-0.40481428,-0.083777619,1.0990405,-0.33206319,-0.053674118
14.789291,-0.017831359,-0.14314896,-0.019627132,0.47101296,0.61585981,-0.007073414,0.89764338,-0.37316824,-0.08660257,1.089536,-0.37873979,-0.047470062
14.792376,-0.018743868,-0.16514476,-0.015884537,0.50595646,0.618304,-0.017789279,0.88651858,-0.33674662,-0.08897165,1.0843044,-0.41910301,-0.040687957
14.79546,-0.021394989,-0.18556019,-0.012120482,0.54332654,0.61940139,-0.028448958,0.87388925,-0.29628821,-0.09094848,1.0830348,-0.45326008,-0.03369614
14.798545,-0.025326427,-0.20401919,-0.0085149832,0.58219732,0.61905044,-0.0385667,0.85908071,-0.25180966,-0.092490651,1.0838671,-0.48104529,-0.026876932
14.80163,-0.030176579,-0.2203449,-0.0052671957,0.6215352,0.61807024,-0.047715292,0.84277667,-0.20327083,-0.093007366,1.0867397,-0.50290697,-0.020603793
14.804715,-0.035871956,-0.23458836,-0.0021154702,0.65862036,0.61649124,-0.05608012,0.82539552,-0.15117438,-0.093356486,1.0915456,-0.52011997,-0.015139511
14.8078,-0.042296565,-0.24694229,0.0010342922,0.692477,0.61442277,-0.062686391,0.80776488,-0.094587856,-0.093404809,1.0979778,-0.53303006,-0.0108395
14.810885,-0.049343001,-0.25714221,0.0043082509,0.72300214,0.61151155,-0.067511807,0.78931233,-0.036459601,-0.0926439,1.1057655,-0.54207651,-0.0077575519
14.81397,-0.057084538,-0.26517057,0.0071331794,0.75027808,0.60760636,-0.070606454,0.77112811,0.02366198,-0.090594776,1.1142885,-0.54863981,-0.0058929531
14.817055,-0.06543167,-0.27114917,0.0092862247,0.77435689,0.60243903,-0.072045293,0.75464608,0.084421737,-0.087184521,1.1235965,-0.55294994,-0.00498969
14.82014,-0.074798263,-0.27478039,0.010943538,0.79527916,0.59577141,-0.072179513,0.74045908,0.14492942,-0.082335984,1.1338626,-0.55546236,-0.0049677877
14.823226,-0.084750429,-0.27607494,0.012105894,0.8128272,0.58728072,-0.071222833,0.72990429,0.20326486,-0.07522215,1.1445813,-0.55662913,-0.005784393
14.826311,-0.095121662,-0.27533073,0.013111633,0.82695643,0.57667843,-0.069611198,0.72354059,0.25830883,-0.06570088,1.1548341,-0.5568005,-0.0072109712
14.829397,-0.10568356,-0.27249678,0.013609327,0.83772945,0.56382595,-0.067585266,0.72189686,0.30915813,-0.054224,1.1642823,-0.55614335,-0.0091111166
14.832483,-0.11617664,-0.26771049,0.01364359,0.84530903,0.54841621,-0.065300216,0.72513986,0.35489817,-0.040981026,1.1726336,-0.55466572,-0.011409152
14.835568,-0.12639034,-0.26106323,0.013089142,0.84991553,0.53035232,-0.062956097,0.73266473,0.39539451,-0.026692148,1.1796156,-0.55227577,-0.013961604
14.838654,-0.13618924,-0.2525644,0.011760432,0.85125519,0.50907796,-0.060738254,0.74396671,0.43000188,-0.012839624,1.1851064,-0.54885794,-0.016603531
14.84174,-0.14554581,-0.24208752,0.0098261012,0.84966596,0.48454772,-0.058791407,0.75828156,0.45890309,-0.00087375392,1.1890825,-0.54392598,-0.019279138
14.844826,-0.15451509,-0.22972946,0.0073689066,0.84573295,0.45696291,-0.057320637,0.77532293,0.48277264,0.0082000972,1.1914173,-0.53745942,-0.021965235
14.847912,-0.16267693,-0.21568922,0.0046413883,0.83922788,0.42625852,-0.056409712,0.79467773,0.5017937,0.014117643,1.1921053,-0.52888963,-0.024663223
14.850999,-0.1703076,-0.19982821,0.0016894131,0.83036363,0.39222448,-0.055677966,0.81665149,0.51642732,0.018293696,1.1909725,-0.51774518,-0.027297977
14.854085,-0.17755211,-0.18230391,-0.0013436375,0.81850781,0.35507607,-0.05533714,0.84104445,0.52736077,0.019433234,1.1878977,-0.50351647,-0.029948967
14.857171,-0.18464347,-0.16302823,-0.0043257941,0.80554961,0.31587388,-0.055419177,0.8681365,0.53539539,0.01806847,1.1827469,-0.48585925,-0.032593005
14.860257,-0.19154033,-0.14233278,-0.0072864892,0.79155278,0.27468664,-0.056333787,0.89838222,0.54167178,0.015063679,1.1756635,-0.46432797,-0.035211706
14.863344,-0.19834311,-0.12038802,-0.010155581,0.77568553,0.23108882,-0.058141684,0.93169593,0.54676476,0.010792105,1.1662725,-0.43848922,-0.037978801
14.86643,-0.20528735,-0.097096056,-0.012658051,0.75785664,0.18561124,-0.059024089,0.96524623,0.55131071,0.0051483032,1.1547357,-0.40773239,-0.040894319
14.869516,-0.21163322,-0.072720887,-0.015101155,0.73824451,0.13779539,-0.05954807,0.99729302,0.55575007,-0.0010169551,1.1408575,-0.37153926,-0.043864978
14.872602,-0.21750744,-0.047059967,-0.017767103,0.71610496,0.089640526,-0.061366591,1.0274927,0.56050425,-0.0069846237,1.1249013,-0.3301067,-0.046851617
14.875688,-0.22382353,-0.019949244,-0.019319646,0.69187307,0.039986989,-0.063460031,1.055406,0.56555709,-0.012426629,1.1070301,-0.28388294,-0.04996105
14.878774,-0.23050275,0.0073513595,-0.019940838,0.66612233,-0.010988358,-0.06561997,1.0809547,0.57099024,-0.017197909,1.0872001,-0.2332746,-0.05300911
14.88186,-0.23679304,0.033804292,-0.020387123,0.63897907,-0.062742303,-0.067328596,1.1042236,0.57658157,-0.021175945,1.066472,-0.1788911,-0.055586437
14.884946,-0.24283225,0.060524964,-0.020536159,0.61104578,-0.11484375,-0.068714993,1.1251666,0.58203743,-0.024307978,1.0460649,-0.1215965,-0.057179487
14.888032,-0.2483991,0.087849533,-0.020306411,0.58063564,-0.16585483,-0.069934294,1.1439197,0.58724637,-0.026647121,1.0265115,-0.0622353,-0.058628691
14.891118,-0.2544523,0.11471953,-0.019449068,0.5514203,-0.21564725,-0.070192291,1.1603839,0.5919065,-0.028381783,1.0093475,-0.0018869657,-0.059362123
14.894203,-0.26090897,0.14073557,-0.017515631,0.52469539,-0.26346126,-0.069532488,1.1745508,0.5952691,-0.029619252,0.99556367,0.058200824,-0.058939666
14.897289,-0.26736663,0.16595269,-0.014818013,0.50108996,-0.30875435,-0.067895493,1.1865618,0.59662601,-0.030457527,0.98586928,0.11711896,-0.057581012
14.900375,-0.27381538,0.19068313,-0.011451975,0.48096507,-0.35050294,-0.065011762,1.1965623,0.59618261,-0.031060563,0.98007701,0.17325126,-0.054474214
14.903461,-0.28033682,0.21474007,-0.0079885989,0.4637066,-0.38856531,-0.061826033,1.2046445,0.59403914,-0.031602335,0.97770344,0.22579388,-0.049421672
14.906546,-0.2871371,0.23779551,-0.0042440568,0.44751396,-0.42233326,-0.059138028,1.210838,0.58990557,-0.032285064,0.9786657,0.27386483,-0.042944308
14.909632,-0.29341756,0.26018776,-0.00013585218,0.43273054,-0.45187278,-0.057138813,1.2150599,0.58396199,-0.033102338,0.9817077,0.31690538,-0.035394896
14.912718,-0.2988631,0.28140271,0.0042944152,0.41916575,-0.47715229,-0.055717155,1.2173937,0.57490063,-0.034112397,0.98750511,0.35420532,-0.026943861
14.915804,-0.30396828,0.30137864,0.0090460558,0.40750964,-0.49800979,-0.055093672,1.2178693,0.56230627,-0.03541871,0.99763271,0.38613731,-0.018113892
14.91889,-0.30879801,0.32026858,0.013915789,0.39752371,-0.51453481,-0.055319415,1.2164113,0.54503105,-0.036988367,1.0114339,0.41292936,-0.0094085287
14.921976,-0.31346938,0.33772767,0.018510825,0.38847391,-0.5269538,-0.056477743,1.2128372,0.52216409,-0.039089735,1.0281822,0.4337064,-0.0012838362
14.925061,-0.31742478,0.35385803,0.022718413,0.38030515,-0.53535149,-0.058572694,1.2067943,0.49489175,-0.041575151,1.0474304,0.44990688,0.0058822599
14.928147,-0.32078178,0.3681652,0.026469026,0.372829,-0.53974026,-0.061672886,1.1990669,0.46339698,-0.044739542,1.0682723,0.46235508,0.011857815
14.931233,-0.32350759,0.38107812,0.029525093,0.36596392,-0.54002778,-0.065739558,1.1891687,0.42751574,-0.048267888,1.08994,0.47183346,0.016551513
14.934319,-0.32553337,0.39243973,0.031597918,0.36152886,-0.53651109,-0.070686157,1.1769099,0.38724044,-0.052089622,1.1118338,0.47964515,0.019783797
14.937406,-0.32696929,0.40232152,0.032685069,0.35940441,-0.52982315,-0.076336338,1.1620406,0.34257944,-0.056182358,1.1334778,0.48618961,0.021545671
14.940492,-0.32746434,0.41070946,0.032749809,0.35888736,-0.52001287,-0.082389023,1.1450219,0.29371437,-0.060362759,1.1543737,0.49196766,0.021907184
14.943578,-0.32632745,0.41716217,0.031555137,0.35933272,-0.50766049,-0.088513389,1.1257031,0.24062073,-0.064431116,1.1743089,0.49747015,0.021081216
14.946664,-0.32387027,0.42150554,0.029139088,0.36021131,-0.49261755,-0.094529557,1.1038926,0.18366495,-0.067718566,1.1931424,0.50310219,0.019333407
14.949751,-0.32026868,0.42452636,0.02573955,0.36125891,-0.47484367,-0.1001913,1.0795449,0.12306596,-0.070659004,1.2107426,0.5090899,0.016900901
14.952837,-0.31520324,0.42653648,0.021253607,0.36210405,-0.45428755,-0.1053177,1.0528904,0.059531247,-0.072785443,1.227028,0.51555629,0.013938856
14.955924,-0.30859625,0.42695207,0.015870997,0.36233213,-0.43115336,-0.11006868,1.0242461,-0.0057093037,-0.074647697,1.2420736,0.52247664,0.010666398
14.95901,-0.3004983,0.42570277,0.0099194907,0.3613622,-0.40546415,-0.11429345,0.99416463,-0.072129733,-0.075841035,1.2559909,0.52993753,0.0072419171
14.962097,-0.29112636,0.42293153,0.0029946967,0.35886438,-0.37696123,-0.11785989,0.96347855,-0.13838321,-0.076720185,1.2687676,0.53719201,0.0037834162
14.965184,-0.28073331,0.41855155,-0.0042179464,0.35593711,-0.34616293,-0.12088828,0.93517922,-0.2034328,-0.076996108,1.2805023,0.54433085,0.00031659972
14.968271,-0.26926822,0.41264272,-0.011546238,0.35190187,-0.31240374,-0.1231526,0.90930082,-0.26548909,-0.076102698,1.2913164,0.55098037,-0.0031541154
14.971358,-0.25706432,0.40487762,-0.019055817,0.34665917,-0.27592501,-0.12510455,0.88774824,-0.32382282,-0.073506304,1.3012816,0.55667193,-0.0066512161
14.974445,-0.24417435,0.39546206,-0.025921655,0.33981652,-0.23672704,-0.12651989,0.87099118,-0.37745465,-0.068882525,1.3103608,0.56120174,-0.010189615
14.977532,-0.23076982,0.38470406,-0.03210796,0.33223476,-0.19359895,-0.1270546,0.85739887,-0.42572186,-0.062524241,1.318497,0.56402871,-0.013837755
14.98062,-0.21698772,0.37249426,-0.038150184,0.32391323,-0.14841962,-0.12703521,0.84577256,-0.46806785,-0.05533502,1.3257197,0.56465055,-0.017576561
14.983707,-0.20317831,0.35882878,-0.043461667,0.31557234,-0.099916405,-0.12621925,0.83632814,-0.50413169,-0.047777242,1.3319952,0.56364069,-0.021375914
14.986795,-0.18955949,0.34366536,-0.047852309,0.30641813,-0.049060782,-0.12343806,0.82944658,-0.53356929,-0.040511851,1.3371869,0.5612356,-0.025255149
14.989882,-0.17593534,0.32717572,-0.051479212,0.29588114,0.0035928199,-0.11876138,0.82549833,-0.5567896,-0.034301154,1.3411077,0.55618159,-0.029220563
14.992969,-0.16263714,0.30932993,-0.054270763,0.28571216,0.058505547,-0.11140154,0.82377942,-0.57433935,-0.029630581,1.3435966,0.54702523,-0.03319257
14.996056,-0.14977602,0.29035297,-0.056025861,0.2754341,0.11421985,-0.10320065,0.82490525,-0.58674314,-0.026946838,1.3442298,0.53262138,-0.036990267
14.999143,-0.13728955,0.26974268,-0.057017637,0.26570733,0.17077992,-0.093795198,0.82934295,-0.59492743,-0.025803541,1.3428557,0.51136348,-0.040542727
15.002231,-0.12549062,0.24798533,-0.057243637,0.2574624,0.2252177,-0.080213598,0.83636959,-0.59944515,-0.026093117,1.3391806,0.48291629,-0.043847162
15.005318,-0.11351491,0.22495324,-0.056710874,0.2511215,0.27800396,-0.064797214,0.84507894,-0.6006119,-0.027549756,1.3330811,0.44866208,-0.046960727
15.008405,-0.1012438,0.20084443,-0.05606033,0.24668123,0.32862483,-0.048488057,0.85479263,-0.59907896,-0.029905361,1.3242282,0.40848766,-0.04965916
15.011492,-0.088682221,0.17546261,-0.054565243,0.2449528,0.37606444,-0.03221158,0.86504129,-0.59531641,-0.032854974,1.3125204,0.36235331,-0.052023234
15.014579,-0.077428173,0.14908755,-0.051902299,0.24586719,0.41995808,-0.016623149,0.87554344,-0.58970639,-0.036140776,1.2977388,0.31051828,-0.05390202
15.017666,-0.0673855,0.12187587,-0.048383777,0.25177973,0.45891657,-0.0021137788,0.88615072,-0.58250958,-0.039579233,1.2802541,0.25379245,-0.055576766
15.020753,-0.058133648,0.094304329,-0.044967912,0.26127288,0.49336666,0.010270854,0.89633442,-0.57380435,-0.043009183,1.2604002,0.19292682,-0.056993536
15.02384,-0.049884496,0.066406292,-0.041494953,0.27358906,0.52358173,0.01988381,0.90558303,-0.56350553,-0.046275674,1.2383252,0.12830522,-0.057939362
15.026927,-0.042484444,0.038255763,-0.038434006,0.28833533,0.54932818,0.026764717,0.91327098,-0.55153174,-0.049266411,1.2144936,0.06103098,-0.057845621
15.030014,-0.035860836,0.010166342,-0.035747826,0.30560632,0.57064153,0.030205438,0.91903833,-0.53780685,-0.051955416,1.1897403,-0.0074743849,-0.057740359
15.033101,-0.029482047,-0.018448358,-0.033036636,0.32566526,0.58794321,0.030132744,0.92265917,-0.52202662,-0.054413884,1.1648429,-0.075773598,-0.056484127
15.036187,-0.023457794,-0.046962786,-0.029734108,0.34853826,0.60184454,0.027895864,0.92411863,-0.5039433,-0.056747059,1.1407222,-0.14263283,-0.054423374
15.039274,-0.018695319,-0.074039545,-0.026342283,0.37402458,0.61283073,0.023584046,0.92321476,-0.48339108,-0.059038688,1.118786,-0.20676115,-0.051517406
15.042361,-0.015614455,-0.1002117,-0.023208806,0.40161406,0.62124998,0.01719343,0.92007242,-0.46012738,-0.061226297,1.1000616,-0.26696457,-0.047863006
15.045448,-0.01383332,-0.125337,-0.020322488,0.4311327,0.62728612,0.0089313307,0.91460342,-0.43377535,-0.063347285,1.0852386,-0.32220192,-0.043338274
15.048535,-0.013126091,-0.14948111,-0.017020886,0.46285751,0.63133715,-0.00046858946,0.90670738,-0.40339617,-0.065401926,1.0749683,-0.37169105,-0.038148985
15.051622,-0.013602345,-0.17185933,-0.013765844,0.49760451,0.63384937,-0.010562009,0.8965921,-0.36858562,-0.067668687,1.0691902,-0.41495633,-0.03246405
15.054709,-0.015910719,-0.19278682,-0.010274917,0.53508354,0.63500997,-0.020818715,0.8840586,-0.32920407,-0.070087055,1.0674694,-0.45196389,-0.02655944
15.057796,-0.019416238,-0.21166568,-0.0066521636,0.57424773,0.63450227,-0.03070556,0.86984628,-0.28591417,-0.072110873,1.0688074,-0.48314636,-0.020580075
15.060883,-0.023952966,-0.22852186,-0.0034914118,0.61405678,0.63308395,-0.039823369,0.85399459,-0.2385232,-0.073663882,1.0721161,-0.50777432,-0.01492773
15.06397,-0.029431001,-0.24324859,-0.00043985653,0.65168895,0.63122843,-0.048117964,0.83675042,-0.18721918,-0.074218172,1.0773062,-0.52739236,-0.0098732505
15.067057,-0.035618079,-0.25607839,0.0025856846,0.68603036,0.62898804,-0.054883871,0.81867598,-0.13230975,-0.074793103,1.0842031,-0.54242293,-0.0056144408
15.070145,-0.042662667,-0.26676429,0.0056114468,0.71701686,0.62618712,-0.059854124,0.80008806,-0.073558205,-0.07482737,1.0926416,-0.55336171,-0.002313455
15.073232,-0.050268577,-0.27522741,0.0087097107,0.7447611,0.62247241,-0.063143902,0.78058161,-0.013583649,-0.074548537,1.1017841,-0.56102702,-5.3178545e-05
15.076319,-0.058179124,-0.28156852,0.010977736,0.7693275,0.61757687,-0.064757106,0.76184664,0.047853823,-0.073016031,1.1116774,-0.56645043,0.0012434761
15.079407,-0.067464278,-0.28567821,0.012668494,0.79081572,0.61126115,-0.065010476,0.74536383,0.10966952,-0.070474613,1.1221188,-0.56988526,0.0016524272
15.082494,-0.077386005,-0.28749029,0.013755933,0.80883513,0.6031059,-0.064235387,0.73160931,0.17070008,-0.067047665,1.1331186,-0.57180379,0.0012707852
15.085582,-0.087814631,-0.28734561,0.014790688,0.82343855,0.59284986,-0.0626288,0.72252115,0.22873555,-0.060893502,1.144023,-0.57257656,0.00025736168
15.08867,-0.098527876,-0.28506459,0.015383487,0.83468646,0.58027688,-0.060659589,0.71764412,0.2833582,-0.052494338,1.1540519,-0.57243079,-0.0012509307
15.091757,-0.10926741,-0.28079535,0.015415553,0.84267683,0.56510576,-0.05840638,0.71717523,0.33352059,-0.042166428,1.162991,-0.57151135,-0.0031763038
15.094845,-0.11969136,-0.27459847,0.014975815,0.84764004,0.54748591,-0.055966706,0.72168045,0.37865908,-0.03034114,1.1706542,-0.56977184,-0.0054375801
15.097933,-0.12967409,-0.26653615,0.013805767,0.84953347,0.52655568,-0.053707708,0.73030152,0.4182139,-0.018263902,1.1768154,-0.56708553,-0.0078849003
15.101021,-0.13921947,-0.25652402,0.011939633,0.84823366,0.50212515,-0.051552397,0.74238425,0.45192835,-0.0064380042,1.1814403,-0.56306987,-0.010387885
15.104109,-0.14842622,-0.24460669,0.0095993191,0.84456294,0.47431213,-0.049899662,0.75757043,0.48033822,0.0037013523,1.1844774,-0.55739707,-0.012927342
15.107198,-0.15675284,-0.23093733,0.0069119498,0.83838935,0.44321391,-0.048854079,0.77521266,0.50348067,0.01099251,1.1858568,-0.55005813,-0.015437393
15.110286,-0.16447142,-0.21547476,0.0038347745,0.82976798,0.40920871,-0.04813737,0.795733,0.52171907,0.016058595,1.1854962,-0.5407877,-0.017851524
15.113375,-0.17170127,-0.19827315,0.00076852914,0.81862038,0.37161217,-0.047737284,0.81907049,0.53556566,0.019458159,1.1832683,-0.52863984,-0.020167043
15.116463,-0.17867838,-0.17939858,-0.0023707196,0.80512969,0.3311938,-0.047706903,0.84561912,0.5455407,0.020065314,1.1790506,-0.51319866,-0.022424521
15.119552,-0.1856228,-0.15896182,-0.005444023,0.79108395,0.28901734,-0.048453323,0.87500972,0.55294747,0.018609341,1.1728313,-0.49420553,-0.024633732
15.12264,-0.19227028,-0.13729525,-0.0083665792,0.77516536,0.24441041,-0.0500623,0.90775923,0.5584757,0.015739926,1.1646689,-0.47112893,-0.026818329
15.125729,-0.19897229,-0.11434623,-0.011183831,0.75742051,0.19789462,-0.051747183,0.94194583,0.56308717,0.011731291,1.1542659,-0.44340802,-0.029056467
15.128817,-0.20541732,-0.090082969,-0.013646085,0.73781677,0.14909304,-0.052715177,0.97486703,0.56728854,0.0065779475,1.1417423,-0.41053787,-0.031389227
15.131906,-0.21131448,-0.064835733,-0.016057874,0.71599274,0.098955223,-0.054064271,1.0060036,0.57157191,0.0011315591,1.1270531,-0.37211469,-0.033801472
15.134994,-0.21726456,-0.038322415,-0.018247599,0.69188834,0.048101778,-0.056287895,1.0349521,0.57613719,-0.004072312,1.1104273,-0.32840337,-0.03618787
15.138082,-0.22378719,-0.010451428,-0.019198726,0.66598328,-0.0043002302,-0.0583607,1.0614985,0.58107431,-0.0087859719,1.0920761,-0.27999188,-0.038657102
15.141171,-0.23013923,0.016899473,-0.019917655,0.63864618,-0.057340871,-0.060526263,1.0856428,0.58635547,-0.012935943,1.072002,-0.2273559,-0.041035071
15.144259,-0.23616766,0.043505146,-0.020539538,0.6108059,-0.11125417,-0.062242064,1.1073344,0.59168016,-0.016390973,1.0512898,-0.17129638,-0.04309126
15.147347,-0.24197187,0.07075771,-0.020507515,0.58039361,-0.16435226,-0.064032602,1.1267645,0.59690011,-0.019083307,1.0314449,-0.11235069,-0.044458932
15.150435,-0.24718112,0.098317619,-0.020152586,0.55042064,-0.21627109,-0.065006341,1.143885,0.60177502,-0.021115224,1.0122243,-0.052043957,-0.045438622
15.153524,-0.25319882,0.12492042,-0.019022223,0.5225895,-0.26649076,-0.065076127,1.158684,0.60575662,-0.022675089,0.99558641,0.0088435544,-0.045722872
15.156612,-0.25949595,0.15061152,-0.016825871,0.49775317,-0.31402353,-0.064184577,1.1712551,0.60825874,-0.023826404,0.98243093,0.069121578,-0.045333498
15.1597,-0.26564617,0.17578919,-0.013907964,0.47700015,-0.35862525,-0.062330442,1.1816761,0.60862347,-0.024658628,0.97324642,0.12813864,-0.043859467
15.162788,-0.27189866,0.20029451,-0.010645374,0.45957003,-0.39926704,-0.059280229,1.1901691,0.60739776,-0.025352602,0.96781649,0.18381499,-0.041345533
15.165876,-0.27856656,0.22416603,-0.0072033455,0.44330261,-0.43561718,-0.056166834,1.1968214,0.60469278,-0.026041244,0.96565558,0.235786,-0.037658771
15.168965,-0.28467187,0.24721155,-0.0035276593,0.42850048,-0.46771862,-0.053488565,1.2016336,0.6006101,-0.026900102,0.96667728,0.28326197,-0.032880852
15.172053,-0.29008312,0.26914656,0.00068099211,0.41505954,-0.4954023,-0.051285375,1.2044812,0.5936164,-0.027845861,0.96948998,0.32567674,-0.027034771
15.175141,-0.29521332,0.28998008,0.0051230816,0.40345637,-0.51841565,-0.049762322,1.205553,0.58338665,-0.029030572,0.97576475,0.36233808,-0.02026326
15.178229,-0.30005608,0.30963784,0.0098935048,0.3936795,-0.53688795,-0.049040527,1.2047203,0.56854773,-0.030489429,0.98621621,0.39392263,-0.012943222
15.181317,-0.30473079,0.32798166,0.014648309,0.38484368,-0.55097892,-0.049239002,1.20189,0.54825871,-0.03221371,1.0002675,0.41979114,-0.0054889855
15.184406,-0.30891275,0.34494209,0.019021109,0.37691818,-0.56087001,-0.050361549,1.1969023,0.52265769,-0.034427677,1.0172467,0.44042312,0.0017152601
15.187494,-0.31250882,0.36035136,0.023079374,0.36980294,-0.56659914,-0.052536136,1.1896528,0.49264388,-0.037037266,1.0366466,0.45677969,0.0082670895
15.190582,-0.31561619,0.3741922,0.026510506,0.36343583,-0.56809994,-0.055755951,1.180501,0.45807183,-0.040197975,1.0575835,0.46941713,0.013890382
15.193671,-0.31811112,0.38643453,0.02917645,0.35907081,-0.56556153,-0.05995898,1.1691381,0.41888195,-0.043612419,1.0793027,0.47950353,0.018465961
15.196759,-0.31987117,0.39715635,0.030843639,0.35731273,-0.55935437,-0.064904412,1.155321,0.37518801,-0.047430118,1.1012249,0.48761751,0.021863085
15.199847,-0.32100374,0.40632279,0.031521823,0.35744123,-0.55007636,-0.070446902,1.1385322,0.32678776,-0.051015842,1.1228086,0.49439807,0.023917532
15.202936,-0.32087509,0.41370054,0.031168658,0.35866179,-0.53794176,-0.076190167,1.1201897,0.27435238,-0.054565107,1.1436382,0.50045667,0.024670542
15.206025,-0.31910384,0.41929714,0.029531227,0.36056348,-0.52356806,-0.081976488,1.0993666,0.21753423,-0.05785873,1.1635176,0.5062444,0.024302742
15.209113,-0.31599526,0.42275176,0.026852672,0.36251495,-0.50627898,-0.087415303,1.0761004,0.15701226,-0.060560745,1.1822256,0.51212555,0.022999504
15.212202,-0.31154846,0.42532309,0.023157922,0.3644923,-0.48626084,-0.092439463,1.050421,0.092971137,-0.062491033,1.1996489,0.51834448,0.020964571
15.215291,-0.30562016,0.4263565,0.018504474,0.36607443,-0.46347548,-0.096939245,1.0226364,0.026717531,-0.064218379,1.2157483,0.52500171,0.01833982
15.21838,-0.2983055,0.42564861,0.01316585,0.36656176,-0.43813932,-0.10093032,0.99343648,-0.041067937,-0.065607422,1.2305933,0.53220619,0.015324253
15.221469,-0.28967111,0.42329402,0.0071836478,0.36584183,-0.41021741,-0.10456912,0.96289775,-0.10942452,-0.066644539,1.2442443,0.54002993,0.012066389
15.224558,-0.27996837,0.41934387,0.00047146369,0.36333718,-0.37957773,-0.10753759,0.93306194,-0.17703036,-0.06720728,1.2567473,0.54737726,0.0086857867
15.227647,-0.26928029,0.41378772,-0.0064076548,0.36038139,-0.34663041,-0.11010248,0.90602605,-0.24248546,-0.066485693,1.2681276,0.55421765,0.0052395207
15.230736,-0.25771788,0.40630951,-0.013358436,0.35647663,-0.31086657,-0.11200711,0.88216138,-0.30448592,-0.064181568,1.2785431,0.56043127,0.0017340486
15.233826,-0.24553774,0.39722277,-0.020344731,0.35076692,-0.27231206,-0.11314788,0.86334399,-0.36222237,-0.060096095,1.2880331,0.56579167,-0.0018366693
15.236915,-0.23273481,0.38666885,-0.026286369,0.34357359,-0.23117847,-0.11437855,0.84896613,-0.41475915,-0.054652865,1.2965241,0.56960292,-0.005461574
15.240005,-0.21949834,0.37471313,-0.032065214,0.33545221,-0.18641256,-0.11502531,0.83715043,-0.46160008,-0.048223874,1.3039597,0.57175609,-0.0091862964
15.243094,-0.20615349,0.36119891,-0.037378866,0.32669078,-0.13902302,-0.11547279,0.82743426,-0.50219395,-0.041455231,1.3104407,0.57207633,-0.013043009
15.246184,-0.19295579,0.34618125,-0.041876821,0.31813856,-0.088866709,-0.11495844,0.8200182,-0.53599337,-0.034674359,1.3158767,0.57091209,-0.016950758
15.249274,-0.17984001,0.32975283,-0.045546887,0.30775924,-0.03663657,-0.1128302,0.81570456,-0.56297915,-0.028376482,1.320148,0.56855021,-0.020957869
15.252364,-0.16692566,0.31201144,-0.048389882,0.29688412,0.017793693,-0.10907007,0.81407828,-0.58389542,-0.023275083,1.3230351,0.5632602,-0.024953656
15.255453,-0.15427531,0.29306771,-0.050278614,0.28610323,0.074338038,-0.103185,0.81449243,-0.59926585,-0.019377669,1.3243572,0.55357718,-0.028840739
15.258543,-0.14210501,0.27264946,-0.051371921,0.27545738,0.13203315,-0.096544658,0.81854604,-0.61006661,-0.017203197,1.3236691,0.53800396,-0.032409462
15.261633,-0.13035771,0.25105476,-0.051877848,0.26489589,0.18987823,-0.088603234,0.8256459,-0.61679024,-0.016541662,1.3209412,0.51504572,-0.035610693
15.264722,-0.11899907,0.22820862,-0.051677763,0.25598968,0.24561123,-0.076834661,0.83484562,-0.61995986,-0.017122405,1.3158109,0.48452015,-0.03837786
15.267812,-0.10715633,0.20427607,-0.050840004,0.24909362,0.29970131,-0.06255958,0.84520247,-0.6199597,-0.018656333,1.3082579,0.44796692,-0.040868296
15.270901,-0.095152448,0.17918225,-0.04974033,0.24433951,0.35142406,-0.047409652,0.85626224,-0.61729427,-0.020855332,1.2979287,0.40528892,-0.04310385
15.273991,-0.083495555,0.15314813,-0.047638294,0.24255375,0.39979941,-0.032180675,0.86762694,-0.61275662,-0.023494021,1.2847912,0.35641108,-0.045167583
15.27708,-0.073385226,0.12607221,-0.044534553,0.24454274,0.44383727,-0.017335059,0.87930249,-0.60651982,-0.026360919,1.2686353,0.30172124,-0.046899076
15.28017,-0.063876006,0.098373776,-0.041527382,0.25124874,0.48274228,-0.003554095,0.89063586,-0.5987462,-0.029280668,1.2501959,0.24235032,-0.048142949
15.283259,-0.055134225,0.070462774,-0.0381079,0.26154713,0.51723242,0.0082429667,0.90117231,-0.58941432,-0.032120867,1.2296687,0.17882748,-0.048803551
15.286348,-0.047370723,0.042360769,-0.035025002,0.27467849,0.54712971,0.017473288,0.91034417,-0.57854002,-0.034782009,1.2072968,0.11200236,-0.048827444
15.289438,-0.040131924,0.014183903,-0.032546197,0.2901168,0.57247739,0.024189477,0.91759502,-0.56601799,-0.037184276,1.1836116,0.042967544,-0.047775277
15.292527,-0.033469469,-0.01429737,-0.029963464,0.3084412,0.5930683,0.027503209,0.92274316,-0.55177747,-0.03927486,1.159482,-0.026697426,-0.046734906
15.295616,-0.026720503,-0.043007777,-0.026996264,0.32949185,0.60961271,0.02759156,0.92562649,-0.53544037,-0.041134458,1.135746,-0.095649303,-0.044801334
15.298706,-0.021096451,-0.070387869,-0.023734289,0.35330109,0.62272959,0.025694025,0.92617033,-0.51678485,-0.042807075,1.1132932,-0.1627857,-0.042377484
15.301795,-0.01691991,-0.096913985,-0.020838261,0.37967361,0.63293881,0.021969605,0.92443949,-0.49570622,-0.044470386,1.0933411,-0.22662663,-0.039302466
15.304884,-0.014099855,-0.12263975,-0.018060905,0.40800084,0.64045096,0.016158604,0.92033618,-0.47174446,-0.046161399,1.0767657,-0.28646419,-0.035903112
15.307974,-0.012559045,-0.14720788,-0.014928352,0.43811794,0.64563555,0.0084613581,0.91405438,-0.44434938,-0.047870619,1.064181,-0.34095716,-0.031867334
15.311063,-0.012114486,-0.17016852,-0.011721286,0.47128591,0.64893931,-0.00027856703,0.90543778,-0.41271971,-0.049615087,1.0558491,-0.38970065,-0.027381232
15.314153,-0.013153671,-0.19186511,-0.0085455792,0.50745983,0.65079443,-0.0096977359,0.89456185,-0.37644753,-0.051188297,1.0519373,-0.43215115,-0.022599276
15.317242,-0.015283406,-0.21177135,-0.0054221816,0.54601436,0.65081908,-0.0193028,0.88172845,-0.33590648,-0.053045272,1.0517104,-0.46839396,-0.017592051
15.320332,-0.018754546,-0.2296485,-0.0022421186,0.58583132,0.64966818,-0.028490302,0.86671435,-0.29120102,-0.054986593,1.0541707,-0.49897871,-0.012528362
15.323421,-0.023318474,-0.24550302,0.00072229608,0.62519338,0.64766234,-0.036886418,0.85037535,-0.24255376,-0.056648738,1.0587122,-0.52389211,-0.007756194
15.326511,-0.028793411,-0.2593044,0.0036728601,0.6614951,0.64511575,-0.044314274,0.83269611,-0.190134,-0.057780104,1.0650965,-0.54296536,-0.0034300167
15.3296,-0.035059171,-0.27109475,0.0066759677,0.69436058,0.64228882,-0.050105443,0.8141491,-0.1339553,-0.05806015,1.0732825,-0.55751392,0.00031741873
15.33269,-0.042096425,-0.28077003,0.009578039,0.72390457,0.63892763,-0.054192948,0.79479639,-0.074532091,-0.058552258,1.0827633,-0.56816194,0.003189812
15.33578,-0.049736347,-0.28820451,0.012496719,0.75030506,0.63461882,-0.05661081,0.77474684,-0.013590446,-0.05886425,1.093142,-0.57561941,0.0052494514
15.338869,-0.057904545,-0.2935379,0.014486687,0.7735448,0.62912731,-0.057587701,0.75550662,0.048609815,-0.05823636,1.1041583,-0.58056254,0.0065256272
15.341959,-0.067532316,-0.29653985,0.015872601,0.79356461,0.62208933,-0.0573226,0.73835537,0.11118334,-0.056818601,1.1152756,-0.58386998,0.0070813812
15.345049,-0.07764671,-0.29748607,0.016870546,0.81004123,0.61299847,-0.056207212,0.72391547,0.17294173,-0.054271322,1.1264273,-0.58581066,0.0069025316
15.348139,-0.088269265,-0.29652,0.017647694,0.82310467,0.60163594,-0.054435614,0.71506499,0.23195543,-0.04945956,1.1372677,-0.58662066,0.0060346206
15.351229,-0.099113534,-0.29339386,0.017931414,0.83294037,0.58772995,-0.052243855,0.710125,0.287276,-0.042639686,1.1472645,-0.58651204,0.00463026
15.35432,-0.10985405,-0.28831174,0.017713309,0.83958243,0.57128246,-0.049974201,0.70938925,0.33842254,-0.034026352,1.1561064,-0.58562097,0.0028167806
15.35741,-0.12019814,-0.28134633,0.017097673,0.84318376,0.55221855,-0.047572364,0.71345099,0.38481859,-0.024379345,1.1635957,-0.58386256,0.00067443869
15.3605,-0.13016449,-0.27251019,0.015765458,0.84370108,0.52953429,-0.04540649,0.72173115,0.42550768,-0.014444664,1.1695983,-0.58110322,-0.0016924914
15.363591,-0.13966156,-0.26172296,0.013804336,0.8412165,0.50312872,-0.043447791,0.73359512,0.46049717,-0.0047724218,1.1740856,-0.57695273,-0.0041296845
15.366681,-0.14866233,-0.2491082,0.011456809,0.83649574,0.47338876,-0.041832996,0.74861074,0.49037781,0.0041423536,1.176954,-0.57117573,-0.0065781024
15.369772,-0.15684676,-0.23478384,0.0087019326,0.82914111,0.44006256,-0.041091116,0.76608419,0.51470313,0.011002104,1.178155,-0.563698,-0.008953098
15.372862,-0.16438764,-0.21861565,0.0057019725,0.81952207,0.40411644,-0.040511615,0.78673868,0.53381613,0.015690402,1.1776327,-0.55456828,-0.011252359
15.375953,-0.17147483,-0.20077017,0.0026017084,0.80721727,0.36439129,-0.040270345,0.81073643,0.54825207,0.018862219,1.1752499,-0.542488,-0.013462775
15.379044,-0.17829478,-0.18135129,-0.00051434656,0.79310169,0.32193329,-0.040518598,0.83810625,0.55853001,0.020073088,1.1708364,-0.52714458,-0.015566503
15.382135,-0.18515794,-0.16044363,-0.0035693919,0.77828129,0.27769853,-0.04143679,0.86849634,0.56618931,0.019304321,1.1644354,-0.50826377,-0.017575371
15.385226,-0.19174034,-0.13842456,-0.0063886494,0.76148712,0.23096359,-0.043417843,0.90213006,0.57205775,0.017153448,1.1560624,-0.48532255,-0.019471365
15.388317,-0.19820989,-0.1150966,-0.0091113797,0.74287721,0.18249877,-0.045130893,0.93646125,0.57684194,0.0139625,1.1456481,-0.45771918,-0.021378563
15.391408,-0.20452384,-0.090442422,-0.011472708,0.72252294,0.13161234,-0.046167295,0.96937927,0.5808149,0.0096631638,1.1331006,-0.42494039,-0.023272604
15.394499,-0.21010626,-0.064888124,-0.013690527,0.69972812,0.080005232,-0.047906806,1.0004112,0.58480431,0.00498631,1.1183907,-0.38659396,-0.025185581
15.39759,-0.21602686,-0.038276021,-0.015756133,0.67484268,0.027303084,-0.050208504,1.0291335,0.58909648,0.00046873041,1.1018758,-0.34283429,-0.02709789
15.40068,-0.22239615,-0.010305551,-0.016518095,0.64822491,-0.026733754,-0.052492046,1.0553993,0.59380315,-0.0037393431,1.0836088,-0.29424532,-0.028971016
15.403771,-0.22863256,0.017125286,-0.017318192,0.62018386,-0.081370015,-0.054658635,1.0791821,0.59877947,-0.0075286778,1.0636518,-0.24128627,-0.030799517
15.406862,-0.23448051,0.043868713,-0.018052465,0.59178523,-0.13665468,-0.056443097,1.1004382,0.60380391,-0.010744994,1.0429757,-0.18489108,-0.032357474
15.409953,-0.24003267,0.071151529,-0.018228354,0.56112271,-0.19099853,-0.058350787,1.1193656,0.60875832,-0.013332425,1.0231209,-0.12558915,-0.033526416
15.413043,-0.24507489,0.098455915,-0.018003381,0.53121277,-0.24404829,-0.05940638,1.1359375,0.61339834,-0.015307447,1.0038295,-0.06492893,-0.034252644
15.416134,-0.25060729,0.12473301,-0.016861209,0.50403855,-0.29515281,-0.059694138,1.1501568,0.61707618,-0.016867816,0.98698962,-0.0033116788,-0.034668898
15.419225,-0.25662878,0.15011236,-0.014916061,0.48010398,-0.34337895,-0.059032583,1.1621688,0.6192859,-0.018081327,0.97340026,0.057483767,-0.034631422
15.422315,-0.26250042,0.17498876,-0.012226021,0.46048843,-0.3886152,-0.057623367,1.1720714,0.61942409,-0.0190283,0.96362421,0.11712334,-0.033874526
15.425406,-0.26863687,0.19924578,-0.0092323549,0.44359533,-0.42946184,-0.054967236,1.1800541,0.61803643,-0.019847469,0.95754813,0.1736871,-0.032258524
15.428497,-0.27485216,0.22327515,-0.0059333914,0.42790998,-0.46600615,-0.051819154,1.186224,0.61548976,-0.02065277,0.95448537,0.22662549,-0.029945217
15.431587,-0.28070399,0.24618529,-0.0024432197,0.4138445,-0.49810125,-0.04892256,1.1905389,0.61171208,-0.021601952,0.95451248,0.27521482,-0.026701446
15.434678,-0.28577207,0.26792135,0.0014937142,0.40134634,-0.52546027,-0.046437242,1.1930071,0.60478851,-0.022664927,0.95669995,0.31892318,-0.02246674
15.437769,-0.29062178,0.28863169,0.0058937863,0.39101317,-0.54812387,-0.044620579,1.1936089,0.59439014,-0.023925563,0.96204885,0.35712498,-0.017202734
15.440859,-0.29531356,0.30795531,0.010466793,0.38203584,-0.56607327,-0.043506089,1.192267,0.5791179,-0.025468181,0.97151609,0.39010556,-0.011244395
15.44395,-0.29991235,0.32614923,0.015047409,0.37395322,-0.57946466,-0.043288505,1.1889456,0.55808154,-0.027243652,0.98468582,0.41748435,-0.0049284086
15.447041,-0.3041138,0.34293763,0.019314245,0.36678502,-0.58850053,-0.044035694,1.1834055,0.53194701,-0.029377874,1.0009581,0.439849,0.0014976475
15.450132,-0.30775106,0.35811993,0.023170561,0.36040923,-0.59328285,-0.045850037,1.1756427,0.50124998,-0.031909615,1.0197414,0.45781118,0.0076973701
15.453222,-0.31099653,0.37164449,0.026506106,0.35480812,-0.59362535,-0.048748097,1.1658773,0.46583003,-0.034872337,1.0403301,0.47197771,0.01335754
15.456313,-0.31367982,0.38365555,0.029024438,0.35188286,-0.58986628,-0.052562177,1.1538722,0.42557482,-0.038176053,1.0619518,0.48317241,0.018168736
15.459404,-0.31560438,0.39407099,0.030676178,0.35138402,-0.58240851,-0.057139313,1.1394596,0.38070302,-0.041571331,1.0838698,0.49215456,0.022007349
15.462495,-0.31688026,0.40288793,0.031371282,0.35266656,-0.57184574,-0.062275682,1.1221679,0.33097221,-0.044662734,1.1056275,0.49960962,0.024660955
15.465586,-0.31667467,0.40992611,0.031030611,0.35491938,-0.55871018,-0.067618004,1.1032465,0.27729662,-0.047821101,1.1267091,0.50607207,0.026193987
15.468677,-0.31476467,0.41508366,0.029514761,0.35767739,-0.54319246,-0.073050198,1.0819096,0.21896854,-0.05065636,1.1468927,0.51220095,0.0266076
15.471768,-0.3113942,0.41852474,0.026973743,0.36038644,-0.52478925,-0.078160178,1.0582164,0.15682155,-0.053066616,1.1659422,0.51839368,0.026051195
15.47486,-0.30683621,0.42059021,0.02352035,0.36292709,-0.50364123,-0.082764574,1.0322522,0.09122775,-0.055109694,1.1837012,0.52484094,0.0246697
15.477951,-0.30105473,0.42114841,0.01923154,0.365037,-0.47973001,-0.086867609,1.0043047,0.02333319,-0.0564341,1.2001296,0.53166122,0.022704787
15.481042,-0.29396608,0.41991909,0.014129297,0.36597124,-0.45324818,-0.090416768,0.97516482,-0.045896934,-0.057555346,1.2152828,0.53900044,0.020128382
15.484134,-0.28563867,0.41695509,0.0086564931,0.36564396,-0.42419073,-0.0934556,0.94482347,-0.11561015,-0.058430321,1.2291885,0.54678962,0.017183166
15.487225,-0.27625997,0.41238367,0.0024932905,0.36382191,-0.39247531,-0.096187955,0.91536858,-0.18447131,-0.058513204,1.2418892,0.55438876,0.014012659
15.490317,-0.26594021,0.4059785,-0.0039341891,0.36049157,-0.35820213,-0.098459796,0.88899521,-0.25130111,-0.057279048,1.2533566,0.5611092,0.010704159
15.493409,-0.25487916,0.39786589,-0.010403378,0.35677104,-0.32149852,-0.10031136,0.86555234,-0.31452704,-0.05469015,1.2637984,0.56707158,0.0072525274
15.4965,-0.24328745,0.38809187,-0.016807739,0.35131407,-0.28230575,-0.10147043,0.84702482,-0.37359837,-0.050794827,1.2732461,0.57236156,0.0036923748
15.499592,-0.23104042,0.37690475,-0.022359978,0.34433872,-0.24023443,-0.101937,0.83313794,-0.42730932,-0.045865022,1.281626,0.57625676,6.6138615e-05
15.502684,-0.21849753,0.36429793,-0.027662793,0.33623959,-0.19519134,-0.10268043,0.82212732,-0.4752919,-0.040084518,1.2888562,0.57849786,-0.0036024345
15.505776,-0.20583647,0.35016198,-0.032494275,0.32727662,-0.14663212,-0.10335924,0.81322944,-0.51697732,-0.03390317,1.2950902,0.5790488,-0.0073949406
15.508868,-0.1932878,0.3344259,-0.036591863,0.31838998,-0.096160844,-0.10399237,0.80669237,-0.55173234,-0.027762455,1.3001816,0.57822426,-0.011272195
15.511961,-0.18081637,0.31739132,-0.039863353,0.30784729,-0.043519667,-0.10280849,0.80335362,-0.57948325,-0.022025855,1.3041077,0.57619497,-0.015130212
15.515053,-0.16866552,0.29896897,-0.04234649,0.29690655,0.011600605,-0.10018265,0.8025972,-0.60088534,-0.017278386,1.3066352,0.57223662,-0.01894177
15.518145,-0.15659316,0.27936291,-0.043979437,0.28580842,0.068904452,-0.09591889,0.80416067,-0.61694566,-0.013761945,1.3075302,0.56388708,-0.022762529
15.521237,-0.14503562,0.25849521,-0.045015048,0.27521932,0.12764255,-0.091145769,0.80935297,-0.62827444,-0.011443666,1.3063807,0.54986627,-0.026419481
15.524329,-0.13409908,0.23637388,-0.045452928,0.26413954,0.18685146,-0.085339738,0.81762489,-0.6353904,-0.01043631,1.3032117,0.52859712,-0.029599913
15.527421,-0.1231899,0.21314888,-0.045209818,0.25370455,0.24413022,-0.076249087,0.82781655,-0.63882617,-0.010580505,1.2977048,0.49906927,-0.032518915
15.530513,-0.11174882,0.18882869,-0.044469329,0.24538615,0.29990296,-0.064681641,0.83903107,-0.63899341,-0.011631677,1.2897408,0.46328241,-0.035004169
15.533605,-0.10037343,0.16359224,-0.043336787,0.23927827,0.35357502,-0.051014039,0.85080456,-0.63649423,-0.013380658,1.2791442,0.42118353,-0.037335152
15.536697,-0.089455941,0.13763151,-0.041296858,0.23634059,0.40396004,-0.037029661,0.86297392,-0.63177493,-0.01555627,1.2657013,0.37257653,-0.039343391
15.539789,-0.079704093,0.11053086,-0.038581737,0.23701681,0.45022531,-0.022986592,0.87534151,-0.6253271,-0.017968286,1.2494524,0.31790668,-0.040703945
15.542881,-0.07044538,0.082768052,-0.035961635,0.24277496,0.49102661,-0.0094746419,0.88730784,-0.61758929,-0.02045163,1.2307319,0.25804122,-0.041657264
15.545973,-0.061806189,0.054952283,-0.032869839,0.25247883,0.5272213,0.0023716126,0.89836371,-0.6082644,-0.022903863,1.2102714,0.1940373,-0.041841422
15.549065,-0.053940651,0.027050225,-0.030127791,0.26523467,0.55870381,0.012004271,0.90785512,-0.59736892,-0.02523877,1.1882125,0.12662322,-0.041398863
15.552157,-0.046634958,-0.0010682809,-0.027764837,0.28051867,0.58540618,0.019424531,0.91535259,-0.58491175,-0.027348046,1.1649639,0.056940329,-0.040235063
15.555249,-0.039424897,-0.029741986,-0.025214658,0.29874791,0.60716588,0.024229462,0.92068688,-0.570811,-0.029157236,1.141336,-0.013881564,-0.03884419
15.558341,-0.032202731,-0.057331238,-0.022223117,0.31981952,0.62458352,0.02553168,0.92372549,-0.55471672,-0.030719358,1.1183437,-0.083835191,-0.036763698
15.561433,-0.026131517,-0.084261696,-0.019147429,0.34362201,0.63821621,0.024753364,0.92437165,-0.53641291,-0.0321326,1.0965875,-0.1521207,-0.034313955
15.564525,-0.021762206,-0.11035682,-0.016485216,0.37002285,0.64878628,0.022150391,0.92272102,-0.51563939,-0.033433781,1.0771272,-0.21728152,-0.031522805
15.567617,-0.018428817,-0.13557013,-0.01369016,0.39833597,0.65653309,0.017902051,0.91878583,-0.49203367,-0.034782471,1.0613144,-0.27854551,-0.028406421
15.570709,-0.016459428,-0.15933059,-0.010694675,0.42856434,0.66174171,0.011486001,0.91261222,-0.46511841,-0.036114359,1.0490243,-0.33469417,-0.024968306
15.573801,-0.01563782,-0.18185495,-0.0076266697,0.46194094,0.66497215,0.0037715886,0.90417536,-0.43398097,-0.037537305,1.0406114,-0.38536828,-0.021155598
15.576893,-0.016154949,-0.20316073,-0.0044436057,0.49808899,0.66623789,-0.0048290438,0.89347218,-0.39841823,-0.039003367,1.0364953,-0.42989603,-0.017144417
15.579985,-0.017638808,-0.2225294,-0.0013851134,0.53664965,0.66630939,-0.013792797,0.88074395,-0.35850246,-0.040392671,1.0360877,-0.4682677,-0.012977132
15.583077,-0.020334573,-0.23993879,0.0014545649,0.57658853,0.66527578,-0.02272869,0.8655338,-0.31410049,-0.041960957,1.0384656,-0.50074508,-0.0087176273
15.586169,-0.024075777,-0.25539395,0.0041875915,0.61598368,0.66324217,-0.030749697,0.84934067,-0.26591914,-0.043547641,1.0429212,-0.52764107,-0.004502016
15.589261,-0.028877798,-0.26884098,0.0071474005,0.65228264,0.66042393,-0.037892527,0.83179805,-0.21388851,-0.045078738,1.0496317,-0.54911887,-0.00061646873
15.592353,-0.034596912,-0.28023111,0.010087329,0.68506041,0.65687569,-0.043587123,0.81325609,-0.15845462,-0.04588704,1.0583121,-0.56531812,0.0028175596
15.595446,-0.041295592,-0.28956365,0.012907019,0.71465747,0.65268371,-0.047614591,0.79428901,-0.099380554,-0.046616966,1.0683764,-0.57729341,0.0057756705
15.598538,-0.048678996,-0.29668739,0.015625702,0.74094009,0.64779634,-0.050055209,0.77389001,-0.037586168,-0.047239166,1.0792964,-0.58584608,0.0080622687
15.601631,-0.056634062,-0.30174207,0.017820217,0.7640662,0.64192385,-0.051088041,0.75383877,0.024803818,-0.047249611,1.090962,-0.59159535,0.0097007875
15.604723,-0.065991985,-0.3046063,0.018985985,0.7839427,0.63462324,-0.050977353,0.73522668,0.088044068,-0.046691908,1.1029383,-0.59518559,0.010672917
15.607816,-0.075977617,-0.30540952,0.020099899,0.80037734,0.62534287,-0.049988827,0.71909802,0.15097979,-0.045234724,1.1144463,-0.5974965,0.011003593
15.610908,-0.086438662,-0.30423798,0.020782109,0.81336516,0.61360131,-0.048401592,0.7077095,0.21158225,-0.041929253,1.1254344,-0.59872829,0.010733839
15.614001,-0.097146566,-0.30110145,0.020984845,0.82318528,0.59934795,-0.046346201,0.70111874,0.26926655,-0.037101743,1.1357464,-0.59893144,0.0097994294
15.617094,-0.10784948,-0.29592897,0.020744171,0.82985661,0.5826301,-0.044129617,0.69875016,0.32297756,-0.030657408,1.1450096,-0.59829166,0.0083664919
15.620187,-0.11823009,-0.28887861,0.020083113,0.83348962,0.56322948,-0.041903079,0.70076279,0.37222225,-0.023076737,1.152945,-0.59684096,0.0065769254
15.62328,-0.12822037,-0.27999557,0.019056117,0.83401817,0.54044754,-0.039751229,0.70746195,0.41629046,-0.014893452,1.1594346,-0.59437695,0.0044849268
15.626373,-0.13783082,-0.26923838,0.017353316,0.83162762,0.51373184,-0.037787592,0.717971,0.45464983,-0.0065380681,1.1644496,-0.59065894,0.002191754
15.629466,-0.14671511,-0.25658324,0.015184995,0.82697671,0.4835033,-0.036096715,0.73175132,0.48788317,0.0015805416,1.1678952,-0.5854428,-0.0002065905
15.632559,-0.15498551,-0.24228394,0.012604999,0.81981041,0.44972367,-0.034931054,0.7483725,0.51542177,0.0086269268,1.1697066,-0.57845113,-0.0026148617
15.635653,-0.16253339,-0.22625834,0.009864813,0.81021571,0.4127879,-0.034332986,0.76788647,0.53753578,0.014017192,1.1697981,-0.57003125,-0.0049634175
15.638746,-0.16959783,-0.20856848,0.006970681,0.79812079,0.37298231,-0.033984245,0.79084816,0.55443422,0.01767512,1.1681147,-0.55932751,-0.0072105318
15.641839,-0.17632194,-0.18933268,0.0040508931,0.78386131,0.32969343,-0.033877403,0.81761069,0.56658972,0.020166281,1.1644593,-0.54547686,-0.0093483232
15.644933,-0.18312837,-0.16869915,0.0010907402,0.76899111,0.28452802,-0.034626171,0.8474512,0.57544062,0.020761378,1.1588082,-0.52820672,-0.011354862
15.648027,-0.18979164,-0.14678817,-0.0017174279,0.75226825,0.23702608,-0.035947664,0.88054414,0.58212913,0.019709688,1.1512087,-0.50706417,-0.013197125
15.65112,-0.19619676,-0.12385862,-0.0044283628,0.73359299,0.18743723,-0.037995247,0.91542335,0.58726108,0.017557512,1.1415168,-0.48166175,-0.014920828
15.654214,-0.20253659,-0.099511739,-0.0068691881,0.71327532,0.13610773,-0.039347871,0.94909254,0.59169964,0.014533622,1.1296734,-0.45123719,-0.01657285
15.657308,-0.20810083,-0.074124721,-0.0089157422,0.69070805,0.083136855,-0.040431552,0.98092396,0.5956361,0.01064795,1.1157808,-0.41539151,-0.018159352
15.660402,-0.21382113,-0.048058793,-0.011071864,0.66606819,0.029416488,-0.042888687,1.0104863,0.59956705,0.0065887541,1.1000213,-0.37383461,-0.019760335
15.663495,-0.21989564,-0.021038602,-0.012388164,0.63954072,-0.025576622,-0.044956059,1.0375522,0.60383014,0.0026654489,1.0823576,-0.32723768,-0.021282467
15.666589,-0.22608413,0.0070103002,-0.013132005,0.61158377,-0.08127503,-0.04728558,1.0620528,0.60843893,-0.001006296,1.0631472,-0.27591553,-0.022733922
15.669682,-0.23189233,0.03374644,-0.013911866,0.58308474,-0.13743068,-0.049359658,1.0839652,0.61314458,-0.0042904262,1.0427733,-0.2205995,-0.024121557
15.672776,-0.23737686,0.060658061,-0.01443246,0.55264499,-0.19303886,-0.051281731,1.1034881,0.61772852,-0.0071057314,1.0223803,-0.1621258,-0.025361679
15.67587,-0.24242574,0.087679193,-0.014420331,0.52233254,-0.24750257,-0.052741788,1.1205891,0.62222147,-0.0093882382,1.0026651,-0.10156953,-0.026206567
15.678963,-0.24712613,0.11395373,-0.01381479,0.49450506,-0.30012006,-0.053399743,1.1353416,0.62607192,-0.011192303,0.98459235,-0.03991989,-0.026737378
15.682057,-0.25276716,0.13907139,-0.012230101,0.4698584,-0.35012585,-0.053358952,1.1478351,0.6286648,-0.012651706,0.96941573,0.021837981,-0.027041651
15.68515,-0.25836755,0.16353346,-0.0099933051,0.44977092,-0.39703142,-0.052493588,1.1581837,0.62929307,-0.013847084,0.95787603,0.08273102,-0.027346713
15.688244,-0.26415024,0.18781569,-0.0073713207,0.43250719,-0.43977667,-0.05082892,1.1666692,0.62871813,-0.014893371,0.9497811,0.14155652,-0.026233189
15.691337,-0.27005368,0.2116498,-0.0044423363,0.41658043,-0.47820879,-0.047779985,1.1732266,0.62671642,-0.015860955,0.94480433,0.19695012,-0.024899791
15.694431,-0.27553191,0.23464035,-0.0012486167,0.40230515,-0.51212624,-0.044867932,1.1780506,0.623761,-0.01690028,0.94307251,0.24839942,-0.022961382
15.697525,-0.28031208,0.25639565,0.0024176043,0.38964012,-0.54129866,-0.042282154,1.1810708,0.61815016,-0.018047734,0.94359072,0.29528272,-0.020280097
15.700618,-0.28505324,0.27706449,0.0064981469,0.37931739,-0.56557978,-0.040170762,1.1821063,0.60943474,-0.019378974,0.94690042,0.33706855,-0.016593972
15.703712,-0.28984542,0.29659748,0.01077595,0.37071402,-0.58495003,-0.038652414,1.1812292,0.59612322,-0.020956172,0.95418254,0.373393,-0.011977196
15.706805,-0.29473411,0.31495344,0.015122045,0.36300364,-0.5995218,-0.037932605,1.1783241,0.57710115,-0.02276002,0.96529971,0.40434483,-0.0067043519
15.709899,-0.29934015,0.3320371,0.019314947,0.35620078,-0.60951583,-0.038081181,1.1732668,0.55261451,-0.024823168,0.9798641,0.43016307,-0.0010389237
15.712993,-0.3034048,0.34767635,0.023165313,0.35027493,-0.6151601,-0.039138018,1.1657638,0.52332943,-0.027092036,0.99721282,0.45130419,0.0047846391
15.716087,-0.30693121,0.36162791,0.026525131,0.34511216,-0.61621078,-0.041236831,1.1562816,0.4894715,-0.029721233,1.0168087,0.46822579,0.010534224
15.719181,-0.30981203,0.37386564,0.029216774,0.34214575,-0.61294999,-0.044387398,1.1446709,0.45055746,-0.032642947,1.0378275,0.4816184,0.015855812
15.722275,-0.31188116,0.38452925,0.031066279,0.34176515,-0.60575768,-0.048349036,1.1306585,0.4066714,-0.035740717,1.0596039,0.49229477,0.020367314
15.725368,-0.31319467,0.3935864,0.032061805,0.34332368,-0.5952774,-0.052967848,1.1141064,0.35789688,-0.038933189,1.0814502,0.50100869,0.0239966
15.728463,-0.3132379,0.40101628,0.032109716,0.34608254,-0.58215287,-0.057904576,1.0952668,0.30446998,-0.041769311,1.102908,0.50833283,0.026495327
15.731557,-0.31178414,0.40646481,0.031092526,0.34936472,-0.566195,-0.063017354,1.0743548,0.24678098,-0.044403393,1.1236317,0.51496116,0.028029358
15.734651,-0.30891062,0.41024618,0.029144677,0.35268533,-0.54755079,-0.067995805,1.0511564,0.18480975,-0.046552505,1.143373,0.52139272,0.028524627
15.737745,-0.30476259,0.41250081,0.026319347,0.35562932,-0.52637569,-0.072600726,1.0257233,0.11928734,-0.04834036,1.161914,0.5278991,0.028102378
15.740839,-0.29958438,0.41320394,0.022677454,0.35829449,-0.50248586,-0.07674053,0.99845682,0.050459722,-0.049146072,1.1791162,0.53460645,0.026907623
15.743934,-0.29336492,0.41220141,0.018294587,0.36001522,-0.47586621,-0.080274714,0.9697205,-0.01953522,-0.050302647,1.1950355,0.54182185,0.025186599
15.747028,-0.28597244,0.40935632,0.013244821,0.3603924,-0.44683985,-0.083237397,0.93991675,-0.090405321,-0.050950756,1.2096943,0.54950874,0.022702167
15.750123,-0.27743174,0.40470457,0.0078084475,0.35942289,-0.41519573,-0.085731129,0.91001925,-0.16102234,-0.051085114,1.2230934,0.55736741,0.019820261
15.753217,-0.26798628,0.39844061,0.002015617,0.35650434,-0.38093598,-0.088034544,0.8827214,-0.23022088,-0.050211066,1.2352211,0.56460607,0.016671095
15.756312,-0.25780899,0.39037637,-0.0039917674,0.35291464,-0.34420307,-0.090029948,0.85829651,-0.29625675,-0.048185626,1.2461788,0.57091662,0.013340956
15.759407,-0.24709233,0.38064667,-0.0099361628,0.34840411,-0.30525212,-0.091323229,0.83816752,-0.35844988,-0.045114967,1.2560955,0.57639974,0.0098295192
15.762502,-0.2358332,0.3693965,-0.01547292,0.3421046,-0.26383769,-0.092076891,0.82276012,-0.41570178,-0.041093544,1.2649322,0.58119874,0.0062074068
15.765597,-0.22408937,0.35676285,-0.020514352,0.33457834,-0.21939472,-0.0920017,0.81114418,-0.46734854,-0.036286823,1.2726086,0.58437325,0.0025349014
15.768692,-0.21223901,0.34262599,-0.025152477,0.32577985,-0.17219495,-0.092785482,0.80214652,-0.51289591,-0.030972287,1.2791375,0.58588799,-0.0011921591
15.771787,-0.20036928,0.32695028,-0.029153182,0.31679123,-0.12137678,-0.093806691,0.79550482,-0.55196052,-0.025427101,1.2845338,0.58594188,-0.0049992178
15.774882,-0.18868709,0.30986246,-0.032420912,0.3064277,-0.069687275,-0.093820736,0.79158246,-0.58366241,-0.020056994,1.2887672,0.58453067,-0.0088294072
15.777978,-0.17726533,0.29149504,-0.034974867,0.29542177,-0.015509637,-0.092620603,0.79064006,-0.60845594,-0.015270819,1.2916855,0.58221602,-0.012637087
15.781073,-0.16597236,0.27175659,-0.036739707,0.28436802,0.041198293,-0.089969462,0.79214358,-0.62755553,-0.011467722,1.2929804,0.57716638,-0.016429911
15.784168,-0.15493306,0.25089531,-0.03792665,0.27322858,0.099694376,-0.086741587,0.79673597,-0.64155212,-0.0087750061,1.2924502,0.56720906,-0.020181725
15.787264,-0.14445028,0.22897091,-0.038471666,0.26275487,0.15984778,-0.082689214,0.80463213,-0.65097392,-0.0071024725,1.289754,0.5508088,-0.023678939
15.790359,-0.13425079,0.20583857,-0.03847129,0.25169498,0.21855185,-0.077068935,0.81482859,-0.65614272,-0.006488449,1.284931,0.52675373,-0.026910517
15.793454,-0.12341456,0.18179135,-0.037993261,0.24143683,0.27610819,-0.068641555,0.82639134,-0.65772459,-0.0067331067,1.2774634,0.49450844,-0.029818153
15.796549,-0.11282688,0.15677302,-0.037353187,0.23292974,0.33190425,-0.058138485,0.83854189,-0.65627344,-0.0077237343,1.2676839,0.45592786,-0.032331036
15.799645,-0.10288134,0.13141071,-0.03569455,0.22722495,0.38515045,-0.045638438,0.85118114,-0.65240789,-0.0092802597,1.2552153,0.41076315,-0.034321359
15.80274,-0.092869072,0.10493894,-0.033380927,0.2245246,0.435151,-0.032799302,0.86416886,-0.64649926,-0.011198235,1.2399997,0.35898554,-0.035835083
15.805835,-0.083686162,0.0775761,-0.031176462,0.22728934,0.47987131,-0.019657468,0.87689042,-0.63872013,-0.013296308,1.221969,0.30118712,-0.036591975
15.80893,-0.075021047,0.050073575,-0.028598631,0.23460965,0.51941256,-0.0073334296,0.88887067,-0.62986011,-0.01546682,1.2022347,0.23859058,-0.036880046
15.812026,-0.066963712,0.022698415,-0.025888118,0.24552596,0.55441398,0.0033150687,0.89940547,-0.61947095,-0.017633684,1.1809132,0.17200271,-0.036475978
15.815121,-0.059337395,-0.0052854888,-0.023550581,0.25944918,0.58444275,0.011856498,0.90798625,-0.60755594,-0.019692261,1.1583341,0.1024216,-0.035543695
15.818216,-0.051728652,-0.033248785,-0.020924074,0.27592331,0.60969805,0.018359637,0.91441144,-0.59397985,-0.02154697,1.1351297,0.031002425,-0.033643769
15.821311,-0.044064101,-0.060252292,-0.018090436,0.29570256,0.62987678,0.022400633,0.91855961,-0.57878715,-0.023127891,1.1121072,-0.040725953,-0.032234376
15.824406,-0.036580846,-0.086848309,-0.015209074,0.31830303,0.64583981,0.02332286,0.92030765,-0.5614712,-0.024505239,1.0901651,-0.11115756,-0.029965332
15.827502,-0.031091116,-0.11266062,-0.012398267,0.3435847,0.65811376,0.022478666,0.91969512,-0.54197468,-0.025758538,1.0700599,-0.17933235,-0.027501548
15.830597,-0.027030022,-0.13768898,-0.009496898,0.371261,0.66733165,0.019954364,0.916835,-0.51994302,-0.026928698,1.0528817,-0.2440385,-0.024709939
15.833692,-0.024009202,-0.16119223,-0.0068763072,0.40053217,0.67369983,0.015756413,0.91155985,-0.49483822,-0.028100573,1.0392436,-0.30429365,-0.021816937
15.836788,-0.022220088,-0.18362136,-0.0042117487,0.43247995,0.6774651,0.0096776558,0.90417002,-0.46604908,-0.029227817,1.0295195,-0.35931279,-0.018695894
15.839883,-0.021246145,-0.20477216,-0.0013793457,0.46732879,0.67914518,0.0024376665,0.89454861,-0.43282322,-0.0304074,1.0236309,-0.40861519,-0.015376144
15.842978,-0.021396643,-0.22418385,0.0016144894,0.50466502,0.67948431,-0.0055929906,0.88280408,-0.39526875,-0.031611078,1.0215199,-0.45178479,-0.011903167
15.846074,-0.022976368,-0.24173969,0.0044319943,0.54367454,0.67878366,-0.013906007,0.86920924,-0.35325193,-0.032797784,1.0229361,-0.48869234,-0.0083101956
15.849169,-0.025683136,-0.25748884,0.007170269,0.58364302,0.67701629,-0.021982103,0.85300186,-0.3068431,-0.034140273,1.0265118,-0.51989427,-0.0046433516
15.852265,-0.029410597,-0.27120571,0.0098559476,0.62122532,0.67428476,-0.029193492,0.8359758,-0.25673878,-0.035471454,1.0323481,-0.54540679,-0.0010108362
15.855361,-0.034327559,-0.28294007,0.012743652,0.65554927,0.67076807,-0.035426687,0.81773423,-0.20285953,-0.036768101,1.0406422,-0.56597531,0.0023747916
15.858456,-0.040184855,-0.292698,0.015542336,0.68660072,0.66675336,-0.04022213,0.79865022,-0.14572958,-0.037707845,1.0507341,-0.58133297,0.0054402659
15.861552,-0.046751382,-0.30037918,0.018122747,0.7142395,0.66150057,-0.043436909,0.77868142,-0.085377144,-0.038430674,1.0619705,-0.59224477,0.0081872182
15.864648,-0.054061364,-0.30598774,0.020280474,0.73860646,0.65511243,-0.045102864,0.75801125,-0.022721218,-0.039363109,1.0738338,-0.59975763,0.010449732
15.867744,-0.06273425,-0.30951009,0.022032537,0.75975579,0.6476807,-0.045558567,0.73801556,0.040792672,-0.039417603,1.0861401,-0.60456306,0.012105606
15.87084,-0.0722421,-0.31101364,0.023205739,0.77753612,0.63892864,-0.045062545,0.71964177,0.10478653,-0.038772471,1.0984018,-0.60761992,0.013158402
15.873936,-0.082271332,-0.31048116,0.023975438,0.79193357,0.62800945,-0.043864669,0.70374851,0.1682902,-0.03758626,1.1101719,-0.60951968,0.013641433
15.877032,-0.092660073,-0.30795473,0.02431661,0.80310259,0.61446652,-0.0421722,0.69348535,0.22896559,-0.034766882,1.1211483,-0.61041236,0.013585015
15.880128,-0.10316873,-0.30353343,0.024237546,0.81127633,0.59863547,-0.04008658,0.68768142,0.28646959,-0.030645262,1.1311972,-0.6103034,0.012856994
15.883224,-0.11362865,-0.29727162,0.023718026,0.81631126,0.58019561,-0.037881684,0.68618654,0.33993996,-0.025211446,1.1400801,-0.60923502,0.01159622
15.886321,-0.12377112,-0.28908103,0.022953098,0.81830928,0.55886119,-0.035756516,0.68953801,0.3889929,-0.018829491,1.1476491,-0.60705657,0.009949227
15.889417,-0.13356008,-0.27914941,0.021787514,0.81716393,0.53376823,-0.033739018,0.69724845,0.43256426,-0.011661048,1.1537443,-0.60424796,0.0079569199
15.892514,-0.14273219,-0.26742264,0.020126987,0.81370463,0.50488007,-0.031891726,0.70860836,0.47054334,-0.0042317498,1.1583313,-0.6001649,0.0057254228
15.89561,-0.15133825,-0.25388519,0.017988947,0.80785506,0.47236609,-0.030371494,0.72315861,0.50327381,0.0030875069,1.1613437,-0.59439573,0.0033806729
15.898707,-0.15925537,-0.238783,0.015688843,0.79937078,0.43628384,-0.02944044,0.74034583,0.53023152,0.0092068214,1.1627385,-0.58701409,0.00097648808
15.901804,-0.16658689,-0.22206577,0.013176219,0.78869973,0.39728838,-0.028835982,0.7608183,0.55157378,0.014249828,1.1623679,-0.57804114,-0.0013781111
15.904901,-0.17336948,-0.20376922,0.010535655,0.77515545,0.35530453,-0.028571997,0.78501355,0.56764336,0.017718925,1.1601459,-0.56666453,-0.0036579746
15.907998,-0.18003754,-0.18403941,0.0078446542,0.76101109,0.3103743,-0.028624681,0.81303238,0.57921093,0.020278595,1.1559375,-0.55223797,-0.0058089732
15.911095,-0.18662611,-0.16290177,0.0051383246,0.7452925,0.26328297,-0.029558014,0.84409285,0.58767048,0.021150351,1.1497388,-0.53437907,-0.0077863295
15.914192,-0.19317875,-0.14070573,0.0025431099,0.72765368,0.2139587,-0.031319855,0.87836199,0.59398058,0.020574044,1.1416117,-0.51261844,-0.0095901455
15.917289,-0.19944985,-0.11746572,7.5399719e-05,0.7082657,0.16290511,-0.03269526,0.91323098,0.59878562,0.018901843,1.1313358,-0.48646292,-0.011227633
15.920387,-0.20542897,-0.092890201,-0.0022040808,0.68733171,0.10979913,-0.033858827,0.94662158,0.60294046,0.016418854,1.1189854,-0.45523456,-0.012738411
15.923484,-0.2111104,-0.067575373,-0.0041340179,0.6640246,0.055910242,-0.035154018,0.97805227,0.60725464,0.013094128,1.104635,-0.41847596,-0.014161046
15.926581,-0.216788,-0.041696845,-0.0061041058,0.63884847,0.00092788662,-0.037489081,1.0070283,0.61122043,0.0095575486,1.0885561,-0.37590744,-0.015517085
15.929678,-0.22277984,-0.014723809,-0.0071407117,0.6119339,-0.055062278,-0.039715498,1.033431,0.61541939,0.0060358294,1.0705818,-0.32830717,-0.016804166
15.932776,-0.22868722,0.0128791,-0.0080109595,0.58365601,-0.11152995,-0.04178945,1.0572062,0.61986788,0.0026739326,1.0512598,-0.27597526,-0.018001662
15.935873,-0.2342606,0.039252305,-0.0088606262,0.55517964,-0.16834917,-0.043529672,1.0783896,0.6243509,-0.0003898,1.0308146,-0.21967221,-0.019120402
15.93897,-0.23947501,0.0659135,-0.0093219491,0.5246928,-0.22417866,-0.045368932,1.0971888,0.62870963,-0.003114347,1.0106485,-0.16021122,-0.02017789
15.942067,-0.24441277,0.092249689,-0.0093715166,0.4949007,-0.27873878,-0.046768399,1.1135436,0.63291603,-0.005383167,0.99090452,-0.098829211,-0.020880079
15.945165,-0.24886383,0.11748287,-0.0085013262,0.46812536,-0.33111555,-0.047545551,1.1275658,0.63637344,-0.0072237549,0.97284455,-0.036400135,-0.021299668
15.948262,-0.254087,0.14183045,-0.0068539127,0.44486614,-0.38084165,-0.047651246,1.1393727,0.63833278,-0.0087484238,0.95810497,0.026028036,-0.0215313
15.951359,-0.25951994,0.16599623,-0.0047959055,0.42588478,-0.4271266,-0.047165094,1.1491015,0.63871536,-0.01006431,0.94676095,0.087426122,-0.021952666
15.954456,-0.26543293,0.18988431,-0.0022829078,0.40924268,-0.46905368,-0.045842915,1.1569833,0.63805762,-0.011253257,0.93879752,0.14655293,-0.021060146
15.957553,-0.27083965,0.2129192,0.00047262215,0.39413564,-0.50657134,-0.043181225,1.1629861,0.63593383,-0.012408205,0.93400593,0.20219734,-0.020075787
15.960651,-0.27563586,0.23482787,0.0035657757,0.38077769,-0.53943269,-0.040557436,1.1672456,0.63262591,-0.013610396,0.93208182,0.25379158,-0.018589065
15.963748,-0.28058057,0.25581134,0.0071263823,0.36935709,-0.5674765,-0.038100837,1.1696573,0.62647673,-0.014895015,0.93255186,0.30072414,-0.016502061
15.966845,-0.28545647,0.27567823,0.011042108,0.36032661,-0.59058132,-0.036035054,1.1700196,0.61692751,-0.016372331,0.93615405,0.34254283,-0.013489915
15.969943,-0.29035119,0.29443264,0.015127651,0.35263323,-0.6086211,-0.034479198,1.168364,0.6025669,-0.018075471,0.94384526,0.37893661,-0.0095112244
15.97304,-0.29504331,0.31217633,0.019192649,0.34575594,-0.62189962,-0.03368553,1.1646674,0.58242513,-0.020015779,0.95529876,0.40993159,-0.0048217525
15.976138,-0.2993548,0.32853821,0.023034991,0.33974588,-0.63052796,-0.033663843,1.1587576,0.55689883,-0.022211853,0.97013316,0.43581209,0.00034040598
15.979235,-0.30305655,0.34339274,0.026630676,0.33457066,-0.6346439,-0.034527931,1.1503436,0.5265715,-0.024487724,0.98770764,0.45699905,0.0057572817
15.982333,-0.30611595,0.35654805,0.029731886,0.3301057,-0.63421231,-0.036375595,1.1399378,0.49155906,-0.027107177,1.0074282,0.4740413,0.011292558
15.98543,-0.30846175,0.36797973,0.032154875,0.32820842,-0.62948357,-0.039188363,1.1273819,0.45133131,-0.029952212,1.028495,0.48754974,0.016489461
15.988528,-0.31007259,0.37792714,0.033801802,0.3287674,-0.62091955,-0.042758335,1.1123783,0.40592802,-0.032896627,1.0502686,0.49832111,0.021037705
15.991626,-0.3109286,0.38620212,0.03461841,0.33107574,-0.60933952,-0.046960516,1.0948687,0.35547342,-0.035800069,1.0720845,0.50708419,0.024822061
15.994724,-0.3105404,0.39285695,0.034518894,0.33441446,-0.59486058,-0.05151478,1.075144,0.30044881,-0.038291388,1.093508,0.51451717,0.0275187
15.997821,-0.30892804,0.39790368,0.033510362,0.33812451,-0.57735171,-0.056220863,1.0533702,0.24115915,-0.040546176,1.1141792,0.52124304,0.029166516
16.000919,-0.3060677,0.40117614,0.031693388,0.34161969,-0.55700557,-0.060783998,1.0294066,0.17760725,-0.042449197,1.1338579,0.52780066,0.030100294
16.004017,-0.30202164,0.40269406,0.029007934,0.3445873,-0.53404042,-0.06501208,1.003405,0.11052071,-0.044258667,1.1523345,0.53445302,0.030095412
16.007116,-0.2969916,0.40256594,0.025593806,0.34713582,-0.50868905,-0.06880963,0.97579389,0.040272247,-0.044997409,1.1694954,0.54126435,0.029282573
16.010214,-0.29114268,0.4007483,0.021523911,0.3486363,-0.480914,-0.072018957,0.94692497,-0.030934932,-0.045719612,1.185362,0.54838842,0.027902387
16.013312,-0.28422294,0.39709834,0.016986901,0.34885724,-0.45069645,-0.074716228,0.91715222,-0.10286574,-0.04584881,1.1999574,0.55610839,0.025851353
16.01641,-0.27631136,0.39173128,0.011892964,0.34772522,-0.41785214,-0.076894568,0.88775406,-0.17434254,-0.045569592,1.2132894,0.56407675,0.023110746
16.019509,-0.26746641,0.38453289,0.0065710116,0.34487232,-0.38253083,-0.07900524,0.86126712,-0.24433827,-0.044537467,1.2253277,0.57144436,0.020034308
16.022607,-0.25794487,0.37565059,0.0011034268,0.34083366,-0.3445782,-0.080811601,0.83763851,-0.31094716,-0.042374572,1.2361848,0.57781723,0.016718662
16.025706,-0.24790463,0.36521063,-0.0043479111,0.33598813,-0.30478962,-0.082028428,0.8184872,-0.37356651,-0.039330559,1.2459251,0.58330268,0.01319959
16.028805,-0.23755623,0.35322316,-0.0096380876,0.32962406,-0.26245006,-0.0826613,0.80406984,-0.43127329,-0.035543213,1.2545678,0.58809203,0.0095452487
16.031904,-0.22655867,0.33989062,-0.014209557,0.32205811,-0.21726486,-0.082495353,0.79333597,-0.48329115,-0.03114994,1.2619924,0.5912462,0.0058362353
16.035002,-0.21545619,0.32504373,-0.018384161,0.31323846,-0.16934971,-0.082949702,0.78526963,-0.52913702,-0.026275041,1.2682307,0.59281178,0.0020733351
16.038101,-0.20455849,0.30873679,-0.021979697,0.30425244,-0.1177582,-0.083959076,0.77956,-0.56836039,-0.021257794,1.2732557,0.59293297,-0.0017398252
16.041201,-0.19370551,0.29108616,-0.02495655,0.29333751,-0.0658454,-0.084096541,0.7767558,-0.60022074,-0.016358891,1.2770637,0.59160217,-0.0055686165
16.0443,-0.18306364,0.27212628,-0.027270711,0.28208716,-0.011444653,-0.083300146,0.77675802,-0.62505969,-0.011995272,1.2795093,0.58941982,-0.0093866737
16.047399,-0.17262653,0.2519667,-0.028887837,0.27097934,0.045419994,-0.081345744,0.77932853,-0.64441351,-0.0084346177,1.280266,0.58491032,-0.013182526
16.050498,-0.16238736,0.23073262,-0.02987014,0.25990997,0.10410687,-0.078957588,0.78506291,-0.65859684,-0.0058129553,1.279111,0.57554117,-0.016941638
16.053597,-0.15257397,0.20841847,-0.03029188,0.24959727,0.16453761,-0.075957146,0.79405848,-0.6679294,-0.0040908402,1.2757752,0.55973348,-0.020483106
16.056696,-0.14270547,0.18504557,-0.030263488,0.23855059,0.22350031,-0.071613694,0.80502002,-0.67289466,-0.0033530185,1.2702559,0.53631675,-0.023727055
16.059795,-0.13266239,0.16077738,-0.02995809,0.22820713,0.28139979,-0.064648129,0.81718894,-0.67421053,-0.0033262623,1.2621302,0.50436548,-0.026600581
16.062895,-0.12315928,0.13583271,-0.029345293,0.21872412,0.3376595,-0.056110119,0.82990472,-0.67248951,-0.0038858697,1.2516949,0.46591151,-0.02906975
16.065994,-0.11393921,0.11041424,-0.027527012,0.21195375,0.39146793,-0.045348041,0.84313449,-0.66836047,-0.005005618,1.2386518,0.42081146,-0.030987191
16.069093,-0.10480437,0.084246094,-0.025845283,0.20843133,0.44210947,-0.033701895,0.85667427,-0.66220683,-0.0065131803,1.2228944,0.36891219,-0.032390746
16.072192,-0.095671256,0.057207152,-0.023726665,0.2105515,0.48776022,-0.021614259,0.86980761,-0.65425806,-0.0082567605,1.2044995,0.31076292,-0.033032426
16.075291,-0.087195738,0.030038322,-0.021191266,0.21732149,0.52810871,-0.0098510944,0.88204802,-0.6447429,-0.010121517,1.1843982,0.24758203,-0.033235706
16.07839,-0.079019083,0.0027881504,-0.018808609,0.22779317,0.56384122,0.00063366237,0.89273812,-0.63405784,-0.012027903,1.162907,0.18033015,-0.032784118
16.081489,-0.071050716,-0.024871361,-0.016694009,0.24133217,0.59464348,0.0091998009,0.90136788,-0.62187636,-0.013881665,1.140397,0.10990344,-0.031770148
16.084588,-0.06320224,-0.051325077,-0.014164772,0.2575902,0.62052918,0.015913974,0.90776459,-0.60808228,-0.015595712,1.1173807,0.037535165,-0.02998387
16.087688,-0.055247106,-0.077761895,-0.011250242,0.27729137,0.64116024,0.020734212,0.91180418,-0.59262586,-0.017088414,1.0946847,-0.035289045,-0.028520392
16.090787,-0.047873199,-0.10365316,-0.0087242086,0.29990793,0.6575377,0.022604974,0.91342466,-0.57518492,-0.018383377,1.0731676,-0.1069492,-0.02638405
16.093886,-0.041614939,-0.12857574,-0.0058989071,0.32523748,0.67008495,0.022528657,0.91266643,-0.55563608,-0.019529625,1.0535764,-0.17638199,-0.023920776
16.096985,-0.03687898,-0.15254457,-0.0029718943,0.35294266,0.67941317,0.020753017,0.9096632,-0.53351029,-0.020569345,1.0368377,-0.24233803,-0.021293827
16.100085,-0.033487001,-0.17527521,-0.00022974339,0.38225621,0.68576321,0.017512249,0.90430143,-0.508317,-0.021601735,1.0238794,-0.3039065,-0.018594019
16.103184,-0.031439278,-0.19694274,0.0024444685,0.41434494,0.6891575,0.012559205,0.89671126,-0.479378,-0.022599518,1.014516,-0.36021204,-0.015809865
16.106283,-0.029827787,-0.21702934,0.0051162569,0.44929401,0.6906872,0.0062726249,0.88691701,-0.44616369,-0.023575809,1.0088279,-0.41080539,-0.01278217
16.109383,-0.029404575,-0.23552238,0.0076801519,0.48670868,0.69081812,-0.00097679737,0.87502726,-0.40849385,-0.024606629,1.006992,-0.45528862,-0.0097522353
16.112482,-0.030470702,-0.25215375,0.010131794,0.52578886,0.68987265,-0.0086098238,0.86126735,-0.36632,-0.025579446,1.0087655,-0.49368866,-0.0065579438
16.115582,-0.03263969,-0.26701172,0.012751554,0.56569757,0.68767332,-0.016223236,0.84490852,-0.31980284,-0.026721589,1.0126845,-0.52613073,-0.0032165944
16.118681,-0.035979463,-0.27983805,0.015379317,0.60354183,0.68445543,-0.023041251,0.82770888,-0.26947278,-0.027922644,1.0190219,-0.55264505,0.00013904512
16.121781,-0.040246142,-0.29087744,0.017926621,0.63806894,0.68092837,-0.029085519,0.80932328,-0.21536958,-0.029100352,1.0276765,-0.57413746,0.003368112
16.124881,-0.045252678,-0.29992625,0.020501922,0.6691493,0.67649909,-0.033792967,0.79018146,-0.15780392,-0.030013292,1.0382199,-0.59058139,0.0064721577
16.127981,-0.051581864,-0.30694991,0.022867402,0.69689499,0.67074879,-0.037040493,0.77010421,-0.097122001,-0.030513506,1.0501326,-0.60216666,0.0093638833
16.13108,-0.059205208,-0.31197263,0.024979903,0.72126609,0.66345979,-0.038834962,0.74949134,-0.03377355,-0.031465765,1.0625958,-0.61013884,0.011901563
16.13418,-0.067559886,-0.31501993,0.026775431,0.74233571,0.65508957,-0.039438964,0.72917032,0.030060478,-0.031886994,1.0752896,-0.61513599,0.013909632
16.13728,-0.076651555,-0.31606088,0.027789446,0.76001429,0.64528452,-0.039156598,0.71029705,0.094608913,-0.031627255,1.0879045,-0.61829461,0.015386295
16.14038,-0.086217988,-0.31516444,0.028387877,0.77426891,0.63359754,-0.038148429,0.69332133,0.15896482,-0.031299893,1.1000032,-0.62023826,0.016302664
16.143481,-0.096190943,-0.31230036,0.028593125,0.78547092,0.61967979,-0.036649466,0.68140614,0.22066654,-0.029508075,1.1112775,-0.62125642,0.016629613
16.146581,-0.10636529,-0.30757161,0.028370844,0.79363315,0.60353913,-0.034788375,0.67436726,0.27944612,-0.026653082,1.1215562,-0.62132327,0.016344888
16.149681,-0.11652328,-0.30108537,0.027793616,0.79863437,0.58474499,-0.032762659,0.67182316,0.33430321,-0.02265782,1.1307289,-0.62041847,0.015441095
16.152782,-0.12646446,-0.29284876,0.026978493,0.80066944,0.56296549,-0.03078716,0.6742084,0.38483221,-0.017468032,1.1385968,-0.61816961,0.01404513
16.155882,-0.13613657,-0.28277841,0.025807238,0.79945298,0.5375953,-0.028893371,0.68111285,0.43013466,-0.011418092,1.1449737,-0.61528598,0.012256538
16.158983,-0.14496067,-0.27092498,0.024314473,0.79607045,0.50831465,-0.027108944,0.69171058,0.46974844,-0.0047934204,1.1498352,-0.61139334,0.01015413
16.162083,-0.15341016,-0.25743338,0.022463385,0.79023459,0.47527828,-0.025704397,0.70563043,0.5042323,0.0018635125,1.1531149,-0.60595003,0.0078509907
16.165184,-0.16125749,-0.24235777,0.020391328,0.78178691,0.4386237,-0.024799666,0.72238703,0.53290502,0.0079202076,1.1547717,-0.59892781,0.0054636435
16.168285,-0.16851374,-0.22577395,0.018139168,0.77117062,0.39898227,-0.024033976,0.74223977,0.55587516,0.013236307,1.1547604,-0.59020393,0.0030598038
16.171386,-0.17524629,-0.2076607,0.015668394,0.75770005,0.3565463,-0.023683246,0.76592511,0.57321759,0.017349322,1.1528519,-0.57930438,0.00065907387
16.174487,-0.18176953,-0.18811579,0.013199229,0.74360661,0.31105913,-0.023683652,0.79349408,0.5858082,0.020349314,1.148976,-0.56565604,-0.0015935885
16.177588,-0.18812504,-0.16722523,0.0107142,0.72799298,0.26334952,-0.024455746,0.82413754,0.59506785,0.022223037,1.1430893,-0.54868357,-0.0036964418
16.180689,-0.19451123,-0.14517614,0.0081743133,0.71049453,0.21344641,-0.025796281,0.85821919,0.60209116,0.022632383,1.1352671,-0.52793027,-0.005568419
16.183791,-0.20053096,-0.12219478,0.0058311553,0.69129541,0.16165615,-0.027245675,0.89364058,0.60730901,0.021893948,1.1253137,-0.50307912,-0.0072570412
16.186892,-0.20620738,-0.098053398,0.0036240299,0.67066416,0.10793082,-0.028445165,0.92776689,0.61154023,0.020172265,1.1133326,-0.47328292,-0.0087816161
16.189993,-0.21191052,-0.073095001,0.0017299675,0.64788411,0.053533519,-0.029523377,0.95995876,0.61563235,0.017714182,1.0993588,-0.43806078,-0.010171545
16.193094,-0.21749517,-0.04760125,-1.9306056e-05,0.62313898,-0.0018761313,-0.031588822,0.98984509,0.62004615,0.014675254,1.0835505,-0.39697351,-0.011453459
16.196196,-0.22322435,-0.02111821,-0.0012081973,0.59667612,-0.058350671,-0.033612214,1.0170173,0.62420392,0.011441453,1.0659477,-0.35054215,-0.012618367
16.199297,-0.22889845,0.0062144304,-0.0020979887,0.5689318,-0.115247,-0.035689924,1.0414987,0.62847086,0.0082095731,1.0470523,-0.29920141,-0.013655274
16.202398,-0.23436104,0.032626504,-0.0030177604,0.54095091,-0.1723363,-0.037337258,1.0633368,0.63281369,0.005099651,1.0271889,-0.24353518,-0.014654135
16.205499,-0.23944742,0.058682085,-0.0035730934,0.51113793,-0.22854675,-0.039005861,1.0826781,0.63717607,0.0022266252,1.0069247,-0.1844408,-0.01561514
16.208601,-0.24422831,0.084375561,-0.0037508738,0.48111014,-0.2834333,-0.040537458,1.0996099,0.641353,-0.00031569202,0.98718627,-0.12287169,-0.016162828
16.211702,-0.24862485,0.10946086,-0.0031217302,0.45388516,-0.33635907,-0.041591922,1.1141149,0.64482753,-0.0024697916,0.96840186,-0.060044363,-0.016580073
16.214803,-0.2532188,0.13382565,-0.0016779544,0.42992257,-0.38662017,-0.042074408,1.1263459,0.64707721,-0.0042841337,0.95209966,0.0032594134,-0.016905982
16.217904,-0.25835282,0.15774234,0.00015121017,0.41039964,-0.43368208,-0.041915296,1.1364826,0.64776166,-0.0058744379,0.93937864,0.06559814,-0.017179609
16.221006,-0.26398819,0.1813236,0.002336536,0.39398935,-0.47643606,-0.041258419,1.1446992,0.64760395,-0.0073675864,0.92995021,0.12617851,-0.017139197
16.224107,-0.26916769,0.20427578,0.0047845445,0.37898605,-0.51476642,-0.039600896,1.1510415,0.64611914,-0.0087707044,0.92380001,0.18352551,-0.016608973
16.227208,-0.27354902,0.22617233,0.0075846761,0.36578727,-0.54854093,-0.03729572,1.1555477,0.64333795,-0.01020262,0.92069527,0.23694368,-0.015589702
16.23031,-0.27811918,0.24692141,0.010902515,0.35443865,-0.57759649,-0.035009093,1.158235,0.63789985,-0.011703333,0.92014927,0.28597269,-0.014027257
16.233411,-0.28266852,0.26651617,0.014562407,0.34555934,-0.60168352,-0.032847151,1.1588685,0.62927533,-0.013315832,0.92223833,0.33018953,-0.011852386
16.236513,-0.28721613,0.28511293,0.018355976,0.33819856,-0.62071011,-0.031051038,1.1574217,0.61630231,-0.015150926,0.92857349,0.36903078,-0.0086095038
16.239614,-0.29167059,0.30279189,0.022143092,0.33167107,-0.63483982,-0.029861655,1.1539936,0.59772835,-0.017131638,0.93875483,0.40237002,-0.0045737969
16.242716,-0.29567702,0.31922677,0.025776424,0.32593523,-0.6442631,-0.029366247,1.1483805,0.57326983,-0.019417533,0.95245896,0.43040463,4.6980789e-05
16.245817,-0.29910226,0.33407228,0.02912193,0.3210343,-0.64896622,-0.029669202,1.140358,0.54395308,-0.021817545,0.96913359,0.45360151,0.0050874398
16.248919,-0.30197254,0.34743029,0.03206924,0.31685465,-0.6491758,-0.030813376,1.1301431,0.50979687,-0.024387691,0.98819937,0.47246019,0.01047088
16.252021,-0.30415847,0.35905039,0.034391503,0.31443154,-0.64506054,-0.032929194,1.1177167,0.47048258,-0.027133367,1.0089053,0.48750005,0.015757014
16.255122,-0.30585955,0.36912518,0.03604893,0.31467644,-0.63683476,-0.035863552,1.1029,0.42588396,-0.029915475,1.0305699,0.49945774,0.020607774
16.258224,-0.30667645,0.37770178,0.036914883,0.316794,-0.62551679,-0.039467552,1.0855878,0.37604316,-0.032694865,1.052563,0.50907402,0.024858902
16.261326,-0.30653067,0.3846666,0.036931477,0.32016981,-0.61123125,-0.043445558,1.0656147,0.3213153,-0.034885562,1.0743439,0.51710007,0.028229658
16.264428,-0.3052,0.38991018,0.036159681,0.32405479,-0.59391066,-0.047651699,1.0441208,0.26256799,-0.037074862,1.0954936,0.52419053,0.030443043
16.26753,-0.30278325,0.39340174,0.03462259,0.32784594,-0.57354531,-0.051828416,1.0205524,0.19933157,-0.038896066,1.1157632,0.53090801,0.031845005
16.270633,-0.29930834,0.39507294,0.032326388,0.33113589,-0.55040081,-0.055802133,0.99497941,0.13243969,-0.040419612,1.1349166,0.53770287,0.032548811
16.273735,-0.29491034,0.39500355,0.029285193,0.33375702,-0.52472546,-0.05937301,0.96762052,0.062110703,-0.041496549,1.1528087,0.54465353,0.032303676
16.276837,-0.28953214,0.39326892,0.025543372,0.33552736,-0.49691221,-0.062475575,0.93909197,-0.0094917822,-0.041866289,1.1693874,0.55176447,0.031351286
16.279939,-0.28333685,0.38976415,0.021440732,0.33620181,-0.46665461,-0.065045168,0.90980403,-0.082020797,-0.041722235,1.1846681,0.55923476,0.02986556
16.283042,-0.27623211,0.3844804,0.016935959,0.33567374,-0.43391372,-0.067160319,0.88029673,-0.15448129,-0.041169308,1.1986647,0.56727343,0.027610089
16.286144,-0.26828243,0.37738593,0.011906322,0.33357002,-0.39871484,-0.068999289,0.85283407,-0.22562033,-0.04012315,1.2113554,0.57531265,0.024675647
16.289247,-0.25955325,0.36861012,0.0066535575,0.3296795,-0.36076128,-0.070754633,0.82850159,-0.29409241,-0.038178356,1.2227715,0.58230733,0.021423722
16.29235,-0.2502348,0.35827037,0.0015046494,0.32519669,-0.32096788,-0.072224368,0.80784216,-0.35892616,-0.035564712,1.2329872,0.58825015,0.017919603
16.295452,-0.24061296,0.34639033,-0.003514697,0.31938661,-0.27897282,-0.072935607,0.79198534,-0.4190515,-0.03223916,1.2420696,0.59349581,0.014221351
16.298555,-0.2304413,0.33306471,-0.0080558281,0.31228065,-0.23432621,-0.073132108,0.78045332,-0.47373725,-0.028449772,1.2499004,0.59734638,0.01041547
16.301658,-0.21997728,0.31830091,-0.012046099,0.30398726,-0.18694465,-0.072885479,0.77223629,-0.5224967,-0.024074528,1.2564177,0.59955377,0.006567661
16.304761,-0.20959853,0.30209822,-0.015568067,0.29523589,-0.13637013,-0.073581455,0.76617028,-0.5646274,-0.019480467,1.2617436,0.60019604,0.0026835828
16.307864,-0.19944855,0.28447597,-0.01841609,0.28483307,-0.08392583,-0.074389273,0.76258298,-0.59962045,-0.014925751,1.2657429,0.59962608,-0.0012585289
16.310967,-0.18929638,0.2655798,-0.02071354,0.27341948,-0.030706075,-0.073930921,0.76207223,-0.62731865,-0.010661538,1.268467,0.59790345,-0.0051241991
16.31407,-0.17938568,0.24552127,-0.02243015,0.26212253,0.025009117,-0.072797486,0.76428893,-0.64859541,-0.0069394064,1.2696196,0.59517962,-0.0089604679
16.317173,-0.16964466,0.22435185,-0.023532815,0.2510672,0.082961316,-0.070602406,0.76916628,-0.66507668,-0.0039863632,1.268895,0.5884839,-0.012774664
16.320276,-0.16016562,0.20221762,-0.024072598,0.2402903,0.14260484,-0.068577226,0.77756495,-0.67658074,-0.0018265797,1.266007,0.57590699,-0.01644569
16.323379,-0.15071628,0.17904963,-0.024148216,0.2301096,0.20239242,-0.066011616,0.78830997,-0.68330398,-0.00045548519,1.2608994,0.55615797,-0.019859626
16.326482,-0.1412118,0.15508226,-0.023959422,0.21928358,0.26064646,-0.060855876,0.80045426,-0.6861176,0.00012231933,1.2534756,0.52825934,-0.022980824
16.329585,-0.13233887,0.13036062,-0.023434673,0.20916739,0.31777449,-0.054089087,0.81339744,-0.6855896,0.00015707838,1.2435156,0.49252302,-0.025702972
16.332688,-0.12345238,0.10509474,-0.021820076,0.19993758,0.37299164,-0.04589859,0.82683423,-0.68238175,-0.00036853251,1.2311579,0.45029976,-0.027900013
16.335791,-0.11491994,0.079479935,-0.020164584,0.19391865,0.42533295,-0.036051504,0.84073122,-0.67701163,-0.0014155965,1.2162307,0.40107863,-0.029553577
16.338894,-0.10636341,0.052817028,-0.018315062,0.19311813,0.47382251,-0.025269278,0.85442642,-0.66977134,-0.0027801336,1.1987497,0.3452286,-0.030642951
16.341997,-0.097788241,0.025917876,-0.016088773,0.19701446,0.5169534,-0.014119822,0.86742201,-0.66078349,-0.0043656085,1.1787467,0.28348409,-0.031083893
16.3451,-0.089307147,-0.0012569084,-0.013809995,0.2053445,0.55544429,-0.003434991,0.87918262,-0.65028775,-0.0060778934,1.1577968,0.21729666,-0.030977036
16.348203,-0.081036869,-0.028317479,-0.011625239,0.21709149,0.58889181,0.0056996231,0.88895999,-0.63865111,-0.0078270026,1.1358755,0.14726783,-0.030271999
16.351306,-0.073054292,-0.054359124,-0.009295122,0.23169362,0.61730972,0.012861444,0.89651758,-0.62545739,-0.009510383,1.1130855,0.074909594,-0.028995194
16.354409,-0.065019249,-0.080341228,-0.0067411531,0.24981541,0.64061922,0.018657831,0.90161765,-0.61061416,-0.011075299,1.0904735,0.0010580924,-0.027191409
16.357512,-0.057351768,-0.1059261,-0.0042552759,0.27095894,0.65900766,0.022406449,0.90435806,-0.59396992,-0.012450651,1.0686742,-0.072039866,-0.025457048
16.360615,-0.050610814,-0.13067189,-0.0011806937,0.29500966,0.6734585,0.02354461,0.90461666,-0.57530914,-0.013648436,1.0483965,-0.14359616,-0.023388517
16.363718,-0.045182438,-0.15435376,0.0016121349,0.32150523,0.68434622,0.022974025,0.90255262,-0.55423263,-0.01471953,1.0307162,-0.21197629,-0.020956932
16.366821,-0.041105018,-0.176994,0.0041672184,0.34975801,0.69206437,0.020939349,0.8982856,-0.53039559,-0.015723593,1.0162772,-0.27646659,-0.018352608
16.369924,-0.038119165,-0.1985305,0.0067049975,0.38055456,0.69663197,0.01752633,0.89137627,-0.50302819,-0.016675683,1.005607,-0.33606167,-0.015807419
16.373027,-0.035590677,-0.21855048,0.0092698979,0.41426544,0.69887812,0.012445283,0.88246355,-0.47171828,-0.017549884,0.99826568,-0.39015286,-0.013155688
16.376131,-0.034304859,-0.23704597,0.011751249,0.45064026,0.69958194,0.0062558506,0.87139048,-0.43588753,-0.018405801,0.99478604,-0.43826062,-0.010380562
16.379234,-0.034549466,-0.25385183,0.014120328,0.48908546,0.69903475,-0.0007144093,0.85835741,-0.39572083,-0.019290393,0.99503401,-0.48018883,-0.0074179767
16.382337,-0.035885623,-0.2688894,0.016580405,0.52881618,0.69723513,-0.0079278024,0.84323806,-0.35112858,-0.020127339,0.99819797,-0.51623265,-0.0042596466
16.385441,-0.038403264,-0.28200702,0.018981202,0.56844528,0.69419691,-0.014867275,0.82592831,-0.3021067,-0.021241334,1.0036142,-0.5462129,-0.0010219442
16.388544,-0.041941048,-0.29334592,0.02138718,0.60492322,0.69061768,-0.021098779,0.80801468,-0.2495267,-0.022350984,1.0114848,-0.57066939,0.0022690735
16.391648,-0.046530243,-0.30280459,0.02373245,0.6378687,0.68610239,-0.026402282,0.78911421,-0.19326702,-0.023372651,1.0214144,-0.59006044,0.0055158373
16.394752,-0.052489867,-0.31026399,0.025942806,0.66740904,0.6804154,-0.030405107,0.76999493,-0.13376638,-0.024345424,1.0329338,-0.60443506,0.0087475427
16.397855,-0.059462555,-0.31578917,0.02812262,0.69348029,0.67311929,-0.032982863,0.74937547,-0.07172871,-0.025065043,1.0454852,-0.61448123,0.011729149
16.400959,-0.067263161,-0.31932657,0.029900163,0.71614711,0.66449399,-0.034322384,0.72865186,-0.0077465828,-0.0260856,1.0584464,-0.62109236,0.014361714
16.404063,-0.075702572,-0.32088157,0.031320796,0.73543315,0.65464588,-0.034676141,0.70873947,0.056982594,-0.026383639,1.0714194,-0.62523093,0.016504444
16.407167,-0.0847822,-0.32053616,0.032070616,0.75124269,0.64324844,-0.034247543,0.69030289,0.1219596,-0.025841105,1.0840949,-0.62784782,0.018113543
16.410271,-0.094320894,-0.31828615,0.032469439,0.76390999,0.62978397,-0.033231575,0.67468485,0.18562917,-0.025069543,1.0960619,-0.62938013,0.019109397
16.413375,-0.10416107,-0.31414829,0.032434826,0.77363013,0.61418614,-0.031818457,0.6646432,0.2467771,-0.023591727,1.1070882,-0.63002344,0.019492078
16.416479,-0.11412366,-0.30820282,0.032016711,0.78018576,0.59613177,-0.030149846,0.65907842,0.3044427,-0.021012231,1.1170627,-0.62974046,0.019187726
16.419583,-0.12393612,-0.30051064,0.031251757,0.78368662,0.57525533,-0.028325679,0.65809191,0.35800453,-0.017381569,1.1258386,-0.62812732,0.018258943
16.422688,-0.13356067,-0.29114177,0.030173113,0.7839421,0.55106519,-0.026619402,0.66185761,0.40717386,-0.012765004,1.1332683,-0.62548061,0.016827848
16.425792,-0.14234618,-0.27996907,0.028798464,0.78144384,0.52309597,-0.024939701,0.67021802,0.45066026,-0.0072622517,1.1391441,-0.62225938,0.014965563
16.428896,-0.15071764,-0.26704634,0.027253079,0.77684392,0.49128115,-0.023446603,0.68208157,0.48875284,-0.0012288005,1.1434005,-0.61786558,0.012757963
16.432001,-0.15862661,-0.25253187,0.025418391,0.7697688,0.45570899,-0.022408833,0.69715355,0.52128188,0.0047889701,1.1460861,-0.61214296,0.0103508
16.435105,-0.16599452,-0.23662518,0.023387714,0.76015536,0.41682105,-0.021708066,0.71488651,0.54817849,0.010458084,1.147152,-0.60455223,0.0078645493
16.43821,-0.17282528,-0.21917142,0.021209242,0.74819278,0.3749413,-0.021179883,0.73607832,0.56901303,0.015421833,1.1463983,-0.595027,0.0053783877
16.441315,-0.17929736,-0.20020142,0.018817023,0.73410126,0.33048796,-0.020903362,0.76128227,0.58455396,0.019331393,1.1437175,-0.58307984,0.0029118009
16.44442,-0.18566006,-0.17995923,0.016439528,0.71943255,0.28325053,-0.021239665,0.79019872,0.59587415,0.022197866,1.139019,-0.56817818,0.0005626961
16.447525,-0.19196032,-0.15843798,0.014028168,0.70298785,0.23367687,-0.022056901,0.82239854,0.60439004,0.024079157,1.1322983,-0.54988363,-0.0016145619
16.45063,-0.19786033,-0.13596088,0.011722275,0.68464999,0.18203695,-0.023776207,0.85781139,0.61078627,0.024705177,1.123598,-0.52770908,-0.0034958261
16.453735,-0.20337449,-0.11246618,0.0095528148,0.66481205,0.12882034,-0.024762507,0.8933229,0.61564347,0.024188156,1.1127827,-0.50115578,-0.0051664453
16.45684,-0.20881597,-0.087961071,0.007515626,0.64349098,0.073890143,-0.025191226,0.92722033,0.61973839,0.022652623,1.0999552,-0.46948922,-0.0066529631
16.459944,-0.21456438,-0.062972277,0.0057478874,0.62000139,0.018670258,-0.026911467,0.95914685,0.62389472,0.020429582,1.0852993,-0.43220794,-0.0079860912
16.463049,-0.21995373,-0.037113729,0.0042646067,0.59476554,-0.037668498,-0.028589512,0.98851204,0.62843498,0.017614417,1.0689983,-0.38899318,-0.0091702191
16.466154,-0.22541708,-0.010704866,0.0033419607,0.56812756,-0.094729382,-0.030491003,1.0151046,0.63270409,0.014534785,1.0509475,-0.34065628,-0.010222368
16.469259,-0.23070673,0.016420406,0.0024718527,0.54038387,-0.15191763,-0.032057345,1.0390037,0.63698664,0.011379532,1.0318049,-0.28756283,-0.011206418
16.472364,-0.23569811,0.04232387,0.0017737085,0.51227108,-0.20900364,-0.033250588,1.0602659,0.64134659,0.0082983979,1.0119588,-0.23037387,-0.012101541
16.475469,-0.24030959,0.067903557,0.0013890127,0.48263465,-0.26470503,-0.03472585,1.0790521,0.64573961,0.0053545967,0.99210328,-0.16995702,-0.012958074
16.478574,-0.24468261,0.093071395,0.0013890014,0.45374751,-0.3187818,-0.035960345,1.0953144,0.64966417,0.0027030138,0.97254576,-0.1075508,-0.013469103
16.481679,-0.24871715,0.11793732,0.0024393804,0.4280991,-0.37057476,-0.03681117,1.1091801,0.65280907,0.00040994482,0.95422457,-0.044164996,-0.013791932
16.484784,-0.25345996,0.14209406,0.0040243396,0.40600016,-0.41937725,-0.037097654,1.1208192,0.65445814,-0.0015793864,0.93859826,0.01939753,-0.014042668
16.487889,-0.25867279,0.16574449,0.0059560388,0.38827049,-0.46459082,-0.036775977,1.1304062,0.65494574,-0.0034528614,0.92659086,0.081816821,-0.014726401
16.490994,-0.2639713,0.18899468,0.0080876384,0.37302625,-0.50549799,-0.036003949,1.1380292,0.6544662,-0.0052336707,0.91798751,0.14185749,-0.014285399
16.494099,-0.26852622,0.21150274,0.010620925,0.3593614,-0.54185919,-0.034170979,1.1437637,0.65260696,-0.0069385556,0.91264552,0.19853001,-0.013762967
16.497204,-0.27271325,0.23292378,0.01358419,0.34742551,-0.57361307,-0.031938567,1.1476379,0.64904203,-0.0086715388,0.91019823,0.25114148,-0.012784235
16.500309,-0.27709565,0.25304109,0.016923978,0.33754683,-0.6005546,-0.029652825,1.1495783,0.64259875,-0.010453115,0.91026924,0.2992048,-0.0114085
16.503414,-0.28144052,0.27209886,0.020461166,0.33009589,-0.62235241,-0.027412692,1.1494276,0.63259158,-0.012363281,0.91340341,0.34221189,-0.0092980597
16.506519,-0.28573987,0.29023332,0.024117361,0.32345357,-0.63912279,-0.025595913,1.1471132,0.61785175,-0.014455382,0.92043569,0.37987434,-0.0062731278
16.509625,-0.28970366,0.30725242,0.027667252,0.31758201,-0.65090169,-0.024427247,1.142771,0.5972413,-0.016699439,0.93121653,0.41207592,-0.0022978743
16.51273,-0.29308417,0.32288976,0.03096847,0.31248704,-0.65787101,-0.023846216,1.1361145,0.5708979,-0.019174082,0.9453912,0.43912313,0.0023010298
16.515835,-0.29606038,0.33714287,0.033988707,0.30824603,-0.66038781,-0.023999876,1.1268334,0.53963974,-0.021592003,0.96238442,0.46146008,0.0073803449
16.518941,-0.29839871,0.34968268,0.036525379,0.30459442,-0.65855246,-0.025105315,1.1155007,0.50351726,-0.024218016,0.98171959,0.47952673,0.012759629
16.522046,-0.30032468,0.36053349,0.038470405,0.30313866,-0.65242763,-0.027146796,1.1019985,0.46206405,-0.026961291,1.0026434,0.49399458,0.018032952
16.525152,-0.30144199,0.37004163,0.039744275,0.30417747,-0.64269816,-0.029975428,1.0860895,0.41526254,-0.029645402,1.0244747,0.50552573,0.022888007
16.528258,-0.30162697,0.37791839,0.04022677,0.30688649,-0.62988462,-0.033381113,1.0675308,0.36313707,-0.03220753,1.0465863,0.51487406,0.027146892
16.531363,-0.30082231,0.3840258,0.039959106,0.31056997,-0.61405433,-0.037071372,1.0469837,0.30651254,-0.034266993,1.068486,0.52277258,0.030483324
16.534469,-0.29906626,0.3883381,0.038929136,0.31457903,-0.59512779,-0.040883716,1.0245528,0.24582416,-0.036154377,1.0897842,0.52985894,0.032600586
16.537575,-0.29631374,0.39084041,0.037148028,0.31821813,-0.57321385,-0.044613056,1.0001995,0.18070086,-0.037527771,1.1101976,0.53667568,0.034040816
16.540681,-0.2926214,0.39149229,0.03463705,0.32133769,-0.54859297,-0.048137979,0.97412644,0.11196598,-0.038583199,1.1295141,0.54364377,0.034711128
16.543787,-0.28809396,0.39046443,0.031485699,0.32348764,-0.52154382,-0.051279443,0.94635081,0.040184928,-0.038853469,1.1475637,0.55080742,0.034430913
16.546893,-0.28260136,0.38772166,0.027779999,0.32490198,-0.49233072,-0.053978348,0.91763731,-0.032385799,-0.03878968,1.1643143,0.55812873,0.033448206
16.549999,-0.27620571,0.38318783,0.023695836,0.32528854,-0.46064132,-0.056191313,0.88832164,-0.10551881,-0.038266998,1.1797495,0.56586839,0.03188901
16.553105,-0.2691047,0.37693696,0.019292653,0.32434432,-0.42647045,-0.05797925,0.85929167,-0.17818683,-0.037357969,1.1938481,0.57414941,0.029483567
16.556211,-0.26124917,0.36876927,0.014536233,0.32182464,-0.3898293,-0.059584178,0.83301683,-0.24922828,-0.035816368,1.2065803,0.58223602,0.026458745
16.559318,-0.2527466,0.35910581,0.0094362102,0.31748313,-0.35051518,-0.061211123,0.80964051,-0.31707191,-0.033653396,1.2180208,0.58925971,0.023097476
16.562424,-0.24377847,0.3477942,0.0043724036,0.31265453,-0.30957875,-0.062253124,0.79034657,-0.38088197,-0.030865114,1.2282035,0.59518292,0.019475062
16.565531,-0.23442567,0.33498468,-0.00036278838,0.30651169,-0.2663122,-0.062733425,0.77582058,-0.43982788,-0.027604624,1.2371341,0.60033789,0.015663376
16.568637,-0.22447507,0.32071886,-0.0046401779,0.29918888,-0.22034537,-0.062669896,0.76532877,-0.49338675,-0.023796338,1.2447278,0.6039724,0.011771633
16.571744,-0.21464673,0.30503012,-0.0083850369,0.2907486,-0.17178156,-0.062463393,0.7580823,-0.54061797,-0.019572459,1.2509883,0.60590991,0.0078311643
16.57485,-0.20489487,0.28790711,-0.011562281,0.28190334,-0.11974738,-0.063389035,0.75298418,-0.58120111,-0.01516842,1.2559485,0.606426,0.003873674
16.577957,-0.19507017,0.26945692,-0.014091201,0.27095182,-0.067283562,-0.063973561,0.75059019,-0.61448018,-0.01079298,1.2595763,0.60563628,-0.00010545915
16.581063,-0.18551972,0.24975093,-0.016067008,0.25943569,-0.013280693,-0.063523771,0.75114472,-0.64060389,-0.0068089081,1.2617727,0.60389137,-0.0039942039
16.58417,-0.17603672,0.22899135,-0.017413173,0.24809901,0.043109615,-0.062373726,0.75434237,-0.66067324,-0.0032943895,1.2622527,0.60082871,-0.0078277839
16.587276,-0.16672918,0.20709158,-0.018235769,0.23713078,0.10144123,-0.060992333,0.76031226,-0.67586571,-0.0004269107,1.2607633,0.59323913,-0.011627567
16.590383,-0.15775763,0.18421577,-0.01855689,0.22665878,0.16146844,-0.059548636,0.76954034,-0.68627796,0.0016982431,1.2570486,0.57943364,-0.015234531
16.593489,-0.14853705,0.16065356,-0.018488483,0.2165769,0.22085609,-0.057032966,0.78080047,-0.69219417,0.0031508497,1.2510706,0.55815563,-0.018542135
16.596596,-0.13978171,0.13627178,-0.018157195,0.20593076,0.27891054,-0.05239091,0.7933636,-0.69430936,0.0039807527,1.2427395,0.52842384,-0.021504298
16.599702,-0.13133191,0.11117681,-0.017283046,0.195806,0.33574141,-0.046311903,0.80659601,-0.69321145,0.0042248486,1.2319567,0.49116822,-0.024080752
16.602809,-0.1228865,0.085796255,-0.015722802,0.18683392,0.39053248,-0.038987236,0.82030285,-0.68954172,0.0038831824,1.2187842,0.44732223,-0.02609731
16.605915,-0.11461247,0.05982273,-0.014276759,0.18117206,0.44240401,-0.030252388,0.83429652,-0.68375136,0.0030421755,1.2029892,0.39646182,-0.027577904
16.609022,-0.10636532,0.032948161,-0.012469663,0.181213,0.49004818,-0.020135313,0.84796556,-0.67620331,0.0018007168,1.1848225,0.3390137,-0.028421435
16.612128,-0.098105606,0.0059187282,-0.010184626,0.18586432,0.53233788,-0.0097831622,0.86082593,-0.66686336,0.00028542277,1.1647072,0.27600616,-0.028775048
16.615234,-0.089304514,-0.021331004,-0.0083058669,0.19478507,0.57002458,0.00019208491,0.8723066,-0.65596538,-0.001360629,1.1435226,0.20866976,-0.028571811
16.618341,-0.080959994,-0.047470148,-0.006336755,0.20703886,0.60260071,0.0084483605,0.88169709,-0.64398305,-0.0030845749,1.1215042,0.13774523,-0.027747452
16.621448,-0.07294553,-0.073437087,-0.0040407833,0.22215085,0.63021225,0.015303365,0.88882692,-0.63043144,-0.0047851173,1.0989343,0.064688417,-0.026392318
16.624554,-0.064629903,-0.099265071,-0.0018754617,0.2407876,0.65256273,0.020779326,0.89342677,-0.61521579,-0.0064282911,1.0767626,-0.009568569,-0.024714982
16.627661,-0.057116775,-0.12430944,0.00080188076,0.26258282,0.67012946,0.024473719,0.89561709,-0.59817403,-0.0079184809,1.0555106,-0.082812226,-0.023003899
16.630767,-0.050929067,-0.14855403,0.0036450931,0.28701779,0.68383502,0.025576199,0.89535491,-0.57909438,-0.0092558768,1.0360641,-0.15443192,-0.020991749
16.633874,-0.046057897,-0.1716355,0.0061930994,0.31373214,0.69404627,0.02517111,0.89279287,-0.55746404,-0.010451541,1.0192231,-0.22251954,-0.018793559
16.636981,-0.042461297,-0.1936821,0.0086094152,0.34230746,0.70107795,0.023362321,0.88796271,-0.5329141,-0.011563286,1.005691,-0.28657442,-0.016399848
16.640087,-0.039144132,-0.21432856,0.011041315,0.37374487,0.70511621,0.0201965,0.88051359,-0.50467678,-0.012616264,0.99578811,-0.34565362,-0.014062616
16.643194,-0.036593137,-0.23358371,0.013417837,0.40808066,0.70707345,0.015466385,0.87108622,-0.47241287,-0.013548611,0.98903066,-0.39917517,-0.011704128
16.646301,-0.035356238,-0.25125561,0.015647842,0.44484757,0.70739045,0.0095362054,0.85953822,-0.43554855,-0.014477263,0.98618291,-0.44664833,-0.0091507797
16.649408,-0.035516716,-0.26716925,0.017878596,0.48351049,0.70634742,0.0028841919,0.84611842,-0.39435461,-0.015404806,0.98699762,-0.48793446,-0.0063471002
16.652515,-0.037024916,-0.28132777,0.02015418,0.5232895,0.70379847,-0.0040318457,0.83060221,-0.34876577,-0.016256308,0.99068815,-0.52347391,-0.0033039399
16.655622,-0.039846738,-0.29362448,0.022443122,0.56260747,0.69998775,-0.01080797,0.81328153,-0.29884248,-0.017420146,0.99648192,-0.55296359,-9.381926e-05
16.658729,-0.043620447,-0.30412032,0.024760602,0.59859103,0.69584785,-0.016761683,0.79516141,-0.24525407,-0.018508811,1.0046942,-0.57701012,0.0031856724
16.661836,-0.048653424,-0.31272668,0.027080427,0.63101169,0.69065803,-0.0218761,0.77616357,-0.18803785,-0.019523539,1.0148198,-0.5960455,0.006589881
16.664944,-0.054768668,-0.3193444,0.029260729,0.66000354,0.68428947,-0.025754821,0.75698305,-0.12761422,-0.02043121,1.0264335,-0.61031297,0.01003117
16.668051,-0.061875386,-0.32404501,0.031275163,0.68547347,0.67619874,-0.028260493,0.73652715,-0.064781239,-0.021303116,1.0390347,-0.62025391,0.013284277
16.671158,-0.069732886,-0.32674062,0.032902477,0.70749955,0.66687963,-0.029734013,0.71601612,-0.00017886754,-0.022481472,1.0520192,-0.62675333,0.016195599
16.674266,-0.078185646,-0.32749479,0.034229481,0.72609895,0.6564079,-0.030313982,0.6963961,0.065145011,-0.022983684,1.064954,-0.63080281,0.018632258
16.677373,-0.087281564,-0.32637653,0.034928617,0.74121349,0.64433547,-0.030150424,0.67832026,0.13068414,-0.022859747,1.077536,-0.6333128,0.020515546
16.680481,-0.096841431,-0.32334581,0.035252377,0.75339144,0.63018986,-0.029462031,0.66332626,0.19453813,-0.022289643,1.0894277,-0.63476017,0.021773796
16.683588,-0.10665275,-0.31845788,0.035167511,0.76260455,0.61386338,-0.028412534,0.65388489,0.25587576,-0.021212806,1.1003802,-0.6354153,0.022354016
16.686696,-0.11646778,-0.31181725,0.034705658,0.7686053,0.59495469,-0.027142696,0.6487585,0.31354976,-0.019177194,1.1102404,-0.63498556,0.022151039
16.689804,-0.12629975,-0.30340163,0.033928488,0.77153493,0.57318038,-0.025676432,0.64828929,0.36710028,-0.016050602,1.1189177,-0.63340418,0.021270337
16.692912,-0.13537783,-0.2933069,0.032784507,0.77123521,0.54788851,-0.024295641,0.65213078,0.41610398,-0.011830288,1.1262609,-0.63094008,0.019847141
16.69602,-0.14398454,-0.28148632,0.031366973,0.76854018,0.51889361,-0.022979492,0.66073521,0.45934113,-0.0067831959,1.1320577,-0.62777875,0.017945588
16.699128,-0.15212457,-0.26791817,0.029860889,0.76367619,0.48592343,-0.021811127,0.67316573,0.4972195,-0.0010918953,1.1362647,-0.62368562,0.015668612
16.702236,-0.15985885,-0.25278055,0.028063713,0.75620287,0.44911819,-0.021052967,0.68895036,0.52945481,0.0046868757,1.1388382,-0.61825792,0.01317151
16.705344,-0.16701892,-0.23616018,0.026054838,0.74623052,0.4090195,-0.020514204,0.70746451,0.55600148,0.010318246,1.1397594,-0.61081519,0.010561589
16.708453,-0.17364391,-0.21811921,0.02392926,0.73356358,0.3658365,-0.020047157,0.72928499,0.57643,0.015488486,1.1388759,-0.60131368,0.0079427023
16.711561,-0.18004005,-0.19859972,0.021723804,0.72000049,0.32046233,-0.019891186,0.75514667,0.59158821,0.019781708,1.1360521,-0.58931885,0.0053395153
16.714669,-0.18639846,-0.17774444,0.019431285,0.70516459,0.27213438,-0.020313247,0.78461416,0.60259401,0.023062135,1.1312067,-0.57426229,0.0028639631
16.717778,-0.19251267,-0.15580454,0.017157664,0.68851469,0.22142436,-0.021023728,0.81730465,0.61092053,0.02543667,1.1243112,-0.55579127,0.0005532959
16.720886,-0.19823045,-0.13288332,0.014998515,0.67002379,0.16863498,-0.022715776,0.85315632,0.61719956,0.026769077,1.115401,-0.53339678,-0.0014625476
16.723995,-0.20346521,-0.1089212,0.01292856,0.6502001,0.11425264,-0.023388317,0.8887407,0.62201688,0.026912234,1.1043942,-0.50655346,-0.0032488841
16.727103,-0.20895497,-0.084169249,0.011045631,0.62867937,0.058811823,-0.023694542,0.92268473,0.62609478,0.025884377,1.091374,-0.47457008,-0.004851339
16.730211,-0.21431065,-0.058907502,0.0093631722,0.60514442,0.00268315,-0.025151686,0.95467635,0.63026116,0.024081326,1.0765476,-0.43686605,-0.0062937299
16.73332,-0.21956926,-0.03260409,0.0081498507,0.5799684,-0.054482996,-0.026425595,0.98407498,0.6350393,0.021592307,1.0601564,-0.39317465,-0.0075813319
16.736428,-0.22484894,-0.0057942779,0.0071084617,0.553551,-0.11228101,-0.028070685,1.0106612,0.63952838,0.018607974,1.0421515,-0.34433638,-0.0087526571
16.739537,-0.22993294,0.02112843,0.0063855013,0.52642407,-0.17008146,-0.029243694,1.0345319,0.64383223,0.015426531,1.0230814,-0.29072948,-0.0098829107
16.742645,-0.23472304,0.047118669,0.0058133749,0.49833231,-0.22732922,-0.030168311,1.0557809,0.64824014,0.012173423,1.0034005,-0.23301691,-0.010925696
16.745753,-0.23915554,0.072589634,0.0054746411,0.46922412,-0.28310769,-0.031330512,1.0744967,0.65273564,0.0089723865,0.98379906,-0.17205477,-0.011927107
16.748862,-0.2434041,0.097763728,0.0056611891,0.44095588,-0.33711694,-0.032347633,1.090636,0.65657789,0.0059902171,0.96456514,-0.10910577,-0.012557127
16.75197,-0.24736733,0.12294166,0.0070600605,0.41597814,-0.38871524,-0.033022868,1.1043747,0.65956799,0.0033332768,0.94654337,-0.045230171,-0.013072114
16.755079,-0.25220737,0.14721148,0.0087647572,0.39456658,-0.43731269,-0.033034941,1.1158953,0.6612635,0.00097059277,0.93118397,0.018877137,-0.013498186
16.758187,-0.25752275,0.17112653,0.010621442,0.37737717,-0.4819418,-0.032407185,1.1253978,0.66184775,-0.0012740727,0.91946203,0.081715209,-0.014253707
16.761296,-0.26253005,0.19454461,0.012777352,0.36309971,-0.52211448,-0.0314606,1.1328774,0.66140357,-0.0034173497,0.91111533,0.14210459,-0.014058357
16.764404,-0.26673008,0.2171682,0.015309369,0.35035356,-0.55764216,-0.029473304,1.1384751,0.65961661,-0.0054641269,0.90600699,0.19916014,-0.01362588
16.767513,-0.27090139,0.23863048,0.018273749,0.33925694,-0.58857513,-0.027046448,1.1422018,0.6560231,-0.0075074084,0.9038116,0.25213561,-0.012828643
16.770622,-0.27525913,0.25878553,0.021569449,0.33036621,-0.61433159,-0.024520521,1.1439252,0.64941875,-0.0095301973,0.90394676,0.30053391,-0.011659728
16.77373,-0.27950329,0.27806797,0.025022433,0.32331986,-0.63452439,-0.022034786,1.1435975,0.63919018,-0.011653249,0.90706978,0.3438514,-0.0097274148
16.776839,-0.28372377,0.29622501,0.028530053,0.31707402,-0.64950917,-0.019955518,1.1410697,0.6241232,-0.01390672,0.91400256,0.3817614,-0.0068716727
16.779948,-0.28747412,0.31332118,0.031853482,0.31157504,-0.65988053,-0.018439008,1.1365092,0.60312778,-0.016278578,0.92465018,0.41424673,-0.002942553
16.783057,-0.29056992,0.32891718,0.034905279,0.30687644,-0.66580453,-0.017580023,1.1296155,0.57624817,-0.018811868,0.93866234,0.44154544,0.0017344282
16.786166,-0.29338007,0.34316094,0.037670752,0.30300254,-0.66749859,-0.017439235,1.1200785,0.5443534,-0.021259021,0.95550015,0.46410211,0.006936031
16.789275,-0.29566435,0.35559714,0.039908204,0.29969757,-0.66497753,-0.018281202,1.1084459,0.50746295,-0.023855716,0.97470312,0.48238078,0.012523273
16.792384,-0.29731221,0.36628486,0.041484763,0.29837478,-0.658262,-0.020051793,1.0946171,0.46514418,-0.026553406,0.99555729,0.49704538,0.01801915
16.795493,-0.29810501,0.37570004,0.042352838,0.29947616,-0.64797722,-0.022631565,1.0784374,0.41737806,-0.029116686,1.0173976,0.50879876,0.023167336
16.798602,-0.29792326,0.38331812,0.042389215,0.3021935,-0.6345572,-0.025820173,1.0595239,0.3641603,-0.031519747,1.0396011,0.51833569,0.027693456
16.801711,-0.29686504,0.38909554,0.041720961,0.30585245,-0.61801051,-0.029361289,1.0388179,0.30655397,-0.033428064,1.0616523,0.52644169,0.031340545
16.804821,-0.29486202,0.39303275,0.040330198,0.30982014,-0.59833978,-0.032855375,1.0162671,0.2448597,-0.035122615,1.0831668,0.53371959,0.033690242
16.80793,-0.29194447,0.39506257,0.038269521,0.31340897,-0.57578292,-0.03625778,0.99187736,0.17872302,-0.036299384,1.1038662,0.54071725,0.035322176
16.81104,-0.28808288,0.39536934,0.035387118,0.3163365,-0.55051971,-0.039566194,0.96574156,0.10913992,-0.03711514,1.1234987,0.54786905,0.036213037
16.814149,-0.2832926,0.39389797,0.031870959,0.31826599,-0.52289864,-0.042639771,0.93811534,0.036516028,-0.03754844,1.1418948,0.55524177,0.036042878
16.817259,-0.27760639,0.39056068,0.027925044,0.31958645,-0.49312155,-0.045252533,0.90960857,-0.036748156,-0.037245639,1.1590041,0.56280441,0.035122739
16.820369,-0.27103394,0.38543015,0.023630301,0.31987348,-0.4608544,-0.047430446,0.88067006,-0.11044235,-0.036532667,1.1747774,0.57079115,0.03359013
16.823478,-0.26375683,0.37844816,0.019045892,0.3188483,-0.42609894,-0.049237318,0.85206135,-0.18360435,-0.03545559,1.1891852,0.57921667,0.03114248
16.826588,-0.25576602,0.36968162,0.014160708,0.31629309,-0.38880346,-0.050844476,0.826168,-0.25498018,-0.033754091,1.2021965,0.58744439,0.02801887
16.829698,-0.24717114,0.35939786,0.0090289085,0.31179327,-0.34883669,-0.052534867,0.80323537,-0.32310418,-0.031616568,1.213898,0.59483471,0.024528268
16.832808,-0.23814628,0.34746514,0.0039731299,0.30686494,-0.30732808,-0.053591902,0.78392259,-0.38705119,-0.02889659,1.2243122,0.60097866,0.020768648
16.835918,-0.22867373,0.33397672,-0.00060887709,0.30071437,-0.26347448,-0.054123584,0.7694727,-0.44599707,-0.025746922,1.233428,0.60613661,0.016824277
16.839028,-0.21895393,0.31902695,-0.0049702714,0.29347505,-0.21688431,-0.054071174,0.75936009,-0.49955606,-0.022144012,1.2411799,0.60987046,0.012812332
16.842138,-0.20904234,0.3026386,-0.0086217285,0.28517752,-0.16772388,-0.053832517,0.75251358,-0.54735447,-0.018119044,1.2475529,0.6118974,0.0087834863
16.845248,-0.19936737,0.28484218,-0.011727677,0.27630659,-0.11514879,-0.054884472,0.74784823,-0.58748232,-0.013791434,1.2525901,0.61251632,0.0047788602
16.848357,-0.18966621,0.26568457,-0.01409264,0.26529657,-0.062167302,-0.055409232,0.74578427,-0.62027599,-0.0095894432,1.2563004,0.61203167,0.00080197538
16.851467,-0.18022272,0.24538048,-0.015906158,0.25378035,-0.0077668637,-0.054972682,0.74667979,-0.64598817,-0.0056356033,1.2585096,0.61065615,-0.0030405389
16.854577,-0.17075752,0.22402952,-0.017129162,0.24254374,0.048939799,-0.054007,0.75023611,-0.66559427,-0.0019900782,1.2589639,0.60804477,-0.0067385066
16.857687,-0.16153819,0.20139362,-0.017830154,0.23164204,0.10761886,-0.052728764,0.75640948,-0.67950167,0.0011648253,1.2573864,0.6007917,-0.010383501
16.860796,-0.15243987,0.17788081,-0.018081521,0.22139288,0.1679129,-0.051727705,0.76573783,-0.68983338,0.0036408744,1.2535885,0.58702225,-0.013812184
16.863906,-0.14329693,0.1538147,-0.017977435,0.21151444,0.22736678,-0.049139859,0.77699171,-0.69578623,0.0055204662,1.2475275,0.56568277,-0.016891263
16.867016,-0.13469336,0.12890709,-0.017645708,0.20097151,0.28560367,-0.045025482,0.78950063,-0.69800771,0.006774485,1.2391077,0.53574566,-0.019625039
16.870126,-0.12626778,0.10324772,-0.016559863,0.19116261,0.34254162,-0.039678205,0.80265536,-0.69708205,0.0073801583,1.2282701,0.49800654,-0.02200614
16.873235,-0.11782955,0.077443152,-0.015122264,0.18222057,0.39744444,-0.032973723,0.81625338,-0.69358529,0.0073553738,1.2151187,0.45361196,-0.023879691
16.876345,-0.10952343,0.050733999,-0.013655653,0.17631026,0.44943231,-0.025244191,0.83009894,-0.68800055,0.0067392947,1.1993704,0.40219657,-0.025278057
16.879455,-0.10120531,0.023511668,-0.011756412,0.17627894,0.49716695,-0.015823597,0.84366592,-0.68063033,0.0056430439,1.1813307,0.34419985,-0.026049066
16.882565,-0.092831817,-0.0039582077,-0.0095861803,0.18088904,0.53943615,-0.0061096614,0.85640953,-0.67143792,0.004164234,1.1614508,0.2807288,-0.026458158
16.885675,-0.083950614,-0.031200859,-0.0076627782,0.18986938,0.5770086,0.0030059226,0.86777114,-0.66065849,0.0024158804,1.1406363,0.21298481,-0.026428304
16.888784,-0.075661706,-0.057448795,-0.0056935772,0.20219283,0.60942489,0.010741627,0.87708721,-0.64878634,0.00052130172,1.1190561,0.14177749,-0.025896683
16.891894,-0.067587343,-0.083609591,-0.003424786,0.21747598,0.63683179,0.017106941,0.88416639,-0.63546852,-0.0014432393,1.0970152,0.068460633,-0.024889657
16.895004,-0.059380938,-0.1094179,-0.0010838536,0.23646281,0.65892783,0.022144876,0.88874149,-0.62047093,-0.0034013241,1.0753628,-0.0059982073,-0.023665011
16.898114,-0.052038074,-0.134415,0.0018559722,0.25838757,0.67617257,0.025510607,0.89091265,-0.60374958,-0.0052504405,1.0545802,-0.079474943,-0.0225424
16.901224,-0.046029349,-0.15842482,0.0046314742,0.28300033,0.68956297,0.026437608,0.89062658,-0.58496378,-0.0069451596,1.0356828,-0.15127098,-0.020991059
16.904334,-0.041492215,-0.18144917,0.0070756907,0.30977359,0.69946998,0.026000537,0.88807494,-0.56351807,-0.0084662511,1.0191422,-0.21958584,-0.019254394
16.907444,-0.037972455,-0.20334796,0.0094490653,0.33853901,0.70641137,0.024190252,0.88318359,-0.53906049,-0.0098803675,1.0056902,-0.28390082,-0.017270601
16.910554,-0.034809422,-0.22377137,0.011859591,0.37029289,0.71037017,0.021071935,0.87573771,-0.5107901,-0.011238691,0.99578654,-0.34334232,-0.015249229
16.913665,-0.032772266,-0.24278931,0.014229201,0.40485743,0.71221589,0.016327827,0.86634066,-0.47841654,-0.012439599,0.98902408,-0.3972043,-0.013152751
16.916775,-0.032186313,-0.26010925,0.01650616,0.44180389,0.71233605,0.010379569,0.8548455,-0.441357,-0.013582404,0.98577304,-0.44502729,-0.010800968
16.919885,-0.032957334,-0.2756817,0.018877834,0.48062632,0.7109901,0.0037030861,0.84155775,-0.39976491,-0.014691355,0.98619875,-0.48670714,-0.008123414
16.922996,-0.035054373,-0.28946522,0.021266177,0.52053687,0.7080652,-0.0032204398,0.82609415,-0.35375862,-0.015692469,0.9897852,-0.52267022,-0.0051235264
16.926106,-0.038289305,-0.30137017,0.023667017,0.56016168,0.70401273,-0.010017721,0.80884631,-0.30333335,-0.0170037,0.99531631,-0.55265393,-0.0018412502
16.929216,-0.042366853,-0.31143242,0.026141052,0.59641147,0.69922703,-0.016213926,0.79086403,-0.24923098,-0.018172133,1.0032524,-0.57700788,0.0016393921
16.932327,-0.047719009,-0.31956044,0.028625297,0.62909024,0.69370422,-0.021578253,0.77203448,-0.19147296,-0.019280133,1.0130839,-0.59644375,0.0052308981
16.935438,-0.054351265,-0.32561888,0.030849396,0.6583368,0.68714006,-0.025639516,0.75308538,-0.13043757,-0.020205215,1.0243408,-0.61119165,0.0089487996
16.938548,-0.06184198,-0.32972712,0.032731819,0.68398537,0.6787892,-0.028354543,0.73284835,-0.066931242,-0.021110169,1.0366077,-0.62171978,0.01258875
16.941659,-0.070069975,-0.33185903,0.034236449,0.7061746,0.66931535,-0.029983092,0.71239183,-0.0016637217,-0.022405731,1.0492804,-0.62872987,0.015902119
16.94477,-0.078909623,-0.33207085,0.035396955,0.7248971,0.65871927,-0.030811097,0.69287624,0.064274602,-0.02297936,1.0620692,-0.63307108,0.018700467
16.947881,-0.088290218,-0.33034831,0.035958513,0.74018818,0.64658236,-0.030967351,0.67508156,0.13046825,-0.023289294,1.0743551,-0.63564602,0.020928848
16.950992,-0.09811051,-0.32668264,0.036115138,0.75260736,0.63226513,-0.0305202,0.66034771,0.19493163,-0.022664182,1.0859495,-0.63727123,0.022538816
16.954103,-0.10815316,-0.32112631,0.035852232,0.76201419,0.61566186,-0.029666283,0.65133092,0.25684704,-0.021654042,1.0966748,-0.63781529,0.023413374
16.957214,-0.11804165,-0.31378631,0.035212874,0.76819471,0.59638464,-0.028579603,0.64661455,0.31508726,-0.019825899,1.106373,-0.63731245,0.023390672
16.960325,-0.12791424,-0.30471251,0.0343142,0.77126135,0.57417109,-0.027275348,0.64636636,0.36907496,-0.017029382,1.1148583,-0.63601159,0.02257525
16.963437,-0.13685101,-0.29391384,0.033104821,0.77115694,0.54837415,-0.02604757,0.64972924,0.41846214,-0.013061955,1.1220836,-0.63411741,0.021126807
16.966548,-0.14534116,-0.28128945,0.031574575,0.76877263,0.51881191,-0.024858875,0.65812766,0.46196983,-0.0083640185,1.1278528,-0.63166062,0.019139757
16.96966,-0.15340527,-0.26689656,0.029833839,0.76415372,0.48521453,-0.023752306,0.67076614,0.50008509,-0.003051057,1.132124,-0.6285155,0.016711332
16.972771,-0.1609882,-0.25094065,0.027761847,0.75685322,0.44771035,-0.023024239,0.68690383,0.53247628,0.002428042,1.1348301,-0.62396387,0.014029999
16.975883,-0.16800107,-0.2335155,0.025542579,0.74701169,0.40688246,-0.022454093,0.70592443,0.5591713,0.0078052605,1.1358817,-0.61723441,0.011207124
16.978995,-0.17451988,-0.21459022,0.023262288,0.73441711,0.36294917,-0.021847734,0.72794832,0.57977293,0.013027173,1.1351713,-0.6082388,0.0083623114
16.982106,-0.18096845,-0.19425177,0.020910585,0.72124169,0.3168502,-0.021626017,0.7539856,0.59503481,0.017483124,1.1325351,-0.59662866,0.0055356661
16.985218,-0.18736258,-0.17254023,0.018542621,0.70656918,0.26775846,-0.021838422,0.7836236,0.6061539,0.021003384,1.1279099,-0.58171214,0.0028471938
16.988329,-0.19337392,-0.14989159,0.016194013,0.69002022,0.21624512,-0.022351453,0.81624268,0.61447363,0.023543151,1.1212197,-0.56317523,0.0003554902
16.991441,-0.19898715,-0.1261483,0.013999617,0.67162226,0.16264519,-0.023727913,0.85198577,0.62067983,0.02529146,1.1124976,-0.54070324,-0.0018206733
16.994553,-0.20431815,-0.1013604,0.011980377,0.65193797,0.10730514,-0.023925517,0.8876694,0.62540249,0.025835658,1.1016852,-0.51372366,-0.0037608247
16.997664,-0.20994132,-0.076071719,0.010161934,0.63037996,0.051313735,-0.023962581,0.92176396,0.62951088,0.025136906,1.0888647,-0.48158,-0.0055249491
17.000776,-0.21523313,-0.050020693,0.0084384398,0.60676398,-0.0055347675,-0.024928172,0.95399776,0.63379306,0.023552287,1.0742494,-0.44356835,-0.0071325518
17.003887,-0.22059159,-0.023080088,0.0074730964,0.58150703,-0.063435262,-0.025812709,0.98371407,0.6385082,0.02126574,1.0580948,-0.39948941,-0.0086012622
17.006999,-0.22593066,0.0046736594,0.0066327703,0.55500754,-0.12190821,-0.027042764,1.0106146,0.64295041,0.018285695,1.0403944,-0.35018295,-0.0099757087
17.010111,-0.23105968,0.031517657,0.0060216993,0.5280335,-0.18036809,-0.027787438,1.0347812,0.64720566,0.015032311,1.0216634,-0.29607181,-0.011294405
17.013222,-0.23581532,0.057830989,0.0055994649,0.49968647,-0.23789023,-0.028430648,1.0563613,0.65161196,0.011653264,1.0021541,-0.23782358,-0.012531576
17.016334,-0.24027353,0.083562338,0.0053827427,0.47055808,-0.29378914,-0.029129275,1.0754323,0.65607735,0.0082774273,0.98284057,-0.17632949,-0.013699689
17.019445,-0.2445029,0.10931796,0.0061702908,0.44246657,-0.34788404,-0.029669576,1.0919,0.65982866,0.0050949648,0.96407316,-0.1127737,-0.014436815
17.022557,-0.24893584,0.1347309,0.0079212161,0.41770753,-0.39936962,-0.029801203,1.1059496,0.66269039,0.0022401901,0.94655297,-0.048345473,-0.015081012
17.025669,-0.25407076,0.15935066,0.0098574407,0.39648704,-0.44772447,-0.029238539,1.1177757,0.66436757,-0.00032999078,0.93184722,0.016431218,-0.015584704
17.028781,-0.25971568,0.18365223,0.011913316,0.37938977,-0.49177548,-0.028112004,1.1276082,0.66500077,-0.0027378523,0.92064302,0.079788669,-0.016296612
17.031892,-0.2646616,0.20728138,0.014322793,0.36529364,-0.53109514,-0.026645276,1.1354451,0.6645779,-0.005002969,0.91251494,0.14075187,-0.016159495
17.035004,-0.26871489,0.22999059,0.017146671,0.35273863,-0.56564322,-0.024200723,1.1413608,0.66289759,-0.0071313844,0.90727854,0.19830987,-0.015887297
17.038116,-0.27309244,0.25136235,0.020380165,0.34183077,-0.5955557,-0.02175085,1.145395,0.6593365,-0.0092174674,0.90522457,0.25178065,-0.015274029
17.041228,-0.27752217,0.27157965,0.023811492,0.33329703,-0.6200558,-0.019313827,1.1473541,0.65257035,-0.011218698,0.90552312,0.30063996,-0.014330482
17.04434,-0.28184426,0.29091606,0.027332482,0.32639568,-0.63849366,-0.017137773,1.1472104,0.64200312,-0.013283016,0.90853321,0.34435559,-0.012668734
17.047452,-0.28597422,0.30919772,0.030772428,0.32024225,-0.65194506,-0.015477765,1.1449182,0.62642711,-0.015395229,0.91529263,0.38259028,-0.010060281
17.050564,-0.28946797,0.32618599,0.033918987,0.31483255,-0.6609363,-0.014439565,1.1405532,0.60483828,-0.017629247,0.92573186,0.4153447,-0.0062422327
17.053676,-0.29259049,0.34167712,0.036841598,0.31026742,-0.66575498,-0.014069997,1.1338007,0.57719694,-0.019965822,0.93948215,0.44289548,-0.0014861882
17.056788,-0.29516595,0.35536301,0.039253982,0.30644958,-0.66642524,-0.014458083,1.1245238,0.54447424,-0.02222075,0.9560286,0.46568433,0.0037721147
17.059901,-0.29717692,0.3672684,0.04096197,0.30313375,-0.66291251,-0.015864682,1.1129534,0.50660432,-0.024604554,0.9749739,0.48414287,0.0094642593
17.063013,-0.29842855,0.37764318,0.041969404,0.30192017,-0.65550501,-0.018161905,1.0991732,0.46317076,-0.026963781,0.99567094,0.49895421,0.015070422
17.066126,-0.29873622,0.3863732,0.042120941,0.30299978,-0.64450277,-0.021272426,1.0829952,0.41426044,-0.029093414,1.0174363,0.51088236,0.020347784
17.069238,-0.29806442,0.39320222,0.041541008,0.30565637,-0.63048328,-0.02493268,1.0639246,0.35982465,-0.030957929,1.0396297,0.52059666,0.025003703
17.072351,-0.29640373,0.39816813,0.040206586,0.30910091,-0.61318851,-0.028887012,1.0432854,0.30114733,-0.032397036,1.0617923,0.52885183,0.028780725
17.075463,-0.29383017,0.40116501,0.038130647,0.31275317,-0.59276193,-0.032805528,1.0207367,0.23843786,-0.033704825,1.0834918,0.5363165,0.031220822
17.078576,-0.2902841,0.40236413,0.035306496,0.31593579,-0.56946362,-0.036317957,0.99629375,0.17145557,-0.034514112,1.1044376,0.5435385,0.032911146
17.081689,-0.28581948,0.40183457,0.031749022,0.31832805,-0.54349263,-0.039719792,0.97009438,0.10120797,-0.034948534,1.1243741,0.5508601,0.033854402
17.084802,-0.2804244,0.39931657,0.02764361,0.31985824,-0.51539052,-0.042865776,0.94250589,0.028246106,-0.034989662,1.1431199,0.55840685,0.033717461
17.087915,-0.27415119,0.39492206,0.023160055,0.32072547,-0.48499232,-0.045693407,0.91396905,-0.045380029,-0.034459266,1.1605877,0.56628696,0.032783238
17.091028,-0.26708054,0.38878835,0.01833961,0.32058113,-0.45196028,-0.048085924,0.88516516,-0.11919159,-0.033501037,1.1767415,0.57457686,0.031194292
17.094141,-0.25926812,0.38070519,0.013249553,0.31893789,-0.4164221,-0.050092418,0.85675479,-0.19236484,-0.032310752,1.1915561,0.5831619,0.028669995
17.097254,-0.25075564,0.37088605,0.0078060346,0.31591292,-0.3781797,-0.051963432,0.83126218,-0.26346995,-0.030597512,1.2049657,0.59135827,0.025438198
17.100367,-0.24167432,0.35944308,0.0023521122,0.31104543,-0.33762923,-0.05362342,0.80860085,-0.33101466,-0.02838947,1.2170864,0.59876557,0.021844787
17.10348,-0.23218762,0.34637691,-0.0025203498,0.30581807,-0.29538059,-0.054590125,0.78932011,-0.39416369,-0.02567885,1.2279534,0.60479222,0.017984389
17.106593,-0.22233907,0.33175575,-0.0070406685,0.29939782,-0.25049932,-0.05503778,0.7750789,-0.45205138,-0.022686957,1.2375163,0.60967207,0.013966856
17.109706,-0.21248322,0.31570425,-0.011423963,0.29195635,-0.20286739,-0.054944535,0.76526055,-0.50471609,-0.01927903,1.2456878,0.61322216,0.0099031357
17.112819,-0.20255003,0.29820432,-0.015037429,0.28377371,-0.15229464,-0.054959591,0.7585165,-0.55137435,-0.015537823,1.2524938,0.61507814,0.005883439
17.115932,-0.19262591,0.27937091,-0.017917878,0.2742997,-0.098553867,-0.056209861,0.75388223,-0.59002791,-0.011636582,1.2579225,0.61566046,0.0019514726
17.119044,-0.18299206,0.25912805,-0.02008758,0.26315045,-0.045275291,-0.055960973,0.7519838,-0.62136013,-0.0078400071,1.2620795,0.61526315,-0.0018666371
17.122157,-0.17341871,0.23786763,-0.021668807,0.25185613,0.010247782,-0.055356012,0.7530094,-0.64548844,-0.0043435133,1.2646887,0.61409609,-0.0055093906
17.12527,-0.16391965,0.21554483,-0.022698655,0.24085058,0.068190389,-0.053680659,0.75654445,-0.66336795,-0.0011782115,1.2654066,0.61120684,-0.0089588174
17.128383,-0.15484322,0.19201853,-0.023175022,0.23031535,0.12783508,-0.052426596,0.76257088,-0.67579262,0.0013519901,1.2640433,0.60331133,-0.012231829
17.131496,-0.14536385,0.16765463,-0.023316012,0.22076936,0.18887434,-0.051267639,0.77165852,-0.68507662,0.0032443032,1.2604541,0.5882374,-0.015212926
17.134608,-0.13628525,0.14269272,-0.023210118,0.210296,0.24801124,-0.047768785,0.78260654,-0.69051146,0.0045955571,1.2546245,0.56520595,-0.01777977
17.137721,-0.12749882,0.11693117,-0.022884844,0.20029122,0.30621158,-0.042965777,0.79473848,-0.69236331,0.0055208159,1.2463545,0.53313243,-0.019968612
17.140834,-0.11871851,0.090796482,-0.021514277,0.19087759,0.36289461,-0.036847702,0.80749591,-0.69117124,0.0056952562,1.2357043,0.4935092,-0.021763717
17.143947,-0.11028267,0.064042598,-0.020059262,0.1833181,0.41705643,-0.029637517,0.82063437,-0.6875386,0.0052353786,1.2226545,0.44715849,-0.023088346
17.14706,-0.10186268,0.036410979,-0.018333378,0.17969071,0.46796264,-0.021000971,0.83394768,-0.68186873,0.0042424386,1.2070104,0.39389683,-0.023968384
17.150173,-0.093310233,0.0087387625,-0.016157254,0.18147758,0.51406309,-0.011382176,0.8469235,-0.67425384,0.0028522042,1.1891377,0.33438295,-0.024256838
17.153285,-0.084380136,-0.019296691,-0.014317885,0.18825733,0.55490572,-0.001890266,0.85901805,-0.66496528,0.00104708,1.1696049,0.26977256,-0.024423362
17.156398,-0.075870312,-0.046274188,-0.012470001,0.19889213,0.5906531,0.006328406,0.86970372,-0.65432791,-0.0010436968,1.1491757,0.20139011,-0.024071471
17.159511,-0.067645291,-0.072842953,-0.010143979,0.21278217,0.62112026,0.013165193,0.8783059,-0.64252699,-0.0032227105,1.1279485,0.12994523,-0.023401273
17.162624,-0.059246179,-0.099362558,-0.0076521128,0.22990156,0.64647443,0.018511367,0.88468114,-0.62911523,-0.005376365,1.1063468,0.056656239,-0.022285335
17.165737,-0.05169438,-0.12497418,-0.0047371938,0.25042295,0.66646937,0.022549506,0.88865591,-0.61397977,-0.0074960643,1.085139,-0.017338871,-0.021266083
17.16885,-0.045256571,-0.14981689,-0.0017693598,0.27385151,0.68202605,0.024112467,0.89022341,-0.59709767,-0.0094678783,1.0648892,-0.089980726,-0.020120097
17.171963,-0.040052381,-0.17345811,0.0010130295,0.29973626,0.69390255,0.02407967,0.88944682,-0.57790766,-0.011266408,1.0465125,-0.16052785,-0.018790597
17.175077,-0.036214532,-0.19618668,0.0036342776,0.32760204,0.70245263,0.022645783,0.8864328,-0.55587197,-0.01292217,1.030283,-0.22783238,-0.017406183
17.17819,-0.032940012,-0.21738731,0.0062464522,0.35742083,0.70808451,0.01991094,0.88097926,-0.53052767,-0.014442744,1.01714,-0.2910466,-0.015801418
17.181303,-0.030754467,-0.23719501,0.0088424525,0.39043657,0.71101297,0.015602582,0.8732705,-0.50124275,-0.015842305,1.0071915,-0.349279,-0.014263591
17.184416,-0.030031521,-0.25540561,0.01140559,0.42609543,0.71204363,0.0098120332,0.8634786,-0.46752859,-0.017075344,1.0005369,-0.40181377,-0.012459917
17.18753,-0.030689307,-0.27172738,0.014100277,0.46396685,0.71156897,0.0031416875,0.85170178,-0.4289393,-0.018252059,0.99709667,-0.44840412,-0.01039791
17.190643,-0.032517838,-0.28628699,0.016783706,0.50332485,0.70956168,-0.004004353,0.83820215,-0.38568979,-0.019398274,0.99703881,-0.48888864,-0.0080034997
17.193757,-0.035524456,-0.29893873,0.019486897,0.54340707,0.70620187,-0.011184097,0.82230194,-0.33798496,-0.02056026,1.0002657,-0.52373866,-0.0053425967
17.19687,-0.039412021,-0.30971982,0.022199081,0.58172477,0.7017537,-0.017988807,0.805284,-0.28618996,-0.021764684,1.0053983,-0.55272403,-0.0023505594
17.199984,-0.04436376,-0.31848417,0.025123828,0.61665074,0.69677855,-0.024183055,0.78724564,-0.23051872,-0.02287941,1.012875,-0.5760658,0.00086292769
17.203098,-0.050816435,-0.32513618,0.027701006,0.6480411,0.69102918,-0.029178311,0.76857514,-0.17105691,-0.023804556,1.0221976,-0.59465211,0.0041371407
17.206211,-0.058234765,-0.32979825,0.029882031,0.67587983,0.68383033,-0.032755921,0.74903897,-0.10860751,-0.024331726,1.0329365,-0.60879353,0.0075011441
17.209325,-0.066407253,-0.33245305,0.031773118,0.7001505,0.67499306,-0.034983905,0.72875885,-0.04332956,-0.025446857,1.0445854,-0.61879982,0.010765997
17.212439,-0.0753768,-0.33311221,0.033007833,0.72092261,0.6651366,-0.036217124,0.70875239,0.022367361,-0.026241883,1.0567309,-0.62554659,0.013695459
17.215553,-0.084856257,-0.33180096,0.033793453,0.73829773,0.6539004,-0.03672928,0.69014282,0.088743774,-0.026572947,1.0689181,-0.62959815,0.016078937
17.218667,-0.094748782,-0.32844374,0.034164803,0.75251429,0.64086793,-0.036580994,0.67358044,0.1553806,-0.026364971,1.0806735,-0.6319912,0.017889344
17.221782,-0.10488061,-0.3231252,0.034065127,0.7638714,0.6255647,-0.035909418,0.6617503,0.21927789,-0.025573141,1.0917272,-0.63330914,0.019032633
17.224896,-0.11485357,-0.3159975,0.033537984,0.77202975,0.60766398,-0.034773988,0.6552607,0.28026014,-0.024212883,1.1018998,-0.63354124,0.019448979
17.22801,-0.12469755,-0.30707699,0.032759408,0.77701701,0.58686861,-0.033363456,0.65297421,0.33714161,-0.02186204,1.1110792,-0.63276594,0.019045318
17.231125,-0.1341522,-0.29641165,0.031679715,0.77870201,0.5627683,-0.031857284,0.65495528,0.38965959,-0.018572311,1.119126,-0.63148251,0.01789865
17.234239,-0.14277456,-0.2837568,0.030147425,0.77785515,0.53503317,-0.030336714,0.66082245,0.43677041,-0.014301733,1.1258356,-0.62976096,0.016199936
17.237354,-0.15096735,-0.26932918,0.028395719,0.77483285,0.50324691,-0.028880906,0.67105363,0.47807567,-0.0093098181,1.1311428,-0.62736277,0.013976518
17.240469,-0.15866003,-0.25335388,0.026300382,0.7691852,0.46743837,-0.027677271,0.68522343,0.51401331,-0.0039821567,1.1349901,-0.6242154,0.011383053
17.243583,-0.16583083,-0.23579322,0.023998323,0.76080864,0.42792861,-0.026817186,0.70284839,0.54401249,0.0013507747,1.1373211,-0.61960704,0.0086235458
17.246698,-0.17250131,-0.21660001,0.02158336,0.74994304,0.38535522,-0.025784982,0.72307819,0.56833096,0.006460269,1.1380667,-0.61276139,0.0057902208
17.249812,-0.17912265,-0.19603713,0.019177462,0.73697785,0.3401485,-0.024937788,0.74705912,0.58682267,0.01111693,1.1369045,-0.60351235,0.0029508165
17.252927,-0.18552063,-0.17405812,0.016696361,0.72344877,0.29202658,-0.024618701,0.77515502,0.60025824,0.014874907,1.1338294,-0.59138676,0.00020847854
17.256041,-0.19175238,-0.15105426,0.014272805,0.70796743,0.24140102,-0.024656764,0.80640215,0.61007184,0.017599039,1.1287341,-0.57559047,-0.0023457734
17.259156,-0.19756322,-0.12701428,0.012000857,0.69057033,0.18841344,-0.025513064,0.84055773,0.6174556,0.019574267,1.1215781,-0.55564459,-0.0045796163
17.26227,-0.20311342,-0.1018817,0.0099658295,0.67157595,0.13373279,-0.025675686,0.87672056,0.62300471,0.020380178,1.112363,-0.53150608,-0.0066051796
17.265385,-0.20863339,-0.076273789,0.0081151855,0.65095226,0.077229063,-0.025018199,0.91174839,0.62749594,0.020021569,1.1011147,-0.50241453,-0.008438786
17.268499,-0.21406911,-0.049783792,0.0064268967,0.62809733,0.020529133,-0.025687132,0.94511127,0.63170083,0.018641308,1.0879279,-0.46765196,-0.010093875
17.271613,-0.21971973,-0.022224746,0.0055882569,0.60334994,-0.037302281,-0.026334949,0.97629681,0.63596186,0.01660935,1.0728934,-0.42667232,-0.011586378
17.274728,-0.22530973,0.0057776201,0.0049292203,0.57711327,-0.095950644,-0.027218676,1.004782,0.64003712,0.013727799,1.0562286,-0.37986437,-0.012930003
17.277842,-0.23067696,0.032816672,0.0043627423,0.54980381,-0.1548629,-0.028029194,1.0304752,0.6440101,0.010503521,1.0381727,-0.32792034,-0.014165391
17.280957,-0.23573516,0.05978872,0.0040559747,0.52234062,-0.21348712,-0.028449859,1.0535275,0.64823689,0.0071453731,1.0188946,-0.27129046,-0.015341148
17.284071,-0.24049984,0.086260456,0.0039685447,0.4928422,-0.27038788,-0.029012668,1.0741008,0.65260604,0.0038091325,0.99951677,-0.21098656,-0.016476034
17.287186,-0.24486119,0.11245414,0.0049639276,0.46368774,-0.32547456,-0.029279502,1.092121,0.65655851,0.00062742054,0.98100011,-0.14787369,-0.017222199
17.2903,-0.24961975,0.13829,0.0069029086,0.43759593,-0.37833266,-0.029182946,1.1076422,0.65974983,-0.0022177849,0.9632524,-0.083320138,-0.017873896
17.293415,-0.25496908,0.16348107,0.0089604688,0.414883,-0.4280062,-0.028487432,1.1208368,0.66200008,-0.0047206142,0.947297,-0.018200112,-0.018430023
17.296529,-0.26087447,0.18831032,0.011130937,0.39638866,-0.47365185,-0.02702715,1.1319491,0.66292328,-0.0069347762,0.93427268,0.046406993,-0.018847682
17.299644,-0.26606163,0.21249351,0.013635589,0.38123462,-0.51448097,-0.025297593,1.1411387,0.66305315,-0.0089670487,0.92462519,0.10958861,-0.018925067
17.302758,-0.27030877,0.23554875,0.016571695,0.36751359,-0.55030298,-0.022773711,1.1483689,0.66196869,-0.01082752,0.91793142,0.16947657,-0.018730385
17.305873,-0.27484891,0.25731852,0.019959195,0.3555587,-0.58144098,-0.020598746,1.1537124,0.65965214,-0.012586944,0.91435592,0.22551576,-0.018450783
17.308988,-0.27944153,0.27797901,0.02352385,0.34574503,-0.60761604,-0.018659049,1.1570455,0.65422605,-0.014242098,0.91402097,0.2772153,-0.017831937
17.312103,-0.28387066,0.29774166,0.027078241,0.33843403,-0.62755031,-0.016957767,1.1582589,0.64533955,-0.015856867,0.91611839,0.32397862,-0.016963303
17.315217,-0.28810908,0.31639848,0.030507315,0.33190096,-0.64199272,-0.015678446,1.1572838,0.63181443,-0.017474335,0.92118385,0.36531662,-0.015078267
17.318332,-0.29176813,0.33362154,0.03359675,0.32605974,-0.65174738,-0.015009078,1.154277,0.61245852,-0.019130979,0.93006759,0.40101222,-0.012097664
17.321447,-0.29485648,0.34904976,0.036337217,0.32103959,-0.65733425,-0.015107048,1.1489728,0.58657999,-0.020938713,0.94244072,0.43120117,-0.007795143
17.324562,-0.29751056,0.3628114,0.038455901,0.31681429,-0.65888438,-0.015935342,1.1408764,0.55546307,-0.022664993,0.95786866,0.45628571,-0.0027941736
17.327677,-0.29956083,0.37483189,0.039829923,0.31303489,-0.65626665,-0.017729509,1.13063,0.51929815,-0.024535503,0.9759128,0.47676846,0.0026389104
17.330792,-0.30089534,0.38521117,0.040418419,0.31092601,-0.64967372,-0.02040767,1.118087,0.47761469,-0.026458428,0.99601242,0.49324905,0.0081999261
17.333908,-0.30111849,0.39372253,0.040174156,0.31120925,-0.63948705,-0.023924376,1.1031341,0.4303527,-0.028328337,1.0174848,0.5064558,0.013542446
17.337023,-0.30016178,0.4003632,0.039148457,0.31324648,-0.62622167,-0.028025403,1.0855216,0.37762887,-0.030025477,1.0396868,0.51714573,0.018352684
17.340138,-0.29816374,0.40509631,0.037341085,0.31616994,-0.60961834,-0.032388115,1.0656411,0.32026116,-0.031056745,1.0620969,0.52604666,0.022401043
17.343254,-0.29524329,0.40788391,0.034720369,0.31939592,-0.58980722,-0.036762848,1.0439566,0.25882929,-0.031884404,1.0842433,0.53391842,0.025316635
17.346369,-0.29127287,0.40889315,0.031336432,0.32218388,-0.56700672,-0.04077874,1.0202728,0.19298219,-0.032434084,1.1057565,0.54131232,0.027221408
17.349485,-0.28629826,0.40797624,0.027238687,0.32424668,-0.54153757,-0.044450787,0.99473657,0.12371274,-0.032977515,1.1263511,0.54862358,0.028353443
17.352601,-0.28052417,0.405031,0.022707598,0.32555897,-0.51392076,-0.047828075,0.96756539,0.051168591,-0.033136119,1.1458034,0.55608226,0.028411847
17.355717,-0.27376301,0.40023022,0.017783348,0.32616601,-0.48391666,-0.050866454,0.93916754,-0.02189892,-0.032932558,1.16407,0.56407122,0.027545235
17.358833,-0.2661817,0.39380461,0.012402839,0.32578581,-0.45123087,-0.053532279,0.91038696,-0.095435103,-0.032346613,1.1810636,0.57244865,0.026105689
17.361948,-0.25781852,0.3852146,0.0066736756,0.3239877,-0.41594721,-0.055837783,0.88153002,-0.16846658,-0.031579299,1.1967063,0.58079439,0.023738166
17.365064,-0.24876919,0.37483381,0.00098240133,0.32077775,-0.37798862,-0.057886905,0.85453458,-0.23997297,-0.03049423,1.2109443,0.58890048,0.020588924
17.36818,-0.23926101,0.36282761,-0.0045000007,0.31596629,-0.33778758,-0.059621559,0.83080954,-0.30840484,-0.028798042,1.2238853,0.59651091,0.017074747
17.371296,-0.22936026,0.34923355,-0.0095521111,0.31068258,-0.29571149,-0.060650572,0.81037583,-0.37264356,-0.026549422,1.2356171,0.60266755,0.013321402
17.374412,-0.21913038,0.33410345,-0.014202293,0.3042206,-0.25094335,-0.061123745,0.79418277,-0.43176726,-0.02387881,1.2461056,0.60766253,0.0093962259
17.377527,-0.20877515,0.31751363,-0.018509583,0.29673097,-0.20332751,-0.061099404,0.78306572,-0.485796,-0.020856058,1.2552435,0.6114635,0.0054010079
17.380643,-0.19867022,0.29949815,-0.022520162,0.28851272,-0.15267606,-0.061233888,0.77522635,-0.53387302,-0.017484861,1.2630045,0.61369941,0.0015097605
17.383759,-0.18856235,0.2801176,-0.025385448,0.27929827,-0.098975819,-0.062263277,0.7695088,-0.57388207,-0.013853711,1.2694231,0.61456571,-0.002215999
17.386874,-0.17859784,0.25935754,-0.027653081,0.26820027,-0.045581142,-0.061943463,0.7664147,-0.60655809,-0.010236704,1.2745909,0.61443903,-0.0058638174
17.38999,-0.16874941,0.23754658,-0.029228914,0.25703078,0.010219931,-0.061167707,0.76629286,-0.63175606,-0.0069539778,1.2782975,0.61362234,-0.009277651
17.393105,-0.15911068,0.21463851,-0.030205676,0.24615232,0.068433988,-0.059391803,0.76874247,-0.64980428,-0.0041081612,1.2801715,0.61166459,-0.01238823
17.396221,-0.14959804,0.19068422,-0.030643524,0.23576772,0.1284559,-0.05771976,0.7736024,-0.66240005,-0.0019651392,1.27997,0.60497354,-0.015254806
17.399337,-0.13979513,0.16574848,-0.030777379,0.22634286,0.18975165,-0.056182392,0.7815501,-0.67204426,-0.00058209173,1.2775009,0.59127478,-0.017801211
17.402452,-0.13061749,0.14010855,-0.030683315,0.21593308,0.24890732,-0.052023554,0.7916974,-0.67796905,0.00034660409,1.2728205,0.5692906,-0.019954907
17.405568,-0.12156674,0.11377969,-0.030024191,0.20605443,0.30710742,-0.046419556,0.80315116,-0.68046567,0.00084938257,1.2656891,0.53830651,-0.021725033
17.408683,-0.11246785,0.087107654,-0.028419964,0.19687571,0.36365617,-0.039482795,0.81525845,-0.67992702,0.00058591139,1.256103,0.49934503,-0.023109487
17.411799,-0.10366163,0.05953846,-0.026955111,0.19006647,0.41749123,-0.03121979,0.82764668,-0.67681728,-0.00037528967,1.2441362,0.45370902,-0.024042805
17.414914,-0.095007694,0.031504102,-0.024974846,0.18710802,0.46800493,-0.021744806,0.84026495,-0.67145768,-0.0017590093,1.2294619,0.40125655,-0.024569878
17.41803,-0.086289541,0.0034544168,-0.022753765,0.18971999,0.51350384,-0.011746741,0.85261946,-0.6642379,-0.0034958423,1.212545,0.34266672,-0.024632866
17.421145,-0.077722973,-0.024805176,-0.020735834,0.19731975,0.55376868,-0.0022953227,0.86417322,-0.65558231,-0.0055715235,1.1936266,0.27894956,-0.024484163
17.424261,-0.069380411,-0.052045956,-0.018830556,0.20866068,0.5888785,0.0055544527,0.87448414,-0.64554343,-0.007837954,1.1738169,0.2114565,-0.023970729
17.427377,-0.061084886,-0.078969709,-0.016395701,0.22317791,0.61865349,0.011821734,0.88285381,-0.63424351,-0.010185722,1.153056,0.14083096,-0.02324696
17.430492,-0.052981971,-0.10565776,-0.013688108,0.24109423,0.64337322,0.016487456,0.88904989,-0.62119827,-0.01245032,1.1316237,0.06830161,-0.022333972
17.433608,-0.045581083,-0.13133184,-0.010179229,0.26247873,0.66275614,0.019520199,0.89294813,-0.60644729,-0.014587098,1.1103247,-0.0052037168,-0.021328197
17.436724,-0.039613591,-0.15623008,-0.0070208786,0.28689635,0.67776907,0.020256084,0.894482,-0.58987271,-0.016542905,1.0897119,-0.077500216,-0.020335139
17.43984,-0.035190751,-0.17982055,-0.0041322038,0.31370604,0.68921882,0.019475701,0.89370793,-0.57089845,-0.018304697,1.070625,-0.14807031,-0.019263225
17.442955,-0.03220148,-0.20239628,-0.0012865607,0.34227225,0.69738253,0.017303189,0.89072025,-0.54910598,-0.019935001,1.0535457,-0.21539698,-0.018150305
17.446071,-0.029752025,-0.22339849,0.0016814196,0.37260397,0.70253959,0.013748558,0.88529058,-0.52390425,-0.021437706,1.0390843,-0.27884752,-0.016915972
17.449187,-0.028349023,-0.24282572,0.0046597489,0.40596506,0.70514964,0.0083971359,0.8777568,-0.49472933,-0.022805744,1.0277663,-0.33744717,-0.015575811
17.452303,-0.028446879,-0.26057,0.0075399694,0.44204322,0.7060147,0.0018156429,0.8681083,-0.46099311,-0.024007824,1.020022,-0.39049031,-0.013965979
17.455419,-0.029887581,-0.27639752,0.010465146,0.48021008,0.70537156,-0.0055488842,0.85647732,-0.42237385,-0.02517767,1.0154601,-0.43765112,-0.0121809
17.458536,-0.032412424,-0.29038143,0.013267118,0.51967428,0.703483,-0.013199738,0.84310627,-0.37901268,-0.026278312,1.0141222,-0.47871796,-0.010029518
17.461652,-0.036226913,-0.30237116,0.016483925,0.55968383,0.70035528,-0.020742975,0.82709243,-0.33104487,-0.02736618,1.0162595,-0.51409466,-0.0076491491
17.464768,-0.040892809,-0.31235614,0.019831516,0.59726144,0.69622135,-0.02765428,0.81045225,-0.27912884,-0.028368223,1.0204733,-0.54356316,-0.0049504667
17.467885,-0.046532661,-0.32024963,0.022849234,0.63145062,0.69157604,-0.033875484,0.79265645,-0.22325299,-0.029220142,1.0270593,-0.56731574,-0.0020035505
17.471001,-0.053711145,-0.3260226,0.025493294,0.66213582,0.68598117,-0.038653932,0.77419397,-0.16372835,-0.029939006,1.0355922,-0.5860784,0.0010220943
17.474118,-0.061807357,-0.32975091,0.027729369,0.68916804,0.67864091,-0.041782915,0.75474674,-0.10111063,-0.030275738,1.0456877,-0.600565,0.0038806999
17.477234,-0.070779808,-0.33139718,0.029275982,0.71274401,0.6700621,-0.04358312,0.73449071,-0.035756034,-0.031068904,1.0568234,-0.61080197,0.0066748188
17.480351,-0.080357804,-0.33100173,0.030389884,0.73287194,0.66023084,-0.044484695,0.71474877,0.029925532,-0.031376961,1.0684788,-0.61764192,0.0091625584
17.483468,-0.090395306,-0.32855559,0.031058197,0.74976706,0.64890093,-0.044601654,0.69662248,0.096329374,-0.03131043,1.0802051,-0.62189031,0.011114748
17.486584,-0.10070892,-0.32406028,0.031257835,0.76361035,0.63545672,-0.044107107,0.68138778,0.16260382,-0.031490653,1.0915826,-0.62442992,0.012388304
17.489701,-0.11098214,-0.31768117,0.031015006,0.77445067,0.61958112,-0.043051172,0.67094154,0.22608714,-0.030501339,1.1022883,-0.62577887,0.01305658
17.492818,-0.12106805,-0.30951376,0.030484342,0.78212016,0.60111384,-0.041484848,0.66547242,0.28642937,-0.029014022,1.112154,-0.62606908,0.013056542
17.495936,-0.13097151,-0.29934346,0.029546457,0.7867353,0.57971081,-0.039564031,0.66423335,0.34259309,-0.026484616,1.1210048,-0.62535284,0.012293209
17.499053,-0.14008105,-0.28731991,0.028120524,0.78809685,0.55493234,-0.03757329,0.66710116,0.39421272,-0.02283194,1.1287232,-0.62414983,0.010886977
17.50217,-0.14868573,-0.27347314,0.02622941,0.7872307,0.52616983,-0.035600951,0.67409219,0.44020643,-0.018215977,1.1351402,-0.622329,0.0089789553
17.505287,-0.15680948,-0.25792853,0.024103731,0.78381508,0.49338272,-0.033774472,0.68500117,0.48030554,-0.012958114,1.1401913,-0.61990768,0.0066592338
17.508403,-0.16433336,-0.24075074,0.021793027,0.77765195,0.45661413,-0.032233284,0.69955207,0.51498097,-0.0074743839,1.1438399,-0.6169046,0.0040549876
17.51152,-0.17131762,-0.22193603,0.019353259,0.76891947,0.41648791,-0.030830237,0.71745887,0.54382431,-0.0021246983,1.1459643,-0.6121306,0.0012976261
17.514637,-0.17823133,-0.20160482,0.016796031,0.75729011,0.37325704,-0.029384965,0.73823553,0.56687007,0.0025596363,1.1464299,-0.60512083,-0.001484155
17.517754,-0.18494153,-0.17987738,0.014254728,0.74499045,0.32747291,-0.028126776,0.76295957,0.58454939,0.0065693933,1.145045,-0.59560566,-0.0041740907
17.520871,-0.19141029,-0.15697741,0.011760458,0.73114918,0.27870624,-0.027476196,0.79175181,0.59724813,0.0095468213,1.1417494,-0.5828483,-0.0066953207
17.523987,-0.19760202,-0.13299983,0.0092936054,0.71525777,0.22747265,-0.027408325,0.82354214,0.60655533,0.011665915,1.1364327,-0.56610849,-0.0090088145
17.527104,-0.20355803,-0.10781633,0.0070307246,0.69751083,0.174166,-0.027986879,0.85819799,0.61364983,0.012591849,1.129165,-0.54538056,-0.011071547
17.530221,-0.20905938,-0.08202079,0.0050380947,0.6781508,0.11898553,-0.027418592,0.89439318,0.61910447,0.012342703,1.119743,-0.52019436,-0.012892561
17.533337,-0.21476989,-0.05552011,0.0033029488,0.65669301,0.062923665,-0.026532817,0.92922158,0.62372577,0.01109846,1.1082757,-0.48981482,-0.014476006
17.536454,-0.22062697,-0.027955664,0.0022110814,0.6329793,0.005960531,-0.02698152,0.96227648,0.62779194,0.0089890722,1.0948922,-0.45352628,-0.015881853
17.53957,-0.22663966,0.00064310551,0.0016403197,0.60743715,-0.052036885,-0.027591823,0.9928985,0.63154657,0.0061756484,1.079756,-0.41091364,-0.017138438
17.542687,-0.23242796,0.028104245,0.0010648575,0.58048977,-0.11059774,-0.028391801,1.020786,0.63522176,0.0030704952,1.062999,-0.36276736,-0.01825427
17.545804,-0.23787116,0.055505663,0.00064916603,0.55273074,-0.16913384,-0.028866588,1.0460051,0.6391715,-9.1345084e-05,1.0450677,-0.30951297,-0.019269093
17.54892,-0.2431254,0.082548397,0.00055629582,0.52372057,-0.22672164,-0.02923818,1.0686967,0.6432689,-0.0031708047,1.0262592,-0.25188598,-0.020234514
17.552037,-0.24808684,0.10908314,0.0013583638,0.49384294,-0.28262563,-0.02944336,1.0889234,0.64745759,-0.0061451427,1.0073316,-0.19077073,-0.021174691
17.555153,-0.25297679,0.13522483,0.0032276249,0.46567595,-0.3363608,-0.029363486,1.1065759,0.65110288,-0.0087874075,0.98902006,-0.12728966,-0.021785896
17.55827,-0.25847354,0.16088557,0.0053420006,0.44077242,-0.38747757,-0.028927358,1.1217826,0.65425779,-0.010996491,0.97172918,-0.062488302,-0.02219333
17.561387,-0.26447178,0.18609877,0.0075291552,0.41944684,-0.43500742,-0.027855099,1.134746,0.65592061,-0.012856603,0.95625325,0.0028862632,-0.022836427
17.564503,-0.27014299,0.21063488,0.0099572598,0.40171898,-0.47809189,-0.026371827,1.1457056,0.65655806,-0.014441639,0.94382801,0.067014404,-0.023415267
17.56762,-0.27476837,0.23413511,0.012815888,0.38631145,-0.51633856,-0.024308878,1.1547033,0.65611537,-0.015820076,0.93486854,0.12915083,-0.023218082
17.570737,-0.2794591,0.256519,0.016134771,0.37265009,-0.54973073,-0.022588289,1.1617362,0.65443716,-0.017092779,0.92894496,0.18789776,-0.023162732
17.573854,-0.28420594,0.27768015,0.019693033,0.36080046,-0.57832509,-0.021244171,1.1669496,0.6510404,-0.018246496,0.92624057,0.24270394,-0.022922128
17.57697,-0.28891674,0.29769487,0.023199124,0.35156649,-0.60182751,-0.020190004,1.1700287,0.64450241,-0.019266005,0.92690144,0.29287532,-0.022029548
17.580087,-0.29349705,0.31671755,0.026604257,0.34425474,-0.61934282,-0.019394761,1.1709787,0.6339441,-0.020280046,0.92987391,0.33790612,-0.020739487
17.583204,-0.2974999,0.3343861,0.029728972,0.33765834,-0.6317257,-0.019154067,1.1698158,0.61808075,-0.021277959,0.93650846,0.37719398,-0.01850878
17.586321,-0.30084347,0.35020027,0.03240076,0.3317797,-0.63962798,-0.019669604,1.1664952,0.59596324,-0.02245344,0.94677438,0.41089958,-0.015018535
17.589439,-0.30380471,0.36431247,0.034484107,0.32664738,-0.64311336,-0.021019612,1.1607662,0.5679102,-0.023737165,0.9604755,0.43919314,-0.010551512
17.592556,-0.30610474,0.37669106,0.035845835,0.32210148,-0.64251076,-0.023242275,1.1524582,0.53473958,-0.025002188,0.97708545,0.4624957,-0.005586213
17.595673,-0.30764441,0.38731795,0.036336594,0.31822197,-0.63789483,-0.026281953,1.1417838,0.49633988,-0.026429078,0.9962043,0.48134749,-0.00032119943
17.59879,-0.30819056,0.39610396,0.035956639,0.31703482,-0.62962157,-0.030143353,1.1288282,0.45231137,-0.027883422,1.0171654,0.4964435,0.0049160611
17.601908,-0.30741095,0.40304943,0.034753305,0.31791147,-0.61816397,-0.034692591,1.1132706,0.40290707,-0.029291052,1.0392635,0.50852623,0.0097905047
17.605025,-0.30546758,0.40817654,0.032757685,0.32008781,-0.60345352,-0.039514472,1.0947633,0.34842518,-0.030325318,1.061879,0.51842903,0.014000018
17.608143,-0.30252317,0.41136716,0.029900419,0.32276276,-0.58548349,-0.044348176,1.0747336,0.28968008,-0.03127649,1.084484,0.52693919,0.017323059
17.61126,-0.29854796,0.41269031,0.026270399,0.32521498,-0.56447087,-0.048857012,1.0525478,0.22668125,-0.032070503,1.1067074,0.53455313,0.019431661
17.614378,-0.29370711,0.41208207,0.021965352,0.32719558,-0.54068333,-0.052915884,1.0282287,0.15992485,-0.032665146,1.1281376,0.54184526,0.020834957
17.617496,-0.28792615,0.40950794,0.017138568,0.32846169,-0.51447956,-0.056715152,1.0020329,0.090127093,-0.033303154,1.1485307,0.54922549,0.021183729
17.620614,-0.28106005,0.40505487,0.011943582,0.32905952,-0.48585396,-0.060149795,0.9741929,0.018390062,-0.033009671,1.16776,0.55704872,0.020559364
17.623732,-0.27325516,0.39894094,0.0061699992,0.32868904,-0.45458097,-0.063170034,0.94540999,-0.054016141,-0.032700543,1.185762,0.56515931,0.019138306
17.62685,-0.26469455,0.3907081,0.00013960291,0.32705593,-0.42065226,-0.065772867,0.91635166,-0.12639593,-0.032421425,1.2024078,0.57333012,0.016996615
17.629968,-0.25543642,0.38058492,-0.0058519545,0.32398645,-0.38406023,-0.067985221,0.88766468,-0.1977557,-0.032122508,1.2176704,0.58151408,0.014133226
17.633086,-0.24570743,0.36888361,-0.011570878,0.31966633,-0.34496176,-0.069906646,0.86221917,-0.26696094,-0.031148653,1.2315836,0.58928051,0.010855835
17.636204,-0.23555609,0.35560616,-0.016945093,0.31472227,-0.30404824,-0.07113373,0.83933728,-0.3322829,-0.029634651,1.2443412,0.59579988,0.0073432126
17.639322,-0.22491856,0.34079784,-0.021851186,0.30852621,-0.26037476,-0.071735103,0.81992686,-0.39298572,-0.027538427,1.255933,0.60122351,0.0036687623
17.642441,-0.21432576,0.32444964,-0.026340172,0.30133172,-0.21387561,-0.071848098,0.80555004,-0.44858431,-0.025090364,1.2661932,0.60544488,-0.00010196202
17.645559,-0.20389151,0.30666659,-0.03027205,0.29314676,-0.16444811,-0.071986915,0.79543852,-0.4988179,-0.02212904,1.275098,0.60829897,-0.0037964375
17.648676,-0.19347594,0.28755902,-0.033753627,0.28455277,-0.11153318,-0.072940706,0.78764722,-0.54131067,-0.018871662,1.2827,0.60940327,-0.0073429997
17.651794,-0.1831558,0.26707047,-0.036266761,0.2739159,-0.058747406,-0.072735255,0.78211855,-0.57722659,-0.015497123,1.2890083,0.60952056,-0.010758554
17.654912,-0.17292693,0.24547053,-0.037939555,0.26296453,-0.0035475727,-0.071707099,0.77972826,-0.605744,-0.012377451,1.2940754,0.60892384,-0.013968291
17.65803,-0.16295368,0.2227534,-0.039075092,0.25225045,0.053887705,-0.069803481,0.78017001,-0.62650043,-0.0097841308,1.2974727,0.60737382,-0.016910547
17.661148,-0.1531424,0.1989535,-0.03980035,0.24200954,0.11341373,-0.067498677,0.78263141,-0.64079296,-0.0077712735,1.2988546,0.60228043,-0.019571054
17.664266,-0.14277189,0.1741668,-0.040211803,0.23264178,0.17439939,-0.065057293,0.78813612,-0.65194591,-0.0063947119,1.2980031,0.59077937,-0.021791129
17.667383,-0.1329894,0.14840326,-0.040102184,0.22227377,0.23346253,-0.060530188,0.7964343,-0.6591588,-0.005827571,1.2949964,0.57108811,-0.02354365
17.670501,-0.12365602,0.12211277,-0.039453161,0.21245654,0.2915299,-0.054054856,0.80653269,-0.66275904,-0.0059207388,1.2896534,0.54270224,-0.024713604
17.673619,-0.11420626,0.095369726,-0.037616887,0.20311872,0.34789392,-0.046306597,0.8176458,-0.66281283,-0.0067779136,1.2815375,0.50586728,-0.025522673
17.676737,-0.1050434,0.067728884,-0.035974777,0.19648867,0.40168182,-0.036672665,0.82907673,-0.66046334,-0.0082189646,1.2712042,0.46258054,-0.026081301
17.679854,-0.095994273,0.039628681,-0.033849427,0.19321868,0.45223395,-0.026331847,0.84077982,-0.65621329,-0.010128374,1.2580998,0.41262236,-0.026325038
17.682972,-0.086872981,0.011567603,-0.031542477,0.19569289,0.49780347,-0.015892712,0.85255264,-0.65025396,-0.012344645,1.24259,0.35653217,-0.026317001
17.68609,-0.078316963,-0.017088367,-0.029292438,0.2031112,0.53817887,-0.0063233678,0.86386163,-0.64271381,-0.014766387,1.2245541,0.29515023,-0.025950267
17.689208,-0.070107147,-0.044985212,-0.027072867,0.21443089,0.57353325,0.0016867389,0.87418744,-0.63396791,-0.01727132,1.2056461,0.22989636,-0.025360075
17.692325,-0.061758219,-0.072093029,-0.024453966,0.2289332,0.60370874,0.00794732,0.88295488,-0.62354933,-0.019786516,1.1854456,0.16139761,-0.024553108
17.695443,-0.053641238,-0.099064108,-0.02149124,0.24656214,0.62894689,0.012348578,0.88974791,-0.6112791,-0.022161113,1.1642563,0.090667285,-0.023677498
17.698561,-0.046209992,-0.12508597,-0.018014554,0.26782604,0.64883112,0.014654643,0.8943392,-0.59726015,-0.024328049,1.1426647,0.018739163,-0.022536586
17.701679,-0.040285352,-0.1500708,-0.014705859,0.29199749,0.66432345,0.014836241,0.89666122,-0.58131344,-0.026246699,1.1213023,-0.052694545,-0.021667287
17.704797,-0.035939411,-0.17400434,-0.011448869,0.31891268,0.67621626,0.013534579,0.89669263,-0.56309662,-0.027943092,1.1009395,-0.12254515,-0.020729867
17.707915,-0.033045365,-0.19678837,-0.0081267439,0.34765112,0.68485669,0.010831289,0.89451099,-0.54209911,-0.029482116,1.0822777,-0.18979239,-0.019831708
17.711033,-0.030916459,-0.21809804,-0.0048404238,0.37797122,0.69049436,0.0063043628,0.88998396,-0.51778165,-0.030870867,1.0657118,-0.25355529,-0.018795231
17.714151,-0.029791458,-0.23774467,-0.0016536685,0.41083295,0.69335205,-0.00019372045,0.88332721,-0.48961447,-0.032140369,1.0519315,-0.31277003,-0.017760451
17.717269,-0.030148133,-0.25567678,0.0012731117,0.44635828,0.69445863,-0.0076402835,0.87457715,-0.45688306,-0.033235003,1.0419521,-0.36667234,-0.016498321
17.720388,-0.031762151,-0.2716631,0.00463042,0.48418329,0.69421589,-0.015708298,0.8637559,-0.41935762,-0.03429619,1.0352705,-0.41495549,-0.015035578
17.723506,-0.034435911,-0.2856935,0.0080600138,0.52337671,0.69294222,-0.024088757,0.85113115,-0.37708672,-0.035270077,1.0316475,-0.45733044,-0.013264642
17.726624,-0.038371603,-0.29768871,0.011497061,0.56320625,0.69048485,-0.03200894,0.83581698,-0.33010519,-0.036304832,1.0315844,-0.4938365,-0.01127427
17.729743,-0.043262292,-0.30766441,0.015058124,0.60109019,0.68694858,-0.039145807,0.81990604,-0.27918114,-0.037236937,1.0343093,-0.52439253,-0.0090622533
17.732861,-0.049190971,-0.31546778,0.018344844,0.63564296,0.68274054,-0.045289828,0.80274158,-0.22430934,-0.038078163,1.0390927,-0.54934474,-0.0066756153
17.73598,-0.056672031,-0.32112588,0.021128877,0.66677273,0.67762505,-0.049811454,0.78467601,-0.16583812,-0.038753863,1.0460587,-0.5693013,-0.0041903104
17.739099,-0.065206372,-0.32469606,0.023117433,0.69423236,0.67089132,-0.052635156,0.76559388,-0.10398913,-0.038774577,1.0549205,-0.58481051,-0.001863403
17.742217,-0.074479009,-0.32611138,0.024728677,0.71827532,0.66308235,-0.054072102,0.74562689,-0.039369403,-0.039377002,1.0649858,-0.59585916,0.00029783398
17.745336,-0.084391591,-0.32545061,0.025878892,0.73898494,0.65401661,-0.054568756,0.72611646,0.025564457,-0.039437376,1.075901,-0.60343524,0.0021841287
17.748455,-0.09472444,-0.32276066,0.026550685,0.756525,0.64335307,-0.054246181,0.70853455,0.091192371,-0.039197072,1.0871315,-0.60850962,0.0035416245
17.751574,-0.10525453,-0.31804335,0.026788194,0.77092472,0.63042641,-0.053245067,0.69375328,0.15685161,-0.039237896,1.0983081,-0.61167957,0.0042967219
17.754693,-0.11572171,-0.31133007,0.026604763,0.78227933,0.61481576,-0.051556144,0.68338593,0.21983199,-0.038238204,1.1090396,-0.6135755,0.0044526499
17.757812,-0.12591053,-0.30264964,0.026009959,0.79051189,0.59673278,-0.04928822,0.67794049,0.27967596,-0.036369539,1.1190626,-0.61431347,0.0040758164
17.760931,-0.13595973,-0.29212948,0.024842425,0.79564714,0.57569882,-0.04671065,0.67677213,0.3354692,-0.033279738,1.1280799,-0.61406235,0.0030831278
17.76405,-0.14510787,-0.27977696,0.023177026,0.79754892,0.55118548,-0.044113565,0.6796726,0.38661048,-0.028873783,1.1360256,-0.61279151,0.0015317617
17.767168,-0.15381742,-0.26549936,0.021101839,0.79714991,0.5227376,-0.041576262,0.68643917,0.43222415,-0.023674359,1.1427044,-0.6112234,-0.00044444728
17.770287,-0.16195269,-0.24951769,0.018877992,0.79403453,0.49029379,-0.039262181,0.69719323,0.47197043,-0.017935438,1.1480353,-0.60913276,-0.0027097496
17.773406,-0.16952537,-0.23188655,0.016454398,0.78818484,0.4541207,-0.037140169,0.71145188,0.50624138,-0.012161978,1.1519275,-0.6060765,-0.0051691148
17.776524,-0.17663354,-0.21255056,0.013906388,0.77982396,0.41465299,-0.035098283,0.72902512,0.53465397,-0.0067526205,1.154313,-0.60134275,-0.0076906423
17.779643,-0.18372809,-0.19173003,0.011346689,0.76850545,0.37224593,-0.03317604,0.74951507,0.55734159,-0.0022699878,1.1550579,-0.59429846,-0.010197807
17.782761,-0.19051144,-0.16956945,0.0087800248,0.75642189,0.32655818,-0.031446056,0.77383004,0.57470779,0.00088174056,1.153938,-0.58457324,-0.012565119
17.785879,-0.19706939,-0.14626948,0.0062126069,0.74281893,0.27842287,-0.030668599,0.80232602,0.58732736,0.0031751983,1.1508583,-0.57134192,-0.01473015
17.788998,-0.20336407,-0.12176314,0.0036917653,0.72712643,0.2280488,-0.030149873,0.83396712,0.59654068,0.0044833276,1.1457938,-0.5545126,-0.016654006
17.792116,-0.20932825,-0.096074485,0.0013971483,0.70954745,0.17559385,-0.030297952,0.8685577,0.6036354,0.0043746315,1.1388268,-0.53356078,-0.018336179
17.795234,-0.21495966,-0.069927204,-0.00050291349,0.69031865,0.12124547,-0.029390783,0.90488184,0.6090537,0.0031181653,1.1296894,-0.5079718,-0.019768592
17.798352,-0.22095993,-0.04282512,-0.002147252,0.66855982,0.066147017,-0.028432679,0.94007028,0.61347813,0.00097862754,1.11848,-0.47705124,-0.02098023
17.801471,-0.2272473,-0.01448223,-0.0027237777,0.64472697,0.010005233,-0.028885223,0.97336862,0.61724091,-0.0017718364,1.1054507,-0.44019554,-0.022024287
17.804589,-0.23349015,0.013893632,-0.0031793433,0.61890882,-0.046997774,-0.029356308,1.0041062,0.62097567,-0.0048900471,1.0906831,-0.39710715,-0.022962634
17.807707,-0.23945626,0.041373601,-0.0038310741,0.59165481,-0.10452795,-0.030160419,1.032112,0.62493731,-0.008081121,1.0742346,-0.34862241,-0.023786251
17.810825,-0.24510936,0.069071749,-0.0041246648,0.56377158,-0.16211165,-0.030719198,1.0575273,0.62904007,-0.011113363,1.0565961,-0.29515816,-0.024551396
17.813943,-0.25049664,0.096457276,-0.0040168673,0.5341456,-0.21853079,-0.031092965,1.0804749,0.6332498,-0.013884024,1.0381937,-0.23753179,-0.025373088
17.817061,-0.25547213,0.1231876,-0.0026746941,0.50394153,-0.27333134,-0.031327795,1.1009059,0.63746675,-0.016350036,1.0195765,-0.17669983,-0.026206529
17.82018,-0.26124134,0.14908985,-0.00065734207,0.475964,-0.3258414,-0.031173306,1.1187521,0.64141448,-0.018384759,1.0013732,-0.11368569,-0.026882051
17.823298,-0.26707714,0.17493433,0.001471004,0.45129419,-0.37548158,-0.030745218,1.1341916,0.64456359,-0.019986679,0.98429819,-0.049441092,-0.02745789
17.826416,-0.27339616,0.20032487,0.0038311207,0.43017296,-0.4215333,-0.02979301,1.1474529,0.64580457,-0.021200537,0.96895882,0.014961718,-0.028165068
17.829534,-0.27888641,0.22486336,0.0064686286,0.41245911,-0.46307958,-0.028513595,1.1586946,0.64617276,-0.022134845,0.95658179,0.078246964,-0.02853239
17.832652,-0.28364721,0.24808782,0.0095700383,0.39659042,-0.49985459,-0.026891261,1.1678937,0.64532606,-0.022899181,0.94779319,0.13939179,-0.028406482
17.835771,-0.28859949,0.27015515,0.013026663,0.38249548,-0.53186969,-0.025748214,1.1752307,0.64332107,-0.023498179,0.94228821,0.19716679,-0.028360728
17.838889,-0.29353178,0.29109363,0.016616027,0.3703644,-0.55906765,-0.025067104,1.180689,0.6392594,-0.023969538,0.94009404,0.2509347,-0.028029956
17.842007,-0.29845978,0.31090229,0.020098281,0.36077026,-0.5814026,-0.024710744,1.183938,0.63203326,-0.02430464,0.94117847,0.29988353,-0.026999788
17.845126,-0.30313161,0.32956788,0.023409089,0.35295423,-0.59829568,-0.024661507,1.1850924,0.62045633,-0.024686119,0.94500607,0.34355692,-0.025444514
17.848244,-0.30734107,0.34664936,0.026433319,0.34587111,-0.61009316,-0.025379948,1.1841041,0.60322139,-0.025080688,0.95228776,0.38143979,-0.022970602
17.851363,-0.31078534,0.36184602,0.028840627,0.3393509,-0.61728494,-0.026809982,1.1809636,0.57960901,-0.025598668,0.9632689,0.413746,-0.019235827
17.854481,-0.31364631,0.37525552,0.03069026,0.333499,-0.62017297,-0.029051768,1.1753141,0.55064844,-0.026261272,0.97764495,0.44068599,-0.014774374
17.8576,-0.31572467,0.38703865,0.031761951,0.32824557,-0.61898292,-0.032079582,1.1671494,0.5166986,-0.027026629,0.99493682,0.46274915,-0.0099106628
17.860718,-0.31701967,0.39704763,0.031755602,0.32420486,-0.61391136,-0.03597351,1.1566919,0.47742726,-0.027994637,1.0147347,0.48044067,-0.0048978371
17.863837,-0.31706577,0.40515467,0.030909822,0.32264721,-0.60534584,-0.040634694,1.1437482,0.43280881,-0.029079573,1.0362222,0.49452311,-5.2322443e-05
17.866956,-0.31580892,0.41149246,0.029237704,0.32306497,-0.59374898,-0.045841967,1.1281218,0.38310435,-0.03029251,1.0587864,0.5058083,0.004222625
17.870075,-0.31325397,0.41555493,0.026727666,0.32464304,-0.57894162,-0.051272098,1.1095246,0.32860559,-0.030955308,1.0817425,0.51515868,0.0077849968
17.873194,-0.30969537,0.41812816,0.023438607,0.32651946,-0.56104222,-0.056523337,1.0895723,0.2704278,-0.031942809,1.1045954,0.5232246,0.010450824
17.876313,-0.30511865,0.41875717,0.019245313,0.32820511,-0.54035434,-0.061359354,1.0672848,0.20779112,-0.032919013,1.1269269,0.5305769,0.012129346
17.879432,-0.29955887,0.41746868,0.014466244,0.32950409,-0.51704441,-0.065593796,1.0428006,0.14187695,-0.033861721,1.1484425,0.53782037,0.012770904
17.882551,-0.29292921,0.4142088,0.0090806594,0.33025347,-0.49113195,-0.069447732,1.0163584,0.0732007,-0.034512755,1.1688651,0.54524435,0.012461339
17.88567,-0.2852923,0.40911303,0.003368468,0.33016332,-0.46235944,-0.072885956,0.9882525,0.0030804127,-0.034853106,1.1880972,0.55305287,0.011286846
17.88879,-0.27677233,0.40244476,-0.0027355777,0.32903948,-0.43090792,-0.075893545,0.95920827,-0.067699766,-0.034967268,1.2060587,0.5610689,0.0094128917
17.891909,-0.26753894,0.39350326,-0.0089294981,0.32652108,-0.39680372,-0.078504783,0.92985706,-0.1382585,-0.035020361,1.2226548,0.56927378,0.0068851895
17.895029,-0.25774652,0.38288476,-0.014946084,0.32278058,-0.35989337,-0.080830059,0.90130997,-0.20745517,-0.03505961,1.2378719,0.57737368,0.0039476355
17.898148,-0.2473217,0.37069213,-0.020687349,0.31869235,-0.32112224,-0.082589971,0.87567207,-0.27394169,-0.034499155,1.2518522,0.58449811,0.00076551723
17.901268,-0.23653211,0.35697597,-0.025926944,0.31313258,-0.27972792,-0.083638507,0.853134,-0.33669525,-0.033549533,1.2646723,0.59031132,-0.0025895728
17.904388,-0.22544983,0.34166496,-0.030669046,0.30643477,-0.2355783,-0.084251178,0.83404756,-0.39468754,-0.031884582,1.2762748,0.59536079,-0.0060500586
17.907508,-0.21446733,0.32485798,-0.034862662,0.29877228,-0.18827911,-0.08432229,0.82019385,-0.44762739,-0.029548831,1.286572,0.59904563,-0.009432201
17.910628,-0.20341182,0.30675012,-0.038438361,0.29062137,-0.13735857,-0.085482252,0.80964603,-0.49436517,-0.026531438,1.2955835,0.60089719,-0.012636524
17.913747,-0.19250281,0.28728801,-0.041493848,0.28151468,-0.085729773,-0.085890703,0.80124531,-0.53451499,-0.02330707,1.3033321,0.60147949,-0.01573773
17.916867,-0.18175538,0.26652082,-0.043692726,0.27102625,-0.032091011,-0.085028943,0.79553228,-0.56781233,-0.020173826,1.3099111,0.600927,-0.018663294
17.919987,-0.17127318,0.24466197,-0.045325111,0.26070536,0.023957885,-0.083447605,0.79299703,-0.5939901,-0.017378273,1.3150639,0.59958771,-0.02121878
17.923106,-0.16107119,0.22162945,-0.04619505,0.2505339,0.082490574,-0.080240638,0.79294937,-0.61258355,-0.015133186,1.3183682,0.59621092,-0.023354099
17.926226,-0.15059489,0.19738619,-0.04660133,0.24072028,0.14232215,-0.077144983,0.79502157,-0.62681602,-0.01365313,1.3195745,0.58764401,-0.024974408
17.929345,-0.13977483,0.17219951,-0.046616273,0.23098915,0.2022467,-0.073283658,0.80040049,-0.63638569,-0.012982438,1.3184947,0.57176825,-0.026105314
17.932465,-0.12939683,0.14618255,-0.046396464,0.22117279,0.26028512,-0.066420158,0.80840163,-0.64200944,-0.013089426,1.3153126,0.54754282,-0.026973526
17.935584,-0.11924227,0.11980095,-0.045473159,0.21215651,0.31691564,-0.05804988,0.81807602,-0.64398508,-0.014052127,1.3096235,0.51460238,-0.027582373
17.938704,-0.10950683,0.092362357,-0.043469682,0.20516501,0.37135996,-0.047373736,0.82854275,-0.64281404,-0.015736221,1.3013973,0.47520154,-0.027997616
17.941823,-0.099929791,0.064346187,-0.041326025,0.20170103,0.42262162,-0.035993313,0.83933808,-0.64019855,-0.017913127,1.2905251,0.42939612,-0.028148445
17.944942,-0.09044227,0.036128702,-0.038731561,0.20282195,0.46982893,-0.024888592,0.85040879,-0.63560483,-0.020408244,1.2769216,0.37744559,-0.028136069
17.948062,-0.081359099,0.008106503,-0.036246916,0.20899049,0.51158333,-0.014319721,0.86145055,-0.62935873,-0.023104511,1.2609452,0.32015478,-0.027881372
17.951181,-0.073056893,-0.020739574,-0.034176544,0.21952072,0.54831127,-0.005171187,0.87188978,-0.62172275,-0.025820798,1.2429866,0.25839213,-0.027454054
17.954301,-0.064802017,-0.048708509,-0.03150818,0.23328346,0.57999424,0.0020600195,0.88131355,-0.61255182,-0.028506625,1.223516,0.19310863,-0.026825232
17.95742,-0.056508818,-0.076017258,-0.028349835,0.25001863,0.6066638,0.0073889005,0.88906202,-0.60136667,-0.031031374,1.202614,0.12511687,-0.026118902
17.96054,-0.048860918,-0.10294506,-0.025143481,0.27016138,0.62833273,0.010742498,0.894756,-0.58838337,-0.033326342,1.1807632,0.055408224,-0.025327113
17.963659,-0.042279949,-0.12869931,-0.021763978,0.29316973,0.6451588,0.0112767,0.89835697,-0.57346003,-0.035355606,1.1585375,-0.014842772,-0.024679888
17.966779,-0.037420328,-0.15360666,-0.018453523,0.31886339,0.65833278,0.010259666,0.89971202,-0.55644763,-0.037116118,1.1366077,-0.084060426,-0.023839051
17.969898,-0.033790402,-0.1772522,-0.015188973,0.34687351,0.66817094,0.0076761849,0.89885928,-0.5368367,-0.038677643,1.1158265,-0.1513773,-0.023075624
17.973018,-0.031847775,-0.19970064,-0.011856951,0.37653549,0.67513861,0.0035262557,0.89582231,-0.51433898,-0.040139151,1.0967101,-0.21567031,-0.022289794
17.976138,-0.030408371,-0.22054203,-0.0083136611,0.40792571,0.67945134,-0.0025653235,0.89047354,-0.48827195,-0.041495382,1.0801856,-0.2762106,-0.021480732
17.979257,-0.030228969,-0.23967435,-0.004933504,0.44198667,0.68135057,-0.0099149358,0.88308599,-0.45787649,-0.042709722,1.0665304,-0.33175713,-0.020442115
17.982377,-0.031746801,-0.25686074,-0.0015371959,0.47852374,0.6818128,-0.018031716,0.8735707,-0.42275986,-0.043933864,1.0568432,-0.38200233,-0.019227104
17.985497,-0.034318943,-0.27197282,0.0019893145,0.51687522,0.68122491,-0.026342743,0.86203344,-0.38300468,-0.045059337,1.050387,-0.42651445,-0.017769532
17.988617,-0.037886693,-0.2851203,0.0055427188,0.55622431,0.67961846,-0.034277593,0.84835376,-0.3385026,-0.046205593,1.0474824,-0.46505581,-0.016086311
17.991737,-0.042467358,-0.29613995,0.0090700268,0.59523554,0.67683126,-0.041434712,0.83332541,-0.28978878,-0.047360587,1.0482459,-0.49768848,-0.014188276
17.994857,-0.048045057,-0.30509623,0.012651637,0.63100869,0.67306993,-0.047833561,0.81701718,-0.2371318,-0.048443693,1.0506654,-0.52494492,-0.012135923
17.997977,-0.055231798,-0.31176623,0.0153962,0.6634537,0.66851734,-0.052780484,0.79941994,-0.18073913,-0.049209276,1.0556316,-0.54699753,-0.0099861232
18.001097,-0.06378098,-0.31633823,0.017775644,0.69240181,0.66295707,-0.056115186,0.78125835,-0.12050296,-0.049534895,1.0628154,-0.56433405,-0.0079218886
18.004218,-0.073090422,-0.3186805,0.019682764,0.71797164,0.65640185,-0.057903152,0.76164377,-0.057327702,-0.050279603,1.0715492,-0.57681713,-0.0061215859
18.007338,-0.083104784,-0.31889703,0.02114016,0.74027984,0.64868878,-0.058434628,0.74235993,0.0063441399,-0.050441258,1.0815194,-0.58609201,-0.0045928925
18.010458,-0.093585495,-0.31711854,0.022096038,0.75939838,0.63930979,-0.058196013,0.72484807,0.071049653,-0.050281687,1.0922011,-0.59248314,-0.0035293551
18.013578,-0.10435596,-0.3132834,0.02256474,0.77534971,0.62780631,-0.057204777,0.70997868,0.13586817,-0.049687471,1.1031804,-0.59667226,-0.0030114998
18.016698,-0.1151882,-0.30727703,0.022635093,0.78813021,0.61363661,-0.055461537,0.6988105,0.19911983,-0.048695253,1.1139944,-0.59937013,-0.0030188572
18.019818,-0.12570166,-0.29932692,0.022188517,0.7978637,0.59698295,-0.053190976,0.69252471,0.25944107,-0.046644596,1.124269,-0.60108456,-0.0036007914
18.022938,-0.13595857,-0.28951986,0.021154087,0.80452118,0.57755128,-0.05062845,0.69052928,0.31581474,-0.04305886,1.1337172,-0.60157852,-0.004741575
18.026058,-0.14580962,-0.2778397,0.01961687,0.80791398,0.55485203,-0.047991896,0.69263901,0.36752791,-0.038002879,1.1421749,-0.6008615,-0.0063663171
18.029178,-0.15482586,-0.26422519,0.017572577,0.80860604,0.52834642,-0.045391485,0.69829383,0.41409753,-0.03196877,1.1494181,-0.59971438,-0.0083339067
18.032298,-0.16338851,-0.24879098,0.015358787,0.80682192,0.49807138,-0.042943227,0.70820123,0.45473861,-0.025371485,1.1553409,-0.59780141,-0.010534044
18.035417,-0.17132236,-0.23164584,0.012933046,0.802394,0.46415362,-0.040547357,0.72162509,0.48957839,-0.018762899,1.1598452,-0.59488371,-0.012880791
18.038537,-0.17866648,-0.21275997,0.010400467,0.7952313,0.42680973,-0.038520022,0.73851306,0.51872438,-0.012467491,1.1628457,-0.59027555,-0.015220969
18.041656,-0.18589169,-0.19236025,0.0078616431,0.78548583,0.38665388,-0.036556043,0.75811392,0.54222366,-0.007238245,1.1642581,-0.58354058,-0.017510578
18.044776,-0.1929724,-0.1705477,0.0051156381,0.77361043,0.34275656,-0.034662422,0.78138489,0.56020627,-0.0034641959,1.1638316,-0.57427964,-0.019625385
18.047895,-0.19969501,-0.14749801,0.002414608,0.76107103,0.29677509,-0.033656785,0.80871333,0.57348858,-0.0010371422,1.1615026,-0.56163832,-0.021528686
18.051014,-0.20637448,-0.12322711,-0.00012935579,0.74645802,0.24858748,-0.032960797,0.83932977,0.58303567,0.00041523641,1.1572078,-0.54538055,-0.02314483
18.054133,-0.21282261,-0.097683399,-0.0024390044,0.72983388,0.19820518,-0.033242065,0.87276442,0.59022424,0.00038968247,1.1509962,-0.52507176,-0.024551291
18.057252,-0.21854181,-0.071539078,-0.004279587,0.71142333,0.14615742,-0.032520677,0.9089366,0.59568884,-0.0008974807,1.142649,-0.50022913,-0.025760339
18.060371,-0.22476849,-0.044502447,-0.0060506196,0.69083062,0.092264832,-0.031449711,0.94422798,0.60020951,-0.0030514547,1.1321701,-0.47013178,-0.026816786
18.06349,-0.23130819,-0.016317231,-0.0067979667,0.66782782,0.038053957,-0.032016094,0.97782527,0.60408154,-0.0057690329,1.1198621,-0.43426957,-0.027792936
18.066609,-0.23788968,0.012260273,-0.007074585,0.64269294,-0.0172267,-0.032762638,1.0090885,0.60801358,-0.0090344118,1.105711,-0.39233361,-0.028755569
18.069728,-0.24407871,0.039794346,-0.0077534608,0.61588036,-0.073273573,-0.033760556,1.0376635,0.61217327,-0.012313052,1.0898451,-0.34496447,-0.029700626
18.072847,-0.25000128,0.067830048,-0.0080773139,0.58771042,-0.12946656,-0.034597245,1.063667,0.61651039,-0.015399414,1.0726189,-0.29262683,-0.030671034
18.075966,-0.25550065,0.095856396,-0.0081535079,0.55865307,-0.18515326,-0.035165288,1.0871911,0.62092901,-0.018146943,1.0546188,-0.23614094,-0.03179299
18.079084,-0.26061846,0.1230427,-0.0068837214,0.52818851,-0.23930098,-0.035654813,1.108262,0.62540495,-0.020559062,1.0360181,-0.17644971,-0.032856283
18.082203,-0.26659602,0.14907034,-0.0048728837,0.49937243,-0.29146045,-0.035677464,1.1268041,0.62957955,-0.022503399,1.0177172,-0.1143663,-0.033894633
18.085322,-0.27268473,0.17487782,-0.0025542305,0.47371119,-0.34096002,-0.035460332,1.1429655,0.63291941,-0.023979508,1.0003423,-0.050938308,-0.034799783
18.088441,-0.27896334,0.20063784,-0.00017025821,0.45127608,-0.387065,-0.034707141,1.1569508,0.63451493,-0.02501161,0.98455433,0.012752664,-0.035816488
18.09156,-0.28479772,0.2255982,0.002410718,0.43245659,-0.42898986,-0.033665899,1.1688763,0.63489399,-0.025716841,0.97150266,0.075457787,-0.036109239
18.094679,-0.28978355,0.24918875,0.0054077131,0.41566321,-0.46643227,-0.032021406,1.1787705,0.63401951,-0.026199759,0.96219668,0.13624097,-0.036143873
18.097797,-0.29462007,0.27163528,0.0087804628,0.40049565,-0.49920909,-0.030862753,1.1868198,0.63197167,-0.026489759,0.95643982,0.19373642,-0.036088678
18.100916,-0.29936677,0.29292793,0.012480883,0.38710504,-0.52734174,-0.030167131,1.1930531,0.62815916,-0.026642401,0.95401159,0.24728185,-0.035594307
18.104035,-0.30422609,0.31303815,0.016138997,0.37614775,-0.55060416,-0.029954479,1.1971328,0.62141526,-0.026656809,0.95501144,0.29607951,-0.034230604
18.107154,-0.30917781,0.33192546,0.019622599,0.36734118,-0.56894749,-0.02995242,1.1991637,0.61048575,-0.026695815,0.95884157,0.33967623,-0.032289057
18.110273,-0.31387556,0.34943189,0.022856278,0.35925991,-0.58226208,-0.030587999,1.1991197,0.59398934,-0.026726958,0.96627267,0.37740275,-0.02919394
18.113393,-0.31790899,0.36491182,0.02561862,0.35171551,-0.59093131,-0.03203091,1.1969488,0.57117373,-0.026924759,0.97751033,0.40942138,-0.02471521
18.116512,-0.32118057,0.37859285,0.027738923,0.3447758,-0.59520799,-0.03423984,1.1923186,0.54320776,-0.027324264,0.99226414,0.43651726,-0.0197004
18.119631,-0.32373506,0.39070587,0.029118625,0.33848249,-0.59533741,-0.037161035,1.1851471,0.51050984,-0.027861409,1.0098875,0.45799452,-0.01437554
18.12275,-0.32545537,0.40108458,0.02957739,0.33291497,-0.59159974,-0.040936983,1.1758355,0.47279799,-0.028695199,1.0299862,0.47509568,-0.0089906314
18.12587,-0.32600386,0.40954372,0.028950797,0.3300302,-0.58431454,-0.045495386,1.1640547,0.43004509,-0.029697748,1.0517969,0.48862564,-0.0039354547
18.128989,-0.32517594,0.41625744,0.027477517,0.3291655,-0.5738039,-0.050679534,1.1496282,0.38253813,-0.030968496,1.0746292,0.49927089,0.0004628313
18.132109,-0.32295764,0.42052891,0.02510344,0.32959598,-0.56064792,-0.056158182,1.1321686,0.33041136,-0.031913919,1.0977919,0.50816034,0.0040250613
18.135228,-0.31965173,0.42356052,0.021879546,0.33055945,-0.5444682,-0.061579019,1.1132019,0.27465916,-0.033302103,1.1207797,0.51586239,0.0065703758
18.138348,-0.31511988,0.42469214,0.017811212,0.3314835,-0.52550067,-0.066684777,1.09174,0.21448601,-0.034877473,1.1431852,0.52296906,0.0080907782
18.141468,-0.30953779,0.42397553,0.012965196,0.33237719,-0.50363907,-0.071280328,1.0679238,0.1510284,-0.036549593,1.1647294,0.53003914,0.008538159
18.144588,-0.30294026,0.42132096,0.007629514,0.33272605,-0.47903367,-0.075319423,1.042009,0.084751041,-0.038124534,1.185162,0.53730006,0.0080279458
18.147708,-0.29526961,0.41686845,0.0018602712,0.33225053,-0.45166303,-0.079043566,1.0141571,0.01673588,-0.039339152,1.2044136,0.54488104,0.0066587549
18.150828,-0.28666835,0.41078775,-0.0043029008,0.33077384,-0.42152606,-0.082162754,0.98511065,-0.052054976,-0.040397925,1.222353,0.55280468,0.0045919275
18.153948,-0.2773828,0.4024473,-0.01065028,0.32797429,-0.38866327,-0.085015225,0.95551261,-0.1209683,-0.041194214,1.2390001,0.5610682,0.0020121805
18.157069,-0.26721314,0.39243339,-0.016741885,0.32432689,-0.35320787,-0.087600305,0.92622607,-0.18886314,-0.041803135,1.2543518,0.56917972,-0.00088508762
18.160189,-0.25646171,0.38091359,-0.022687162,0.32041826,-0.31564133,-0.089596599,0.89977841,-0.25437915,-0.041735855,1.2685311,0.57608191,-0.0039753014
18.163309,-0.24533819,0.36783762,-0.028171264,0.31486441,-0.27548198,-0.090978931,0.87623731,-0.3162012,-0.041168901,1.2816024,0.58178708,-0.0071795314
18.16643,-0.23385453,0.35321285,-0.03310174,0.3081452,-0.23250955,-0.091760306,0.85581126,-0.37364967,-0.040062156,1.2935267,0.58673671,-0.010402083
18.169551,-0.22224958,0.33705285,-0.037448543,0.30050464,-0.18623923,-0.092296502,0.84058221,-0.42674921,-0.038376982,1.3042324,0.59019392,-0.013467625
18.172672,-0.21067998,0.31957622,-0.041165566,0.29236504,-0.13648902,-0.093780505,0.82860273,-0.47323362,-0.035837365,1.3137311,0.59168402,-0.016318494
18.175792,-0.19920394,0.30088383,-0.04437434,0.28381433,-0.085627496,-0.094149485,0.81872014,-0.51310296,-0.032562447,1.3220613,0.59201507,-0.019030923
18.178913,-0.18781348,0.28076457,-0.046784254,0.27374692,-0.032536689,-0.093169994,0.81166473,-0.54627451,-0.028984696,1.3292532,0.59118147,-0.021515671
18.182034,-0.1766383,0.25947002,-0.048413442,0.26374198,0.023087343,-0.091211503,0.80782489,-0.57245593,-0.025696351,1.3350521,0.58945978,-0.023600582
18.185154,-0.16593192,0.23699634,-0.049597992,0.25378872,0.081027733,-0.08742444,0.80663092,-0.59112276,-0.022929773,1.3389969,0.58491031,-0.025318929
18.188275,-0.15525868,0.21322002,-0.050367676,0.24437788,0.14029404,-0.083580391,0.80736571,-0.60554664,-0.020991115,1.3408476,0.57500709,-0.026621457
18.191395,-0.14378032,0.1885935,-0.050385641,0.23435156,0.19939719,-0.07875843,0.81136196,-0.61540023,-0.019814896,1.3405864,0.5576829,-0.027529861
18.194516,-0.13238615,0.16298039,-0.049913155,0.22498027,0.25662907,-0.070857424,0.81795248,-0.62107381,-0.01955213,1.3380976,0.53231535,-0.028319807
18.197636,-0.12154237,0.13684128,-0.04896115,0.21722363,0.31231799,-0.060908519,0.82643633,-0.62326382,-0.020224695,1.3330297,0.49921983,-0.029002535
18.200756,-0.11110304,0.1097265,-0.046966248,0.21186669,0.36580352,-0.048899865,0.83591248,-0.62276303,-0.021683196,1.3253882,0.46004703,-0.029577402
18.203877,-0.10092634,0.081610866,-0.044392796,0.20985902,0.41584442,-0.036783956,0.84583633,-0.62051173,-0.023708146,1.314958,0.41480812,-0.029934954
18.206997,-0.090773787,0.053487643,-0.041735924,0.21173661,0.46159084,-0.025179311,0.85603235,-0.61620836,-0.026093956,1.3018143,0.36389133,-0.030201035
18.210117,-0.081624009,0.025510941,-0.039485617,0.21878087,0.50197735,-0.014258815,0.86626097,-0.61027903,-0.028727736,1.2861665,0.30795472,-0.030307366
18.213238,-0.073192562,-0.0029396112,-0.037545779,0.22994594,0.53743042,-0.0049294187,0.87597748,-0.60275275,-0.031458615,1.2684048,0.24774573,-0.03032992
18.216358,-0.064932995,-0.031842792,-0.034990772,0.24412873,0.56801299,0.0024474014,0.88476523,-0.59345888,-0.034167241,1.248822,0.18409708,-0.030262647
18.219478,-0.056768808,-0.059551589,-0.031942698,0.26110467,0.59369979,0.0074037296,0.89207074,-0.58233116,-0.036753581,1.2275259,0.11779825,-0.030185959
18.222599,-0.049108298,-0.086873443,-0.028850843,0.28113209,0.61446919,0.010471215,0.89757147,-0.56946483,-0.039139336,1.2050848,0.049834377,-0.029994295
18.225719,-0.042480487,-0.11323774,-0.025657753,0.3040858,0.63065002,0.010659442,0.90104451,-0.55459103,-0.041288176,1.1820266,-0.018646161,-0.02980753
18.228839,-0.037626924,-0.13844484,-0.022247938,0.32951579,0.64332631,0.0092213437,0.90238918,-0.53755517,-0.043213736,1.1591234,-0.086320274,-0.029547359
18.23196,-0.03434426,-0.16293543,-0.018894826,0.35711541,0.6527671,0.0061932934,0.90152241,-0.51791259,-0.044984054,1.1372142,-0.15213395,-0.029253299
18.23508,-0.032307935,-0.18575487,-0.015383202,0.38647494,0.65949901,0.0014225051,0.89842967,-0.4954445,-0.046744775,1.1168454,-0.21500844,-0.028891612
18.238201,-0.031573826,-0.20739239,-0.011832111,0.4171905,0.66379887,-0.0051820715,0.89337686,-0.46950307,-0.048425787,1.0989524,-0.27403628,-0.028218639
18.241321,-0.031705109,-0.22702188,-0.0083078613,0.45060501,0.66595678,-0.012797947,0.88619518,-0.43909654,-0.050020944,1.0847704,-0.32825067,-0.027165216
18.244442,-0.03338435,-0.24470049,-0.0048683785,0.48643678,0.66640174,-0.021064504,0.8768675,-0.40403756,-0.051594591,1.0743625,-0.37716952,-0.025750949
18.247562,-0.036091587,-0.26037021,-0.0014266781,0.52414721,0.6656664,-0.02942734,0.86550379,-0.36440544,-0.053027327,1.0670392,-0.42029589,-0.023987938
18.250683,-0.039833211,-0.27401574,0.0020502514,0.5631146,0.66385318,-0.037372822,0.85177361,-0.32003783,-0.054683586,1.0637726,-0.45744916,-0.021948051
18.253804,-0.044556522,-0.28559696,0.005431415,0.6018774,0.66098655,-0.044400462,0.8371373,-0.27193535,-0.056267952,1.063471,-0.48886968,-0.019614198
18.256925,-0.050151412,-0.29500171,0.0087462155,0.63744576,0.65727922,-0.050519325,0.82098646,-0.21986939,-0.057676707,1.0653327,-0.51502075,-0.017153576
18.260046,-0.057383438,-0.30213423,0.011405861,0.66970244,0.6531881,-0.055141585,0.80358298,-0.16412259,-0.058537192,1.0698167,-0.53581626,-0.014678445
18.263167,-0.066172669,-0.30720553,0.013710904,0.69873548,0.64852824,-0.058245579,0.78570475,-0.1044321,-0.059002769,1.0765287,-0.5519153,-0.012352526
18.266287,-0.075760809,-0.30992021,0.015642836,0.72456262,0.64283582,-0.059844957,0.76654368,-0.042336285,-0.05977813,1.084879,-0.56388046,-0.010359876
18.269408,-0.085999512,-0.31055661,0.017110754,0.74726868,0.63585859,-0.060160954,0.74853313,0.020634644,-0.05972791,1.0944989,-0.5725976,-0.0088014558
18.272529,-0.096737738,-0.3092501,0.018087373,0.76684284,0.62702221,-0.059543605,0.73227842,0.084492279,-0.059453855,1.1048687,-0.57854944,-0.007819084
18.27565,-0.10778593,-0.30568749,0.018628982,0.78316323,0.61612412,-0.058268467,0.71872542,0.14829008,-0.058716791,1.1154199,-0.58249369,-0.0073704362
18.27877,-0.11893328,-0.30000893,0.018769782,0.79636008,0.60274018,-0.056338911,0.70924248,0.21013327,-0.056963268,1.125871,-0.58519288,-0.0074798647
18.281891,-0.12975592,-0.29244122,0.018266717,0.80647014,0.58681833,-0.054042859,0.70404959,0.26862944,-0.053758001,1.135757,-0.58687266,-0.0081957931
18.285011,-0.14029673,-0.28296352,0.017213928,0.81348077,0.56813741,-0.051532817,0.70308368,0.32306823,-0.048905524,1.144805,-0.58717103,-0.0094896575
18.288131,-0.15053646,-0.27160206,0.015655,0.81741327,0.54604602,-0.048955443,0.70617998,0.37266278,-0.042546534,1.152827,-0.58667799,-0.011186821
18.291251,-0.1598031,-0.25831549,0.013600269,0.8183985,0.52037144,-0.046421729,0.71297132,0.41687657,-0.035072714,1.1596429,-0.58553735,-0.013178105
18.294371,-0.16860248,-0.24312826,0.011384887,0.81692744,0.49113542,-0.043980878,0.72376669,0.45506919,-0.027415061,1.1651523,-0.58346675,-0.015379172
18.297491,-0.17679212,-0.22622073,0.0089399301,0.81288149,0.45847583,-0.041647445,0.73805209,0.48749583,-0.01994351,1.1692685,-0.57983532,-0.017702825
18.300611,-0.18435648,-0.20758148,0.0063750216,0.80615596,0.42259448,-0.039848018,0.75561758,0.51418011,-0.013066741,1.1718926,-0.5744299,-0.020001786
18.303731,-0.19173175,-0.18741883,0.003754083,0.79685066,0.38363329,-0.038057535,0.77589213,0.53530621,-0.0076249315,1.1729212,-0.56682224,-0.022153642
18.30685,-0.19899142,-0.1658398,0.00087260241,0.7853476,0.34127782,-0.036367072,0.79955587,0.55131873,-0.0042009777,1.1721541,-0.55653039,-0.024132133
18.30997,-0.20600639,-0.14295213,-0.0017943367,0.77320377,0.29708789,-0.035490656,0.82695315,0.56292388,-0.0020609045,1.1695004,-0.54265783,-0.025888234
18.313089,-0.21301373,-0.11880724,-0.0042093336,0.75902448,0.25076854,-0.034963839,0.85726401,0.57132124,-0.0011493297,1.1649038,-0.52508141,-0.027456095
18.316209,-0.21973469,-0.093467252,-0.0063155918,0.74281024,0.20230444,-0.035363941,0.89054199,0.57766587,-0.0018178259,1.158459,-0.50334414,-0.028900706
18.319328,-0.22570375,-0.067334046,-0.0081949992,0.72479354,0.15223534,-0.034950038,0.92604764,0.58254275,-0.0037057667,1.1499056,-0.47689547,-0.03023866
18.322447,-0.23222048,-0.040248231,-0.010046971,0.70439815,0.10036644,-0.034196955,0.96057538,0.58661204,-0.0063207118,1.1393615,-0.44508743,-0.031510187
18.325567,-0.23903922,-0.011865413,-0.010690945,0.68142667,0.048305186,-0.035036306,0.9933995,0.5905746,-0.0095588591,1.1268712,-0.407458,-0.032754186
18.328686,-0.24583696,0.015916625,-0.011125249,0.65648146,-0.0049623509,-0.036007834,1.0238751,0.59481607,-0.013094734,1.1126624,-0.36406738,-0.034075666
18.331805,-0.25224206,0.043376371,-0.011820173,0.62979336,-0.059048507,-0.037128716,1.0518497,0.59928688,-0.016477461,1.0965382,-0.31551421,-0.035328679
18.334924,-0.25837156,0.071523336,-0.012050906,0.60194423,-0.11335885,-0.038173537,1.0773282,0.60395769,-0.019598717,1.0791142,-0.26239345,-0.036717981
18.338043,-0.26371875,0.099642284,-0.011966328,0.57250765,-0.16725979,-0.039003432,1.1004459,0.60866878,-0.022244031,1.0610137,-0.20559421,-0.038073427
18.341162,-0.26932835,0.12651824,-0.010811834,0.54202782,-0.21971989,-0.039634873,1.1211327,0.61329359,-0.024439118,1.0425091,-0.14574306,-0.039484284
18.344281,-0.27556752,0.15255485,-0.0086779264,0.51327268,-0.27026969,-0.039786333,1.139428,0.61729875,-0.026087905,1.024229,-0.08400819,-0.040719192
18.3474,-0.28180325,0.17825752,-0.0062684638,0.48753368,-0.31821451,-0.039597195,1.155441,0.62026627,-0.027229762,1.0071448,-0.020855525,-0.041975137
18.350519,-0.28814524,0.20363196,-0.0037847088,0.46506167,-0.36288971,-0.038893707,1.1692746,0.62131891,-0.027914893,0.99184893,0.041604748,-0.042531319
18.353638,-0.2943585,0.22849518,-0.0011231515,0.44587429,-0.40347266,-0.037836381,1.1811727,0.6211644,-0.028280214,0.97993384,0.10285282,-0.042848572
18.356757,-0.3000236,0.25181986,0.0018863388,0.42856889,-0.43982007,-0.036530951,1.1910594,0.61969182,-0.028442737,0.97188267,0.16157353,-0.042826048
18.359876,-0.30502777,0.27416324,0.0052130495,0.41277936,-0.47165563,-0.035543212,1.1991434,0.61716036,-0.028433817,0.96719892,0.21674373,-0.042437811
18.362995,-0.30991265,0.2954385,0.0089735693,0.39860096,-0.49888116,-0.035120207,1.2053578,0.61251966,-0.028275838,0.96616281,0.26765385,-0.041336842
18.366114,-0.31462341,0.31543607,0.012724522,0.38678287,-0.52139375,-0.035061092,1.2094128,0.60476244,-0.028047691,0.9687618,0.31364672,-0.039525794
18.369234,-0.31943672,0.33418213,0.016305353,0.37703605,-0.53927781,-0.035387911,1.2116689,0.5925494,-0.027813034,0.97441628,0.35408694,-0.036396826
18.372353,-0.32415757,0.35128634,0.019628118,0.36801825,-0.55252479,-0.03638571,1.2118466,0.57460006,-0.02770884,0.9836947,0.3887352,-0.031680739
18.375472,-0.32829367,0.36667001,0.022622423,0.35947458,-0.56126302,-0.038185272,1.2098433,0.55079563,-0.027894661,0.99676349,0.41801846,-0.026150717
18.378591,-0.33193857,0.38019321,0.024996811,0.35162387,-0.56560624,-0.040698113,1.205381,0.52242905,-0.028296464,1.0131685,0.44216157,-0.020334726
18.381711,-0.33485464,0.39222277,0.026606004,0.34434941,-0.56597347,-0.043865317,1.1986046,0.48953845,-0.02901898,1.0322634,0.46093002,-0.014454607
18.38483,-0.33705741,0.40254567,0.027334148,0.33787456,-0.56265208,-0.047842537,1.1896495,0.45190315,-0.030031209,1.0533989,0.47546537,-0.0088814823
18.38795,-0.33827444,0.41095269,0.027006506,0.33406835,-0.55592175,-0.052573314,1.1782428,0.40979527,-0.03128303,1.0758717,0.48678537,-0.0040402754
18.391069,-0.33801006,0.41756506,0.025697291,0.33220029,-0.54613439,-0.057872652,1.1641744,0.36323819,-0.032863229,1.09903,0.49561872,-6.3569444e-05
18.394189,-0.33642148,0.42179799,0.023526644,0.33153535,-0.53372421,-0.063360279,1.1472354,0.31252551,-0.034318504,1.1221649,0.50323623,0.0029217765
18.397309,-0.33358898,0.42491518,0.020503614,0.33152734,-0.51843053,-0.068831073,1.1284821,0.2579281,-0.036333817,1.1448827,0.51005995,0.0048153641
18.400428,-0.32934106,0.42628237,0.016558525,0.33168818,-0.50013002,-0.074051488,1.1071677,0.19958318,-0.038612179,1.166854,0.51663396,0.005553297
18.403548,-0.32393211,0.42583851,0.011755377,0.33189837,-0.47905638,-0.078867363,1.083451,0.13813704,-0.041030216,1.1878335,0.52340032,0.005307975
18.406668,-0.31749832,0.42365804,0.0065858485,0.33155401,-0.45524235,-0.083154901,1.0575446,0.073787163,-0.042837592,1.207646,0.53045587,0.0042043984
18.409788,-0.30997655,0.41971502,0.0008226068,0.33037744,-0.42867131,-0.086916738,1.029616,0.0081440595,-0.044813728,1.2262466,0.53780513,0.0023758673
18.412908,-0.30157031,0.41416349,-0.0053481428,0.32825019,-0.39939914,-0.090273663,1.0003279,-0.058644198,-0.046417574,1.2436148,0.54581671,-1.4838018e-06
18.416028,-0.2921809,0.4063276,-0.011635399,0.32499261,-0.36741815,-0.093281615,0.97028048,-0.12551569,-0.047623066,1.2597354,0.55420581,-0.0027084465
18.419149,-0.28199106,0.39690073,-0.017845881,0.32173487,-0.33315242,-0.095987701,0.94089527,-0.19116424,-0.048497372,1.2746819,0.56170039,-0.0056000225
18.422269,-0.27116827,0.3860342,-0.023859569,0.31734427,-0.29639667,-0.098018203,0.91413958,-0.25421867,-0.048815489,1.2885962,0.56803982,-0.0085750983
18.425389,-0.25981972,0.37369146,-0.029470546,0.311396,-0.25688307,-0.099341488,0.89041709,-0.31361924,-0.048394487,1.3014734,0.57372925,-0.011589537
18.42851,-0.24804153,0.35986548,-0.034521141,0.30441913,-0.21425941,-0.10019214,0.8701303,-0.36956173,-0.047285351,1.3132376,0.57797336,-0.0145028
18.431631,-0.23611431,0.34451627,-0.039068451,0.29687449,-0.16790512,-0.10114754,0.85476235,-0.41958387,-0.045598923,1.3238968,0.58047215,-0.017205937
18.434751,-0.2241535,0.32790255,-0.042927027,0.28904609,-0.11987372,-0.10211867,0.84179619,-0.46319235,-0.042884611,1.3334772,0.5811726,-0.019683317
18.437872,-0.21214341,0.31003044,-0.04626312,0.28080203,-0.069281275,-0.10155649,0.83105183,-0.50051946,-0.039620036,1.3420023,0.58063051,-0.022011423
18.440993,-0.20024767,0.29082155,-0.048983486,0.27117671,-0.016278022,-0.099499761,0.82335389,-0.53126169,-0.03601214,1.3493277,0.57905426,-0.024150894
18.444114,-0.18856383,0.27038784,-0.050651032,0.26152167,0.039009045,-0.09607262,0.81883518,-0.55383094,-0.032609015,1.3552077,0.57573446,-0.025982022
18.447235,-0.17724797,0.2487388,-0.051842603,0.25231485,0.09626475,-0.090986607,0.81676264,-0.57156826,-0.029810265,1.359157,0.56815766,-0.027508198
18.450355,-0.16610607,0.2259227,-0.052675671,0.2422594,0.15403957,-0.085783432,0.81674586,-0.58487343,-0.027861737,1.3610853,0.55446352,-0.02865739
18.453476,-0.15425927,0.20206334,-0.052848405,0.23268223,0.21120726,-0.078930749,0.81979627,-0.59390529,-0.026866156,1.3609951,0.53324262,-0.02962564
18.456597,-0.14184701,0.17716552,-0.052312567,0.22488496,0.26643293,-0.068708598,0.8253742,-0.59895086,-0.026920306,1.3585145,0.50421123,-0.030530566
18.459717,-0.13002854,0.15145612,-0.051364279,0.21919672,0.31982431,-0.056473656,0.83279962,-0.60062149,-0.027923723,1.3531669,0.46936255,-0.031342772
18.462838,-0.11884445,0.12489095,-0.049372527,0.21586598,0.37053861,-0.043641714,0.84127125,-0.60003252,-0.029639015,1.3452818,0.42887664,-0.032098612
18.465959,-0.1080495,0.097215868,-0.046555096,0.21516056,0.41764256,-0.031100692,0.85033237,-0.59725828,-0.031866319,1.3345381,0.38285728,-0.032839852
18.469079,-0.097448873,0.069744364,-0.043632209,0.21907389,0.45985352,-0.019281963,0.85964795,-0.5925517,-0.034426748,1.3210696,0.33181515,-0.033525935
18.4722,-0.087704307,0.042189404,-0.041165449,0.22744955,0.49722762,-0.0085891335,0.86905792,-0.58607759,-0.037206706,1.3046432,0.27605212,-0.034143039
18.47532,-0.07898177,0.014135139,-0.039062203,0.23942372,0.5298999,0.00031063607,0.87793348,-0.57799763,-0.040029473,1.2864562,0.21668254,-0.034752142
18.478441,-0.070812166,-0.014267934,-0.036479349,0.25412747,0.55783813,0.0067707069,0.88593772,-0.56808582,-0.04275363,1.2660361,0.15412531,-0.035378965
18.481561,-0.062650691,-0.042675546,-0.033505674,0.27116557,0.58121009,0.010840447,0.89260063,-0.55644117,-0.045327455,1.2437963,0.089190871,-0.0360001
18.484682,-0.055127726,-0.069884359,-0.030383391,0.29131555,0.59986538,0.012300816,0.89751267,-0.54305486,-0.047667399,1.2203529,0.022590346,-0.036377604
18.487802,-0.048520905,-0.09641306,-0.027233116,0.31400953,0.61459852,0.011486547,0.90048142,-0.52749296,-0.049832273,1.1962192,-0.043800153,-0.03659191
18.490923,-0.043512557,-0.12168027,-0.023997384,0.33907695,0.62599901,0.0090809098,0.90133064,-0.50961969,-0.051831799,1.1723199,-0.109322,-0.036621225
18.494044,-0.039896032,-0.14610685,-0.020948824,0.36619505,0.63443106,0.0050895613,0.90004824,-0.48923999,-0.053807908,1.1495262,-0.17270112,-0.036423192
18.497164,-0.037838192,-0.16931996,-0.017629227,0.3950503,0.64044647,-0.00088710134,0.89680354,-0.46581689,-0.055739986,1.1282753,-0.23296924,-0.035794032
18.500285,-0.037029923,-0.19095484,-0.014183445,0.425384,0.64427408,-0.0082884527,0.8915004,-0.43861902,-0.057595044,1.1097719,-0.28902733,-0.034652886
18.503406,-0.03783288,-0.21099672,-0.010684748,0.45834303,0.64621177,-0.016412577,0.88402885,-0.40690232,-0.059420908,1.095669,-0.34015992,-0.033093515
18.506527,-0.039678113,-0.22888818,-0.0072809416,0.49367706,0.64655347,-0.024970898,0.87445893,-0.37059799,-0.06112445,1.0851712,-0.38571938,-0.031039107
18.509648,-0.042610049,-0.24486092,-0.0040786746,0.53114696,0.6455746,-0.033454961,0.8625834,-0.32968666,-0.063201268,1.0785767,-0.42535235,-0.028643874
18.512768,-0.046374795,-0.25874348,-0.00071710471,0.56975943,0.64356378,-0.041368787,0.84923317,-0.28499928,-0.065179675,1.0760741,-0.45911574,-0.025992955
18.515889,-0.050858093,-0.27059418,0.0024593967,0.60827376,0.64093444,-0.048271859,0.83439425,-0.23626467,-0.066779793,1.0754635,-0.48746552,-0.023140491
18.51901,-0.056752069,-0.28022262,0.0050497947,0.64370465,0.63794667,-0.054051286,0.81814825,-0.18376738,-0.068020538,1.0771423,-0.51049973,-0.020304684
18.52213,-0.064252548,-0.28773985,0.0077187285,0.67580983,0.63453067,-0.058282384,0.80081129,-0.1273024,-0.068404813,1.0814342,-0.5279963,-0.017647373
18.525251,-0.07294091,-0.29310096,0.010028645,0.7047773,0.63009541,-0.061007068,0.7828795,-0.067168255,-0.069057353,1.0878225,-0.54170908,-0.015300908
18.528371,-0.082473562,-0.29602644,0.011983408,0.73069877,0.62459112,-0.062289217,0.76522546,-0.0062482751,-0.069178057,1.0959306,-0.55214907,-0.01349011
18.531491,-0.092675689,-0.29686578,0.013511191,0.75356112,0.61765503,-0.062372655,0.74881395,0.056035416,-0.068717539,1.1053003,-0.55940289,-0.012286331
18.534611,-0.10335064,-0.29568467,0.014567248,0.77322139,0.60895824,-0.061501939,0.73437295,0.11894704,-0.06698106,1.1149916,-0.56425629,-0.01167197
18.537732,-0.11431694,-0.29228838,0.015212811,0.78959495,0.59819726,-0.059981,0.72302886,0.18102021,-0.065320376,1.1251391,-0.56791481,-0.011625064
18.540852,-0.12545644,-0.28681369,0.015443368,0.80277442,0.5851078,-0.057977599,0.71582721,0.23975606,-0.061539876,1.1352322,-0.57024864,-0.012153373
18.543971,-0.13635828,-0.27944764,0.015056137,0.81278567,0.56948955,-0.05574727,0.71265478,0.29475571,-0.055932902,1.1447269,-0.57109898,-0.013237905
18.547091,-0.14700262,-0.27020712,0.014163002,0.81985944,0.55088446,-0.053361553,0.71371493,0.34501778,-0.048832115,1.1533552,-0.57084333,-0.014761071
18.550211,-0.15730963,-0.25907394,0.012777355,0.82366563,0.52907323,-0.050957327,0.71842215,0.39026311,-0.040538197,1.160923,-0.57002548,-0.01661112
18.55333,-0.16667053,-0.24597523,0.01088914,0.82458838,0.50393586,-0.048642208,0.72756279,0.42956181,-0.031598483,1.1672689,-0.56823232,-0.018680486
18.55645,-0.17553099,-0.23101622,0.0088233732,0.82317579,0.47564061,-0.046383566,0.74020521,0.46283659,-0.02290712,1.1722667,-0.56488454,-0.020865135
18.559569,-0.18382217,-0.21432096,0.0065020394,0.81912682,0.44419075,-0.044600031,0.75614845,0.49046601,-0.014720593,1.1758305,-0.55986518,-0.023039438
18.562689,-0.19148852,-0.1959383,0.0040515814,0.81241953,0.40955638,-0.043166066,0.77470878,0.51253625,-0.0082187594,1.1778651,-0.55287389,-0.025126792
18.565808,-0.19888346,-0.17600951,0.0015397564,0.80299038,0.37166101,-0.041769645,0.7963046,0.52952357,-0.0039855531,1.1782324,-0.54329755,-0.027086635
18.568927,-0.20623384,-0.15466496,-0.0011803626,0.79192436,0.33138059,-0.040605506,0.82087853,0.54223803,-0.0014547922,1.1767741,-0.5304279,-0.028887692
18.572046,-0.21346294,-0.13196601,-0.0036228724,0.77998382,0.28940522,-0.040073488,0.84872894,0.55131925,-0.00036595263,1.1734672,-0.51405442,-0.03052746
18.575165,-0.22072091,-0.10793284,-0.0058004874,0.76589087,0.2453398,-0.040121243,0.8791237,0.55800166,-0.0009855789,1.1682811,-0.49376752,-0.032077028
18.578284,-0.22730997,-0.082924097,-0.0078222796,0.74985161,0.19933484,-0.040807045,0.91283068,0.56301776,-0.0029989199,1.161096,-0.46906051,-0.03362494
18.581402,-0.23344156,-0.056928456,-0.0096780933,0.73191394,0.1514103,-0.040412573,0.94770295,0.5672413,-0.0058903029,1.1519073,-0.43933785,-0.035204854
18.584521,-0.24025883,-0.029764131,-0.011468318,0.71148257,0.10265211,-0.040482616,0.98139895,0.57134423,-0.0094483003,1.1407232,-0.40409871,-0.036804854
18.58764,-0.24714588,-0.0017566291,-0.011881352,0.6885778,0.053052131,-0.041671679,1.0131884,0.57568531,-0.013503559,1.1275522,-0.36337714,-0.038532273
18.590758,-0.25393466,0.025220189,-0.012357263,0.66365675,0.0022981741,-0.042961399,1.0427215,0.58034135,-0.017397418,1.1124594,-0.31741586,-0.040165464
18.593877,-0.26041684,0.052561137,-0.01303977,0.6371961,-0.049299725,-0.044346981,1.0698291,0.58525812,-0.02093861,1.095556,-0.26673956,-0.041870956
18.596995,-0.26645529,0.080532399,-0.013215684,0.60995491,-0.10138244,-0.045352557,1.0945727,0.59021959,-0.02397425,1.0779769,-0.21237293,-0.043600545
18.600114,-0.2718563,0.10813538,-0.01296432,0.58009325,-0.15251947,-0.046493816,1.116978,0.59512586,-0.026444851,1.0593906,-0.15478773,-0.045307069
18.603232,-0.2779215,0.13463392,-0.011781606,0.54994908,-0.20228733,-0.047150262,1.1370595,0.59964314,-0.028288188,1.0408268,-0.094795889,-0.046754589
18.606351,-0.28423002,0.16043461,-0.0095639685,0.52159416,-0.25037824,-0.047215336,1.1548222,0.60325865,-0.029599066,1.0230664,-0.033177934,-0.047778424
18.609469,-0.29038774,0.1859412,-0.0069444621,0.49608832,-0.29585821,-0.046746476,1.1703277,0.60555433,-0.030414627,1.0068874,0.028327092,-0.048553973
18.612588,-0.29655941,0.21073833,-0.0043660563,0.47392137,-0.3382101,-0.045801695,1.1837217,0.60569888,-0.030797639,0.99348264,0.088870353,-0.048651102
18.615706,-0.30280236,0.23497736,-0.0016249548,0.45505695,-0.37699649,-0.044096853,1.1951437,0.60460576,-0.030905059,0.98423913,0.14739046,-0.048372348
18.618825,-0.30854965,0.25794114,0.0015043795,0.43779629,-0.41135375,-0.042601662,1.2046733,0.60227852,-0.030853016,0.97878642,0.20258716,-0.04780818
18.621943,-0.31343666,0.27963915,0.0050081845,0.42196263,-0.44138926,-0.041518957,1.2123357,0.59874194,-0.030689043,0.97658803,0.25367813,-0.0465079
18.625062,-0.31825527,0.30039136,0.0088145627,0.40743316,-0.46705305,-0.040944745,1.2180522,0.59232026,-0.030479426,0.97818573,0.30001752,-0.044038796
18.62818,-0.32293955,0.3198972,0.012683648,0.3948401,-0.48814586,-0.040873492,1.2219263,0.58230097,-0.030330047,0.982892,0.34097038,-0.040156696
18.631299,-0.327583,0.33801505,0.016403745,0.38411374,-0.50497891,-0.041261563,1.223833,0.56748255,-0.030287693,0.99101174,0.37610844,-0.034579844
18.634418,-0.33211236,0.35453576,0.019899405,0.37402017,-0.5174571,-0.042375349,1.2236866,0.54709135,-0.030469528,1.0030871,0.4057667,-0.028175813
18.637537,-0.33617826,0.36947868,0.023017388,0.36446269,-0.5256529,-0.04423705,1.2212468,0.52188329,-0.031095093,1.0186527,0.43025869,-0.021599827
18.640656,-0.33967882,0.38261253,0.025577594,0.35551637,-0.52993738,-0.046758987,1.2162428,0.492447,-0.032006992,1.0370969,0.44967734,-0.015224723
18.643775,-0.34242499,0.39411946,0.027380186,0.34699968,-0.53038313,-0.049935056,1.2093888,0.45885367,-0.033411981,1.0577984,0.46443189,-0.0093700189
18.646894,-0.34468314,0.40411515,0.028204515,0.33923343,-0.52732829,-0.05396506,1.2001638,0.42111524,-0.035133302,1.080019,0.47549379,-0.0043784369
18.650013,-0.3461652,0.41234754,0.028100644,0.33404068,-0.52087019,-0.058621883,1.1885269,0.37942364,-0.037087665,1.1030691,0.48384641,-0.00047537466
18.653132,-0.34623676,0.41820486,0.026888821,0.33070984,-0.51154065,-0.063781318,1.1741411,0.33375786,-0.039331496,1.1262941,0.49079216,0.002349398
18.656251,-0.34502884,0.42229379,0.024810364,0.32857611,-0.49957092,-0.069194754,1.1575396,0.28409371,-0.042059188,1.1492117,0.49713618,0.0040044592
18.659371,-0.34260952,0.42528956,0.021881349,0.32725368,-0.484498,-0.074611723,1.1383652,0.23060543,-0.045146604,1.1714879,0.50319643,0.0044863698
18.66249,-0.33875915,0.42662234,0.017971072,0.32622857,-0.46660987,-0.079830057,1.1166486,0.17386283,-0.048096561,1.1928497,0.5094112,0.0039756729
18.66561,-0.33364306,0.42620924,0.013251523,0.32513419,-0.44597158,-0.084650271,1.0925302,0.11405842,-0.051224121,1.2130776,0.51601926,0.0026526428
18.668729,-0.32737708,0.4241479,0.0080727102,0.32355055,-0.42250528,-0.088886318,1.0658838,0.051886712,-0.053567971,1.2321678,0.52310846,0.00068168798
18.671849,-0.3199453,0.42048145,0.0021677165,0.3211067,-0.39649336,-0.092927896,1.0371918,-0.011965303,-0.055717517,1.2500351,0.53063149,-0.0017546743
18.674969,-0.31165458,0.41517536,-0.0040762795,0.31794005,-0.36769306,-0.096488702,1.0074979,-0.076735934,-0.05745461,1.2667082,0.53875083,-0.0044644973
18.678089,-0.30222688,0.40780583,-0.010449128,0.3145683,-0.3365168,-0.099607391,0.97680383,-0.14141682,-0.05883601,1.2822208,0.54634975,-0.0073086499
18.681209,-0.29190055,0.39876036,-0.01677989,0.31053972,-0.30276305,-0.10215721,0.94821813,-0.20448967,-0.059647198,1.2967232,0.55332765,-0.010186149
18.684329,-0.28087362,0.38835671,-0.022897748,0.30521159,-0.26604369,-0.10368439,0.92187489,-0.26484251,-0.059695917,1.3102417,0.55954777,-0.013042392
18.687449,-0.26931675,0.3765603,-0.028634288,0.29859277,-0.22662848,-0.10534381,0.89848195,-0.32184446,-0.058868238,1.322759,0.56453217,-0.015819267
18.69057,-0.25729919,0.36333114,-0.033876127,0.29155635,-0.18339485,-0.10646693,0.87972795,-0.37325976,-0.057252473,1.3342295,0.56777504,-0.018409305
18.69369,-0.2450515,0.34863457,-0.038585664,0.28423869,-0.13794565,-0.10677575,0.86448033,-0.41877593,-0.05466074,1.3447013,0.56879039,-0.020783372
18.696811,-0.23269863,0.33263345,-0.042622657,0.27718157,-0.089473556,-0.10587083,0.85111824,-0.45817022,-0.051218336,1.3541582,0.56837311,-0.022982943
18.699931,-0.22023574,0.31542325,-0.046187222,0.2686872,-0.038618799,-0.10324198,0.84005276,-0.49046682,-0.047252824,1.3625071,0.56654352,-0.025061056
18.703052,-0.20789107,0.29691,-0.049120145,0.25943341,0.014257312,-0.099178753,0.83215859,-0.51550464,-0.042886541,1.3696243,0.56307652,-0.0269662
18.706173,-0.19569308,0.27715788,-0.051016539,0.25061956,0.069214247,-0.093521369,0.82711909,-0.53605336,-0.038860433,1.3750249,0.5558724,-0.028703178
18.709293,-0.18369581,0.25617493,-0.052349056,0.24127916,0.12500102,-0.086098102,0.82416155,-0.55208386,-0.035768759,1.3786263,0.54354773,-0.030249608
18.712414,-0.17200388,0.23411731,-0.053248707,0.23285114,0.18113974,-0.078838638,0.82387131,-0.56384948,-0.033804093,1.3802885,0.5246788,-0.031657954
18.715534,-0.15967529,0.21084676,-0.053617941,0.22591731,0.23519606,-0.067992905,0.82642725,-0.57152898,-0.03305444,1.3797396,0.49850897,-0.033118377
18.718655,-0.14687023,0.18648548,-0.053409984,0.22090252,0.2875746,-0.055196249,0.83125202,-0.57560673,-0.033297723,1.3764798,0.4669565,-0.034660131
18.721775,-0.13418532,0.1610917,-0.052527617,0.21788684,0.33756506,-0.041822403,0.83758779,-0.57637982,-0.034483292,1.3706297,0.43015796,-0.03627271
18.724895,-0.12232445,0.13485253,-0.050524365,0.2170479,0.38424317,-0.028362591,0.8449373,-0.57493071,-0.036295708,1.3619331,0.38809337,-0.03787141
18.728015,-0.11092962,0.10767677,-0.047747832,0.21881442,0.42691849,-0.01566856,0.85293762,-0.57125939,-0.03857659,1.3502908,0.34104002,-0.039536971
18.731136,-0.10008655,0.080493236,-0.044690365,0.22547493,0.46473563,-0.0037852549,0.86116068,-0.56565745,-0.041164721,1.3356805,0.28933983,-0.041096578
18.734256,-0.090142969,0.053197254,-0.042237215,0.23584393,0.49828124,0.0063819054,0.86931866,-0.55833453,-0.043952004,1.3185331,0.23359094,-0.042655341
18.737376,-0.081328097,0.025365672,-0.04011553,0.24911256,0.52727969,0.014195584,0.87700548,-0.54935522,-0.046807168,1.298739,0.17427696,-0.04410307
18.740496,-0.073144638,-0.0026832819,-0.037615375,0.26464532,0.55177548,0.019356867,0.88383869,-0.53868972,-0.049578998,1.2766519,0.11210533,-0.04536044
18.743617,-0.065305318,-0.031217613,-0.034832603,0.28245397,0.57181778,0.021901954,0.88935651,-0.5262133,-0.052241783,1.2526983,0.047832591,-0.04607846
18.746737,-0.058111643,-0.058550641,-0.031859128,0.30308666,0.58790228,0.021526568,0.89314494,-0.51158913,-0.054746925,1.2275124,-0.017077743,-0.046836417
18.749857,-0.051968265,-0.085010036,-0.028846473,0.32623839,0.60052073,0.01940816,0.89493964,-0.49472585,-0.057129109,1.2019557,-0.08176937,-0.047318693
18.752977,-0.047176012,-0.11027173,-0.025962889,0.35160152,0.61031187,0.015725228,0.8945581,-0.47536277,-0.059500097,1.1769592,-0.14499253,-0.047440919
18.756098,-0.043737721,-0.13459095,-0.023257922,0.37880246,0.61757724,0.010127517,0.8925247,-0.45330508,-0.061951393,1.1530595,-0.20554815,-0.046925621
18.759218,-0.04193012,-0.15808048,-0.020088396,0.40760168,0.62254579,0.0027835689,0.88839989,-0.42800096,-0.06461817,1.1318977,-0.26224295,-0.045617761
18.762339,-0.041456627,-0.1796523,-0.016702716,0.43821179,0.62570929,-0.0054955757,0.88209963,-0.39852222,-0.067264956,1.1149626,-0.31431501,-0.04335806
18.765459,-0.042690439,-0.19967564,-0.013356379,0.47143958,0.62726904,-0.014339656,0.87353679,-0.36437067,-0.069781797,1.1015844,-0.36097691,-0.040410797
18.76858,-0.044917709,-0.21763946,-0.010230231,0.50739971,0.62744688,-0.023396118,0.86226826,-0.32581171,-0.07244709,1.0928153,-0.40172698,-0.036927226
18.7717,-0.048158197,-0.23365293,-0.0071211456,0.54506603,0.62641923,-0.032237556,0.85005686,-0.28331586,-0.075163434,1.0883376,-0.43654748,-0.033047071
18.774821,-0.052123253,-0.24752847,-0.0039028308,0.58354354,0.62465944,-0.040296084,0.8362126,-0.23682322,-0.077451373,1.0864939,-0.46574773,-0.028979312
18.777941,-0.057339634,-0.25940615,-0.0011948712,0.62132174,0.62239055,-0.047270125,0.82092762,-0.18627478,-0.079043011,1.0861678,-0.48910387,-0.025029116
18.781062,-0.063886115,-0.26934786,0.0012753753,0.65597948,0.61962599,-0.053046528,0.80450137,-0.13172339,-0.080200486,1.088228,-0.50736181,-0.021350233
18.784182,-0.071642614,-0.27712065,0.0039043166,0.6873755,0.616154,-0.057283603,0.78804851,-0.073337639,-0.081442308,1.0927803,-0.52145233,-0.018085362
18.787303,-0.080359774,-0.28251703,0.0062009254,0.71555627,0.61159722,-0.060067831,0.77124767,-0.013782331,-0.081674489,1.0993655,-0.53230013,-0.015528036
18.790423,-0.089908032,-0.2854581,0.0081643535,0.74077806,0.60578913,-0.061361817,0.75524869,0.047430985,-0.080197378,1.107486,-0.54011504,-0.013774457
18.793543,-0.10007709,-0.28633009,0.0097700985,0.7628554,0.59853574,-0.061572357,0.74106634,0.10933391,-0.077027107,1.1162038,-0.54580942,-0.012732321
18.796663,-0.11068624,-0.2850877,0.010954347,0.78168221,0.58942465,-0.060865396,0.72992684,0.17061568,-0.0725801,1.1256014,-0.54964166,-0.012415739
18.799783,-0.12151856,-0.28169004,0.011758838,0.79719952,0.57823908,-0.05961298,0.72189127,0.22879638,-0.065429981,1.1354449,-0.55201473,-0.012791392
18.802902,-0.13241089,-0.27623149,0.012007263,0.80948474,0.56482122,-0.057994687,0.71812763,0.28315697,-0.056606489,1.1449093,-0.55319183,-0.013764282
18.806022,-0.14306614,-0.26892077,0.011728491,0.81871896,0.54851848,-0.056108764,0.71851718,0.33297908,-0.046804847,1.1536529,-0.55301607,-0.015230643
18.809142,-0.1535862,-0.25973429,0.010884558,0.82488379,0.52952517,-0.054154839,0.72303177,0.37740202,-0.036556436,1.1614293,-0.55223131,-0.017080511
18.812261,-0.16362411,-0.24855293,0.0095302038,0.82776939,0.50740997,-0.052124105,0.7319208,0.41600237,-0.026275461,1.1680354,-0.55025135,-0.019192768
18.815381,-0.1728034,-0.23545035,0.0077334617,0.82803159,0.48224944,-0.050337674,0.74429129,0.44859211,-0.016210823,1.1733582,-0.54679026,-0.021446037
18.8185,-0.18145384,-0.22048394,0.0056639247,0.82593756,0.45443169,-0.048779908,0.75997358,0.47523032,-0.0074215056,1.177273,-0.54174726,-0.02376212
18.821619,-0.18963355,-0.2037951,0.0033405022,0.82115029,0.42305008,-0.047684683,0.77831034,0.49657669,-0.00058606515,1.1796889,-0.53478683,-0.026051109
18.824738,-0.19730377,-0.18541466,0.00094014583,0.81376808,0.38891659,-0.046826048,0.79923541,0.51319148,0.0038462718,1.1804781,-0.52517454,-0.028256647
18.827857,-0.20471255,-0.16550797,-0.0015099456,0.80367562,0.35211199,-0.045719219,0.82262099,0.52566829,0.0065912368,1.1795346,-0.51260671,-0.030398447
18.830976,-0.21203251,-0.14412827,-0.0040844704,0.79303806,0.31357205,-0.045327736,0.84881289,0.53471273,0.0072857107,1.1767624,-0.49666704,-0.03246112
18.834095,-0.21920436,-0.12136638,-0.006256264,0.78061732,0.273198,-0.045338085,0.87727608,0.5411768,0.0061406729,1.1721246,-0.47692936,-0.03455209
18.837214,-0.22629257,-0.097324954,-0.0083345417,0.76600453,0.23074953,-0.046035121,0.90892881,0.5461991,0.0035801565,1.1655171,-0.45298273,-0.036781166
18.840332,-0.232852,-0.072379571,-0.010253621,0.74964146,0.18642467,-0.04659817,0.94332425,0.5504166,8.329647e-06,1.1568862,-0.42420773,-0.039168778
18.843451,-0.23922163,-0.046179349,-0.012223418,0.73121536,0.1403087,-0.046174404,0.97683455,0.55445106,-0.004538559,1.1462095,-0.39013905,-0.041735446
18.846569,-0.24617275,-0.018414499,-0.013713576,0.71029606,0.093818964,-0.047273225,1.0086882,0.55877317,-0.0094697971,1.1334021,-0.35084285,-0.044459222
18.849688,-0.25322022,0.0088051024,-0.014053947,0.68701506,0.045981947,-0.048480212,1.0386101,0.56348452,-0.014219831,1.1186139,-0.30641184,-0.047169072
18.852806,-0.25993498,0.035630302,-0.014500097,0.66202713,-0.003029021,-0.049753089,1.066317,0.56849168,-0.018497295,1.1020446,-0.25747378,-0.050022817
18.855925,-0.26635296,0.06294545,-0.015108488,0.63575576,-0.052927993,-0.050678896,1.0917899,0.57363654,-0.022213923,1.0842553,-0.20458306,-0.052870867
18.859043,-0.27188652,0.091029246,-0.015168882,0.60829858,-0.10292576,-0.051393177,1.1149972,0.57868768,-0.025245796,1.0653553,-0.14866736,-0.055328735
18.862162,-0.27800064,0.11820109,-0.014684564,0.57848879,-0.15194901,-0.052138038,1.1359399,0.58346786,-0.027557622,1.0466181,-0.089661984,-0.056900847
18.86528,-0.28430419,0.14453083,-0.01322568,0.54910116,-0.19968691,-0.052295892,1.1546836,0.58749143,-0.029274662,1.0285199,-0.028955733,-0.058281216
18.868399,-0.2906625,0.1702965,-0.010732523,0.52202159,-0.2455039,-0.051813028,1.1711982,0.59031484,-0.03046815,1.0121294,0.031602065,-0.059169018
18.871517,-0.2968226,0.19568763,-0.0079542821,0.49778164,-0.2888273,-0.050464575,1.1855432,0.5912889,-0.031159427,0.99877605,0.091331013,-0.059077217
18.874636,-0.30316024,0.22021715,-0.0050903859,0.47652889,-0.32870537,-0.048342284,1.1979079,0.59018415,-0.031503474,0.98976832,0.14917023,-0.057693231
18.877754,-0.30948469,0.24388303,-0.0021000603,0.45852186,-0.36497282,-0.04618329,1.2082895,0.58767054,-0.031703442,0.98493634,0.20357307,-0.055138802
18.880873,-0.31509374,0.26641201,0.0012257593,0.44152218,-0.39702631,-0.044532739,1.2168228,0.58372739,-0.03183519,0.98306338,0.25378113,-0.051029219
18.883992,-0.32003349,0.28796421,0.0048952665,0.42590295,-0.42484497,-0.04345405,1.2234479,0.57772506,-0.031976923,0.98503825,0.29912762,-0.045254335
18.887111,-0.32488269,0.30849431,0.0088566429,0.41138866,-0.44842677,-0.0427351,1.2281408,0.5686186,-0.032136113,0.98990777,0.33900602,-0.038468876
18.890229,-0.32962826,0.32778041,0.012907165,0.39879269,-0.46763372,-0.042684541,1.2310016,0.55571826,-0.032424039,0.99840742,0.3729839,-0.03101508
18.893348,-0.33424028,0.34554661,0.016801346,0.38778708,-0.48267457,-0.043260495,1.2318369,0.53802803,-0.032933901,1.0108859,0.40156445,-0.023388939
18.896467,-0.33836862,0.36175943,0.020400769,0.37736553,-0.49364728,-0.044641665,1.2305225,0.51533868,-0.033927565,1.0267911,0.42491777,-0.016034088
18.899587,-0.34207909,0.37623593,0.02360411,0.36750897,-0.50076655,-0.04670554,1.2267606,0.48838084,-0.035289066,1.0455859,0.44327638,-0.0093588928
18.902706,-0.34514426,0.38885366,0.026222725,0.35809016,-0.50401219,-0.049468058,1.2210967,0.45768022,-0.037201636,1.0665517,0.45714087,-0.0035321828
18.905825,-0.34752653,0.39984397,0.027930514,0.34914727,-0.50365616,-0.053008904,1.213133,0.42304605,-0.0394585,1.0888434,0.46725827,0.0011397568
18.908944,-0.34939673,0.40914476,0.028779871,0.34170937,-0.49993624,-0.057344944,1.2027961,0.38466773,-0.041875681,1.1118507,0.47482374,0.0045753893
18.912064,-0.35024623,0.41666227,0.028698321,0.33655782,-0.49291044,-0.062267195,1.1897948,0.34267197,-0.044908854,1.1349261,0.48099501,0.0067686595
18.915184,-0.34966734,0.42198377,0.027258466,0.33298798,-0.48319838,-0.067657998,1.174382,0.29651641,-0.0482072,1.1576328,0.48665908,0.0076592393
18.918303,-0.34809202,0.42572675,0.025078861,0.33051812,-0.47078013,-0.073224939,1.1566263,0.24672601,-0.051601046,1.1796441,0.49222836,0.0074332389
18.921423,-0.34531541,0.42868342,0.021929749,0.32865383,-0.45526506,-0.078734732,1.1362838,0.19357566,-0.054905413,1.2007406,0.4980398,0.0062769781
18.924543,-0.34107493,0.42997642,0.017686647,0.32693941,-0.43706467,-0.08402193,1.1134242,0.13724038,-0.058117281,1.2206913,0.50436303,0.0044144393
18.927663,-0.33544566,0.42962546,0.012916747,0.32499629,-0.4159715,-0.088793205,1.0880055,0.077740809,-0.060613776,1.2394942,0.51126564,0.0019944955
18.930783,-0.32842008,0.42758046,0.007458575,0.32222761,-0.39227055,-0.093346126,1.0601665,0.016531013,-0.063282453,1.2571629,0.51862854,-0.00077883836
18.933904,-0.32028372,0.42406263,0.0012188501,0.31901417,-0.36597883,-0.097489773,1.0309082,-0.046207953,-0.065563794,1.2736857,0.52630613,-0.0037268143
18.937024,-0.31113853,0.41902762,-0.0053238272,0.31556589,-0.33707944,-0.10089991,1.000441,-0.10941655,-0.067270046,1.2891362,0.53404347,-0.0067261093
18.940145,-0.30090838,0.41204046,-0.011924824,0.31127448,-0.30550147,-0.10391359,0.97085047,-0.17190108,-0.068180184,1.3036086,0.5413841,-0.0096891262
18.943265,-0.28978649,0.4033061,-0.018527222,0.30630048,-0.27094193,-0.10595019,0.94321098,-0.23264674,-0.068104173,1.3172047,0.54794155,-0.012571099
18.946386,-0.27802798,0.39318861,-0.024914012,0.30009392,-0.23341522,-0.10773372,0.91865822,-0.28997682,-0.066694486,1.3298879,0.55342126,-0.015372513
18.949506,-0.26567875,0.381692,-0.030878593,0.29338738,-0.19253137,-0.10885261,0.89827994,-0.34173669,-0.064050732,1.3416346,0.55734083,-0.018023439
18.952626,-0.25290625,0.36879322,-0.036287645,0.28652619,-0.14889195,-0.10845777,0.88182046,-0.38802057,-0.060318233,1.3524382,0.55892926,-0.020487597
18.955746,-0.23990923,0.35451218,-0.041223709,0.27946451,-0.10206782,-0.1074782,0.86715186,-0.42760573,-0.055675557,1.3622873,0.55836938,-0.022797705
18.958866,-0.22679421,0.33891833,-0.045492911,0.27257738,-0.052792884,-0.10451397,0.85444039,-0.46035055,-0.050373645,1.3711234,0.55620853,-0.025062892
18.961986,-0.21351728,0.32210315,-0.049229906,0.26425363,-0.0016684168,-0.099687219,0.84442823,-0.48709686,-0.04505544,1.3787306,0.55180545,-0.027220472
18.965105,-0.20045375,0.30400636,-0.0521283,0.25614109,0.051252271,-0.093363945,0.83737053,-0.50945915,-0.040380726,1.3847823,0.54378421,-0.029258683
18.968225,-0.18758404,0.28470719,-0.054230937,0.2475971,0.10523829,-0.084747938,0.83240236,-0.52719627,-0.036861095,1.3891898,0.53155344,-0.031228329
18.971344,-0.17492405,0.26409297,-0.055720062,0.23973117,0.15964063,-0.076067993,0.83000472,-0.54066551,-0.034870937,1.3917717,0.51354941,-0.033112141
18.974464,-0.16268439,0.24234476,-0.05671467,0.233136,0.21318909,-0.064873249,0.83050955,-0.55008221,-0.034112492,1.3921716,0.48938247,-0.035112998
18.977583,-0.14975669,0.21948815,-0.056722969,0.22818095,0.26419295,-0.051357773,0.83343128,-0.55580691,-0.034404126,1.3900703,0.46012422,-0.037257681
18.980702,-0.13659954,0.19514788,-0.056504546,0.22513055,0.31309745,-0.03761052,0.83806757,-0.55782967,-0.035738142,1.3854047,0.42592328,-0.039666263
18.983821,-0.12332089,0.16987353,-0.05547415,0.22386518,0.35908564,-0.023675023,0.84409269,-0.55700221,-0.03784333,1.3779611,0.38657686,-0.042132193
18.98694,-0.11095109,0.1437841,-0.053385285,0.22458349,0.40161527,-0.010600618,0.8508476,-0.55410592,-0.040451268,1.3675479,0.34231129,-0.044626047
18.99006,-0.099098595,0.11695435,-0.050663347,0.22984781,0.43957647,0.0018313469,0.85806633,-0.54916887,-0.043384313,1.3540517,0.29334248,-0.046935145
18.993179,-0.088367843,0.089772894,-0.047433363,0.23867023,0.47329251,0.012662542,0.86525463,-0.54235101,-0.046567049,1.3376563,0.24017615,-0.049183967
18.996298,-0.079071184,0.062578917,-0.044783358,0.25052728,0.50292754,0.021137586,0.8722262,-0.53386132,-0.049863748,1.3183802,0.18309079,-0.051241951
18.999417,-0.070549778,0.034937825,-0.04257644,0.26470885,0.52816255,0.02717851,0.8787814,-0.52362022,-0.053125082,1.2964358,0.122794,-0.053030774
19.002536,-0.062860583,0.0071046356,-0.040254819,0.28102691,0.54926191,0.030287681,0.88433561,-0.51156277,-0.05636078,1.2722591,0.060072994,-0.054394268
19.005655,-0.055982771,-0.020846283,-0.037486137,0.3003179,0.5662213,0.030049407,0.88837928,-0.49747104,-0.059425116,1.2464628,-0.0038720416,-0.055582341
19.008774,-0.049510931,-0.048765174,-0.034527466,0.32217268,0.57976505,0.027980744,0.89070348,-0.48108653,-0.062484739,1.2200075,-0.06801591,-0.056183308
19.011893,-0.043947137,-0.075081063,-0.031516585,0.34647902,0.59031035,0.024255994,0.89100164,-0.46210099,-0.065588415,1.193545,-0.13114516,-0.056348513
19.015012,-0.040539554,-0.10049273,-0.029136425,0.37259153,0.59836179,0.018636565,0.88954022,-0.44049649,-0.068656151,1.1682727,-0.19178932,-0.055718179
19.018131,-0.038330618,-0.12468978,-0.026316032,0.40058039,0.60418403,0.011114035,0.88600356,-0.41607286,-0.07180572,1.1458587,-0.24883421,-0.054056101
19.021251,-0.03752774,-0.14815558,-0.022978491,0.43005468,0.60818174,0.0024239664,0.88012823,-0.38781013,-0.074836055,1.1276078,-0.30129148,-0.051196023
19.02437,-0.037932842,-0.16971528,-0.019624484,0.46163071,0.61064447,-0.0070382281,0.87174174,-0.35524519,-0.078105596,1.1132317,-0.34827375,-0.047257967
19.02749,-0.039869056,-0.1896249,-0.016309744,0.49619438,0.61174646,-0.016746778,0.8613912,-0.31811019,-0.081348722,1.1036354,-0.38931155,-0.04266959
19.030609,-0.043238768,-0.20762923,-0.01326631,0.532927,0.61166546,-0.026405124,0.85020203,-0.27699416,-0.084402135,1.0982272,-0.42423636,-0.037643074
19.033729,-0.047414662,-0.22357217,-0.010175168,0.57096123,0.61071115,-0.035526875,0.83696705,-0.23192545,-0.087024639,1.0951328,-0.45336226,-0.032489142
19.036848,-0.052392189,-0.23744656,-0.0070891581,0.60940902,0.60909931,-0.043512714,0.82229207,-0.1826276,-0.088722118,1.0940235,-0.47647205,-0.027605388
19.039968,-0.058163435,-0.2494697,-0.0043928273,0.64582531,0.60691916,-0.050462957,0.8065869,-0.12910466,-0.090475212,1.0949681,-0.49444455,-0.02316474
19.043088,-0.065165684,-0.25950143,-0.0019012298,0.67906026,0.6041685,-0.056023244,0.7914457,-0.072612813,-0.091330854,1.0983081,-0.50814011,-0.019346012
19.046208,-0.073583283,-0.26732386,0.00058428484,0.70905433,0.60035255,-0.06002538,0.77510768,-0.0138718,-0.090811709,1.1038301,-0.51849,-0.016407033
19.049328,-0.082874113,-0.27270226,0.0028193641,0.73585492,0.59544139,-0.062470529,0.75944079,0.046463018,-0.087757874,1.1110715,-0.52616687,-0.014394253
19.052448,-0.09280744,-0.27561564,0.0047260245,0.75955515,0.58920537,-0.063588363,0.74559631,0.10728696,-0.082549949,1.1189664,-0.53156026,-0.013300132
19.055568,-0.10323124,-0.2763537,0.0062826662,0.78014122,0.58135724,-0.063554278,0.73477387,0.16751345,-0.07527683,1.1277406,-0.53505824,-0.013016079
19.058689,-0.11394703,-0.27492492,0.0075318386,0.79739181,0.57151377,-0.06279185,0.72657729,0.2246691,-0.066316933,1.1371133,-0.53707318,-0.01346384
19.061809,-0.12478087,-0.27132969,0.0084170911,0.81136766,0.55962763,-0.061508707,0.72273521,0.27790262,-0.055860418,1.1463165,-0.53790279,-0.014539924
19.06493,-0.1355654,-0.26581097,0.0087135131,0.82227474,0.54513819,-0.059923987,0.72275518,0.32666551,-0.044626848,1.154908,-0.5377504,-0.016131597
19.06805,-0.14605571,-0.25838345,0.0084134811,0.82995985,0.52800985,-0.058225899,0.72764083,0.36948453,-0.033076385,1.1626504,-0.53655629,-0.018098527
19.071171,-0.15632315,-0.2490617,0.0075168604,0.83460517,0.50822137,-0.056355966,0.736612,0.4069115,-0.021467392,1.1692742,-0.53423443,-0.020295901
19.074291,-0.16621599,-0.23774958,0.0060483314,0.83611285,0.48543152,-0.054769332,0.74913329,0.43838782,-0.010642526,1.174629,-0.53055323,-0.022655002
19.077411,-0.17530461,-0.22451907,0.0041391644,0.83530024,0.46016177,-0.053343033,0.76470399,0.46408279,-0.0015721916,1.1785967,-0.52526874,-0.02511955
19.080531,-0.18379898,-0.20942358,0.0019575152,0.83192224,0.43157832,-0.052261793,0.78278633,0.48444349,0.0052410733,1.181048,-0.517976,-0.027600557
19.083651,-0.1918439,-0.19265707,-0.00033913578,0.82585335,0.4002363,-0.051632029,0.80325772,0.50020157,0.0097127377,1.18196,-0.50822031,-0.030061332
19.086771,-0.19954664,-0.17411898,-0.0026524765,0.81725917,0.36652934,-0.050849157,0.82594067,0.51189126,0.01234946,1.181166,-0.49558122,-0.032515265
19.089891,-0.20684262,-0.15406066,-0.0051000691,0.80678089,0.33055367,-0.050475181,0.85075934,0.52056991,0.012359823,1.1785098,-0.47959719,-0.034976032
19.093011,-0.21414908,-0.13252556,-0.0075360136,0.79557538,0.29308841,-0.050527048,0.87783687,0.52691122,0.010477026,1.1739656,-0.459876,-0.037524359
19.09613,-0.22158508,-0.10948798,-0.0097549262,0.78220226,0.25352116,-0.051013973,0.90781422,0.53178619,0.0073364647,1.1673897,-0.4360513,-0.040315129
19.09925,-0.22851447,-0.085529435,-0.011893886,0.7669,0.211961,-0.052239954,0.94084845,0.53586807,0.0029185088,1.1588616,-0.40758059,-0.043342543
19.102369,-0.23520413,-0.060401533,-0.013798178,0.75003038,0.16848178,-0.051984781,0.97413961,0.53974586,-0.0025414868,1.1481541,-0.37402822,-0.046581702
19.105489,-0.24174678,-0.033629529,-0.015917352,0.73068699,0.12425818,-0.052460135,1.0060651,0.54388028,-0.0083204913,1.1352911,-0.33544286,-0.049982301
19.108608,-0.24876582,-0.0064321749,-0.017026968,0.70897927,0.078955518,-0.053745228,1.0362967,0.54848281,-0.013855015,1.1204018,-0.291862,-0.05363128
19.111727,-0.255789,0.020342017,-0.017179209,0.68520744,0.032242599,-0.0550033,1.0644861,0.55343164,-0.018830351,1.1037937,-0.24387776,-0.057129607
19.114847,-0.26236298,0.047264729,-0.017512912,0.66001204,-0.01570354,-0.056068459,1.0904649,0.55866621,-0.023079243,1.0855564,-0.19198864,-0.060413983
19.117966,-0.26821111,0.074793595,-0.017883061,0.63397948,-0.064273269,-0.056522699,1.1142716,0.56385589,-0.02652312,1.0664041,-0.13671596,-0.063135717
19.121085,-0.27425286,0.10267372,-0.017711835,0.6054155,-0.11212574,-0.056996232,1.1359244,0.56875556,-0.029153736,1.0476402,-0.078499026,-0.064987435
19.124204,-0.28060557,0.12957742,-0.016831777,0.57610219,-0.15916132,-0.057032713,1.1554198,0.57306365,-0.031075813,1.0295739,-0.018998759,-0.066160995
19.127324,-0.28704809,0.15590008,-0.014948122,0.54779328,-0.20481403,-0.056411665,1.1727232,0.57633743,-0.03240727,1.0136252,0.040790357,-0.066452283
19.130443,-0.29343854,0.18163231,-0.012137771,0.52224456,-0.24849417,-0.055105687,1.1878329,0.5779131,-0.03322602,1.0012634,0.099614106,-0.06506234
19.133562,-0.29977367,0.20664083,-0.0091179689,0.49947047,-0.28919608,-0.052778446,1.2008846,0.57721151,-0.033664333,0.9933238,0.15654841,-0.061870789
19.136682,-0.30636054,0.23104604,-0.0059040889,0.47967823,-0.32647643,-0.050275286,1.2119352,0.574446,-0.033936365,0.98934808,0.20976885,-0.057260689
19.139801,-0.31263463,0.25419633,-0.0025994194,0.46213842,-0.36005575,-0.048241579,1.22105,0.57010297,-0.034185356,0.98852805,0.25875092,-0.051217623
19.142921,-0.31813625,0.27662518,0.0010882325,0.4457231,-0.38976065,-0.046920355,1.2283001,0.56404825,-0.034442046,0.99160996,0.30264061,-0.044041607
19.14604,-0.32313297,0.2979734,0.0050048511,0.43053234,-0.41517688,-0.046108852,1.2335416,0.55519305,-0.034738645,0.99693522,0.34100324,-0.036059441
19.14916,-0.32800575,0.31815133,0.0091967211,0.41630928,-0.436272,-0.045898066,1.2369432,0.54340374,-0.035278764,1.0059337,0.37341837,-0.027780858
19.15228,-0.33267028,0.33695132,0.01342615,0.40432107,-0.45339105,-0.046340157,1.2383642,0.52741118,-0.036047027,1.0189376,0.40066185,-0.019703192
19.1554,-0.33705111,0.35427189,0.017421604,0.39335714,-0.46655335,-0.047538217,1.237654,0.50669063,-0.037257595,1.0353039,0.42251714,-0.012271199
19.15852,-0.34089973,0.37008757,0.021109932,0.38288042,-0.47590442,-0.049528271,1.2346211,0.48162396,-0.038957913,1.0544084,0.43935804,-0.0057397576
19.16164,-0.34432535,0.38377011,0.02431908,0.37286686,-0.48138583,-0.052177665,1.2295626,0.45301088,-0.041159446,1.0755115,0.45196554,-0.00036990643
19.16476,-0.34691833,0.39570824,0.026818415,0.36333864,-0.48326922,-0.055502142,1.2222856,0.420697,-0.043685019,1.0977771,0.46090806,0.0037715503
19.16788,-0.34893759,0.40584299,0.028441312,0.3542259,-0.48174841,-0.059731081,1.2126532,0.38473427,-0.046492486,1.120613,0.46754693,0.0065163512
19.171,-0.3502301,0.41440628,0.02915151,0.34748797,-0.47691244,-0.064606607,1.2004396,0.34520652,-0.049918972,1.1433929,0.47300001,0.007950571
19.174121,-0.35016773,0.42095256,0.028817942,0.34265712,-0.46902468,-0.070046943,1.1855824,0.30158551,-0.05334175,1.1657346,0.47804523,0.0081841998
19.177242,-0.34894201,0.42567408,0.027092626,0.33921768,-0.45857791,-0.075767826,1.1687378,0.25463193,-0.056928855,1.187338,0.48313653,0.0073575206
19.180362,-0.34657875,0.42901928,0.02465629,0.3365677,-0.44524017,-0.081495139,1.149315,0.20426651,-0.060483606,1.208033,0.48862981,0.005686344
19.183483,-0.34287485,0.43147099,0.021085468,0.33417282,-0.42895204,-0.08712023,1.1274186,0.15066976,-0.063848446,1.2276005,0.4947171,0.0034160321
19.186603,-0.33789021,0.4326125,0.01650213,0.33178937,-0.40990289,-0.09238315,1.102854,0.093533126,-0.066649199,1.2460742,0.50142308,0.00073366796
19.189724,-0.33140381,0.43215765,0.011401784,0.32870602,-0.38799463,-0.09727822,1.0757912,0.034698949,-0.069868033,1.2634449,0.50866997,-0.0021888123
19.192844,-0.32357892,0.43003027,0.0055013595,0.32540046,-0.36374296,-0.10178657,1.0471193,-0.0260307,-0.072571027,1.2797195,0.51621681,-0.0052061859
19.195964,-0.31465972,0.42648408,-0.001040015,0.3216195,-0.33659104,-0.10552855,1.0171933,-0.087536909,-0.074480285,1.2949862,0.52387385,-0.0081990301
19.199084,-0.30452293,0.42149822,-0.0078044973,0.31708862,-0.30671757,-0.10868891,0.98742987,-0.14879061,-0.075472174,1.3093218,0.53125967,-0.011105137
19.202204,-0.29342251,0.41468302,-0.014673148,0.31199593,-0.27407279,-0.11119882,0.95932218,-0.20858257,-0.075162785,1.3228197,0.5379174,-0.013897907
19.205324,-0.28145694,0.40616559,-0.021510055,0.30619813,-0.23787283,-0.11292637,0.93416331,-0.2656494,-0.073240935,1.3354737,0.54357193,-0.016611367
19.208444,-0.2689277,0.39616272,-0.028080831,0.29970816,-0.19912664,-0.11377318,0.91317131,-0.31742704,-0.069895849,1.3472697,0.54784334,-0.01920047
19.211563,-0.25575467,0.38476314,-0.034124775,0.29300806,-0.15669729,-0.11318477,0.89641234,-0.36387944,-0.065446802,1.3581763,0.54984253,-0.021651049
19.214683,-0.24225522,0.37197354,-0.039658796,0.28642187,-0.11153363,-0.11144381,0.88117019,-0.40333781,-0.060326833,1.3681902,0.54918454,-0.023980646
19.217802,-0.2286065,0.35792546,-0.044636335,0.28026275,-0.063751842,-0.10802063,0.86774653,-0.43653092,-0.054716081,1.3771988,0.54684878,-0.026306178
19.220921,-0.21480984,0.34253335,-0.049006385,0.2732624,-0.013899004,-0.10272464,0.85627568,-0.46474766,-0.049144275,1.3850252,0.54146095,-0.028590022
19.22404,-0.20097407,0.32587187,-0.052539229,0.26520647,0.037170354,-0.095744242,0.84775585,-0.48839288,-0.044193975,1.3913675,0.53262975,-0.030818638
19.227159,-0.18735424,0.30795142,-0.055461488,0.25716042,0.089352483,-0.086817799,0.84125238,-0.50755828,-0.040704833,1.3961218,0.52021169,-0.033017022
19.230278,-0.17392193,0.28884094,-0.057702091,0.24967654,0.14232197,-0.076022555,0.83677212,-0.52239818,-0.038809338,1.3990782,0.50259935,-0.035174815
19.233397,-0.16078434,0.26843388,-0.058790787,0.24327485,0.19480477,-0.06427171,0.83578928,-0.53305208,-0.038143012,1.3999244,0.47970911,-0.037456267
19.236516,-0.14791235,0.24683481,-0.059124377,0.23834272,0.24479971,-0.050232223,0.83716904,-0.53975503,-0.038581719,1.3983242,0.45205118,-0.039879659
19.239635,-0.13461862,0.22384703,-0.058893603,0.23517247,0.29272066,-0.035827766,0.84045696,-0.54273156,-0.040138984,1.3942444,0.41951303,-0.042553816
19.242754,-0.12120781,0.19952418,-0.058632541,0.2335041,0.33791562,-0.021413648,0.84527632,-0.54242947,-0.042510965,1.3873851,0.3819133,-0.045402263
19.245873,-0.10812451,0.1742595,-0.057288089,0.2338498,0.37999644,-0.0075047035,0.85128824,-0.53987324,-0.045434228,1.3775929,0.33943985,-0.04837311
19.248991,-0.095086096,0.14815185,-0.054980625,0.23705083,0.41823133,0.0051136215,0.85774387,-0.53545519,-0.048712062,1.3646474,0.29223868,-0.05125621
19.25211,-0.08388856,0.12132562,-0.052019505,0.24458983,0.45210696,0.016461852,0.86421437,-0.52906095,-0.052263941,1.3487127,0.24084015,-0.054316192
19.255229,-0.073937806,0.09409592,-0.048598467,0.25521446,0.48201015,0.02540788,0.87047553,-0.52090347,-0.055920927,1.3297689,0.18519839,-0.057221945
19.258348,-0.065012286,0.06691469,-0.045809471,0.26824524,0.5077349,0.031901989,0.87640981,-0.51106669,-0.059583698,1.3080347,0.12620498,-0.059822462
19.261466,-0.057101027,0.03935582,-0.043613233,0.28336241,0.52943948,0.035508809,0.88166849,-0.49927146,-0.06324766,1.2838226,0.064538073,-0.061750525
19.264585,-0.05018911,0.011653244,-0.041126791,0.30126618,0.54708113,0.035493169,0.88564359,-0.48551677,-0.066839859,1.2577711,0.0014480661,-0.063439822
19.267704,-0.04396081,-0.016161095,-0.038371941,0.32179391,0.56131064,0.0334498,0.88803511,-0.46946001,-0.070446852,1.2309041,-0.062084176,-0.064326383
19.270823,-0.038512039,-0.044072927,-0.035409211,0.34479795,0.5725757,0.0296589,0.88852302,-0.4508437,-0.073944164,1.2035614,-0.12475623,-0.064265511
19.273942,-0.034616193,-0.070270715,-0.032672876,0.3698633,0.58133567,0.023990159,0.88704295,-0.42936149,-0.077435635,1.1776674,-0.18528794,-0.063039765
19.277061,-0.032328803,-0.095591207,-0.030219527,0.39690505,0.58784347,0.016270495,0.88344935,-0.40506111,-0.081017913,1.1547608,-0.24220878,-0.060572492
19.280181,-0.031184124,-0.11958934,-0.027216494,0.42567295,0.59249183,0.0072592573,0.87778319,-0.37743038,-0.084532078,1.1359512,-0.29436665,-0.056930356
19.2833,-0.031330252,-0.14273956,-0.023906938,0.45575783,0.59563309,-0.0026341816,0.86963159,-0.34551356,-0.088305403,1.1214758,-0.34102218,-0.0523445
19.286419,-0.032743922,-0.16421106,-0.02059471,0.48890143,0.59750554,-0.012839841,0.86035209,-0.30953862,-0.091736805,1.1117936,-0.38173723,-0.047079134
19.289539,-0.035633294,-0.18388296,-0.017375561,0.52457583,0.59823705,-0.02308948,0.84949258,-0.26925407,-0.094918535,1.1057774,-0.41655908,-0.041370834
19.292659,-0.040090134,-0.20173581,-0.014422178,0.56201047,0.59785304,-0.032894696,0.83646159,-0.2250706,-0.097462069,1.1018452,-0.44477037,-0.035646705
19.295778,-0.045240802,-0.21750686,-0.01142931,0.600213,0.59697116,-0.041774467,0.82227382,-0.17671995,-0.099392385,1.0997666,-0.46714553,-0.030256743
19.298898,-0.051160708,-0.23115946,-0.0083127896,0.63790583,0.59545165,-0.049398804,0.80759762,-0.12389553,-0.10066833,1.0999592,-0.48444673,-0.025469416
19.302018,-0.057924294,-0.24301838,-0.0056827432,0.67260952,0.59327741,-0.055848934,0.79255366,-0.068492918,-0.10045103,1.1022849,-0.49752491,-0.021511673
19.305139,-0.065395434,-0.25281219,-0.0032148593,0.70409436,0.59025073,-0.060686389,0.77654977,-0.010609729,-0.09866637,1.1071875,-0.50730405,-0.018470198
19.308259,-0.07434774,-0.26032719,-0.00099432865,0.73235084,0.58607255,-0.063912259,0.76136105,0.048653033,-0.093867359,1.1138816,-0.51439796,-0.016435658
19.311379,-0.084146223,-0.26540089,0.0010701302,0.75731184,0.58072365,-0.065673493,0.74798419,0.10819967,-0.08722146,1.1213629,-0.51937978,-0.015513894
19.3145,-0.094557788,-0.26805833,0.0027967645,0.77918508,0.5738745,-0.066204504,0.7369705,0.16688239,-0.078306414,1.1295794,-0.52251675,-0.015355905
19.317621,-0.1052911,-0.26823358,0.0041891006,0.79782845,0.56514609,-0.06580026,0.72890173,0.22261215,-0.067796067,1.1384329,-0.52418523,-0.01595358
19.320742,-0.11605742,-0.2663035,0.0052564921,0.81314804,0.55449187,-0.064743179,0.72496956,0.27453056,-0.055938286,1.1473122,-0.52470897,-0.017150689
19.323863,-0.1268299,-0.26231437,0.0059215469,0.82536439,0.54144192,-0.063294694,0.72575789,0.32141097,-0.043351574,1.1556884,-0.52423735,-0.018867671
19.326984,-0.1374723,-0.25640502,0.0060628649,0.83429484,0.52575513,-0.061661308,0.73118155,0.36279889,-0.030438677,1.1633108,-0.52273387,-0.02096615
19.330105,-0.1477678,-0.24855862,0.005496583,0.84011633,0.50763615,-0.059979913,0.74044596,0.3988789,-0.017971629,1.1699099,-0.52010214,-0.02330209
19.333226,-0.15774958,-0.23879732,0.0043133954,0.84275967,0.48672033,-0.05836047,0.75313496,0.42908319,-0.0067146794,1.1752359,-0.51617562,-0.025784785
19.336347,-0.16741449,-0.22707261,0.0026600623,0.84276872,0.46326996,-0.05697095,0.76860316,0.45369548,0.0024535037,1.1791794,-0.51065006,-0.02838078
19.339468,-0.17625849,-0.2133961,0.0005871176,0.8404016,0.43678366,-0.055904039,0.78638888,0.47314747,0.0091596845,1.1816756,-0.50309913,-0.031068923
19.342589,-0.18453573,-0.19798623,-0.0016555216,0.83539591,0.40768348,-0.055242356,0.80646603,0.48812292,0.013606604,1.1826394,-0.49310909,-0.033783882
19.34571,-0.19243179,-0.18077002,-0.0038449228,0.82785526,0.3762105,-0.054891922,0.82856996,0.49939232,0.015807106,1.1818254,-0.48026465,-0.036581491
19.348831,-0.19994943,-0.16186973,-0.006324079,0.81781058,0.34226363,-0.054366653,0.85234665,0.50778196,0.015232361,1.1791595,-0.46407084,-0.039503993
19.351951,-0.20734895,-0.14143883,-0.0089224692,0.80717501,0.30682818,-0.054417307,0.87826596,0.51398849,0.01281809,1.1745098,-0.44405326,-0.042575493
19.355072,-0.21500567,-0.1194923,-0.011229666,0.79473443,0.26944183,-0.054938781,0.90679129,0.5188416,0.0091831272,1.16785,-0.41990412,-0.04589098
19.358192,-0.22227428,-0.096281077,-0.013462298,0.78035833,0.23009036,-0.056091869,0.93849103,0.5229019,0.0040651047,1.1590853,-0.39132281,-0.049468984
19.361312,-0.22925649,-0.072150335,-0.015455879,0.76436315,0.18891843,-0.056771225,0.97159976,0.52672605,-0.0020454896,1.1480322,-0.35786717,-0.053264232
19.364432,-0.2358644,-0.046487047,-0.017436053,0.74636875,0.14615518,-0.056851377,1.0036054,0.53077932,-0.0084518183,1.1347296,-0.31948188,-0.057248917
19.367553,-0.24249918,-0.019429809,-0.019289384,0.72593748,0.10281233,-0.058158235,1.0340573,0.53528268,-0.014564845,1.1192232,-0.27616169,-0.06129469
19.370673,-0.24959047,0.0067271199,-0.019996742,0.70334628,0.057916779,-0.059456267,1.0626003,0.54019316,-0.020049069,1.1022381,-0.22867193,-0.065128997
19.373793,-0.25647373,0.033649908,-0.020076508,0.67922218,0.011653366,-0.060647891,1.0889455,0.54550037,-0.024711066,1.0835526,-0.17760088,-0.068614777
19.376913,-0.26267032,0.060939935,-0.020071746,0.65437521,-0.035607285,-0.061031709,1.1131417,0.55085524,-0.02850804,1.064336,-0.12273704,-0.071161871
19.380033,-0.26857014,0.08872242,-0.020194338,0.6269727,-0.082427196,-0.061274689,1.1352716,0.55591214,-0.031416113,1.0457149,-0.064948504,-0.072901253
19.383153,-0.27508663,0.11617564,-0.019742116,0.59830254,-0.12864989,-0.061044096,1.1553018,0.56038388,-0.033511671,1.0280613,-0.006310756,-0.073484816
19.386273,-0.28161097,0.14307014,-0.018283803,0.56987725,-0.17389163,-0.060380746,1.1731672,0.56393935,-0.034944437,1.0133101,0.052585666,-0.072879189
19.389393,-0.28817694,0.16926714,-0.015936668,0.54336739,-0.2174956,-0.059086546,1.1888485,0.56599769,-0.035841155,1.0024583,0.11042909,-0.070227574
19.392513,-0.29469465,0.19478792,-0.012850907,0.51942168,-0.25869311,-0.056858003,1.2023986,0.56584595,-0.036327594,0.99598385,0.16603372,-0.065594885
19.395633,-0.30131518,0.21948074,-0.0096273552,0.49835895,-0.2965966,-0.054193349,1.2139756,0.56333325,-0.036639057,0.99323306,0.21785375,-0.059496438
19.398753,-0.3082858,0.24365192,-0.006168073,0.48040709,-0.33107346,-0.052087984,1.2235146,0.55881367,-0.036916423,0.99382326,0.26520161,-0.05201303
19.401874,-0.31445013,0.26655666,-0.0025361036,0.46364578,-0.36176656,-0.050690812,1.2311453,0.55236701,-0.037214677,0.99756788,0.30730179,-0.043491798
19.404994,-0.31982408,0.28863514,0.0014544873,0.44805948,-0.3887919,-0.049926472,1.2367124,0.5436146,-0.037587797,1.0036212,0.34377601,-0.034395634
19.408114,-0.32488511,0.30954045,0.0056360891,0.4333664,-0.41132152,-0.049724346,1.2403766,0.5321292,-0.038227282,1.0132794,0.37433982,-0.025373732
19.411235,-0.32975137,0.32915111,0.010011964,0.4202102,-0.42981069,-0.050247421,1.2420193,0.51723323,-0.039191555,1.0268046,0.39992251,-0.016909354
19.414355,-0.33437616,0.34741032,0.01430479,0.40879693,-0.44453264,-0.051418798,1.2415982,0.49814654,-0.040469082,1.0433772,0.42022405,-0.0093970584
19.417476,-0.33846783,0.36417011,0.018266918,0.39799411,-0.4555871,-0.053326637,1.2389096,0.47450489,-0.042330753,1.0628478,0.43564737,-0.0030555558
19.420597,-0.34209685,0.37907091,0.02193226,0.38756918,-0.46278622,-0.055880004,1.2340956,0.44738282,-0.04462223,1.0840206,0.44707878,0.002019941
19.423718,-0.34516404,0.39206789,0.024944738,0.3776525,-0.46640439,-0.059152279,1.2271387,0.41673356,-0.047297409,1.106187,0.45501966,0.0056119218
19.426839,-0.34741368,0.40310215,0.027170305,0.36812778,-0.46663018,-0.063263432,1.2178516,0.38269315,-0.050307127,1.1287671,0.46097898,0.007617599
19.42996,-0.34896199,0.41241463,0.028536605,0.3599689,-0.46358022,-0.068085138,1.2060849,0.34465251,-0.053871443,1.1511882,0.46592451,0.0084020322
19.433082,-0.34960754,0.42019687,0.028774525,0.35394833,-0.45736713,-0.0734416,1.1913777,0.30286711,-0.05729558,1.1730986,0.47055573,0.0079844799
19.436203,-0.34881922,0.42585095,0.027882667,0.34952905,-0.44838719,-0.079155308,1.1751717,0.25800896,-0.060985942,1.1942584,0.47535246,0.0065776511
19.439325,-0.34680273,0.42978859,0.025807214,0.34611871,-0.43683876,-0.084948299,1.1564224,0.20968407,-0.064718256,1.2144977,0.48066615,0.0044064947
19.442447,-0.34352522,0.43271567,0.022732756,0.34315418,-0.42212372,-0.090734944,1.1352664,0.15815372,-0.068156209,1.2336291,0.48663216,0.0017446657
19.445569,-0.33885122,0.43462243,0.018591198,0.34030479,-0.40466407,-0.096204178,1.1115209,0.10299568,-0.071183286,1.2517001,0.4931991,-0.0012245702
19.448691,-0.33276099,0.435411,0.01371649,0.33686716,-0.38426382,-0.10122159,1.0852613,0.046018094,-0.074524213,1.2686939,0.50034482,-0.0043217218
19.451812,-0.32528241,0.43465599,0.0081694666,0.33342591,-0.36150262,-0.10586363,1.0572021,-0.012962012,-0.077289574,1.2846376,0.50777036,-0.0074153565
19.454934,-0.31664496,0.43238854,0.0017334929,0.32939805,-0.33594068,-0.10978244,1.0279842,-0.072946466,-0.079163311,1.2996161,0.51527556,-0.010421214
19.458056,-0.30667716,0.42870332,-0.0050838347,0.32467051,-0.30741806,-0.11284902,0.99858872,-0.13293115,-0.080013613,1.3136952,0.52253108,-0.013294071
19.461177,-0.29557862,0.42357343,-0.012098004,0.31936215,-0.27623022,-0.11539307,0.97019984,-0.19161332,-0.079559743,1.3269416,0.52905795,-0.016014872
19.464299,-0.28355953,0.41674952,-0.01913426,0.31378674,-0.24119077,-0.11700151,0.944705,-0.2478841,-0.077439294,1.3393716,0.53452589,-0.018631745
19.46742,-0.27075204,0.4082646,-0.026043359,0.30755234,-0.20373729,-0.11758875,0.92323827,-0.29928192,-0.073983845,1.3509866,0.53864321,-0.02116527
19.470541,-0.2572833,0.39829416,-0.032629162,0.30100192,-0.1627984,-0.1167768,0.90615995,-0.34572273,-0.069552757,1.3617458,0.5408791,-0.02358206
19.473662,-0.24325145,0.38697644,-0.038488504,0.29467688,-0.11900061,-0.11420736,0.89072999,-0.38500634,-0.064331284,1.3716536,0.54029347,-0.025910674
19.476783,-0.22896146,0.37428588,-0.043938593,0.2884259,-0.072671584,-0.11048794,0.87694275,-0.41850395,-0.058635279,1.3805793,0.53775732,-0.028257963
19.479904,-0.21451015,0.36027622,-0.048751738,0.28245598,-0.023886931,-0.10485425,0.86480732,-0.44787794,-0.0530191,1.3883489,0.53203347,-0.030598362
19.483025,-0.19998119,0.34483889,-0.05275683,0.27458138,0.025752431,-0.097426706,0.85519157,-0.47273631,-0.048114817,1.3946832,0.52275243,-0.032932519
19.486146,-0.18564907,0.32811293,-0.056301667,0.26678565,0.076560139,-0.08820643,0.84757966,-0.49292674,-0.044799163,1.3994789,0.51019906,-0.035266531
19.489267,-0.17133021,0.31015619,-0.058630486,0.25950972,0.12823862,-0.076444984,0.84191395,-0.50852595,-0.043051848,1.4024985,0.4927871,-0.037574289
19.492387,-0.15726024,0.29103372,-0.060087425,0.25313852,0.17970289,-0.064113331,0.83926591,-0.51976487,-0.042574041,1.4034368,0.47071841,-0.039984562
19.495508,-0.14389873,0.27033753,-0.060657331,0.24811018,0.22916585,-0.050284399,0.83956872,-0.52700513,-0.043287833,1.4019645,0.44396693,-0.042603351
19.498628,-0.13055483,0.24853203,-0.06049389,0.24455501,0.27614999,-0.035519583,0.84180149,-0.53055115,-0.045101295,1.3980731,0.41235266,-0.045483012
19.501749,-0.11686656,0.22524917,-0.060076899,0.24245345,0.32067135,-0.020809418,0.84571507,-0.53081058,-0.047750287,1.3913998,0.37574297,-0.048546432
19.504869,-0.10352225,0.20082851,-0.059253007,0.24223386,0.3623149,-0.0065090423,0.85098883,-0.52844526,-0.050965881,1.3818098,0.3342646,-0.051749322
19.50799,-0.090051617,0.17544589,-0.057316783,0.2441379,0.40050848,0.0062997689,0.85704003,-0.52426519,-0.054570321,1.3689895,0.2880223,-0.054914608
19.51111,-0.077862103,0.14904272,-0.054670685,0.2504486,0.43446072,0.017961046,0.86318191,-0.51827135,-0.05837288,1.3532055,0.23739348,-0.058282504
19.514231,-0.067246531,0.12213898,-0.051117384,0.25986341,0.46457605,0.027227565,0.86914658,-0.51045591,-0.062298371,1.3343501,0.18271687,-0.061548483
19.517352,-0.05775866,0.094805501,-0.047865954,0.27183825,0.49061279,0.033838464,0.87464201,-0.50092662,-0.066202455,1.3126628,0.12466792,-0.064515856
19.520472,-0.049461146,0.067609691,-0.045419235,0.28588506,0.51279816,0.037814806,0.87938649,-0.4894888,-0.070090805,1.2884281,0.063853399,-0.066721511
19.523593,-0.042396097,0.040050644,-0.042948778,0.3025661,0.53098072,0.03807985,0.8830546,-0.47606208,-0.073943245,1.2622333,0.0015650408,-0.068590801
19.526714,-0.036162576,0.01234925,-0.040237787,0.32183464,0.54574885,0.036037137,0.88513553,-0.46031385,-0.077703341,1.2351303,-0.06114706,-0.069474547
19.529834,-0.030665748,-0.015379953,-0.037305512,0.34368035,0.55755016,0.032163553,0.88577483,-0.44207088,-0.081383789,1.2074377,-0.12312728,-0.069236658
19.532955,-0.026491378,-0.0431633,-0.034514922,0.36777574,0.56681116,0.026342995,0.8845994,-0.42085451,-0.085023167,1.1814878,-0.18314039,-0.06768005
19.536076,-0.023982506,-0.06926703,-0.031724489,0.39387242,0.57392512,0.018429311,0.88128605,-0.39659449,-0.088679642,1.1585698,-0.23941854,-0.064798323
19.539197,-0.02270035,-0.094328897,-0.029333669,0.42194779,0.57906405,0.0091788426,0.87587019,-0.36932932,-0.092426102,1.1395716,-0.29086733,-0.060772479
19.542319,-0.022698779,-0.11824468,-0.026294992,0.45146938,0.58274048,-0.001072824,0.86790064,-0.33804613,-0.096099957,1.1253719,-0.33704119,-0.055815929
19.54544,-0.023956643,-0.14128564,-0.02308351,0.48342153,0.58520022,-0.011680137,0.85873015,-0.30281519,-0.099468511,1.1156428,-0.37743739,-0.050136118
19.548562,-0.026688279,-0.16249812,-0.019952956,0.51811042,0.5866207,-0.022309035,0.84798079,-0.26299475,-0.10244601,1.1091331,-0.41096219,-0.044079
19.551683,-0.030815049,-0.18186993,-0.016973519,0.55488752,0.58689956,-0.032529621,0.83547668,-0.21937836,-0.10448703,1.1046429,-0.43840812,-0.038046653
19.554805,-0.036321745,-0.19938052,-0.014230708,0.5928277,0.58660825,-0.04187184,0.82169489,-0.17168855,-0.10624853,1.1020567,-0.46013974,-0.03239692
19.557927,-0.042526165,-0.21464262,-0.011433801,0.63099811,0.58571814,-0.049949975,0.80703913,-0.11973797,-0.10675058,1.1013728,-0.47688891,-0.027471215
19.561049,-0.049430069,-0.22800138,-0.0084500925,0.66694412,0.58415648,-0.05693986,0.79221819,-0.065081201,-0.10544225,1.1029791,-0.48917798,-0.023551858
19.564171,-0.057203909,-0.23938916,-0.0060903609,0.69975888,0.58184172,-0.06223635,0.77667791,-0.0081616477,-0.10226988,1.1072202,-0.49851372,-0.020645842
19.567294,-0.065389326,-0.24863695,-0.0036831001,0.72934111,0.57833285,-0.065917386,0.76203354,0.050039164,-0.096214375,1.1135454,-0.50523391,-0.018849566
19.570416,-0.074964405,-0.25556584,-0.0019505602,0.75556321,0.57374234,-0.068044128,0.74939164,0.10854939,-0.088225171,1.1208328,-0.50990231,-0.018117778
19.573539,-0.085340021,-0.26006885,-0.00033745162,0.77851811,0.56771909,-0.068888454,0.73828261,0.16578512,-0.078191176,1.1286988,-0.51278578,-0.018182007
19.576662,-0.096286196,-0.26194463,0.0010894468,0.79834828,0.55995168,-0.068662086,0.7301378,0.22031671,-0.066428587,1.1371763,-0.51421904,-0.019006685
19.579785,-0.10739049,-0.26151089,0.0021438303,0.81480485,0.55023333,-0.067688513,0.72651024,0.27082343,-0.053472166,1.1458836,-0.51451846,-0.020412082
19.582908,-0.11841638,-0.25887636,0.0028626828,0.82810526,0.5382309,-0.066259772,0.72748564,0.31629475,-0.039729876,1.1541681,-0.51382847,-0.02227846
19.586031,-0.12918777,-0.254235,0.0031056549,0.83818355,0.52387108,-0.064596042,0.73289455,0.35649982,-0.026072758,1.1617415,-0.51209602,-0.024501886
19.589154,-0.13970896,-0.24766158,0.0028309181,0.84499633,0.50687903,-0.06295412,0.74227122,0.39150944,-0.013357618,1.1683452,-0.50923372,-0.026969579
19.592276,-0.1497834,-0.23910704,0.0018468453,0.84873603,0.48737664,-0.061267489,0.75485375,0.42072965,-0.0021857734,1.1737054,-0.505084,-0.029572951
19.595399,-0.15944859,-0.22863652,0.00037257103,0.84948686,0.46525593,-0.059827066,0.77000255,0.44461156,0.0065808383,1.1777204,-0.49929175,-0.032280074
19.598522,-0.1688849,-0.21619928,-0.001540322,0.84789863,0.4402901,-0.058678943,0.78749522,0.46352455,0.012857527,1.1802799,-0.49149236,-0.03510126
19.601644,-0.17742237,-0.20191087,-0.0037605096,0.84376095,0.41286063,-0.057869022,0.80714656,0.478058,0.016990317,1.1812825,-0.48127439,-0.037984929
19.604766,-0.18557715,-0.18586394,-0.0059504684,0.83702817,0.3830086,-0.057622453,0.82871964,0.48900454,0.018354756,1.1804465,-0.46823097,-0.041007299
19.607888,-0.19346753,-0.16804421,-0.0084980954,0.82764301,0.35069306,-0.057121316,0.85183283,0.49719667,0.017092182,1.1777104,-0.45182307,-0.044156905
19.611011,-0.20104818,-0.14871856,-0.011044173,0.81711886,0.31661332,-0.057126707,0.87675826,0.50339151,0.014087592,1.1729985,-0.43158352,-0.047459598
19.614133,-0.20885441,-0.12767831,-0.013533036,0.80549837,0.28086407,-0.057584277,0.90407855,0.50825379,0.0097302739,1.1662748,-0.40717405,-0.051001439
19.617254,-0.21629712,-0.10527695,-0.015771982,0.79196444,0.24314727,-0.058602419,0.93469728,0.51228387,0.0037047351,1.1572354,-0.37841828,-0.054812464
19.620376,-0.22330415,-0.081956139,-0.017842264,0.77675561,0.20353685,-0.059906381,0.96774043,0.51609901,-0.0030636547,1.1458828,-0.34494364,-0.058930922
19.623498,-0.23031851,-0.05719736,-0.019857893,0.759807,0.16211257,-0.059841887,0.99991231,0.52013033,-0.010069641,1.1322695,-0.30664668,-0.063015508
19.62662,-0.23682309,-0.03063144,-0.021914327,0.74049679,0.12014084,-0.061077032,1.0307066,0.52461,-0.016710544,1.1166747,-0.26357941,-0.067082471
19.629741,-0.24364309,-0.0047400286,-0.023090862,0.71893251,0.07661506,-0.062412995,1.0596664,0.52952912,-0.022597708,1.0990232,-0.21646412,-0.070898821
19.632863,-0.25067645,0.021715774,-0.023403747,0.69572799,0.031722367,-0.063615856,1.0864566,0.53490023,-0.027600117,1.080113,-0.1654671,-0.074131513
19.635985,-0.25725462,0.049013874,-0.02330403,0.67152646,-0.014360695,-0.064122349,1.1110718,0.54041809,-0.031629459,1.0609664,-0.11089198,-0.076012367
19.639106,-0.26334965,0.076709275,-0.023381664,0.64571785,-0.060568142,-0.064192446,1.1335939,0.54567132,-0.034691921,1.0426248,-0.053440866,-0.077263155
19.642228,-0.26984092,0.1043411,-0.023097304,0.6178758,-0.10607802,-0.063991075,1.1541079,0.55031569,-0.036862625,1.0258791,0.0044249323,-0.077089728
19.64535,-0.2765119,0.13166726,-0.022189311,0.58975032,-0.15081468,-0.063343929,1.1724403,0.55407342,-0.038298935,1.0123749,0.062493649,-0.075356865
19.648471,-0.28315154,0.15835458,-0.020150804,0.5625909,-0.19422669,-0.062249106,1.1885569,0.55653274,-0.039153333,1.0028992,0.11940882,-0.071466191
19.651593,-0.28986763,0.18447283,-0.017067694,0.53785388,-0.23558499,-0.060201288,1.202538,0.55690759,-0.039570137,0.99784704,0.17391721,-0.065636993
19.654715,-0.29661628,0.20990879,-0.013754043,0.51575207,-0.27382454,-0.057603595,1.2144967,0.55470788,-0.039764767,0.99606695,0.22436793,-0.05832172
19.657837,-0.30358649,0.23434575,-0.010300281,0.49678332,-0.30884898,-0.055554025,1.2243963,0.550485,-0.039924839,0.99796908,0.27022512,-0.049815191
19.660959,-0.31055401,0.25822852,-0.0066758798,0.4800376,-0.34025888,-0.054282985,1.232325,0.54390303,-0.040140369,1.0020609,0.31074752,-0.040387073
19.664081,-0.31666066,0.28086434,-0.0028336632,0.46433064,-0.36795666,-0.053666386,1.2381366,0.53511347,-0.040455188,1.008551,0.34561122,-0.03069811
19.667203,-0.32191943,0.30255013,0.0014263896,0.44957342,-0.3916126,-0.053578139,1.2420368,0.52365818,-0.041059022,1.0184611,0.37475169,-0.021415712
19.670325,-0.32689766,0.32300182,0.0057638516,0.43581481,-0.4111118,-0.054135478,1.2438651,0.5094176,-0.041989145,1.0316566,0.3989433,-0.013024972
19.673448,-0.33171123,0.34211273,0.010192447,0.42395437,-0.42694523,-0.055345357,1.2437247,0.49120291,-0.043233481,1.048334,0.41785831,-0.0057961986
19.67657,-0.33625158,0.3598457,0.014334777,0.41285904,-0.43914382,-0.057209925,1.24129,0.4684324,-0.045040486,1.0678245,0.43217968,0.00013515256
19.679693,-0.33996776,0.37588882,0.018182451,0.40216848,-0.44759998,-0.059726479,1.2365999,0.44217653,-0.04725449,1.0888937,0.44263827,0.0045059133
19.682816,-0.34317775,0.39000925,0.021559031,0.39193882,-0.45251028,-0.062918995,1.229899,0.41259288,-0.050004137,1.1109178,0.44993258,0.0071552312
19.685939,-0.3459577,0.40198809,0.024242129,0.38207348,-0.45410262,-0.066880483,1.2209327,0.37982409,-0.053080303,1.1332354,0.4554355,0.0083875462
19.689062,-0.34786848,0.4119424,0.026126382,0.37263927,-0.45242882,-0.071587972,1.2095507,0.34298516,-0.056470521,1.1553554,0.4601149,0.0083454659
19.692185,-0.348773,0.42043836,0.02684274,0.36550063,-0.44759601,-0.076827343,1.1952305,0.3025091,-0.059830447,1.1769631,0.46454508,0.0071557904
19.695309,-0.34879625,0.42698338,0.026724897,0.36017708,-0.43977651,-0.082438629,1.1795354,0.25906649,-0.0634707,1.1978612,0.4692112,0.0050865582
19.698433,-0.34730102,0.43161812,0.024965303,0.3560464,-0.42936949,-0.088168712,1.1613526,0.21218696,-0.067160335,1.2178273,0.47445033,0.0023971314
19.701556,-0.34438442,0.43478011,0.022390777,0.35250082,-0.41607538,-0.093882363,1.1407955,0.16210268,-0.070629205,1.2367098,0.48033579,-0.00067926788
19.70468,-0.34016817,0.43711432,0.018729466,0.34920553,-0.39982912,-0.09931114,1.117794,0.10835119,-0.073708068,1.254547,0.48684297,-0.0039340892
19.707805,-0.33439425,0.43836845,0.014147598,0.34544974,-0.38067263,-0.1042616,1.0922434,0.052770009,-0.076927429,1.2713407,0.49392293,-0.00721012
19.710929,-0.32716845,0.43844607,0.0089091357,0.34176543,-0.35898097,-0.10881078,1.0648115,-0.0048634089,-0.079536634,1.2871204,0.50130539,-0.010369894
19.714053,-0.31863464,0.4372181,0.0027941959,0.33755573,-0.33460563,-0.11267932,1.0362877,-0.063537556,-0.081214049,1.3019218,0.50872161,-0.013354836
19.717178,-0.30865417,0.43470232,-0.0038497887,0.33272833,-0.3073126,-0.11561005,1.0073261,-0.1223442,-0.081829392,1.315823,0.51586558,-0.016167808
19.720302,-0.29755761,0.4308043,-0.010812024,0.32729088,-0.27713044,-0.11801075,0.97874133,-0.17992403,-0.081164223,1.3288931,0.52232726,-0.01878979
19.723426,-0.28543339,0.42543778,-0.017850284,0.32184887,-0.24317237,-0.11932964,0.95300263,-0.23523642,-0.078973689,1.3411704,0.52771169,-0.021282914
19.72655,-0.27239452,0.41831897,-0.024780196,0.31590614,-0.20653688,-0.11960163,0.93098795,-0.2860635,-0.075524313,1.352652,0.53169075,-0.023702497
19.729674,-0.25851206,0.40962071,-0.031498146,0.30962458,-0.16694718,-0.1183993,0.91355264,-0.33219429,-0.071111066,1.3633047,0.53377643,-0.026026323
19.732797,-0.24397275,0.39958281,-0.03755229,0.30343963,-0.12430548,-0.11536322,0.89815224,-0.37156789,-0.065808587,1.3731011,0.53343945,-0.028286668
19.735921,-0.22901696,0.38814386,-0.043220486,0.29740571,-0.07889353,-0.11131793,0.88423788,-0.40569425,-0.060100863,1.3819292,0.53064608,-0.030572452
19.739044,-0.2137747,0.37533915,-0.048225612,0.29197692,-0.031118385,-0.10529235,0.87178116,-0.43567002,-0.054575246,1.3896345,0.52472715,-0.032895331
19.742168,-0.19865273,0.36106026,-0.052468932,0.28451145,0.017476909,-0.097491147,0.86127729,-0.46105175,-0.049980122,1.3959266,0.51528329,-0.035223663
19.745291,-0.1836366,0.34548033,-0.05607901,0.27696081,0.06716225,-0.087969008,0.8528024,-0.48172733,-0.047050454,1.4007174,0.50235037,-0.037590028
19.748414,-0.16854649,0.32849874,-0.058602169,0.26987681,0.11766525,-0.075913534,0.84620143,-0.49768565,-0.045528343,1.4037479,0.48502805,-0.039926791
19.751537,-0.15367154,0.31038493,-0.060267492,0.26349144,0.16814051,-0.062712977,0.84216238,-0.50923272,-0.045333538,1.4047042,0.46324721,-0.042365058
19.75466,-0.13936712,0.29063519,-0.061018703,0.2583412,0.21726948,-0.048981963,0.84133665,-0.51672384,-0.046373383,1.403228,0.43687549,-0.04504559
19.757782,-0.12569423,0.26960364,-0.060961268,0.25448749,0.26356236,-0.034032411,0.84284224,-0.52059866,-0.048489957,1.3994501,0.40566677,-0.047964303
19.760905,-0.11201423,0.24715739,-0.060414711,0.25215155,0.30750409,-0.01914804,0.8460465,-0.52118644,-0.051425835,1.3929064,0.36955014,-0.051060874
19.764028,-0.09827922,0.22342817,-0.059783255,0.25126233,0.34873686,-0.0047944552,0.85060174,-0.51895473,-0.054931849,1.3834531,0.32859804,-0.054258972
19.76715,-0.084595821,0.19866434,-0.058099863,0.25215521,0.38676848,0.0080907411,0.8561986,-0.51489913,-0.058786569,1.370704,0.28291048,-0.0574713
19.770272,-0.072082872,0.17289507,-0.055567629,0.25728963,0.42066741,0.019865993,0.86209169,-0.50913188,-0.06282166,1.3550514,0.23279526,-0.06080331
19.773395,-0.060330494,0.14612932,-0.052440579,0.26549387,0.45089437,0.029288388,0.86794618,-0.5016413,-0.066899938,1.3362913,0.17870299,-0.064005869
19.776517,-0.050314546,0.11911727,-0.048990681,0.27640895,0.47710518,0.035955204,0.87338998,-0.49240951,-0.070910311,1.3146929,0.12128111,-0.066884475
19.77964,-0.041692568,0.09182071,-0.045747728,0.28945666,0.4994798,0.040149426,0.87801615,-0.48130217,-0.074853088,1.2905131,0.06103511,-0.069108673
19.782762,-0.034530026,0.064428279,-0.043251364,0.30492958,0.51806041,0.040602443,0.88159828,-0.46809144,-0.078736703,1.2643066,-0.00049997904,-0.070755065
19.785884,-0.027977358,0.036685314,-0.040550273,0.32302094,0.53312496,0.038632287,0.88361767,-0.45259351,-0.08250548,1.2369797,-0.062470088,-0.071411506
19.789007,-0.02225546,0.0089649925,-0.037800382,0.34357574,0.54521322,0.034709145,0.88425576,-0.43459801,-0.086170468,1.2093293,-0.12374732,-0.070881983
19.792129,-0.017842819,-0.018568487,-0.035044402,0.36647206,0.55476261,0.028783374,0.8831423,-0.41356995,-0.089790121,1.183566,-0.18298651,-0.069035303
19.795252,-0.014697488,-0.046146265,-0.032519782,0.39150416,0.56216633,0.020771188,0.87973214,-0.38932827,-0.093350025,1.160735,-0.23836489,-0.065854359
19.798374,-0.013482304,-0.071987229,-0.030044753,0.41866176,0.56760834,0.01135596,0.87420822,-0.36210048,-0.096994683,1.1419228,-0.28905322,-0.061539607
19.801497,-0.013354801,-0.096905387,-0.027667291,0.44733547,0.57165057,0.0009374861,0.86639316,-0.33126561,-0.10042173,1.1277978,-0.33466412,-0.056307595
19.80462,-0.014599421,-0.12074361,-0.024761508,0.47798564,0.57450731,-0.0099486776,0.85745488,-0.29651359,-0.10348697,1.1180445,-0.37425056,-0.05036561
19.807743,-0.017139267,-0.14368195,-0.021908771,0.51155503,0.57641043,-0.020794253,0.84710296,-0.25702708,-0.10604306,1.1111296,-0.40696149,-0.04412878
19.810866,-0.0212283,-0.16440916,-0.019190444,0.54747276,0.57725122,-0.031293744,0.83452607,-0.21390169,-0.10764183,1.1061271,-0.43368112,-0.03800044
19.813989,-0.026604377,-0.18329407,-0.016748073,0.58493191,0.57735942,-0.040938906,0.82061469,-0.16650239,-0.10872604,1.1032565,-0.45463904,-0.032369134
19.817112,-0.033234741,-0.20023671,-0.014371403,0.62290567,0.5770095,-0.04931364,0.80595715,-0.11578797,-0.10835341,1.1017757,-0.47036602,-0.027539662
19.820236,-0.040462294,-0.21497887,-0.011870576,0.65988415,0.57594362,-0.056497028,0.7913646,-0.061776731,-0.10600406,1.1027829,-0.4826517,-0.023830341
19.823359,-0.048366632,-0.2278478,-0.0093845491,0.69385486,0.57414415,-0.06222096,0.77643354,-0.0056287271,-0.10172134,1.1063049,-0.49166481,-0.021214159
19.826483,-0.057126908,-0.23846868,-0.0074302759,0.72462019,0.57126076,-0.066250826,0.76228755,0.051590358,-0.094696493,1.1121969,-0.49815003,-0.019826257
19.829607,-0.066243676,-0.24685601,-0.0054930561,0.75203351,0.56718866,-0.068699348,0.75014311,0.10906273,-0.085685848,1.119241,-0.50259182,-0.019415187
19.832731,-0.076323537,-0.25292697,-0.0042049364,0.77602837,0.56180746,-0.069788893,0.73913475,0.16521362,-0.074853044,1.1267877,-0.50528337,-0.019831106
19.835855,-0.087273423,-0.25628527,-0.0031308161,0.79680859,0.55475897,-0.069770917,0.73118545,0.21867721,-0.062261061,1.1349182,-0.50655051,-0.020979619
19.83898,-0.098611452,-0.25727398,-0.0021382384,0.81431276,0.54569539,-0.068921653,0.72778401,0.26783109,-0.048371391,1.1433775,-0.50668717,-0.022665608
19.842104,-0.11004793,-0.2559505,-0.0014809981,0.82858003,0.53446441,-0.0675601,0.72887049,0.31214682,-0.034005359,1.1515618,-0.50583418,-0.024748351
19.845229,-0.12126194,-0.25238136,-0.0012128282,0.83964714,0.52098881,-0.065953638,0.73407166,0.35129901,-0.020244954,1.1590803,-0.50394404,-0.027140919
19.848354,-0.13214213,-0.24679914,-0.0014086468,0.84736536,0.50489577,-0.064353899,0.74344315,0.38536944,-0.007501402,1.1656832,-0.50089845,-0.029734613
19.851478,-0.14263596,-0.23923036,-0.0021633844,0.85200945,0.48638777,-0.062752684,0.75582703,0.41379008,0.0033737982,1.1710878,-0.49652308,-0.032423339
19.854603,-0.15262267,-0.22970875,-0.0035701262,0.85349568,0.4651305,-0.061341472,0.77073635,0.43700813,0.011705234,1.1751714,-0.49049433,-0.035176067
19.857727,-0.1621323,-0.2182082,-0.0052755327,0.85258198,0.44135235,-0.060212672,0.78784853,0.45547734,0.017451942,1.1777985,-0.48243622,-0.038049145
19.860851,-0.17128437,-0.20480331,-0.0072888685,0.84920574,0.41519217,-0.059488502,0.80712693,0.46967085,0.020964589,1.1788104,-0.47196694,-0.040989262
19.863974,-0.17981484,-0.18960632,-0.0095761327,0.84318035,0.38659075,-0.059327736,0.82822572,0.48038369,0.021625106,1.1779717,-0.45868116,-0.044039316
19.867098,-0.18800202,-0.17260562,-0.011865623,0.83475651,0.35567359,-0.05904655,0.85075704,0.48844589,0.019774055,1.1751864,-0.4420177,-0.047184773
19.870221,-0.19588421,-0.15410933,-0.014331646,0.82453243,0.32272666,-0.059145728,0.87483284,0.49458778,0.016359258,1.1703082,-0.42151678,-0.050509931
19.873345,-0.20377881,-0.13381341,-0.016794811,0.81356192,0.28824156,-0.05968031,0.90093254,0.49946576,0.011300978,1.1634457,-0.39692745,-0.054077083
19.876468,-0.21153748,-0.11208863,-0.019161544,0.80077544,0.2518614,-0.060727066,0.93043501,0.50353776,0.0046462042,1.1541582,-0.36800632,-0.057950339
19.879591,-0.21860177,-0.089345076,-0.021250972,0.78624448,0.21351751,-0.062307663,0.96276415,0.50738529,-0.0026646958,1.1425618,-0.33442704,-0.061843344
19.882714,-0.22575073,-0.065200612,-0.023211631,0.77020574,0.17327005,-0.062267411,0.99507558,0.51138957,-0.010158534,1.1287571,-0.29612875,-0.065849041
19.885837,-0.23250428,-0.039235265,-0.025224609,0.75187641,0.13239401,-0.063488025,1.0261435,0.51584484,-0.017221769,1.1129373,-0.25322843,-0.069749794
19.88896,-0.23902836,-0.013564236,-0.026775633,0.73134362,0.090034286,-0.064871358,1.055464,0.52074352,-0.02345254,1.0950813,-0.20630376,-0.073276835
19.892082,-0.24593832,0.012651224,-0.027385567,0.7090752,0.046241566,-0.066098894,1.0826278,0.52609958,-0.028740751,1.0762397,-0.15537597,-0.075945402
19.895205,-0.25259915,0.039770049,-0.027058651,0.68570571,0.0011649526,-0.066776077,1.1075999,0.53168078,-0.032984876,1.0573416,-0.10110222,-0.07756023
19.898327,-0.25893147,0.067532525,-0.02683416,0.66093569,-0.044317887,-0.066706798,1.1304683,0.53703691,-0.036198644,1.0392781,-0.044457243,-0.078077166
19.901449,-0.26540226,0.095303241,-0.026587459,0.63400936,-0.089198295,-0.06641708,1.1513402,0.54176708,-0.038471502,1.0235873,0.012962749,-0.077034367
19.904572,-0.27204621,0.12311466,-0.02594225,0.60637659,-0.13349797,-0.065630887,1.1700517,0.54559756,-0.039954957,1.0112468,0.070397077,-0.074297349
19.907694,-0.27870808,0.15049404,-0.024265142,0.57927242,-0.17663209,-0.064427791,1.1865545,0.5481713,-0.040831762,1.0029269,0.12649253,-0.069469147
19.910816,-0.28540355,0.17724053,-0.021523813,0.55416843,-0.21789684,-0.062332682,1.2008366,0.54896154,-0.04125579,0.99880034,0.17995066,-0.062727657
19.913939,-0.29210551,0.20309239,-0.018017826,0.5312048,-0.25630405,-0.059605179,1.2130804,0.54701444,-0.041416403,0.99807712,0.22923671,-0.054566223
19.917061,-0.29891862,0.22824642,-0.014435597,0.51174422,-0.29152491,-0.057429092,1.2232734,0.54284566,-0.041513189,1.000606,0.27378746,-0.045345702
19.920183,-0.30609905,0.25256268,-0.010701753,0.49510279,-0.32328972,-0.056048741,1.2314193,0.53633544,-0.041697667,1.0052238,0.313001,-0.035436863
19.923305,-0.3125168,0.27612021,-0.0067811231,0.47966869,-0.35131641,-0.055340272,1.237403,0.52730017,-0.041989434,1.0123003,0.34652452,-0.025598194
19.926428,-0.31815028,0.29837422,-0.0027025339,0.46509207,-0.37546143,-0.055148422,1.2414684,0.51557591,-0.04261214,1.0222924,0.37445335,-0.016433889
19.92955,-0.32325008,0.31965177,0.0017390091,0.45140981,-0.39579276,-0.055504315,1.243413,0.50134826,-0.043533334,1.0352236,0.39753328,-0.0083549604
19.932673,-0.32808101,0.33958191,0.0062452013,0.43898635,-0.4124967,-0.056468264,1.2434522,0.48354966,-0.04473962,1.0519454,0.41544836,-0.0014865338
19.935796,-0.33265389,0.35808432,0.010606714,0.42755756,-0.42545637,-0.058016782,1.241231,0.46150552,-0.046463386,1.0713712,0.42893122,0.0037893117
19.938918,-0.33667542,0.37500474,0.014584078,0.41657086,-0.43476012,-0.060263583,1.2367208,0.43590825,-0.048595819,1.0922481,0.43870761,0.0072511521
19.942041,-0.33998467,0.38999385,0.018161154,0.40593848,-0.44052686,-0.06314699,1.2302799,0.4071076,-0.05130275,1.1140721,0.44562143,0.0089859203
19.945164,-0.3426839,0.4028523,0.021205517,0.39563582,-0.44311172,-0.066796637,1.2216512,0.37510316,-0.054357009,1.1361069,0.4508437,0.0095629716
19.948288,-0.34496947,0.41360386,0.023469494,0.38569504,-0.44242988,-0.071209873,1.2106416,0.33916549,-0.057590212,1.157887,0.45538168,0.0088162563
19.951411,-0.34605934,0.42244296,0.024741464,0.37730844,-0.43863823,-0.076125554,1.196739,0.29966296,-0.060864442,1.1792012,0.45970307,0.0070028385
19.954534,-0.34627041,0.42965223,0.025133187,0.37090491,-0.43183179,-0.081448293,1.1815519,0.25729311,-0.064378956,1.1998256,0.46431839,0.0044453494
19.957658,-0.34524611,0.43504038,0.024163615,0.36585759,-0.42221726,-0.086924304,1.164017,0.2116003,-0.067920611,1.2194829,0.46952125,0.00132757
19.960782,-0.34251132,0.43853816,0.021927437,0.36157015,-0.40998905,-0.092411709,1.1440824,0.1626045,-0.071249466,1.2381192,0.47537726,-0.0020529045
19.963906,-0.33851109,0.44107066,0.018885288,0.35763326,-0.3946725,-0.097677514,1.1217635,0.10993968,-0.07434905,1.2557325,0.48185169,-0.0055066883
19.96703,-0.33301052,0.44269687,0.014771002,0.35342343,-0.37636811,-0.10244581,1.0969277,0.05554301,-0.077262945,1.2723225,0.48887785,-0.008871654
19.970154,-0.32598966,0.44315664,0.0098863147,0.34932522,-0.35559069,-0.10683008,1.0701138,-0.00095192765,-0.079491505,1.2879072,0.49621813,-0.01203868
19.973279,-0.31752555,0.4423425,0.0041783243,0.34478313,-0.33193976,-0.11056789,1.0422248,-0.058560046,-0.080744346,1.3025262,0.50357365,-0.014965588
19.976404,-0.30755116,0.44029921,-0.0021638482,0.33967478,-0.30544104,-0.11339249,1.01379,-0.11641811,-0.080930363,1.3162408,0.51060059,-0.017684966
19.979528,-0.29633293,0.43703576,-0.0089012808,0.33405942,-0.27586961,-0.11561023,0.98522147,-0.17308554,-0.07989762,1.3291374,0.51695957,-0.020187395
19.982652,-0.28399476,0.43243653,-0.015761182,0.32862839,-0.24251186,-0.11671782,0.95948691,-0.22777506,-0.077412663,1.3412307,0.52222071,-0.022538645
19.985776,-0.27065995,0.42631056,-0.022500828,0.32295816,-0.20621505,-0.11671249,0.93738523,-0.27798282,-0.073725098,1.3525345,0.52596807,-0.024825173
19.9889,-0.25643276,0.41861335,-0.029095698,0.3170101,-0.1670124,-0.11522461,0.91991864,-0.32352642,-0.069142387,1.3630241,0.527812,-0.02703594
19.992024,-0.24152924,0.40936721,-0.035197375,0.31111015,-0.12488882,-0.11196225,0.90488385,-0.3624014,-0.063629759,1.3726701,0.52739192,-0.029196414
19.995147,-0.22612778,0.39872836,-0.04083226,0.30547553,-0.079877025,-0.1075819,0.89119629,-0.39593739,-0.057793042,1.3813737,0.52427782,-0.03139922
19.998271,-0.21033915,0.38668329,-0.045914197,0.30050013,-0.032608484,-0.10133125,0.87878275,-0.42553576,-0.052369113,1.388987,0.51806832,-0.033681035
20.001394,-0.19468688,0.37322998,-0.050216923,0.29370477,0.015581344,-0.093231675,0.86785492,-0.45069751,-0.047955522,1.3952339,0.50838987,-0.035975361
